# 3ds Max Wavefront OBJ Exporter v0.97b - (c)2007 guruware
# File Created: 11.11.2022 21:09:46

mtllib Citroen ?4 2022.mtl

#
# object Plane003
#

v  25.9798 59.8922 -44.4721
v  23.6208 60.2148 -44.5684
v  24.7284 57.5938 -52.4257
v  26.6401 57.4051 -52.3694
v  28.5714 55.8641 -48.4959
v  27.9565 57.4942 -43.6239
v  27.1837 53.8598 -60.9542
v  27.6234 53.8164 -60.9412
v  29.2790 53.8027 -53.7840
v  29.4904 53.1869 -55.3636
v  27.9171 52.7445 -63.5016
v  29.4226 50.4058 -66.6990
v  30.0937 50.3239 -58.4147
v  34.5451 12.6562 -67.5089
v  34.5452 12.5501 -65.5752
v  35.6424 14.7571 -65.7581
v  35.6424 14.8043 -67.6808
v  36.5414 18.9703 -67.5350
v  36.5414 18.8291 -65.6399
v  36.6950 20.5099 -65.2037
v  36.6950 20.8561 -66.9518
v  36.8432 21.3405 -64.8852
v  36.8432 21.8269 -66.6112
v  37.3542 25.0188 -65.2786
v  37.3542 24.0486 -63.6290
v  37.7915 27.2302 -60.9035
v  37.7915 28.7448 -62.4370
v  38.0288 28.5625 -59.3553
v  38.0288 30.2654 -60.6778
v  38.1937 29.3413 -58.1534
v  38.2413 29.9125 -57.0887
v  38.2413 31.7397 -58.1610
v  38.1937 31.1751 -59.3294
v  38.4082 31.3228 -53.7114
v  38.3901 31.4162 -53.1748
v  38.3297 33.3040 -53.7566
v  38.3297 33.1930 -54.3974
v  38.2802 32.2016 -57.2051
v  38.2802 30.3799 -56.2176
v  36.2039 17.0636 -67.6437
v  36.2695 19.0866 -68.5024
v  35.9961 17.1092 -68.4781
v  38.3297 33.7559 -49.5094
v  38.1554 34.8879 -49.5713
v  38.1554 34.7404 -51.7709
v  38.3297 33.6753 -51.6112
v  38.1059 33.1167 -57.6958
v  38.0669 32.6350 -58.7108
v  38.0193 32.0464 -59.9515
v  37.8545 31.0654 -61.3792
v  37.6172 29.4423 -63.2524
v  37.1799 25.5986 -66.2748
v  36.8092 23.1324 -67.3290
v  36.9884 22.7786 -66.2773
v  36.5121 21.0287 -68.0479
v  38.1554 34.1694 -54.6866
v  38.1554 35.9487 -49.5713
v  38.1554 35.7837 -51.9141
v  38.1059 34.0316 -58.2215
v  38.0669 33.5105 -59.2286
v  38.0193 32.8737 -60.4596
v  37.8545 31.8568 -62.0095
v  37.6172 30.1820 -64.0585
v  37.1799 26.2158 -67.0431
v  36.7753 23.4639 -68.3310
v  36.4509 21.1312 -69.2373
v  36.1571 19.1369 -69.6032
v  38.1554 35.1895 -55.0195
v  37.5185 39.7423 -49.6239
v  37.5185 39.6851 -52.3330
v  37.4690 37.5595 -59.7986
v  37.4301 36.8829 -61.0717
v  37.3825 36.0559 -62.6277
v  37.2176 34.5996 -64.2753
v  36.9803 32.4131 -66.5555
v  36.5430 27.9639 -69.6452
v  36.1273 24.4769 -70.9925
v  35.7941 21.4915 -71.8518
v  35.5202 19.3847 -72.1769
v  37.5185 38.9784 -56.0993
v  35.8836 17.1245 -69.6146
v  35.2467 17.2616 -72.2439
v  36.2039 16.9654 -65.7359
v  35.5105 14.8284 -68.3624
v  35.3980 14.8437 -69.4339
v  34.7611 14.9337 -72.1965
v  38.3297 31.7288 -51.3785
v  38.3297 31.7999 -49.5130
v  38.1554 34.3008 -54.0160
v  38.1554 35.3262 -54.3053
v  37.5185 39.1409 -55.2331
v  34.4833 12.6963 -68.2389
v  34.3708 12.7462 -69.1488
v  33.7339 12.9095 -71.9746
v  30.9894 49.1145 -53.1380
v  30.6573 49.0251 -58.5631
v  36.0410 44.3693 -55.4873
v  35.9849 44.3454 -52.1795
v  29.7830 50.3120 -67.0437
v  30.4497 50.3363 -58.8165
v  30.1708 49.2670 -67.0765
v  30.8374 49.2112 -60.0407
v  30.5581 48.9984 -60.1836
v  29.9863 48.8924 -66.9349
v  35.8080 44.3115 -61.9541
v  36.0577 44.3764 -56.4753
v  35.8192 42.2545 -63.5111
v  35.8330 39.7403 -65.4141
v  31.2390 49.1658 -49.3145
v  36.0239 44.3254 -49.3063
v  30.2997 50.0457 -57.2011
v  33.7732 22.3048 -74.8937
v  32.6203 19.4920 -75.8437
v  31.7397 24.2054 -75.9974
v  30.7907 21.9630 -77.4121
v  27.8350 23.6026 -78.7259
v  28.9958 25.7400 -77.1215
v  21.2770 25.8958 -79.7970
v  20.4338 23.9295 -81.1593
v  2.9979 26.0439 -81.7106
v  2.9048 24.1247 -82.6410
v  6.0650 24.0895 -82.5853
v  6.2934 26.0059 -81.6649
v  18.7684 25.9044 -80.3228
v  18.0281 23.9563 -81.5835
v  2.9048 19.6126 -82.6410
v  6.0650 19.6126 -82.5853
v  17.4259 19.6126 -81.5835
v  19.5417 19.6126 -81.1593
v  23.8405 19.4268 -80.0951
v  32.5406 17.8893 -75.5198
v  31.8062 15.5162 -75.0602
v  30.7237 12.9837 -74.1815
v  25.3196 18.7740 -79.2026
v  26.0274 17.8429 -78.6857
v  26.7183 16.8103 -78.1526
v  27.4185 15.1185 -77.1649
v  27.7729 12.9559 -75.5053
v  25.2857 15.1185 -77.9172
v  25.6401 12.9559 -76.2576
v  6.7055 15.1185 -80.1617
v  3.2534 15.1185 -80.2101
v  3.6077 12.9559 -78.5505
v  7.0599 12.9559 -78.5021
v  19.5310 15.1185 -79.0501
v  17.5169 15.1185 -79.3700
v  17.8712 12.9559 -77.7105
v  19.8854 12.9559 -77.3905
v  23.3170 15.1185 -78.3624
v  23.6714 12.9559 -76.7028
v  10.0196 15.1185 -79.9654
v  9.7958 17.2532 -81.4893
v  6.4013 17.2532 -81.6841
v  -0.0340 15.1185 -80.2585
v  3.0878 17.2532 -81.7360
v  -0.0340 17.2532 -81.7879
v  23.5656 17.1650 -79.4800
v  19.5361 17.2532 -80.4232
v  25.1637 17.1172 -78.9703
v  9.5484 19.6126 -82.3923
v  17.4737 17.2532 -80.7926
v  36.9884 22.1547 -64.5730
v  36.6621 22.0911 -67.6848
v  36.6147 22.3092 -68.7796
v  35.9624 22.9991 -71.4179
v  35.0845 23.4840 -72.6966
v  35.4777 28.9507 -71.3837
v  35.6835 24.6398 -71.5179
v  34.9076 33.8778 -72.3626
v  35.4895 37.4886 -68.3576
v  34.4744 37.6710 -69.5221
v  33.0959 34.6430 -72.8302
v  32.4166 37.5963 -71.2469
v  32.7593 39.6496 -70.7724
v  30.6802 39.7092 -72.8448
v  30.3380 37.5209 -72.9891
v  28.2386 37.4447 -74.7488
v  28.5803 39.7694 -74.9380
v  26.6331 40.6785 -76.1503
v  26.6858 35.1606 -76.2028
v  28.8439 34.9864 -75.0673
v  30.9805 34.8138 -73.9431
v  34.8176 39.5905 -68.7207
v  22.3320 43.0086 -77.3838
v  20.5577 39.2782 -77.9867
v  26.3937 29.9566 -76.0557
v  25.7721 28.2353 -77.2466
v  2.9979 27.0770 -81.0330
v  -0.0340 27.0770 -81.0787
v  -0.0340 26.0818 -81.7564
v  9.9258 25.9640 -81.4072
v  9.9258 27.0770 -80.7295
v  6.2934 27.0770 -80.9872
v  24.1389 27.1229 -78.2691
v  21.2770 27.0770 -79.1193
v  34.0514 28.9507 -71.3837
v  34.2606 24.7390 -72.1051
v  33.7366 31.5861 -71.9658
v  34.2262 23.5341 -72.9931
v  28.8439 32.2825 -74.5149
v  30.9805 32.1433 -73.1599
v  33.0959 32.0054 -72.1789
v  33.2274 28.4674 -71.9146
v  28.8052 31.5110 -74.5176
v  31.0034 31.5587 -73.0833
v  32.7078 30.2397 -72.0277
v  26.5608 32.4232 -75.8781
v  32.7335 26.3577 -73.7954
v  31.5799 28.0124 -74.3606
v  2.9979 27.8494 -79.3334
v  -0.0340 27.8494 -79.3239
v  9.9258 27.8494 -79.1540
v  6.2934 27.8494 -79.3428
v  25.4917 28.6572 -76.6251
v  24.1389 27.8953 -77.1121
v  21.2770 27.8494 -77.8868
v  2.9979 29.5739 -78.9795
v  -0.0340 29.5739 -78.9701
v  9.9258 29.5739 -78.8002
v  6.2934 29.5739 -78.9890
v  24.3221 29.7751 -76.8224
v  21.5503 29.6865 -77.7211
v  6.2934 31.0152 -79.3716
v  2.9979 31.0152 -79.3621
v  19.1070 31.2667 -78.5234
v  9.9258 31.0152 -79.1828
v  18.9528 29.6499 -78.0967
v  21.7787 31.4792 -78.0315
v  24.4753 32.0316 -76.9344
v  6.2934 32.7071 -79.8206
v  2.9979 32.7071 -79.8111
v  19.4983 32.9141 -78.8116
v  9.9258 32.7071 -79.6318
v  22.0469 33.5837 -78.2530
v  24.6552 34.7177 -77.1663
v  9.5484 24.0507 -82.3923
v  10.3740 12.9559 -78.3058
v  18.7684 27.0770 -79.6451
v  18.7684 27.8494 -78.3235
v  2.9979 34.5336 -79.8111
v  -0.0340 34.5336 -79.8017
v  -0.0340 32.7071 -79.8017
v  9.9258 34.5336 -79.6318
v  6.2934 34.5336 -79.8206
v  19.0328 36.6893 -78.4804
v  17.6058 35.1611 -79.0390
v  19.8816 38.0464 -78.2010
v  2.9979 36.9790 -79.4959
v  -0.0340 36.9790 -79.4864
v  9.9258 36.9790 -79.3166
v  6.2934 36.9790 -79.5054
v  6.2934 38.7029 -79.2832
v  2.9979 38.7029 -79.2737
v  17.6058 39.0297 -78.5015
v  9.9258 38.7029 -79.0944
v  17.6058 37.4301 -78.7237
v  6.2934 42.8600 -78.7521
v  2.9979 42.8600 -78.7426
v  17.6058 42.8600 -77.9704
v  9.9258 42.8600 -78.5633
v  2.9979 43.2952 -80.3366
v  -0.0340 43.2952 -80.3271
v  -0.0340 42.8600 -78.7331
v  9.9258 43.2952 -80.1573
v  6.2934 43.2952 -80.3461
v  17.6058 43.2952 -79.5644
v  2.9979 44.9863 -80.4708
v  -0.0340 44.9863 -80.4613
v  9.9258 44.9863 -80.2914
v  6.2934 44.9863 -80.4802
v  26.2862 44.7647 -76.1503
v  21.6355 44.9111 -77.9664
v  6.2934 46.2106 -80.5212
v  2.9979 46.2106 -80.5147
v  17.6058 46.2106 -79.5866
v  9.9258 46.2106 -80.3211
v  17.6058 44.9863 -79.6986
v  20.4939 46.1884 -78.3899
v  35.0604 42.1529 -67.3588
v  33.5464 42.1204 -69.5288
v  35.2590 44.2494 -66.2445
v  28.5632 48.4952 -70.9513
v  34.1905 44.1420 -68.5113
v  26.7352 48.0048 -73.7138
v  2.9979 47.2123 -80.4058
v  2.9979 47.9925 -78.9484
v  -0.0340 47.9925 -78.9835
v  -0.0340 47.2123 -80.4018
v  9.9258 47.2123 -80.2004
v  9.9258 47.9925 -78.6009
v  6.2934 47.9925 -78.9134
v  6.2934 47.2123 -80.4098
v  17.6058 47.2123 -79.3500
v  19.5599 47.2335 -78.7311
v  19.3559 48.2268 -77.0955
v  17.6058 48.0957 -77.6259
v  31.4338 42.9644 -71.9482
v  29.3724 43.7876 -73.8651
v  28.7477 48.8395 -71.0930
v  26.9197 48.2334 -73.8555
v  28.3599 49.9907 -71.0601
v  26.5319 49.3846 -73.8202
v  28.9482 50.4007 -69.2104
v  27.9309 50.3174 -70.4012
v  25.4661 50.0013 -73.1951
v  2.9979 49.3197 -76.1968
v  -0.0340 49.3197 -76.2318
v  9.9258 49.3763 -75.8492
v  6.2934 49.3197 -76.1618
v  19.3559 49.5976 -74.6917
v  17.6058 49.5279 -75.0462
v  28.9483 50.4006 -69.2104
v  -0.0340 24.1598 -82.6967
v  -0.0340 19.6126 -82.6967
v  -0.0340 12.9559 -78.5990
v  -0.0340 31.0152 -79.3526
v  -0.0340 38.7029 -79.2642
v  -0.0340 46.2106 -80.5083
v  6.5251 51.4792 -71.1926
v  3.0888 51.5012 -71.2423
v  -0.0340 51.4837 -71.3166
v  10.2630 51.5273 -70.8483
v  24.0347 52.8111 -66.1225
v  19.0677 52.0891 -68.7902
v  17.0894 51.9059 -69.4342
v  6.9050 55.0203 -63.0441
v  7.3954 58.9191 -52.5264
v  3.4324 59.0701 -52.5264
v  3.2390 55.1041 -63.0597
v  -0.0340 59.0843 -52.5264
v  -0.0340 55.1120 -63.0753
v  10.7987 54.9439 -62.9051
v  11.4986 58.7362 -52.5264
v  21.2830 58.0410 -52.5264
v  18.2733 58.3397 -52.5264
v  18.7551 54.7912 -62.3900
v  23.1445 54.5585 -61.7240
v  16.4547 54.8293 -62.5353
v  15.5317 58.5534 -52.5264
v  22.9457 64.8299 -3.7896
v  24.5580 64.7239 -3.7896
v  24.6634 64.7585 -0.2117
v  23.0981 64.9040 -0.0199
v  26.1475 62.7452 -3.7896
v  26.2465 62.7236 -0.9364
v  22.7453 64.4450 -20.8400
v  24.5580 64.2101 -20.8400
v  26.2216 62.2501 -20.8400
v  22.8117 63.4729 -30.4693
v  25.0970 63.2056 -30.4336
v  26.7386 61.0835 -30.1198
v  23.1943 61.7045 -38.7173
v  25.6267 61.4048 -38.6462
v  27.3468 59.1213 -38.0197
v  33.5450 45.8584 -0.7602
v  33.6440 45.5213 3.4605
v  36.5196 40.7887 0.0160
v  36.4948 40.5845 4.7572
v  36.6542 13.9384 1.2494
v  36.7075 13.8420 5.5894
v  37.3926 18.3772 5.5367
v  37.3393 18.5075 1.4515
v  36.9408 20.7533 5.6533
v  36.8875 20.9815 1.4515
v  36.7140 23.3586 6.0861
v  36.6607 23.6143 1.4515
v  36.2630 26.8001 5.8728
v  36.2097 27.1128 1.0880
v  35.2298 11.7997 0.2978
v  35.2831 11.7414 4.7477
v  36.1211 33.6864 5.6543
v  36.0678 33.9990 0.5591
v  38.3297 33.7326 -48.4133
v  38.3297 31.8224 -48.5264
v  38.3297 33.2454 -44.7213
v  38.3297 31.4250 -45.2392
v  38.3297 29.9187 -41.0920
v  38.3297 31.3742 -40.0936
v  38.2056 27.4955 -37.6373
v  38.2056 28.5567 -36.4142
v  38.0321 24.1624 -34.9324
v  38.0321 24.8773 -33.5966
v  37.6852 20.3023 -33.1040
v  37.6852 20.5388 -31.4015
v  37.1769 16.6537 -32.4947
v  37.1769 16.6397 -31.0093
v  35.3805 12.2975 -32.4839
v  35.3805 12.2975 -31.0259
v  37.0026 18.3461 -29.7681
v  37.5108 20.9633 -30.4213
v  37.8578 25.5127 -32.5405
v  38.0313 29.3293 -35.6212
v  38.1554 32.3387 -39.6176
v  38.1554 34.2054 -44.4022
v  38.1554 34.8242 -48.3857
v  37.0026 18.4181 -28.7768
v  37.5108 21.4495 -29.4150
v  37.8578 25.9195 -31.6118
v  38.0313 30.1110 -34.8678
v  38.1554 33.2225 -39.1023
v  38.1554 35.2315 -44.0428
v  38.1554 35.8768 -48.3013
v  37.1196 18.4150 -26.1132
v  37.3549 22.4081 -26.6317
v  37.2209 27.5065 -28.9235
v  37.3944 32.1501 -32.1965
v  37.5185 36.3629 -37.2291
v  37.5185 38.6486 -41.8050
v  37.5185 39.6805 -48.0602
v  35.3774 12.2975 -29.6501
v  37.0258 16.5873 -29.7676
v  35.3463 12.2944 -26.9865
v  37.1428 16.5842 -27.1040
v  37.3393 18.6476 -12.1479
v  36.6542 14.0871 -15.8625
v  37.1416 16.3503 -20.4712
v  35.1977 12.1876 -21.6176
v  36.9710 18.5841 -21.3554
v  35.2298 11.9484 -16.8142
v  36.8875 20.9379 -12.3394
v  36.6607 23.5357 -12.8651
v  36.7442 20.3408 -22.1966
v  32.8304 47.0314 -18.6409
v  36.5397 41.7196 -18.5129
v  36.5531 42.3402 -30.8655
v  32.3540 47.8134 -30.5613
v  31.8937 49.3003 -39.2846
v  36.1261 44.2732 -41.7696
v  31.4054 49.2000 -46.7654
v  36.0499 44.3122 -47.3909
v  36.0879 35.0350 -15.7198
v  36.1013 35.7257 -26.5724
v  36.2298 28.2873 -13.7769
v  36.2432 29.0703 -23.6869
v  36.5416 23.9689 -22.3529
v  18.5245 44.9895 58.9210
v  20.4515 44.8546 63.6260
v  14.7151 44.8016 64.7117
v  13.7321 44.9895 59.9355
v  16.8233 44.2116 70.3043
v  12.9287 44.1623 70.8728
v  15.4129 42.5522 80.1111
v  12.2832 42.5093 80.5746
v  12.2647 42.9517 78.4583
v  15.4307 42.9903 77.9880
v  15.6547 41.2379 86.4805
v  16.7345 39.7639 90.4295
v  12.9700 39.6933 91.0116
v  12.3385 41.1820 86.9234
v  18.7884 38.7123 92.5732
v  14.0093 38.4729 93.7769
v  24.4766 45.0451 57.0707
v  24.8624 44.9165 60.5363
v  27.6564 45.0793 55.1685
v  27.5774 44.9547 59.1159
v  30.4392 45.0369 51.8431
v  29.9373 44.9128 58.3484
v  9.2302 38.2334 94.4896
v  3.3207 37.8636 95.2094
v  3.3117 39.5122 92.1995
v  9.2055 39.6227 91.5937
v  3.2992 41.0223 87.9705
v  9.1711 41.1260 87.3664
v  3.2962 41.2270 87.0184
v  9.1630 41.3271 86.4171
v  9.0988 42.9130 78.9285
v  3.2727 42.8420 79.5071
v  3.2491 44.0398 71.8780
v  9.0341 44.1131 71.3716
v  3.2289 44.6956 65.4323
v  8.9787 44.7486 65.3109
v  3.2146 44.9895 61.0282
v  8.9396 44.9895 60.5920
v  14.0093 35.4854 97.3677
v  9.2302 35.2289 98.2648
v  -0.0340 37.6510 95.6232
v  3.3207 35.1201 98.8050
v  -0.0340 35.0846 98.9209
v  -0.0340 39.4486 92.5478
v  -0.0340 40.9627 88.3178
v  -0.0340 41.1695 87.3640
v  -0.0340 42.8011 79.8397
v  -0.0340 43.9978 72.1691
v  -0.0340 44.6650 65.5021
v  -0.0340 44.9895 61.1235
v  12.3302 41.3811 85.9711
v  19.6558 36.0589 95.3101
v  31.4118 44.9041 52.1014
v  31.0512 44.5454 59.3400
v  30.7646 45.0369 50.8133
v  31.4623 44.9265 50.6672
v  23.3817 43.7793 64.7475
v  21.9178 43.1945 70.3043
v  15.5963 41.4351 85.5251
v  19.5991 40.6996 85.5251
v  19.4690 40.4864 86.4805
v  20.6262 42.2225 77.9880
v  27.0251 44.5837 60.6415
v  30.7599 44.1029 64.7475
v  30.3610 43.6021 70.3043
v  26.1607 40.7526 86.6449
v  25.6218 40.4585 87.7422
v  29.3168 42.6495 77.9880
v  30.9426 44.3701 61.1672
v  21.7868 39.3344 91.1362
v  15.4453 41.9444 83.0570
v  12.3088 41.8954 83.5109
v  12.3016 42.0668 82.6908
v  15.3950 42.1141 82.2342
v  3.2793 42.3870 81.6230
v  9.1169 42.4663 81.0380
v  9.1350 42.0195 83.1475
v  3.2859 41.9321 83.7388
v  -0.0340 42.3415 81.9592
v  -0.0340 41.8819 84.0788
v  20.3369 41.8283 80.1111
v  20.0476 41.4341 82.2342
v  28.6669 42.2076 80.4265
v  28.0169 41.7658 82.8651
v  32.8364 44.3510 53.2053
v  32.5413 44.1147 59.3400
v  33.0540 44.4757 49.5387
v  32.3080 43.8441 64.7475
v  32.0327 43.5363 70.3043
v  30.2334 42.1758 80.4265
v  29.4612 41.7513 82.8651
v  31.0055 42.6002 77.9880
v  32.4907 44.0530 61.1672
v  26.4857 40.7494 86.6449
v  25.8489 37.4026 90.8323
v  22.3895 36.4926 93.6271
v  31.2340 39.4520 82.8894
v  29.7739 38.7750 85.9552
v  33.5879 40.6192 73.3944
v  32.6309 40.1290 79.8139
v  26.7320 37.7114 89.7350
v  34.4263 41.8021 58.4287
v  34.5378 41.3773 62.4302
v  34.2156 41.0573 67.8376
v  34.4725 41.2921 64.2573
v  33.8490 43.2012 52.1503
v  19.9582 34.6808 96.5502
v  14.0093 34.4131 98.2129
v  9.2302 34.2868 99.0961
v  3.3207 34.2228 99.7463
v  -0.0340 34.1947 99.8549
v  18.8324 32.0388 98.7942
v  14.0093 32.0038 99.8145
v  14.0093 33.3628 99.4639
v  19.4102 33.3458 98.1919
v  9.2302 31.9859 100.5559
v  3.3207 31.9636 100.9207
v  3.3207 33.3815 100.6873
v  9.2302 33.3741 100.2447
v  -0.0340 31.9509 101.0346
v  -0.0340 33.3827 100.8079
v  16.9720 30.3241 100.0663
v  14.0093 30.4893 100.6822
v  9.2302 30.5597 101.3342
v  3.3207 30.5355 101.7251
v  -0.0340 30.5156 101.7955
v  26.8997 35.8340 92.0752
v  22.6919 35.0639 94.8700
v  32.0665 37.8191 84.8275
v  30.9780 37.1713 87.3069
v  27.8173 36.1349 91.0023
v  26.0888 34.1763 93.8916
v  20.5655 32.9410 97.7366
v  33.1056 36.7286 85.0482
v  32.1989 35.2562 89.9032
v  27.4636 34.4193 92.9942
v  32.5858 38.8202 82.3481
v  33.5353 38.3349 81.9213
v  19.7600 31.7390 98.3814
v  17.5310 30.0279 99.8483
v  25.2616 28.7797 96.4437
v  19.3897 28.2597 99.2499
v  23.8423 27.6217 98.4142
v  18.8685 27.6517 99.6710
v  25.6076 27.0066 97.7665
v  24.8677 25.6738 98.9083
v  22.7002 26.4885 99.7765
v  29.6775 26.1424 94.6923
v  28.8835 23.7238 96.2841
v  26.3435 28.2341 96.0892
v  18.0278 26.7341 101.2279
v  30.4509 21.4356 95.3520
v  16.9720 27.5314 100.0663
v  14.0093 27.4191 100.6822
v  9.2302 27.3815 101.3342
v  3.3207 27.3815 101.7251
v  -0.0340 27.3815 101.7955
v  16.5131 26.7432 101.5802
v  14.0093 26.7330 102.1973
v  9.2302 26.7593 102.8493
v  3.3207 26.7650 103.2402
v  -0.0340 26.7650 103.3106
v  16.5131 23.5955 101.6270
v  14.0093 23.5852 102.2442
v  9.2302 23.6115 102.8962
v  3.3207 23.6173 103.2870
v  -0.0340 23.6173 103.3575
v  18.0278 23.5864 101.2747
v  21.0793 23.5023 100.3706
v  25.4828 20.6839 98.5427
v  22.6678 22.9170 99.7985
v  16.5131 22.1813 101.6481
v  14.0093 22.1710 102.2653
v  9.2302 22.1973 102.9172
v  3.3207 22.2031 103.3081
v  -0.0340 22.2031 103.3786
v  18.0278 22.1722 101.2958
v  20.3510 22.1606 100.6375
v  23.9332 19.7534 99.3221
v  21.6795 21.6784 100.1852
v  31.7997 26.1248 93.6139
v  33.5747 26.3820 92.1369
v  34.1029 24.5858 92.4691
v  31.7290 24.0174 94.3680
v  35.1440 27.0552 90.5046
v  35.5938 25.9585 90.5141
v  36.0439 28.4719 88.9913
v  16.5131 14.2084 100.9424
v  14.0093 14.1420 101.4301
v  9.2302 14.1683 101.9944
v  3.3207 14.1741 102.2818
v  -0.0340 14.1741 102.3522
v  18.0278 14.4311 100.6276
v  20.3510 15.9931 100.1412
v  34.1402 10.0580 83.4998
v  35.5536 12.2060 83.4985
v  35.5536 12.1589 81.5757
v  34.1402 9.9518 81.5662
v  37.2869 16.3721 83.5259
v  37.6097 19.5515 82.9099
v  37.6097 19.1878 81.2669
v  37.2869 16.2309 81.6308
v  37.8791 24.2421 81.0094
v  37.8791 23.3399 79.3944
v  38.1059 27.8448 78.0277
v  38.1059 26.6394 76.7458
v  38.1937 30.0282 75.3226
v  38.1937 28.5179 74.4367
v  38.2802 31.3877 72.7252
v  38.2802 29.9602 72.0005
v  38.3297 32.8614 67.1313
v  38.3297 31.3760 66.8986
v  38.4082 30.9294 69.3716
v  38.3297 32.3791 69.9175
v  38.3297 32.9187 63.9334
v  38.3297 31.4170 64.0261
v  38.3297 31.4296 65.0330
v  38.3297 32.9420 65.0294
v  38.3297 32.3820 60.3653
v  38.3297 30.5603 55.9526
v  38.3297 29.2475 56.7086
v  38.3297 30.9152 60.7485
v  38.2056 27.7428 52.2731
v  38.2056 26.6466 53.4437
v  38.0321 24.0633 49.4556
v  38.0321 23.2990 50.8657
v  37.6852 19.7249 47.5945
v  37.6852 19.3397 49.2108
v  37.1769 14.8620 46.8857
v  37.1769 14.8936 48.4238
v  35.3805 11.3784 46.7271
v  35.3805 11.3784 48.1851
v  36.7983 14.4654 83.5134
v  36.5905 14.5110 84.3478
v  37.0150 16.4358 84.4057
v  37.0026 16.4107 46.0125
v  37.5108 20.0530 46.7183
v  37.8578 24.5924 48.5925
v  38.0313 28.3419 51.5792
v  38.1554 31.4197 55.4941
v  38.1554 33.3420 60.0461
v  38.1554 34.0103 63.9058
v  38.1554 33.9265 67.2910
v  38.1554 34.0740 65.0914
v  38.0193 30.7593 76.0848
v  38.1059 32.3027 73.2158
v  37.9316 28.5145 78.6849
v  37.7048 24.7103 81.7453
v  37.4353 19.8285 83.6906
v  38.1554 33.3555 70.2066
v  37.5108 20.3728 45.9748
v  37.0026 16.4827 45.0213
v  37.8578 24.9992 47.6637
v  38.0313 29.2351 50.9126
v  38.1554 32.4086 54.9613
v  38.1554 34.3681 59.6868
v  38.1554 35.0629 63.8213
v  38.1554 34.9698 67.4341
v  38.1554 35.1348 65.0914
v  38.0193 31.6042 76.7332
v  38.1059 33.2177 73.7415
v  37.9316 29.2192 79.4734
v  37.7048 25.3771 82.5384
v  37.4353 20.5156 84.7946
v  36.9025 16.4511 85.3169
v  38.1554 34.3756 70.5396
v  37.0839 20.4902 45.6975
v  36.8486 16.4971 44.7409
v  36.9499 25.4834 46.9203
v  37.1234 31.0388 47.9811
v  37.2476 35.2268 53.2615
v  37.2476 37.6594 58.9373
v  37.2476 38.3408 63.6854
v  37.2476 38.2110 67.8530
v  37.2476 38.4086 65.1440
v  37.1115 34.1205 78.6910
v  37.1980 36.2725 75.0558
v  37.0237 31.4010 81.9640
v  36.7970 27.1500 85.1653
v  36.5275 21.1981 87.6941
v  35.9947 16.5882 88.2959
v  37.2476 37.5735 71.4441
v  37.0197 36.9132 52.8760
v  36.9485 36.4394 48.1914
v  36.4780 14.5262 85.2590
v  35.5702 14.6634 88.2380
v  36.7983 14.3672 81.6056
v  35.4217 12.2302 84.2792
v  35.3093 12.2455 85.1904
v  34.4014 12.3593 88.1694
v  35.0946 34.9943 83.8098
v  35.3348 36.7499 80.6696
v  34.3259 33.6718 88.7983
v  35.4333 31.8939 88.5700
v  35.4280 38.1350 77.2615
v  35.4724 39.3010 72.7536
v  30.9428 45.0369 49.7836
v  31.9733 44.9323 48.9108
v  33.2716 44.6003 45.8720
v  35.2668 39.8605 52.9852
v  34.9779 40.1177 47.7392
v  35.6449 39.7834 59.0407
v  35.6928 39.9148 63.4430
v  35.6997 39.9167 65.0849
v  35.6991 39.8023 67.8712
v  31.7368 21.4639 94.5085
v  33.6205 20.5278 93.0311
v  33.9330 12.4167 89.3829
v  35.1018 14.7377 89.4516
v  35.5263 16.6625 89.5095
v  34.3180 14.8938 93.6757
v  34.3832 16.2545 93.5408
v  32.5495 19.3152 95.4971
v  31.1736 19.7431 96.4445
v  30.5690 19.7550 96.7692
v  26.0965 19.2656 99.1435
v  24.7328 18.7315 99.6188
v  21.4364 15.4793 100.4914
v  20.9277 14.7042 100.5573
v  34.0783 10.0981 84.2298
v  33.9659 10.1480 85.1397
v  33.0580 10.3113 88.1142
v  32.5896 10.3778 89.3259
v  16.5131 13.2184 100.9424
v  14.0093 13.2184 101.4301
v  9.2302 13.2184 101.9944
v  3.3207 13.2184 102.2818
v  -0.0340 13.2184 102.3522
v  18.0278 13.2184 100.6276
v  16.5131 12.3381 101.7449
v  14.0093 12.3381 102.2327
v  9.2302 12.3381 102.7970
v  3.3207 12.3381 103.0844
v  -0.0340 12.3381 103.1548
v  18.0278 12.3381 101.4302
v  16.5131 10.9021 98.9644
v  14.0093 10.9288 99.3636
v  9.2302 10.9598 99.9270
v  3.3207 10.9755 100.2140
v  -0.0340 10.9794 100.2843
v  18.0278 10.8849 98.6502
v  19.6410 13.2184 100.4186
v  19.6410 12.3381 100.9894
v  22.6658 12.4253 99.8503
v  19.6410 10.8607 98.2101
v  22.6658 10.8201 97.3681
v  26.7556 12.3839 98.5212
v  25.8404 10.7537 96.5033
v  30.1002 12.4034 97.2294
v  32.0188 12.4463 96.0088
v  30.3905 10.6485 94.2572
v  28.5448 10.7092 95.3617
v  32.9419 12.4795 94.0054
v  31.0917 10.5967 93.3137
v  23.4616 14.8532 99.8599
v  26.5018 15.0333 98.8595
v  30.2807 15.2337 97.1510
v  31.6934 15.2555 96.2753
v  26.0671 29.9817 96.1638
v  27.1490 29.3460 95.8274
v  29.6157 27.7409 94.8161
v  31.7378 27.7475 93.6672
v  33.5129 27.9928 92.0519
v  35.0821 28.2683 90.4556
v  3.2911 41.5796 85.3786
v  9.1490 41.6733 84.7823
v  -0.0340 41.5257 85.7214
v  12.3159 41.7239 84.3310
v  15.4956 41.7746 83.8797
v  19.8234 41.0669 83.8797
v  27.0888 41.2592 84.7550
v  27.9734 41.2503 84.7550
v  28.2529 38.2432 87.8451
v  29.3976 36.6531 89.1546
v  29.8312 34.8378 91.4487
v  31.3432 29.9326 93.7180
v  33.1659 30.4497 92.1755
v  34.6360 31.0413 90.3385
v  27.3063 31.8827 94.9277
v  26.0780 32.0790 95.4513
v  30.5502 32.2125 93.1655
v  32.1747 32.5810 91.7836
v  33.5456 33.1230 90.3385
v  3.2885 41.7559 84.5587
v  9.1420 41.8464 83.9649
v  -0.0340 41.7038 84.9001
v  19.9355 41.2505 83.0570
v  27.5529 41.5125 83.8100
v  28.7173 41.5008 83.8100
v  29.0134 38.5091 86.9002
v  30.1878 36.9122 88.2307
v  31.0151 35.0470 90.6759
v  27.0829 56.2120 31.4226
v  28.1880 56.2527 30.1240
v  30.0109 50.8071 39.6165
v  28.9478 50.7437 40.6031
v  29.0532 56.5420 26.3049
v  30.7290 51.5633 35.1612
v  25.0965 61.0913 22.2420
v  26.5412 60.9973 20.6315
v  31.1589 47.3703 45.0537
v  30.1149 47.4052 45.9737
v  27.3579 60.8195 16.5213
v  32.2164 47.4899 41.4270
v  23.4506 64.4081 8.5079
v  24.9834 64.1829 8.2804
v  25.5637 63.0383 14.4559
v  24.1118 63.3330 15.4470
v  26.3904 62.4781 6.4272
v  26.8032 61.8236 11.4742
v  -0.0340 43.1789 58.6604
v  3.2146 43.1789 58.5651
v  17.8937 43.1789 56.5948
v  23.6835 43.2345 54.9450
v  27.0368 43.2687 53.7473
v  8.9396 43.1789 58.1289
v  13.1538 43.1789 57.5601
v  30.0179 43.6785 51.4656
v  30.5661 43.9119 50.7490
v  30.8866 44.4419 49.8069
v  30.0820 47.0571 45.9873
v  33.8415 43.0474 39.9924
v  33.8906 42.9971 42.0060
v  36.4981 40.1837 9.4747
v  33.6652 45.1248 9.0199
v  36.1052 38.3008 39.0977
v  35.6679 39.2565 43.1766
v  37.0327 35.5683 44.0996
v  37.3180 34.1207 41.2286
v  33.7723 43.1184 37.1540
v  36.5149 38.1550 33.3479
v  37.4953 30.2886 38.1369
v  36.5009 39.8489 13.4138
v  33.6828 44.7938 13.6620
v  36.5032 39.5694 17.1446
v  33.6976 44.5173 17.5382
v  36.5090 38.8693 25.2303
v  33.7346 43.8249 27.2480
v  37.0258 14.7045 44.8128
v  35.2293 11.3784 44.6542
v  37.0260 14.7045 40.6519
v  35.2296 11.3784 40.4933
v  35.2298 11.3784 36.2484
v  37.0262 14.7045 36.4070
v  37.0388 13.2424 32.5622
v  35.6144 11.3784 32.4036
v  36.9773 13.3538 27.5522
v  35.5529 11.4459 27.2667
v  36.8488 16.5665 42.2975
v  36.8491 16.6373 39.8047
v  37.7240 17.5678 30.9266
v  37.2722 19.3350 31.7677
v  37.0453 21.7696 34.8903
v  36.8991 13.4953 21.1830
v  35.4746 11.5315 20.7362
v  37.6624 17.7181 26.2106
v  37.2106 19.5985 26.9171
v  36.9838 22.0647 29.5401
v  37.1803 24.4304 35.2685
v  36.5328 25.2182 29.8694
v  36.3909 32.1044 31.1306
v  37.3153 27.2665 36.4527
v  36.3127 32.5632 23.9616
v  36.4546 25.6769 23.0646
v  36.7535 13.7588 9.3319
v  37.4386 18.2649 9.0595
v  36.9868 20.5565 9.2767
v  36.7600 23.1381 10.0826
v  36.3090 26.5306 9.9988
v  36.8263 13.6271 15.2574
v  35.4019 11.6113 14.6606
v  36.2399 32.9900 17.0049
v  36.3818 26.1038 16.5317
v  37.5842 17.9093 20.2152
v  37.1324 19.9333 20.7506
v  36.9056 22.4400 22.7384
v  36.7899 13.6929 12.2946
v  37.4750 18.1760 11.8485
v  37.0232 20.4007 12.1452
v  36.7964 22.9636 13.2466
v  36.3454 26.3172 13.2653
v  35.3291 11.6910 8.5849
v  36.1671 33.4168 10.0481
v  35.3655 11.6511 11.6227
v  36.2035 33.2034 13.5265
v  37.5114 18.0871 14.6374
v  37.0596 20.2449 15.0136
v  36.8328 22.7890 16.4105
v  26.0527 12.5501 -65.5752
v  26.0527 14.7571 -65.7581
v  26.0527 18.8291 -65.6399
v  26.0527 20.5099 -65.2037
v  26.0527 21.3405 -64.8852
v  26.0527 24.0486 -63.6290
v  26.0527 27.2302 -60.9035
v  26.0527 28.5625 -59.3553
v  26.0527 29.3413 -58.1534
v  26.0527 29.9125 -57.0887
v  26.0527 31.3228 -53.7114
v  26.0527 31.4162 -53.1748
v  26.0527 30.3799 -56.2176
v  26.0527 16.9654 -65.7359
v  26.0527 31.7288 -51.3785
v  26.0527 31.7999 -49.5130
v  26.0527 22.1547 -64.5730
v  26.0527 11.7997 0.2978
v  26.0527 11.7414 4.7477
v  26.0527 31.8224 -48.5264
v  26.0527 31.4250 -45.2392
v  26.0527 29.9187 -41.0920
v  26.0527 27.4955 -37.6373
v  26.0527 24.1624 -34.9324
v  26.0527 20.3023 -33.1040
v  26.0527 16.6537 -32.4947
v  26.0527 12.2975 -32.4839
v  26.0527 12.2975 -31.0259
v  26.0527 12.2975 -29.6501
v  26.0527 12.2944 -26.9865
v  26.0527 12.1876 -21.6176
v  26.0527 11.9484 -16.8142
v  26.0527 16.2309 81.6308
v  26.0527 14.3672 81.6056
v  26.0527 19.1878 81.2669
v  26.0527 23.3399 79.3944
v  26.0527 26.6394 76.7458
v  26.0527 28.5179 74.4367
v  26.0527 30.9294 69.3716
v  26.0527 29.9602 72.0005
v  26.0527 31.4296 65.0330
v  26.0527 31.3760 66.8986
v  26.0527 30.9152 60.7485
v  26.0527 31.4170 64.0261
v  26.0527 29.2475 56.7086
v  26.0527 26.6466 53.4437
v  26.0527 23.2990 50.8657
v  26.0527 19.3397 49.2108
v  26.0527 14.8936 48.4238
v  26.0527 11.3784 48.1851
v  26.0527 11.3784 46.7271
v  26.0527 12.1589 81.5757
v  26.0527 9.9518 81.5662
v  26.0527 11.3784 44.6542
v  26.0527 11.3784 36.2484
v  26.0527 11.3784 40.4933
v  26.0527 11.3784 32.4036
v  26.0527 11.4459 27.2667
v  26.0527 11.6910 8.5849
v  26.0527 11.5315 20.7362
v  26.0527 11.6511 11.6227
v  26.0527 11.6113 14.6606
v  15.3539 11.7997 0.2978
v  15.3539 11.7414 4.7477
v  19.7030 11.7414 4.7477
v  19.7030 11.7997 0.2978
v  15.3539 12.2975 -32.4839
v  15.3539 12.2975 -31.0259
v  19.7030 12.2975 -31.0259
v  19.7030 12.2975 -32.4839
v  15.3539 12.2975 -29.6501
v  19.7030 12.2975 -29.6501
v  15.3539 12.2944 -26.9865
v  19.7030 12.2944 -26.9865
v  15.3539 12.1876 -21.6176
v  19.7030 12.1876 -21.6176
v  15.3539 11.9484 -16.8142
v  19.7030 11.9484 -16.8142
v  15.3539 11.3784 46.7271
v  15.3539 11.3784 48.1851
v  19.7030 11.3784 48.1851
v  19.7030 11.3784 46.7271
v  15.3539 11.3784 44.6542
v  19.7030 11.3784 44.6542
v  15.3539 11.3784 36.2484
v  15.3539 11.3784 40.4933
v  19.7030 11.3784 40.4933
v  19.7030 11.3784 36.2484
v  15.3539 11.3784 32.4036
v  19.7030 11.3784 32.4036
v  15.3539 11.4459 27.2667
v  19.7030 11.4459 27.2667
v  15.3539 11.6910 8.5849
v  19.7030 11.6910 8.5849
v  15.3539 11.5315 20.7362
v  19.7030 11.5315 20.7362
v  15.3539 11.6511 11.6227
v  19.7030 11.6511 11.6227
v  15.3539 11.6113 14.6606
v  19.7030 11.6113 14.6606
v  15.3539 12.5501 -65.5752
v  19.7030 12.5501 -65.5752
v  15.3539 9.9518 81.5662
v  19.7030 9.9518 81.5662
v  -0.0340 11.7997 0.2978
v  -0.0340 11.7414 4.7477
v  6.6557 11.7414 4.7477
v  6.6557 11.7997 0.2978
v  11.0048 11.7414 4.7477
v  11.0048 11.7997 0.2978
v  13.1794 11.7997 0.2978
v  13.1794 11.7414 4.7477
v  24.0521 11.7997 0.2978
v  24.0521 11.7414 4.7477
v  -0.0340 12.2975 -32.4839
v  -0.0340 12.2975 -31.0259
v  6.6557 12.2975 -31.0259
v  6.6557 12.2975 -32.4839
v  11.0048 12.2975 -31.0259
v  11.0048 12.2975 -32.4839
v  13.1794 12.2975 -32.4839
v  13.1794 12.2975 -31.0259
v  24.0521 12.2975 -32.4839
v  24.0521 12.2975 -31.0259
v  -0.0340 12.2975 -29.6501
v  6.6557 12.2975 -29.6501
v  11.0048 12.2975 -29.6501
v  13.1794 12.2975 -29.6501
v  24.0521 12.2975 -29.6501
v  -0.0340 12.2944 -26.9865
v  6.6557 12.2944 -26.9865
v  11.0048 12.2944 -26.9865
v  13.1794 12.2944 -26.9865
v  24.0521 12.2944 -26.9865
v  -0.0340 12.1876 -21.6176
v  6.6557 12.1876 -21.6176
v  11.0048 12.1876 -21.6176
v  13.1794 12.1876 -21.6176
v  24.0521 12.1876 -21.6176
v  -0.0340 11.9484 -16.8142
v  6.6557 11.9484 -16.8142
v  11.0048 11.9484 -16.8142
v  13.1794 11.9484 -16.8142
v  24.0521 11.9484 -16.8142
v  -0.0340 11.3784 46.7271
v  -0.0340 11.3784 48.1851
v  6.6557 11.3784 48.1851
v  6.6557 11.3784 46.7271
v  11.0048 11.3784 48.1851
v  11.0048 11.3784 46.7271
v  13.1794 11.3784 46.7271
v  13.1794 11.3784 48.1851
v  24.0521 11.3784 46.7271
v  24.0521 11.3784 48.1851
v  -0.0340 11.3784 44.6542
v  6.6557 11.3784 44.6542
v  11.0048 11.3784 44.6542
v  13.1794 11.3784 44.6542
v  24.0521 11.3784 44.6542
v  -0.0340 11.3784 36.2484
v  -0.0340 11.3784 40.4933
v  6.6557 11.3784 40.4933
v  6.6557 11.3784 36.2484
v  11.0048 11.3784 40.4933
v  11.0048 11.3784 36.2484
v  13.1794 11.3784 36.2484
v  13.1794 11.3784 40.4933
v  24.0521 11.3784 36.2484
v  24.0521 11.3784 40.4933
v  -0.0340 11.3784 32.4036
v  6.6557 11.3784 32.4036
v  11.0048 11.3784 32.4036
v  13.1794 11.3784 32.4036
v  24.0521 11.3784 32.4036
v  -0.0340 11.4459 27.2667
v  6.6557 11.4459 27.2667
v  11.0048 11.4459 27.2667
v  13.1794 11.4459 27.2667
v  24.0521 11.4459 27.2667
v  -0.0340 11.6910 8.5849
v  6.6557 11.6910 8.5849
v  11.0048 11.6910 8.5849
v  13.1794 11.6910 8.5849
v  24.0521 11.6910 8.5849
v  -0.0340 11.5315 20.7362
v  6.6557 11.5315 20.7362
v  11.0048 11.5315 20.7362
v  13.1794 11.5315 20.7362
v  24.0521 11.5315 20.7362
v  -0.0340 11.6511 11.6227
v  6.6557 11.6511 11.6227
v  11.0048 11.6511 11.6227
v  13.1794 11.6511 11.6227
v  24.0521 11.6511 11.6227
v  -0.0340 11.6113 14.6606
v  6.6557 11.6113 14.6606
v  11.0048 11.6113 14.6606
v  13.1794 11.6113 14.6606
v  24.0521 11.6113 14.6606
v  -0.0340 12.5501 -65.5752
v  6.6557 12.5501 -65.5752
v  11.0048 12.5501 -65.5752
v  13.1794 12.5501 -65.5752
v  24.0521 12.5501 -65.5752
v  -0.0340 9.9518 81.5662
v  6.6557 9.9518 81.5662
v  11.0048 9.9518 81.5662
v  13.1794 9.9518 81.5662
v  24.0521 9.9518 81.5662
v  23.8649 10.0691 83.6994
v  26.0240 10.0601 83.5827
v  25.9743 12.6272 -67.6049
v  23.9798 12.6272 -67.6895
v  19.7376 12.6272 -67.8202
v  15.8322 12.6272 -67.8809
v  19.6946 10.0745 83.8131
v  15.7149 10.0778 83.8725
v  13.6294 10.0801 83.9149
v  11.4104 10.0837 83.9688
v  12.6463 12.6272 -67.9940
v  10.2553 12.6272 -68.0313
v  6.0766 12.6272 -68.0406
v  -0.0340 12.6272 -68.0498
v  -0.0340 10.0906 84.0931
v  6.2055 10.0900 84.0836
v  13.4365 10.7426 95.9702
v  8.7394 10.7676 96.4262
v  3.9566 10.7803 96.6585
v  23.7630 10.1329 84.8613
v  26.0084 10.1191 84.6809
v  19.6901 10.1414 85.0368
v  15.9115 10.1464 85.1286
v  13.8745 10.1500 85.1941
v  11.6313 10.1556 85.2774
v  -0.0340 10.1661 85.4694
v  5.9603 10.1653 85.4547
v  7.0033 10.0879 84.0449
v  7.1926 10.1620 85.3949
v  23.3899 10.3665 89.1136
v  25.9513 10.3348 88.7005
v  19.6734 10.3859 89.5157
v  16.6310 10.3975 89.7259
v  14.7716 10.4057 89.8760
v  12.4398 10.4185 90.0667
v  -0.0340 10.4426 90.5065
v  5.0628 10.4408 90.4729
v  7.8854 10.4333 90.3358
v  22.9301 10.6545 94.3552
v  25.8809 10.6008 93.6553
v  19.6528 10.6874 95.0366
v  17.5180 10.7070 95.3928
v  15.8774 10.7209 95.6472
v  -0.0340 10.7835 96.7154
v  25.9108 12.6896 -69.2489
v  23.9212 12.6896 -69.4020
v  19.7657 12.6896 -69.6385
v  16.2196 12.6896 -69.7485
v  12.2146 12.6896 -69.9533
v  9.6482 12.6896 -70.0208
v  5.6075 12.6896 -70.0375
v  -0.0340 12.6896 -70.0541
v  25.7863 12.8121 -72.4729
v  23.8063 12.8121 -72.7604
v  19.8208 12.8121 -73.2045
v  16.9794 12.8121 -73.4110
v  11.3679 12.8121 -73.7954
v  8.4576 12.8121 -73.9222
v  4.6876 12.8121 -73.9535
v  -0.0340 12.8121 -73.9847
v  42.2821 44.7059 33.2217
v  43.1754 46.5061 32.8856
v  40.6546 48.1039 33.8589
v  40.5828 43.2862 33.8902
v  35.0185 46.3924 36.3215
v  35.2257 44.3597 36.2199
v  37.0904 42.8451 35.4162
v  36.0734 48.4703 35.8606
v  38.0863 42.8518 34.9811
v  37.3823 49.0337 35.2887
v  42.2821 44.7059 35.5584
v  43.1754 46.5061 35.2963
v  40.6546 48.1039 36.2696
v  38.0863 42.8518 37.3918
v  40.5828 43.2862 36.3009
v  36.0734 48.4703 38.2713
v  35.0185 46.3924 38.7322
v  37.3823 49.0337 37.6994
v  37.0098 46.3721 41.2505
v  36.2152 46.3927 41.1167
v  38.1937 46.3789 41.0008
v  40.8217 46.4808 39.4471
v  42.9460 46.4956 36.9867
v  37.3319 44.2781 41.2505
v  36.6489 44.4398 40.9828
v  38.3300 44.3345 41.0008
v  40.3756 44.4488 39.4471
v  42.0003 44.6396 37.0867
v  37.0904 42.8451 37.8269
v  31.9821 44.1999 38.0970
v  31.9821 42.6853 38.0572
v  31.9821 42.6853 40.4679
v  31.9821 43.8754 44.0571
v  31.9821 44.1313 43.3923
v  31.9821 44.3473 40.1513
v  35.2257 44.5071 38.4796
v  37.0486 14.9031 79.8991
v  37.0486 11.0288 79.3890
v  29.8878 11.0288 79.3890
v  29.8878 14.9031 79.8991
v  37.0486 7.4185 77.8936
v  29.8878 7.4185 77.8936
v  37.0486 4.3183 75.5147
v  29.8878 4.3183 75.5147
v  37.0486 1.9394 72.4145
v  29.8878 1.9394 72.4145
v  37.0486 0.4440 68.8042
v  29.8878 0.4440 68.8042
v  37.0486 -0.0661 64.9299
v  29.8878 -0.0661 64.9299
v  37.0486 0.4440 61.0556
v  29.8878 0.4440 61.0556
v  37.0486 1.9394 57.4453
v  29.8878 1.9394 57.4453
v  37.0486 4.3183 54.3451
v  29.8878 4.3183 54.3451
v  37.0486 7.4185 51.9662
v  29.8878 7.4185 51.9662
v  37.0486 11.0288 50.4707
v  29.8878 11.0288 50.4707
v  37.0486 14.9031 49.9607
v  29.8878 14.9031 49.9607
v  37.0486 18.7774 50.4707
v  29.8878 18.7774 50.4707
v  37.0486 22.3877 51.9662
v  29.8878 22.3877 51.9662
v  37.0486 25.4879 54.3450
v  29.8878 25.4879 54.3451
v  37.0486 27.8668 57.4453
v  29.8878 27.8668 57.4453
v  37.0486 29.3622 61.0556
v  29.8878 29.3622 61.0556
v  37.0486 29.8723 64.9299
v  29.8878 29.8723 64.9299
v  37.0486 29.3622 68.8042
v  29.8878 29.3622 68.8042
v  37.0486 27.8668 72.4145
v  29.8878 27.8668 72.4145
v  37.0486 25.4879 75.5147
v  29.8878 25.4879 75.5147
v  37.0486 22.3877 77.8936
v  29.8878 22.3877 77.8936
v  37.0486 18.7774 79.3890
v  29.8878 18.7774 79.3890
v  37.6791 20.7460 75.0500
v  37.6791 23.1662 73.1929
v  37.6791 25.0232 70.7727
v  37.6791 14.9031 76.6156
v  37.6791 26.1906 67.9543
v  37.6791 26.5888 64.9299
v  37.6791 25.0232 59.0870
v  37.6791 26.1906 61.9054
v  37.6791 23.1661 56.6668
v  37.6791 20.7460 54.8097
v  37.6790 14.9031 53.2442
v  37.6791 17.9276 53.6423
v  37.6791 11.8786 53.6423
v  37.6791 9.0603 54.8097
v  37.6791 4.7830 59.0870
v  37.6790 6.6401 56.6668
v  37.6791 3.6156 61.9054
v  37.6791 3.2174 64.9299
v  37.6791 4.7830 70.7727
v  37.6791 3.6156 67.9544
v  37.6791 6.6401 73.1929
v  37.6791 9.0603 75.0500
v  37.6791 11.8786 76.2174
v  37.6791 17.9276 76.2174
v  28.6464 11.2208 78.6724
v  28.6464 7.7895 77.2511
v  28.6464 4.8429 74.9901
v  28.6464 18.5854 78.6724
v  28.6464 2.5819 72.0435
v  28.6464 1.1606 68.6122
v  28.6464 1.1606 61.2476
v  28.6464 0.6758 64.9299
v  28.6464 2.5819 57.8162
v  28.6464 4.8429 54.8697
v  28.6464 11.2208 51.1874
v  28.6464 7.7895 52.6087
v  28.6464 14.9031 50.7026
v  28.6464 18.5854 51.1874
v  28.6464 24.9633 54.8696
v  28.6464 22.0168 52.6087
v  28.6464 27.2243 57.8162
v  28.6464 28.6456 61.2476
v  28.6464 28.6456 68.6122
v  28.6464 29.1304 64.9299
v  28.6464 27.2243 72.0435
v  28.6464 24.9633 74.9901
v  28.6464 22.0168 77.2511
v  28.6464 14.9031 79.1572
v  38.2811 14.9031 79.1572
v  38.2811 11.2208 78.6724
v  38.2811 18.5854 78.6724
v  38.2811 22.0168 77.2511
v  38.2811 24.9633 74.9901
v  38.2811 27.2243 72.0435
v  38.2811 28.6456 68.6122
v  38.2811 29.1304 64.9299
v  38.2811 28.6456 61.2476
v  38.2811 27.2243 57.8162
v  38.2811 24.9633 54.8696
v  38.2811 22.0168 52.6087
v  38.2811 18.5854 51.1873
v  38.2811 14.9031 50.7026
v  38.2811 11.2208 51.1873
v  38.2811 7.7895 52.6087
v  38.2811 4.8429 54.8696
v  38.2811 2.5819 57.8162
v  38.2811 1.1606 61.2476
v  38.2811 0.6758 64.9299
v  38.2811 1.1606 68.6122
v  38.2811 2.5819 72.0435
v  38.2811 4.8429 74.9901
v  38.2811 7.7895 77.2511
v  37.0486 14.9031 -34.2915
v  37.0486 11.0288 -34.8016
v  29.8878 11.0288 -34.8016
v  29.8878 14.9031 -34.2915
v  37.0486 7.4185 -36.2970
v  29.8878 7.4185 -36.2970
v  37.0486 4.3183 -38.6759
v  29.8878 4.3183 -38.6759
v  37.0486 1.9394 -41.7761
v  29.8878 1.9394 -41.7761
v  37.0486 0.4440 -45.3864
v  29.8878 0.4440 -45.3864
v  37.0486 -0.0661 -49.2607
v  29.8878 -0.0661 -49.2607
v  37.0486 0.4440 -53.1350
v  29.8878 0.4440 -53.1350
v  37.0486 1.9394 -56.7453
v  29.8878 1.9394 -56.7453
v  37.0486 4.3183 -59.8455
v  29.8878 4.3183 -59.8455
v  37.0486 7.4185 -62.2244
v  29.8878 7.4185 -62.2244
v  37.0486 11.0288 -63.7198
v  29.8878 11.0288 -63.7198
v  37.0486 14.9031 -64.2299
v  29.8878 14.9031 -64.2299
v  37.0486 18.7774 -63.7198
v  29.8878 18.7774 -63.7198
v  37.0486 22.3877 -62.2244
v  29.8878 22.3877 -62.2244
v  37.0486 25.4879 -59.8455
v  29.8878 25.4879 -59.8455
v  37.0486 27.8668 -56.7453
v  29.8878 27.8668 -56.7453
v  37.0486 29.3622 -53.1350
v  29.8878 29.3622 -53.1350
v  37.0486 29.8723 -49.2607
v  29.8878 29.8723 -49.2607
v  37.0486 29.3622 -45.3864
v  29.8878 29.3622 -45.3864
v  37.0486 27.8668 -41.7761
v  29.8878 27.8668 -41.7761
v  37.0486 25.4879 -38.6759
v  29.8878 25.4879 -38.6759
v  37.0486 22.3877 -36.2970
v  29.8878 22.3877 -36.2970
v  37.0486 18.7774 -34.8016
v  29.8878 18.7774 -34.8016
v  37.6791 20.7460 -39.1406
v  37.6791 23.1662 -40.9977
v  37.6791 25.0232 -43.4179
v  37.6791 14.9031 -37.5750
v  37.6791 26.1906 -46.2362
v  37.6791 26.5888 -49.2607
v  37.6791 25.0232 -55.1036
v  37.6791 26.1906 -52.2852
v  37.6791 23.1662 -57.5238
v  37.6791 20.7460 -59.3808
v  37.6790 14.9031 -60.9464
v  37.6791 17.9276 -60.5482
v  37.6790 11.8786 -60.5482
v  37.6790 9.0603 -59.3808
v  37.6790 4.7830 -55.1036
v  37.6790 6.6401 -57.5238
v  37.6791 3.6156 -52.2852
v  37.6791 3.2174 -49.2607
v  37.6791 4.7830 -43.4179
v  37.6791 3.6156 -46.2362
v  37.6790 6.6401 -40.9977
v  37.6791 9.0603 -39.1406
v  37.6791 11.8786 -37.9732
v  37.6791 17.9276 -37.9732
v  28.6464 11.2208 -35.5182
v  28.6464 7.7895 -36.9395
v  28.6464 4.8429 -39.2005
v  28.6464 18.5854 -35.5182
v  28.6464 2.5819 -42.1471
v  28.6464 1.1606 -45.5784
v  28.6464 1.1606 -52.9430
v  28.6464 0.6758 -49.2607
v  28.6464 2.5819 -56.3744
v  28.6464 4.8429 -59.3209
v  28.6464 11.2208 -63.0032
v  28.6464 7.7895 -61.5819
v  28.6464 14.9031 -63.4880
v  28.6464 18.5854 -63.0032
v  28.6464 24.9633 -59.3209
v  28.6464 22.0168 -61.5819
v  28.6464 27.2243 -56.3744
v  28.6464 28.6456 -52.9430
v  28.6464 28.6456 -45.5784
v  28.6464 29.1304 -49.2607
v  28.6464 27.2243 -42.1471
v  28.6464 24.9633 -39.2005
v  28.6464 22.0168 -36.9395
v  28.6464 14.9031 -35.0334
v  38.2811 14.9031 -35.0334
v  38.2811 11.2208 -35.5182
v  38.2811 18.5854 -35.5182
v  38.2811 22.0168 -36.9395
v  38.2811 24.9633 -39.2005
v  38.2811 27.2243 -42.1471
v  38.2811 28.6456 -45.5784
v  38.2811 29.1304 -49.2607
v  38.2811 28.6456 -52.9430
v  38.2811 27.2243 -56.3744
v  38.2811 24.9633 -59.3209
v  38.2811 22.0168 -61.5819
v  38.2811 18.5854 -63.0032
v  38.2811 14.9031 -63.4880
v  38.2811 11.2208 -63.0032
v  38.2811 7.7895 -61.5819
v  38.2811 4.8429 -59.3209
v  38.2811 2.5819 -56.3744
v  38.2811 1.1606 -52.9430
v  38.2811 0.6758 -49.2607
v  38.2811 1.1606 -45.5784
v  38.2811 2.5819 -42.1471
v  38.2811 4.8429 -39.2005
v  38.2811 7.7895 -36.9395
v  -26.0479 59.8922 -44.4721
v  -26.7082 57.4051 -52.3694
v  -24.7964 57.5938 -52.4257
v  -23.6889 60.2148 -44.5684
v  -28.0245 57.4942 -43.6239
v  -28.6395 55.8641 -48.4959
v  -27.6915 53.8164 -60.9412
v  -27.2518 53.8598 -60.9542
v  -29.3471 53.8027 -53.7840
v  -29.5584 53.1869 -55.3636
v  -30.1618 50.3239 -58.4147
v  -29.4906 50.4058 -66.6990
v  -27.9852 52.7445 -63.5016
v  -34.6132 12.6562 -67.5089
v  -35.7104 14.8043 -67.6808
v  -35.7104 14.7571 -65.7581
v  -34.6132 12.5501 -65.5752
v  -36.6095 18.9703 -67.5350
v  -36.7631 20.8561 -66.9518
v  -36.7631 20.5099 -65.2037
v  -36.6095 18.8291 -65.6399
v  -36.9112 21.8269 -66.6112
v  -36.9112 21.3405 -64.8852
v  -37.4223 25.0188 -65.2786
v  -37.8596 28.7448 -62.4370
v  -37.8596 27.2302 -60.9035
v  -37.4223 24.0486 -63.6290
v  -38.0969 30.2654 -60.6778
v  -38.0969 28.5625 -59.3553
v  -38.2617 29.3413 -58.1534
v  -38.2617 31.1751 -59.3294
v  -38.3093 31.7397 -58.1610
v  -38.3093 29.9125 -57.0887
v  -38.4762 31.3228 -53.7114
v  -38.3978 33.1930 -54.3974
v  -38.3978 33.3040 -53.7566
v  -38.4582 31.4162 -53.1748
v  -38.3483 32.2016 -57.2051
v  -38.3483 30.3799 -56.2176
v  -36.2720 17.0636 -67.6437
v  -36.0641 17.1092 -68.4781
v  -36.3376 19.0866 -68.5024
v  -38.3978 33.7559 -49.5094
v  -38.3978 33.6753 -51.6112
v  -38.2235 34.7404 -51.7709
v  -38.2235 34.8879 -49.5713
v  -38.1739 33.1167 -57.6958
v  -38.1350 32.6350 -58.7108
v  -38.0874 32.0464 -59.9515
v  -37.9225 31.0654 -61.3792
v  -37.2480 25.5986 -66.2748
v  -37.6853 29.4423 -63.2524
v  -37.0564 22.7786 -66.2773
v  -36.8773 23.1324 -67.3290
v  -36.5801 21.0287 -68.0479
v  -38.2235 34.1694 -54.6866
v  -38.2235 35.7837 -51.9141
v  -38.2235 35.9487 -49.5713
v  -38.1739 34.0316 -58.2215
v  -38.1350 33.5105 -59.2286
v  -37.9225 31.8568 -62.0095
v  -38.0874 32.8737 -60.4596
v  -37.2480 26.2158 -67.0431
v  -37.6853 30.1820 -64.0585
v  -36.8434 23.4639 -68.3310
v  -36.2251 19.1369 -69.6032
v  -36.5190 21.1312 -69.2373
v  -38.2235 35.1895 -55.0195
v  -37.5866 39.6851 -52.3330
v  -37.5866 39.7423 -49.6239
v  -37.4981 36.8829 -61.0717
v  -37.5371 37.5595 -59.7986
v  -37.2856 34.5996 -64.2753
v  -37.4505 36.0559 -62.6277
v  -36.6111 27.9639 -69.6452
v  -37.0484 32.4131 -66.5555
v  -36.1954 24.4769 -70.9925
v  -35.5882 19.3847 -72.1769
v  -35.8621 21.4915 -71.8518
v  -37.5866 38.9784 -56.0993
v  -35.9517 17.1245 -69.6146
v  -35.3148 17.2616 -72.2439
v  -36.2720 16.9654 -65.7359
v  -35.5785 14.8284 -68.3624
v  -35.4660 14.8437 -69.4339
v  -34.8292 14.9337 -72.1965
v  -38.3978 31.7999 -49.5130
v  -38.3978 31.7288 -51.3785
v  -38.2235 34.3008 -54.0160
v  -38.2235 35.3262 -54.3053
v  -37.5866 39.1409 -55.2331
v  -34.5514 12.6963 -68.2389
v  -34.4389 12.7462 -69.1488
v  -33.8020 12.9095 -71.9746
v  -31.0574 49.1145 -53.1380
v  -36.0530 44.3454 -52.1795
v  -36.1090 44.3693 -55.4873
v  -30.7253 49.0251 -58.5631
v  -30.5177 50.3363 -58.8165
v  -29.8511 50.3120 -67.0437
v  -30.9055 49.2112 -60.0407
v  -30.2388 49.2670 -67.0765
v  -30.6261 48.9984 -60.1836
v  -36.1258 44.3764 -56.4753
v  -35.8761 44.3115 -61.9541
v  -30.0544 48.8924 -66.9349
v  -35.9010 39.7403 -65.4141
v  -35.8873 42.2545 -63.5111
v  -31.3070 49.1658 -49.3145
v  -36.0919 44.3254 -49.3063
v  -30.3678 50.0457 -57.2011
v  -32.6884 19.4920 -75.8437
v  -33.8412 22.3048 -74.8937
v  -30.8587 21.9630 -77.4121
v  -31.8078 24.2054 -75.9974
v  -27.9030 23.6026 -78.7259
v  -20.5019 23.9295 -81.1593
v  -21.3450 25.8958 -79.7970
v  -29.0639 25.7400 -77.1215
v  -3.0659 26.0439 -81.7106
v  -6.3614 26.0059 -81.6649
v  -6.1331 24.0895 -82.5853
v  -2.9728 24.1247 -82.6410
v  -18.8364 25.9044 -80.3228
v  -18.0962 23.9563 -81.5835
v  -6.1331 19.6126 -82.5853
v  -2.9728 19.6126 -82.6410
v  -19.6097 19.6126 -81.1593
v  -17.4940 19.6126 -81.5835
v  -23.9085 19.4268 -80.0951
v  -32.6087 17.8893 -75.5198
v  -31.8743 15.5162 -75.0602
v  -30.7917 12.9837 -74.1815
v  -25.3876 18.7740 -79.2026
v  -26.0955 17.8429 -78.6857
v  -26.7864 16.8103 -78.1526
v  -27.4866 15.1185 -77.1649
v  -27.8409 12.9559 -75.5053
v  -25.7081 12.9559 -76.2576
v  -25.3538 15.1185 -77.9172
v  -6.7736 15.1185 -80.1617
v  -7.1279 12.9559 -78.5021
v  -3.6758 12.9559 -78.5505
v  -3.3214 15.1185 -80.2101
v  -19.5991 15.1185 -79.0501
v  -19.9534 12.9559 -77.3905
v  -17.9393 12.9559 -77.7105
v  -17.5849 15.1185 -79.3700
v  -23.3851 15.1185 -78.3624
v  -23.7394 12.9559 -76.7028
v  -6.4694 17.2532 -81.6841
v  -9.8638 17.2532 -81.4893
v  -10.0877 15.1185 -79.9654
v  -3.1558 17.2532 -81.7360
v  -19.6041 17.2532 -80.4232
v  -23.6337 17.1650 -79.4800
v  -25.2318 17.1172 -78.9703
v  -17.5417 17.2532 -80.7926
v  -9.6164 19.6126 -82.3923
v  -37.0564 22.1547 -64.5730
v  -36.7302 22.0911 -67.6848
v  -36.6828 22.3092 -68.7796
v  -36.0304 22.9991 -71.4179
v  -35.1526 23.4840 -72.6966
v  -35.7515 24.6398 -71.5179
v  -35.5457 28.9507 -71.3837
v  -34.9756 33.8778 -72.3626
v  -35.5575 37.4886 -68.3576
v  -33.1639 34.6430 -72.8302
v  -34.5424 37.6710 -69.5221
v  -32.4846 37.5963 -71.2469
v  -30.4060 37.5209 -72.9891
v  -30.7483 39.7092 -72.8448
v  -32.8274 39.6496 -70.7724
v  -28.3067 37.4447 -74.7488
v  -26.7539 35.1606 -76.2028
v  -26.7012 40.6785 -76.1503
v  -28.6484 39.7694 -74.9380
v  -31.0486 34.8138 -73.9431
v  -28.9119 34.9864 -75.0673
v  -34.8857 39.5905 -68.7207
v  -20.6258 39.2782 -77.9867
v  -22.4001 43.0086 -77.3838
v  -25.8401 28.2353 -77.2466
v  -26.4617 29.9566 -76.0557
v  -3.0659 27.0770 -81.0330
v  -9.9938 25.9640 -81.4072
v  -6.3614 27.0770 -80.9872
v  -9.9938 27.0770 -80.7295
v  -24.2069 27.1229 -78.2691
v  -21.3450 27.0770 -79.1193
v  -34.3286 24.7390 -72.1051
v  -34.1194 28.9507 -71.3837
v  -33.8046 31.5861 -71.9658
v  -34.2942 23.5341 -72.9931
v  -31.0486 32.1433 -73.1599
v  -28.9119 32.2825 -74.5149
v  -33.1639 32.0054 -72.1789
v  -33.2955 28.4674 -71.9146
v  -31.0714 31.5587 -73.0833
v  -28.8733 31.5110 -74.5176
v  -32.7759 30.2397 -72.0277
v  -26.6288 32.4232 -75.8781
v  -32.8015 26.3577 -73.7954
v  -31.6480 28.0124 -74.3606
v  -3.0659 27.8494 -79.3334
v  -6.3614 27.8494 -79.3428
v  -9.9938 27.8494 -79.1540
v  -24.2069 27.8953 -77.1121
v  -25.5597 28.6572 -76.6251
v  -21.3450 27.8494 -77.8868
v  -3.0659 29.5739 -78.9795
v  -6.3614 29.5739 -78.9890
v  -9.9938 29.5739 -78.8002
v  -21.6183 29.6865 -77.7211
v  -24.3902 29.7751 -76.8224
v  -6.3614 31.0152 -79.3716
v  -3.0659 31.0152 -79.3621
v  -19.1751 31.2667 -78.5234
v  -19.0209 29.6499 -78.0967
v  -9.9938 31.0152 -79.1828
v  -21.8468 31.4792 -78.0315
v  -24.5434 32.0316 -76.9344
v  -6.3614 32.7071 -79.8206
v  -3.0659 32.7071 -79.8111
v  -9.9938 32.7071 -79.6318
v  -19.5664 32.9141 -78.8116
v  -22.1149 33.5837 -78.2530
v  -24.7232 34.7177 -77.1663
v  -9.6164 24.0507 -82.3923
v  -10.4420 12.9559 -78.3058
v  -18.8364 27.0770 -79.6451
v  -18.8364 27.8494 -78.3235
v  -3.0659 34.5336 -79.8111
v  -6.3614 34.5336 -79.8206
v  -9.9938 34.5336 -79.6318
v  -17.6738 35.1611 -79.0390
v  -19.1009 36.6893 -78.4804
v  -19.9496 38.0464 -78.2010
v  -3.0659 36.9790 -79.4959
v  -6.3614 36.9790 -79.5054
v  -9.9938 36.9790 -79.3166
v  -6.3614 38.7029 -79.2832
v  -3.0659 38.7029 -79.2737
v  -17.6738 39.0297 -78.5015
v  -17.6738 37.4301 -78.7237
v  -9.9938 38.7029 -79.0944
v  -6.3614 42.8600 -78.7521
v  -3.0659 42.8600 -78.7426
v  -9.9938 42.8600 -78.5633
v  -17.6738 42.8600 -77.9704
v  -3.0659 43.2952 -80.3366
v  -6.3614 43.2952 -80.3461
v  -9.9938 43.2952 -80.1573
v  -17.6738 43.2952 -79.5644
v  -3.0659 44.9863 -80.4708
v  -6.3614 44.9863 -80.4802
v  -9.9938 44.9863 -80.2914
v  -21.7036 44.9111 -77.9664
v  -26.3542 44.7647 -76.1503
v  -6.3614 46.2106 -80.5212
v  -3.0659 46.2106 -80.5147
v  -17.6738 46.2106 -79.5866
v  -17.6738 44.9863 -79.6986
v  -9.9938 46.2106 -80.3211
v  -20.5620 46.1884 -78.3899
v  -35.1284 42.1529 -67.3588
v  -33.6145 42.1204 -69.5288
v  -35.3271 44.2494 -66.2445
v  -28.6313 48.4952 -70.9513
v  -34.2585 44.1420 -68.5113
v  -26.8033 48.0048 -73.7138
v  -3.0659 47.2123 -80.4058
v  -3.0659 47.9925 -78.9484
v  -9.9938 47.2123 -80.2004
v  -6.3614 47.2123 -80.4098
v  -6.3614 47.9925 -78.9134
v  -9.9938 47.9925 -78.6009
v  -17.6738 47.2123 -79.3500
v  -17.6738 48.0957 -77.6259
v  -19.4240 48.2268 -77.0955
v  -19.6279 47.2335 -78.7311
v  -31.5019 42.9644 -71.9482
v  -29.4404 43.7876 -73.8651
v  -28.8157 48.8395 -71.0930
v  -26.9877 48.2334 -73.8555
v  -28.4280 49.9907 -71.0601
v  -26.6000 49.3846 -73.8202
v  -29.0163 50.4007 -69.2104
v  -27.9990 50.3174 -70.4012
v  -25.5341 50.0013 -73.1951
v  -3.0659 49.3197 -76.1968
v  -6.3614 49.3197 -76.1618
v  -9.9938 49.3763 -75.8492
v  -17.6738 49.5279 -75.0462
v  -19.4240 49.5976 -74.6917
v  -29.0163 50.4006 -69.2104
v  -3.1569 51.5012 -71.2423
v  -6.5931 51.4792 -71.1926
v  -10.3311 51.5273 -70.8483
v  -19.1357 52.0891 -68.7902
v  -24.1027 52.8111 -66.1225
v  -17.1575 51.9059 -69.4342
v  -6.9731 55.0203 -63.0441
v  -3.3071 55.1041 -63.0597
v  -3.5005 59.0701 -52.5264
v  -7.4635 58.9191 -52.5264
v  -10.8668 54.9439 -62.9051
v  -11.5667 58.7362 -52.5264
v  -21.3511 58.0410 -52.5264
v  -23.2125 54.5585 -61.7240
v  -18.8231 54.7912 -62.3900
v  -18.3414 58.3397 -52.5264
v  -16.5227 54.8293 -62.5353
v  -15.5998 58.5534 -52.5264
v  -23.0138 64.8299 -3.7896
v  -23.1662 64.9040 -0.0199
v  -24.7314 64.7585 -0.2117
v  -24.6260 64.7239 -3.7896
v  -26.3146 62.7236 -0.9364
v  -26.2156 62.7452 -3.7896
v  -24.6260 64.2101 -20.8400
v  -22.8133 64.4450 -20.8400
v  -26.2897 62.2501 -20.8400
v  -25.1651 63.2056 -30.4336
v  -22.8798 63.4729 -30.4693
v  -26.8066 61.0835 -30.1198
v  -23.2624 61.7045 -38.7173
v  -25.6948 61.4048 -38.6462
v  -27.4149 59.1213 -38.0197
v  -33.7120 45.5213 3.4605
v  -33.6130 45.8584 -0.7602
v  -36.5629 40.5845 4.7572
v  -36.5877 40.7887 0.0160
v  -36.7222 13.9384 1.2494
v  -37.4074 18.5075 1.4515
v  -37.4607 18.3772 5.5367
v  -36.7756 13.8420 5.5894
v  -36.9556 20.9815 1.4515
v  -37.0089 20.7533 5.6533
v  -36.7287 23.6143 1.4515
v  -36.7821 23.3586 6.0861
v  -36.2778 27.1128 1.0880
v  -36.3311 26.8001 5.8728
v  -35.3511 11.7414 4.7477
v  -35.2978 11.7997 0.2978
v  -36.1892 33.6864 5.6543
v  -36.1359 33.9990 0.5591
v  -38.3978 33.7326 -48.4133
v  -38.3978 31.8224 -48.5264
v  -38.3978 33.2454 -44.7213
v  -38.3978 31.3742 -40.0936
v  -38.3978 29.9187 -41.0920
v  -38.3978 31.4250 -45.2392
v  -38.2736 28.5567 -36.4142
v  -38.2736 27.4955 -37.6373
v  -38.1002 24.8773 -33.5966
v  -38.1002 24.1624 -34.9324
v  -37.7532 20.5388 -31.4015
v  -37.7532 20.3023 -33.1040
v  -37.2450 16.6397 -31.0093
v  -37.2450 16.6537 -32.4947
v  -35.4485 12.2975 -31.0259
v  -35.4485 12.2975 -32.4839
v  -37.0707 18.3461 -29.7681
v  -37.5789 20.9633 -30.4213
v  -37.9258 25.5127 -32.5405
v  -38.0993 29.3293 -35.6212
v  -38.2235 32.3387 -39.6176
v  -38.2235 34.2054 -44.4022
v  -38.2235 34.8242 -48.3857
v  -37.5789 21.4495 -29.4150
v  -37.0707 18.4181 -28.7768
v  -37.9258 25.9195 -31.6118
v  -38.0993 30.1110 -34.8678
v  -38.2235 33.2225 -39.1023
v  -38.2235 35.2315 -44.0428
v  -38.2235 35.8768 -48.3013
v  -37.4230 22.4081 -26.6317
v  -37.1876 18.4150 -26.1132
v  -37.2890 27.5065 -28.9235
v  -37.4624 32.1501 -32.1965
v  -37.5866 36.3629 -37.2291
v  -37.5866 38.6486 -41.8050
v  -37.5866 39.6805 -48.0602
v  -37.0938 16.5873 -29.7676
v  -35.4454 12.2975 -29.6501
v  -37.2108 16.5842 -27.1040
v  -35.4144 12.2944 -26.9865
v  -36.7222 14.0871 -15.8625
v  -37.4074 18.6476 -12.1479
v  -37.2097 16.3503 -20.4712
v  -35.2658 12.1876 -21.6176
v  -37.0391 18.5841 -21.3554
v  -35.2978 11.9484 -16.8142
v  -36.9556 20.9379 -12.3394
v  -36.7287 23.5357 -12.8651
v  -36.8122 20.3408 -22.1966
v  -36.6077 41.7196 -18.5129
v  -32.8984 47.0314 -18.6409
v  -36.6211 42.3402 -30.8655
v  -36.1941 44.2732 -41.7696
v  -31.9617 49.3003 -39.2846
v  -32.4221 47.8134 -30.5613
v  -36.1179 44.3122 -47.3909
v  -31.4734 49.2000 -46.7654
v  -36.1559 35.0350 -15.7198
v  -36.1693 35.7257 -26.5724
v  -36.2978 28.2873 -13.7769
v  -36.3112 29.0703 -23.6869
v  -36.6097 23.9689 -22.3529
v  -18.5926 44.9895 58.9210
v  -13.8001 44.9895 59.9355
v  -14.7832 44.8016 64.7117
v  -20.5196 44.8546 63.6260
v  -16.8914 44.2116 70.3043
v  -12.9967 44.1623 70.8728
v  -15.4809 42.5522 80.1111
v  -15.4988 42.9903 77.9880
v  -12.3328 42.9517 78.4583
v  -12.3512 42.5093 80.5746
v  -15.7228 41.2379 86.4805
v  -12.4066 41.1820 86.9234
v  -13.0381 39.6933 91.0116
v  -16.8026 39.7639 90.4295
v  -14.0774 38.4729 93.7769
v  -18.8565 38.7123 92.5732
v  -24.9304 44.9165 60.5363
v  -24.5446 45.0451 57.0707
v  -27.6455 44.9547 59.1159
v  -27.7244 45.0793 55.1685
v  -30.0053 44.9128 58.3484
v  -30.5073 45.0369 51.8431
v  -9.2983 38.2334 94.4896
v  -9.2735 39.6227 91.5937
v  -3.3797 39.5122 92.1995
v  -3.3888 37.8636 95.2094
v  -9.2392 41.1260 87.3664
v  -3.3672 41.0223 87.9705
v  -9.2311 41.3271 86.4171
v  -3.3642 41.2270 87.0184
v  -9.1668 42.9130 78.9285
v  -9.1021 44.1131 71.3716
v  -3.3172 44.0398 71.8780
v  -3.3408 42.8420 79.5071
v  -9.0467 44.7486 65.3109
v  -3.2970 44.6956 65.4323
v  -9.0076 44.9895 60.5920
v  -3.2827 44.9895 61.0282
v  -9.2983 35.2289 98.2648
v  -14.0774 35.4854 97.3677
v  -3.3888 35.1201 98.8050
v  -12.3983 41.3811 85.9711
v  -19.7238 36.0589 95.3101
v  -31.1193 44.5454 59.3400
v  -31.4799 44.9041 52.1014
v  -31.5304 44.9265 50.6672
v  -30.8326 45.0369 50.8133
v  -21.9859 43.1945 70.3043
v  -23.4498 43.7793 64.7475
v  -15.6644 41.4351 85.5251
v  -19.5370 40.4864 86.4805
v  -19.6672 40.6996 85.5251
v  -20.6943 42.2225 77.9880
v  -27.0931 44.5837 60.6415
v  -30.4290 43.6021 70.3043
v  -30.8280 44.1029 64.7475
v  -25.6898 40.4585 87.7422
v  -26.2288 40.7526 86.6449
v  -29.3849 42.6495 77.9880
v  -31.0107 44.3701 61.1672
v  -21.8549 39.3344 91.1362
v  -15.5134 41.9444 83.0570
v  -15.4630 42.1141 82.2342
v  -12.3697 42.0668 82.6908
v  -12.3768 41.8954 83.5109
v  -3.3474 42.3870 81.6230
v  -3.3540 41.9321 83.7388
v  -9.2030 42.0195 83.1475
v  -9.1849 42.4663 81.0380
v  -20.1156 41.4341 82.2342
v  -20.4050 41.8283 80.1111
v  -28.0850 41.7658 82.8651
v  -28.7349 42.2076 80.4265
v  -32.6094 44.1147 59.3400
v  -32.9045 44.3510 53.2053
v  -33.1221 44.4757 49.5387
v  -32.1008 43.5363 70.3043
v  -32.3761 43.8441 64.7475
v  -29.5293 41.7513 82.8651
v  -30.3014 42.1758 80.4265
v  -31.0735 42.6002 77.9880
v  -32.5588 44.0530 61.1672
v  -26.5537 40.7494 86.6449
v  -22.4576 36.4926 93.6271
v  -25.9170 37.4026 90.8323
v  -29.8419 38.7750 85.9552
v  -31.3021 39.4520 82.8894
v  -32.6989 40.1290 79.8139
v  -33.6559 40.6192 73.3944
v  -26.8001 37.7114 89.7350
v  -34.6058 41.3773 62.4302
v  -34.4944 41.8021 58.4287
v  -34.2836 41.0573 67.8376
v  -34.5406 41.2921 64.2573
v  -33.9170 43.2012 52.1503
v  -14.0774 34.4131 98.2129
v  -20.0262 34.6808 96.5502
v  -3.3888 34.2228 99.7463
v  -9.2983 34.2868 99.0961
v  -18.9005 32.0388 98.7942
v  -19.4782 33.3458 98.1919
v  -14.0774 33.3628 99.4639
v  -14.0774 32.0038 99.8145
v  -9.2983 31.9859 100.5559
v  -9.2983 33.3741 100.2447
v  -3.3888 33.3815 100.6873
v  -3.3888 31.9636 100.9207
v  -17.0401 30.3241 100.0663
v  -14.0774 30.4893 100.6822
v  -9.2983 30.5597 101.3342
v  -3.3888 30.5355 101.7251
v  -22.7599 35.0639 94.8700
v  -26.9678 35.8340 92.0752
v  -31.0460 37.1713 87.3069
v  -32.1345 37.8191 84.8275
v  -27.8854 36.1349 91.0023
v  -20.6335 32.9410 97.7366
v  -26.1569 34.1763 93.8916
v  -32.2669 35.2562 89.9032
v  -33.1737 36.7286 85.0482
v  -27.5317 34.4193 92.9942
v  -32.6538 38.8202 82.3481
v  -33.6033 38.3349 81.9213
v  -19.8280 31.7390 98.3814
v  -17.5991 30.0279 99.8483
v  -19.4577 28.2597 99.2499
v  -25.3296 28.7797 96.4437
v  -18.9366 27.6517 99.6710
v  -23.9104 27.6217 98.4142
v  -22.7682 26.4885 99.7765
v  -24.9358 25.6738 98.9083
v  -25.6756 27.0066 97.7665
v  -29.7456 26.1424 94.6923
v  -26.4115 28.2341 96.0892
v  -28.9516 23.7238 96.2841
v  -18.0959 26.7341 101.2279
v  -30.5190 21.4356 95.3520
v  -14.0774 27.4191 100.6822
v  -17.0401 27.5314 100.0663
v  -3.3888 27.3815 101.7251
v  -9.2983 27.3815 101.3342
v  -14.0774 26.7330 102.1973
v  -16.5811 26.7432 101.5802
v  -3.3888 26.7650 103.2402
v  -9.2983 26.7593 102.8493
v  -14.0774 23.5852 102.2442
v  -16.5811 23.5955 101.6270
v  -3.3888 23.6173 103.2870
v  -9.2983 23.6115 102.8962
v  -18.0959 23.5864 101.2747
v  -21.1473 23.5023 100.3706
v  -22.7359 22.9170 99.7985
v  -25.5509 20.6839 98.5427
v  -16.5811 22.1813 101.6481
v  -14.0774 22.1710 102.2653
v  -9.2983 22.1973 102.9172
v  -3.3888 22.2031 103.3081
v  -18.0959 22.1722 101.2958
v  -20.4191 22.1606 100.6375
v  -24.0012 19.7534 99.3221
v  -21.7475 21.6784 100.1852
v  -31.8677 26.1248 93.6139
v  -31.7970 24.0174 94.3680
v  -34.1709 24.5858 92.4691
v  -33.6428 26.3820 92.1369
v  -35.6619 25.9585 90.5141
v  -35.2120 27.0552 90.5046
v  -36.1120 28.4719 88.9913
v  -14.0774 14.1420 101.4301
v  -16.5811 14.2084 100.9424
v  -3.3888 14.1741 102.2818
v  -9.2983 14.1683 101.9944
v  -18.0959 14.4311 100.6276
v  -20.4191 15.9931 100.1412
v  -34.2082 10.0580 83.4998
v  -34.2082 9.9518 81.5662
v  -35.6217 12.1589 81.5757
v  -35.6217 12.2060 83.4985
v  -37.3550 16.3721 83.5259
v  -37.3550 16.2309 81.6308
v  -37.6777 19.1878 81.2669
v  -37.6777 19.5515 82.9099
v  -37.9472 23.3399 79.3944
v  -37.9472 24.2421 81.0094
v  -38.1740 26.6394 76.7458
v  -38.1740 27.8448 78.0277
v  -38.2617 28.5179 74.4367
v  -38.2617 30.0282 75.3226
v  -38.3483 31.3877 72.7252
v  -38.3483 29.9602 72.0005
v  -38.3978 32.8614 67.1313
v  -38.3978 32.3791 69.9175
v  -38.4762 30.9294 69.3716
v  -38.3978 31.3760 66.8986
v  -38.3978 32.9187 63.9334
v  -38.3978 32.9420 65.0294
v  -38.3978 31.4296 65.0330
v  -38.3978 31.4170 64.0261
v  -38.3978 32.3820 60.3653
v  -38.3978 30.9152 60.7485
v  -38.3978 29.2475 56.7086
v  -38.3978 30.5603 55.9526
v  -38.2736 26.6466 53.4437
v  -38.2736 27.7428 52.2731
v  -38.1002 23.2990 50.8657
v  -38.1002 24.0633 49.4556
v  -37.7532 19.3397 49.2108
v  -37.7532 19.7249 47.5945
v  -37.2450 14.8936 48.4238
v  -37.2450 14.8620 46.8857
v  -35.4485 11.3784 48.1851
v  -35.4485 11.3784 46.7271
v  -36.8664 14.4654 83.5134
v  -37.0831 16.4358 84.4057
v  -36.6586 14.5110 84.3478
v  -37.0707 16.4107 46.0125
v  -37.5789 20.0530 46.7183
v  -37.9258 24.5924 48.5925
v  -38.0993 28.3419 51.5792
v  -38.2235 31.4197 55.4941
v  -38.2235 33.3420 60.0461
v  -38.2235 34.0103 63.9058
v  -38.2235 34.0740 65.0914
v  -38.2235 33.9265 67.2910
v  -38.1739 32.3027 73.2158
v  -38.0874 30.7593 76.0848
v  -37.9997 28.5145 78.6849
v  -37.7729 24.7103 81.7453
v  -37.5034 19.8285 83.6906
v  -38.2235 33.3555 70.2066
v  -37.0707 16.4827 45.0213
v  -37.5789 20.3728 45.9748
v  -37.9258 24.9992 47.6637
v  -38.0993 29.2351 50.9126
v  -38.2235 32.4086 54.9613
v  -38.2235 34.3681 59.6868
v  -38.2235 35.0629 63.8213
v  -38.2235 35.1348 65.0914
v  -38.2235 34.9698 67.4341
v  -38.1739 33.2177 73.7415
v  -38.0874 31.6042 76.7332
v  -37.9997 29.2192 79.4734
v  -37.7729 25.3771 82.5384
v  -37.5034 20.5156 84.7946
v  -36.9706 16.4511 85.3169
v  -38.2235 34.3756 70.5396
v  -36.9167 16.4971 44.7409
v  -37.1520 20.4902 45.6975
v  -37.0180 25.4834 46.9203
v  -37.1915 31.0388 47.9811
v  -37.3156 35.2268 53.2615
v  -37.3156 37.6594 58.9373
v  -37.3156 38.3408 63.6854
v  -37.3156 38.4086 65.1440
v  -37.3156 38.2110 67.8530
v  -37.2661 36.2725 75.0558
v  -37.1796 34.1205 78.6910
v  -37.0918 31.4010 81.9640
v  -36.8650 27.1500 85.1653
v  -36.5955 21.1981 87.6941
v  -36.0627 16.5882 88.2959
v  -37.3156 37.5735 71.4441
v  -37.0166 36.4394 48.1914
v  -37.0878 36.9132 52.8760
v  -36.5461 14.5262 85.2590
v  -35.6382 14.6634 88.2380
v  -36.8664 14.3672 81.6056
v  -35.4898 12.2302 84.2792
v  -35.3773 12.2455 85.1904
v  -34.4695 12.3593 88.1694
v  -35.4029 36.7499 80.6696
v  -35.1626 34.9943 83.8098
v  -34.3940 33.6718 88.7983
v  -35.5014 31.8939 88.5700
v  -35.5405 39.3010 72.7536
v  -35.4961 38.1350 77.2615
v  -31.0109 45.0369 49.7836
v  -32.0414 44.9323 48.9108
v  -33.3396 44.6003 45.8720
v  -35.0460 40.1177 47.7392
v  -35.3348 39.8605 52.9852
v  -35.7129 39.7834 59.0407
v  -35.7609 39.9148 63.4430
v  -35.7677 39.9167 65.0849
v  -35.7672 39.8023 67.8712
v  -31.8049 21.4639 94.5085
v  -33.6886 20.5278 93.0311
v  -35.1699 14.7377 89.4516
v  -34.0011 12.4167 89.3829
v  -35.5944 16.6625 89.5095
v  -34.4512 16.2545 93.5408
v  -34.3861 14.8938 93.6757
v  -32.6176 19.3152 95.4971
v  -31.2416 19.7431 96.4445
v  -30.6370 19.7550 96.7692
v  -26.1646 19.2656 99.1435
v  -24.8008 18.7315 99.6188
v  -21.5045 15.4793 100.4914
v  -20.9957 14.7042 100.5573
v  -34.1464 10.0981 84.2298
v  -34.0339 10.1480 85.1397
v  -33.1260 10.3113 88.1142
v  -32.6577 10.3778 89.3259
v  -14.0774 13.2184 101.4301
v  -16.5811 13.2184 100.9424
v  -3.3888 13.2184 102.2818
v  -9.2983 13.2184 101.9944
v  -18.0959 13.2184 100.6276
v  -14.0774 12.3381 102.2327
v  -16.5811 12.3381 101.7449
v  -3.3888 12.3381 103.0844
v  -9.2983 12.3381 102.7970
v  -18.0959 12.3381 101.4302
v  -14.0774 10.9288 99.3636
v  -16.5811 10.9021 98.9644
v  -3.3888 10.9755 100.2140
v  -9.2983 10.9598 99.9270
v  -18.0959 10.8849 98.6502
v  -19.7090 12.3381 100.9894
v  -19.7090 13.2184 100.4186
v  -22.7338 12.4253 99.8503
v  -19.7090 10.8607 98.2101
v  -22.7338 10.8201 97.3681
v  -25.9085 10.7537 96.5033
v  -26.8236 12.3839 98.5212
v  -30.1682 12.4034 97.2294
v  -28.6128 10.7092 95.3617
v  -30.4585 10.6485 94.2572
v  -32.0868 12.4463 96.0088
v  -33.0099 12.4795 94.0054
v  -31.1598 10.5967 93.3137
v  -26.5699 15.0333 98.8595
v  -23.5296 14.8532 99.8599
v  -30.3487 15.2337 97.1510
v  -31.7614 15.2555 96.2753
v  -26.1352 29.9817 96.1638
v  -27.2171 29.3460 95.8274
v  -29.6837 27.7409 94.8161
v  -31.8059 27.7475 93.6672
v  -33.5809 27.9928 92.0519
v  -35.1502 28.2683 90.4556
v  -3.3591 41.5796 85.3786
v  -9.2170 41.6733 84.7823
v  -12.3840 41.7239 84.3310
v  -15.5637 41.7746 83.8797
v  -19.8914 41.0669 83.8797
v  -27.1569 41.2592 84.7550
v  -28.0415 41.2503 84.7550
v  -28.3210 38.2432 87.8451
v  -29.4657 36.6531 89.1546
v  -29.8993 34.8378 91.4487
v  -31.4113 29.9326 93.7180
v  -33.2340 30.4497 92.1755
v  -34.7041 31.0413 90.3385
v  -26.1460 32.0790 95.4513
v  -27.3744 31.8827 94.9277
v  -32.2427 32.5810 91.7836
v  -30.6182 32.2125 93.1655
v  -33.6137 33.1230 90.3385
v  -3.3566 41.7559 84.5587
v  -9.2100 41.8464 83.9649
v  -20.0035 41.2505 83.0570
v  -27.6209 41.5125 83.8100
v  -28.7854 41.5008 83.8100
v  -29.0815 38.5091 86.9002
v  -30.2559 36.9122 88.2307
v  -31.0831 35.0470 90.6759
v  -27.1510 56.2120 31.4226
v  -29.0159 50.7437 40.6031
v  -30.0789 50.8071 39.6165
v  -28.2560 56.2527 30.1240
v  -30.7971 51.5633 35.1612
v  -29.1212 56.5420 26.3049
v  -25.1645 61.0913 22.2420
v  -26.6092 60.9973 20.6315
v  -31.2270 47.3703 45.0537
v  -30.1830 47.4052 45.9737
v  -27.4259 60.8195 16.5213
v  -32.2845 47.4899 41.4270
v  -23.5187 64.4081 8.5079
v  -24.1799 63.3330 15.4470
v  -25.6318 63.0383 14.4559
v  -25.0514 64.1829 8.2804
v  -26.8713 61.8236 11.4742
v  -26.4585 62.4781 6.4272
v  -3.2827 43.1789 58.5651
v  -23.7516 43.2345 54.9450
v  -17.9618 43.1789 56.5948
v  -27.1049 43.2687 53.7473
v  -13.2218 43.1789 57.5601
v  -9.0076 43.1789 58.1289
v  -30.0860 43.6785 51.4656
v  -30.6342 43.9119 50.7490
v  -30.9547 44.4419 49.8069
v  -30.1501 47.0571 45.9873
v  -33.9587 42.9971 42.0060
v  -33.9096 43.0474 39.9924
v  -33.7332 45.1248 9.0199
v  -36.5662 40.1837 9.4747
v  -35.7359 39.2565 43.1766
v  -36.1732 38.3008 39.0977
v  -37.1008 35.5683 44.0996
v  -37.3861 34.1207 41.2286
v  -33.8404 43.1184 37.1540
v  -36.5829 38.1550 33.3479
v  -37.5633 30.2886 38.1369
v  -33.7509 44.7938 13.6620
v  -36.5689 39.8489 13.4138
v  -36.5712 39.5694 17.1446
v  -33.7657 44.5173 17.5382
v  -36.5770 38.8693 25.2303
v  -33.8027 43.8249 27.2480
v  -35.2974 11.3784 44.6542
v  -37.0938 14.7045 44.8128
v  -35.2976 11.3784 40.4933
v  -37.0941 14.7045 40.6519
v  -35.2978 11.3784 36.2484
v  -35.6825 11.3784 32.4036
v  -37.1069 13.2424 32.5622
v  -37.0943 14.7045 36.4070
v  -35.6209 11.4459 27.2667
v  -37.0453 13.3538 27.5522
v  -36.9171 16.6373 39.8047
v  -36.9169 16.5665 42.2975
v  -37.7920 17.5678 30.9266
v  -37.3402 19.3350 31.7677
v  -37.1134 21.7696 34.8903
v  -36.9671 13.4953 21.1830
v  -35.5427 11.5315 20.7362
v  -37.7305 17.7181 26.2106
v  -37.2787 19.5985 26.9171
v  -37.0519 22.0647 29.5401
v  -36.6009 25.2182 29.8694
v  -37.2484 24.4304 35.2685
v  -37.3834 27.2665 36.4527
v  -36.4590 32.1044 31.1306
v  -36.5226 25.6769 23.0646
v  -36.3807 32.5632 23.9616
v  -37.5066 18.2649 9.0595
v  -36.8215 13.7588 9.3319
v  -37.0549 20.5565 9.2767
v  -36.8280 23.1381 10.0826
v  -36.3771 26.5306 9.9988
v  -36.8943 13.6271 15.2574
v  -35.4699 11.6113 14.6606
v  -36.3079 32.9900 17.0049
v  -36.4499 26.1038 16.5317
v  -37.6522 17.9093 20.2152
v  -37.2004 19.9333 20.7506
v  -36.9736 22.4400 22.7384
v  -37.5430 18.1760 11.8485
v  -36.8579 13.6929 12.2946
v  -37.0913 20.4007 12.1452
v  -36.8644 22.9636 13.2466
v  -36.4135 26.3172 13.2653
v  -35.3971 11.6910 8.5849
v  -36.2351 33.4168 10.0481
v  -35.4335 11.6511 11.6227
v  -36.2715 33.2034 13.5265
v  -37.5794 18.0871 14.6374
v  -37.1276 20.2449 15.0136
v  -36.9008 22.7890 16.4105
v  -26.1207 14.7571 -65.7581
v  -26.1207 12.5501 -65.5752
v  -26.1207 20.5099 -65.2037
v  -26.1207 18.8291 -65.6399
v  -26.1207 21.3405 -64.8852
v  -26.1207 27.2302 -60.9035
v  -26.1207 24.0486 -63.6290
v  -26.1207 28.5625 -59.3553
v  -26.1207 29.9125 -57.0887
v  -26.1207 29.3413 -58.1534
v  -26.1207 31.4162 -53.1748
v  -26.1207 31.3228 -53.7114
v  -26.1207 30.3799 -56.2176
v  -26.1207 16.9654 -65.7359
v  -26.1207 31.7999 -49.5130
v  -26.1207 31.7288 -51.3785
v  -26.1207 22.1547 -64.5730
v  -26.1207 11.7414 4.7477
v  -26.1207 11.7997 0.2978
v  -26.1207 31.8224 -48.5264
v  -26.1207 29.9187 -41.0920
v  -26.1207 31.4250 -45.2392
v  -26.1207 27.4955 -37.6373
v  -26.1207 24.1624 -34.9324
v  -26.1207 20.3023 -33.1040
v  -26.1207 16.6537 -32.4947
v  -26.1207 12.2975 -31.0259
v  -26.1207 12.2975 -32.4839
v  -26.1207 12.2975 -29.6501
v  -26.1207 12.2944 -26.9865
v  -26.1207 12.1876 -21.6176
v  -26.1207 11.9484 -16.8142
v  -26.1207 14.3672 81.6056
v  -26.1207 16.2309 81.6308
v  -26.1207 19.1878 81.2669
v  -26.1207 23.3399 79.3944
v  -26.1207 26.6394 76.7458
v  -26.1207 28.5179 74.4367
v  -26.1207 29.9602 72.0005
v  -26.1207 30.9294 69.3716
v  -26.1207 31.3760 66.8986
v  -26.1207 31.4296 65.0330
v  -26.1207 31.4170 64.0261
v  -26.1207 30.9152 60.7485
v  -26.1207 29.2475 56.7086
v  -26.1207 26.6466 53.4437
v  -26.1207 23.2990 50.8657
v  -26.1207 19.3397 49.2108
v  -26.1207 14.8936 48.4238
v  -26.1207 11.3784 48.1851
v  -26.1207 11.3784 46.7271
v  -26.1207 12.1589 81.5757
v  -26.1207 9.9518 81.5662
v  -26.1207 11.3784 44.6542
v  -26.1207 11.3784 40.4933
v  -26.1207 11.3784 36.2484
v  -26.1207 11.3784 32.4036
v  -26.1207 11.4459 27.2667
v  -26.1207 11.6910 8.5849
v  -26.1207 11.5315 20.7362
v  -26.1207 11.6511 11.6227
v  -26.1207 11.6113 14.6606
v  -15.4220 11.7997 0.2978
v  -19.7711 11.7997 0.2978
v  -19.7711 11.7414 4.7477
v  -15.4220 11.7414 4.7477
v  -15.4220 12.2975 -32.4839
v  -19.7711 12.2975 -32.4839
v  -19.7711 12.2975 -31.0259
v  -15.4220 12.2975 -31.0259
v  -19.7711 12.2975 -29.6501
v  -15.4220 12.2975 -29.6501
v  -19.7711 12.2944 -26.9865
v  -15.4220 12.2944 -26.9865
v  -19.7711 12.1876 -21.6176
v  -15.4220 12.1876 -21.6176
v  -15.4220 11.9484 -16.8142
v  -19.7711 11.9484 -16.8142
v  -15.4220 11.3784 46.7271
v  -19.7711 11.3784 46.7271
v  -19.7711 11.3784 48.1851
v  -15.4220 11.3784 48.1851
v  -15.4220 11.3784 44.6542
v  -19.7711 11.3784 44.6542
v  -15.4220 11.3784 36.2484
v  -19.7711 11.3784 36.2484
v  -19.7711 11.3784 40.4933
v  -15.4220 11.3784 40.4933
v  -15.4220 11.3784 32.4036
v  -19.7711 11.3784 32.4036
v  -15.4220 11.4459 27.2667
v  -19.7711 11.4459 27.2667
v  -19.7711 11.6910 8.5849
v  -15.4220 11.6910 8.5849
v  -15.4220 11.5315 20.7362
v  -19.7711 11.5315 20.7362
v  -19.7711 11.6511 11.6227
v  -15.4220 11.6511 11.6227
v  -15.4220 11.6113 14.6606
v  -19.7711 11.6113 14.6606
v  -15.4220 12.5501 -65.5752
v  -19.7711 12.5501 -65.5752
v  -19.7711 9.9518 81.5662
v  -15.4220 9.9518 81.5662
v  -6.7238 11.7997 0.2978
v  -6.7238 11.7414 4.7477
v  -11.0729 11.7997 0.2978
v  -11.0729 11.7414 4.7477
v  -13.2474 11.7997 0.2978
v  -13.2474 11.7414 4.7477
v  -24.1201 11.7414 4.7477
v  -24.1201 11.7997 0.2978
v  -6.7238 12.2975 -32.4839
v  -6.7238 12.2975 -31.0259
v  -11.0729 12.2975 -32.4839
v  -11.0729 12.2975 -31.0259
v  -13.2474 12.2975 -32.4839
v  -13.2474 12.2975 -31.0259
v  -24.1201 12.2975 -31.0259
v  -24.1201 12.2975 -32.4839
v  -6.7238 12.2975 -29.6501
v  -11.0729 12.2975 -29.6501
v  -13.2474 12.2975 -29.6501
v  -24.1201 12.2975 -29.6501
v  -6.7238 12.2944 -26.9865
v  -11.0729 12.2944 -26.9865
v  -13.2474 12.2944 -26.9865
v  -24.1201 12.2944 -26.9865
v  -6.7238 12.1876 -21.6176
v  -11.0729 12.1876 -21.6176
v  -13.2474 12.1876 -21.6176
v  -24.1201 12.1876 -21.6176
v  -6.7238 11.9484 -16.8142
v  -11.0729 11.9484 -16.8142
v  -13.2474 11.9484 -16.8142
v  -24.1201 11.9484 -16.8142
v  -6.7238 11.3784 46.7271
v  -6.7238 11.3784 48.1851
v  -11.0729 11.3784 46.7271
v  -11.0729 11.3784 48.1851
v  -13.2474 11.3784 46.7271
v  -13.2474 11.3784 48.1851
v  -24.1201 11.3784 48.1851
v  -24.1201 11.3784 46.7271
v  -6.7238 11.3784 44.6542
v  -11.0729 11.3784 44.6542
v  -13.2474 11.3784 44.6542
v  -24.1201 11.3784 44.6542
v  -6.7238 11.3784 36.2484
v  -6.7238 11.3784 40.4933
v  -11.0729 11.3784 36.2484
v  -11.0729 11.3784 40.4933
v  -13.2474 11.3784 36.2484
v  -13.2474 11.3784 40.4933
v  -24.1201 11.3784 40.4933
v  -24.1201 11.3784 36.2484
v  -6.7238 11.3784 32.4036
v  -11.0729 11.3784 32.4036
v  -13.2474 11.3784 32.4036
v  -24.1201 11.3784 32.4036
v  -6.7238 11.4459 27.2667
v  -11.0729 11.4459 27.2667
v  -13.2474 11.4459 27.2667
v  -24.1201 11.4459 27.2667
v  -6.7238 11.6910 8.5849
v  -11.0729 11.6910 8.5849
v  -13.2474 11.6910 8.5849
v  -24.1201 11.6910 8.5849
v  -6.7238 11.5315 20.7362
v  -11.0729 11.5315 20.7362
v  -13.2474 11.5315 20.7362
v  -24.1201 11.5315 20.7362
v  -6.7238 11.6511 11.6227
v  -11.0729 11.6511 11.6227
v  -13.2474 11.6511 11.6227
v  -24.1201 11.6511 11.6227
v  -6.7238 11.6113 14.6606
v  -11.0729 11.6113 14.6606
v  -13.2474 11.6113 14.6606
v  -24.1201 11.6113 14.6606
v  -6.7238 12.5501 -65.5752
v  -11.0729 12.5501 -65.5752
v  -13.2474 12.5501 -65.5752
v  -24.1201 12.5501 -65.5752
v  -6.7238 9.9518 81.5662
v  -11.0729 9.9518 81.5662
v  -13.2474 9.9518 81.5662
v  -24.1201 9.9518 81.5662
v  -26.0921 10.0601 83.5827
v  -23.9330 10.0691 83.6994
v  -24.0478 12.6272 -67.6895
v  -26.0423 12.6272 -67.6049
v  -19.8057 12.6272 -67.8202
v  -15.9003 12.6272 -67.8809
v  -19.7627 10.0745 83.8131
v  -15.7829 10.0778 83.8725
v  -13.6975 10.0801 83.9149
v  -11.4785 10.0837 83.9688
v  -12.7144 12.6272 -67.9940
v  -10.3233 12.6272 -68.0313
v  -6.1447 12.6272 -68.0406
v  -6.2736 10.0900 84.0836
v  -8.8074 10.7676 96.4262
v  -13.5045 10.7426 95.9702
v  -4.0246 10.7803 96.6585
v  -26.0765 10.1191 84.6809
v  -23.8311 10.1329 84.8613
v  -19.7581 10.1414 85.0368
v  -15.9795 10.1464 85.1286
v  -13.9426 10.1500 85.1941
v  -11.6994 10.1556 85.2774
v  -6.0284 10.1653 85.4547
v  -7.0713 10.0879 84.0449
v  -7.2606 10.1620 85.3949
v  -26.0193 10.3348 88.7005
v  -23.4580 10.3665 89.1136
v  -19.7414 10.3859 89.5157
v  -16.6991 10.3975 89.7259
v  -14.8397 10.4057 89.8760
v  -12.5079 10.4185 90.0667
v  -5.1309 10.4408 90.4729
v  -7.9534 10.4333 90.3358
v  -25.9489 10.6008 93.6553
v  -22.9981 10.6545 94.3552
v  -19.7208 10.6874 95.0366
v  -17.5861 10.7070 95.3928
v  -15.9455 10.7209 95.6472
v  -25.9788 12.6896 -69.2489
v  -23.9892 12.6896 -69.4020
v  -19.8338 12.6896 -69.6385
v  -16.2877 12.6896 -69.7485
v  -12.2826 12.6896 -69.9533
v  -9.7162 12.6896 -70.0208
v  -5.6756 12.6896 -70.0375
v  -25.8543 12.8121 -72.4729
v  -23.8743 12.8121 -72.7604
v  -19.8888 12.8121 -73.2045
v  -17.0474 12.8121 -73.4110
v  -11.4360 12.8121 -73.7954
v  -8.5256 12.8121 -73.9222
v  -4.7557 12.8121 -73.9535
v  -42.3501 44.7059 33.2217
v  -40.6508 43.2862 33.8902
v  -40.7226 48.1039 33.8589
v  -43.2435 46.5061 32.8856
v  -35.0866 46.3924 36.3215
v  -36.1415 48.4703 35.8606
v  -37.1584 42.8451 35.4162
v  -35.2938 44.3597 36.2199
v  -37.4503 49.0337 35.2887
v  -38.1543 42.8518 34.9811
v  -43.2435 46.5061 35.2963
v  -42.3501 44.7059 35.5584
v  -40.7226 48.1039 36.2696
v  -40.6508 43.2862 36.3009
v  -38.1543 42.8518 37.3918
v  -35.0866 46.3924 38.7322
v  -36.1415 48.4703 38.2713
v  -37.4503 49.0337 37.6994
v  -36.2833 46.3927 41.1167
v  -37.0778 46.3721 41.2505
v  -38.2618 46.3789 41.0008
v  -40.8897 46.4808 39.4471
v  -43.0141 46.4956 36.9867
v  -36.7170 44.4398 40.9828
v  -37.4000 44.2781 41.2505
v  -38.3981 44.3345 41.0008
v  -40.4437 44.4488 39.4471
v  -42.0684 44.6396 37.0867
v  -37.1584 42.8451 37.8269
v  -32.0501 42.6853 38.0572
v  -32.0501 44.1999 38.0970
v  -32.0501 42.6853 40.4679
v  -32.0501 43.8754 44.0571
v  -32.0501 44.1313 43.3923
v  -35.2938 44.5071 38.4796
v  -32.0501 44.3473 40.1513
v  -37.1167 14.9031 79.8991
v  -29.9559 14.9031 79.8991
v  -29.9559 11.0288 79.3890
v  -37.1167 11.0288 79.3890
v  -29.9559 7.4185 77.8936
v  -37.1167 7.4185 77.8936
v  -29.9559 4.3183 75.5147
v  -37.1167 4.3183 75.5147
v  -29.9559 1.9394 72.4145
v  -37.1167 1.9394 72.4145
v  -29.9559 0.4440 68.8042
v  -37.1167 0.4440 68.8042
v  -29.9559 -0.0661 64.9299
v  -37.1167 -0.0661 64.9299
v  -29.9559 0.4440 61.0556
v  -37.1167 0.4440 61.0556
v  -29.9559 1.9394 57.4453
v  -37.1167 1.9394 57.4453
v  -29.9559 4.3183 54.3451
v  -37.1167 4.3183 54.3451
v  -29.9559 7.4185 51.9662
v  -37.1167 7.4185 51.9662
v  -29.9559 11.0288 50.4707
v  -37.1167 11.0288 50.4707
v  -29.9559 14.9031 49.9607
v  -37.1167 14.9031 49.9607
v  -29.9559 18.7774 50.4707
v  -37.1167 18.7774 50.4707
v  -29.9559 22.3877 51.9662
v  -37.1167 22.3877 51.9662
v  -29.9559 25.4879 54.3451
v  -37.1167 25.4879 54.3450
v  -29.9559 27.8668 57.4453
v  -37.1167 27.8668 57.4453
v  -29.9559 29.3622 61.0556
v  -37.1167 29.3622 61.0556
v  -29.9559 29.8723 64.9299
v  -37.1167 29.8723 64.9299
v  -29.9559 29.3622 68.8042
v  -37.1167 29.3622 68.8042
v  -29.9559 27.8668 72.4145
v  -37.1167 27.8668 72.4145
v  -29.9559 25.4879 75.5147
v  -37.1167 25.4879 75.5147
v  -29.9559 22.3877 77.8936
v  -37.1167 22.3877 77.8936
v  -29.9559 18.7774 79.3890
v  -37.1167 18.7774 79.3890
v  -37.7471 14.9031 76.6156
v  -37.7471 11.8786 76.2174
v  -37.7471 9.0603 75.0500
v  -37.7471 4.7830 70.7727
v  -37.7471 6.6401 73.1929
v  -37.7471 3.6156 67.9544
v  -37.7471 3.2174 64.9299
v  -37.7471 4.7830 59.0870
v  -37.7471 3.6156 61.9054
v  -37.7471 25.0232 59.0870
v  -37.7471 6.6401 56.6668
v  -37.7471 9.0603 54.8097
v  -37.7471 14.9031 53.2442
v  -37.7471 11.8786 53.6423
v  -37.7471 17.9276 53.6423
v  -37.7471 20.7460 54.8097
v  -37.7471 23.1661 56.6668
v  -37.7471 26.1906 61.9054
v  -37.7471 26.5888 64.9299
v  -37.7471 25.0232 70.7727
v  -37.7471 26.1906 67.9543
v  -37.7471 20.7460 75.0500
v  -37.7471 23.1662 73.1929
v  -37.7471 17.9276 76.2174
v  -28.7144 18.5854 78.6724
v  -28.7144 22.0168 77.2511
v  -28.7144 24.9633 74.9901
v  -28.7144 28.6456 68.6122
v  -28.7144 27.2243 72.0435
v  -28.7144 29.1304 64.9299
v  -28.7144 28.6456 61.2476
v  -28.7144 24.9633 54.8696
v  -28.7144 27.2243 57.8162
v  -28.7144 1.1606 61.2476
v  -28.7144 22.0168 52.6087
v  -28.7144 18.5854 51.1874
v  -28.7144 11.2208 51.1874
v  -28.7144 14.9031 50.7026
v  -28.7144 7.7895 52.6087
v  -28.7144 4.8429 54.8697
v  -28.7144 2.5819 57.8162
v  -28.7144 0.6758 64.9299
v  -28.7144 1.1606 68.6122
v  -28.7144 4.8429 74.9901
v  -28.7144 2.5819 72.0435
v  -28.7144 11.2208 78.6724
v  -28.7144 7.7895 77.2511
v  -28.7144 14.9031 79.1572
v  -38.3492 11.2208 78.6724
v  -38.3492 14.9031 79.1572
v  -38.3492 18.5854 78.6724
v  -38.3492 22.0168 77.2511
v  -38.3492 24.9633 74.9901
v  -38.3492 27.2243 72.0435
v  -38.3492 28.6456 68.6122
v  -38.3492 29.1304 64.9299
v  -38.3492 28.6456 61.2476
v  -38.3492 27.2243 57.8162
v  -38.3492 24.9633 54.8696
v  -38.3492 22.0168 52.6087
v  -38.3492 18.5854 51.1873
v  -38.3492 14.9031 50.7026
v  -38.3492 11.2208 51.1873
v  -38.3492 7.7895 52.6087
v  -38.3492 4.8429 54.8696
v  -38.3492 2.5819 57.8162
v  -38.3492 1.1606 61.2476
v  -38.3492 0.6758 64.9299
v  -38.3492 1.1606 68.6122
v  -38.3492 2.5819 72.0435
v  -38.3492 4.8429 74.9901
v  -38.3492 7.7895 77.2511
v  -37.1167 14.9031 -34.2915
v  -29.9559 14.9031 -34.2915
v  -29.9559 11.0288 -34.8016
v  -37.1167 11.0288 -34.8016
v  -29.9559 7.4185 -36.2970
v  -37.1167 7.4185 -36.2970
v  -29.9559 4.3183 -38.6759
v  -37.1167 4.3183 -38.6759
v  -29.9559 1.9394 -41.7761
v  -37.1167 1.9394 -41.7761
v  -29.9559 0.4440 -45.3864
v  -37.1167 0.4440 -45.3864
v  -29.9559 -0.0661 -49.2607
v  -37.1167 -0.0661 -49.2607
v  -29.9559 0.4440 -53.1350
v  -37.1167 0.4440 -53.1350
v  -29.9559 1.9394 -56.7453
v  -37.1167 1.9394 -56.7453
v  -29.9559 4.3183 -59.8455
v  -37.1167 4.3183 -59.8455
v  -29.9559 7.4185 -62.2244
v  -37.1167 7.4185 -62.2244
v  -29.9559 11.0288 -63.7198
v  -37.1167 11.0288 -63.7198
v  -29.9559 14.9031 -64.2299
v  -37.1167 14.9031 -64.2299
v  -29.9559 18.7774 -63.7198
v  -37.1167 18.7774 -63.7198
v  -29.9559 22.3877 -62.2244
v  -37.1167 22.3877 -62.2244
v  -29.9559 25.4879 -59.8455
v  -37.1167 25.4879 -59.8455
v  -29.9559 27.8668 -56.7453
v  -37.1167 27.8668 -56.7453
v  -29.9559 29.3622 -53.1350
v  -37.1167 29.3622 -53.1350
v  -29.9559 29.8723 -49.2607
v  -37.1167 29.8723 -49.2607
v  -29.9559 29.3622 -45.3864
v  -37.1167 29.3622 -45.3864
v  -29.9559 27.8668 -41.7761
v  -37.1167 27.8668 -41.7761
v  -29.9559 25.4879 -38.6759
v  -37.1167 25.4879 -38.6759
v  -29.9559 22.3877 -36.2970
v  -37.1167 22.3877 -36.2970
v  -29.9559 18.7774 -34.8016
v  -37.1167 18.7774 -34.8016
v  -37.7471 14.9031 -37.5750
v  -37.7471 11.8786 -37.9732
v  -37.7471 9.0603 -39.1406
v  -37.7471 4.7830 -43.4179
v  -37.7471 6.6401 -40.9977
v  -37.7471 3.6156 -46.2362
v  -37.7471 3.2174 -49.2607
v  -37.7471 4.7830 -55.1036
v  -37.7471 3.6156 -52.2852
v  -37.7471 25.0232 -55.1036
v  -37.7471 6.6401 -57.5238
v  -37.7471 9.0603 -59.3808
v  -37.7471 14.9031 -60.9464
v  -37.7471 11.8786 -60.5482
v  -37.7471 17.9276 -60.5482
v  -37.7471 20.7460 -59.3808
v  -37.7471 23.1662 -57.5238
v  -37.7471 26.1906 -52.2852
v  -37.7471 26.5888 -49.2607
v  -37.7471 25.0232 -43.4179
v  -37.7471 26.1906 -46.2362
v  -37.7471 20.7460 -39.1406
v  -37.7471 23.1662 -40.9977
v  -37.7471 17.9276 -37.9732
v  -28.7144 18.5854 -35.5182
v  -28.7144 22.0168 -36.9395
v  -28.7144 24.9633 -39.2005
v  -28.7144 28.6456 -45.5784
v  -28.7144 27.2243 -42.1471
v  -28.7144 29.1304 -49.2607
v  -28.7144 28.6456 -52.9430
v  -28.7144 24.9633 -59.3209
v  -28.7144 27.2243 -56.3744
v  -28.7144 1.1606 -52.9430
v  -28.7144 22.0168 -61.5819
v  -28.7144 18.5854 -63.0032
v  -28.7144 11.2208 -63.0032
v  -28.7144 14.9031 -63.4880
v  -28.7144 7.7895 -61.5819
v  -28.7144 4.8429 -59.3209
v  -28.7144 2.5819 -56.3744
v  -28.7144 0.6758 -49.2607
v  -28.7144 1.1606 -45.5784
v  -28.7144 4.8429 -39.2005
v  -28.7144 2.5819 -42.1471
v  -28.7144 11.2208 -35.5182
v  -28.7144 7.7895 -36.9395
v  -28.7144 14.9031 -35.0334
v  -38.3492 11.2208 -35.5182
v  -38.3492 14.9031 -35.0334
v  -38.3492 18.5854 -35.5182
v  -38.3492 22.0168 -36.9395
v  -38.3492 24.9633 -39.2005
v  -38.3492 27.2243 -42.1471
v  -38.3492 28.6456 -45.5784
v  -38.3492 29.1304 -49.2607
v  -38.3492 28.6456 -52.9430
v  -38.3492 27.2243 -56.3744
v  -38.3492 24.9633 -59.3209
v  -38.3492 22.0168 -61.5819
v  -38.3492 18.5854 -63.0032
v  -38.3492 14.9031 -63.4880
v  -38.3492 11.2208 -63.0032
v  -38.3492 7.7895 -61.5819
v  -38.3492 4.8429 -59.3209
v  -38.3492 2.5819 -56.3744
v  -38.3492 1.1606 -52.9430
v  -38.3492 0.6758 -49.2607
v  -38.3492 1.1606 -45.5784
v  -38.3492 2.5819 -42.1471
v  -38.3492 4.8429 -39.2005
v  -38.3492 7.7895 -36.9395
v  -0.0340 56.3700 35.6728
v  3.6338 56.3048 35.5302
v  3.4293 50.4505 46.7667
v  -0.0340 50.4839 46.8863
v  8.3534 56.2396 35.2797
v  8.6393 50.4171 46.4257
v  12.5946 56.1744 34.7158
v  12.8674 50.3837 45.8593
v  17.0022 56.1092 34.0264
v  17.4371 50.4046 45.0354
v  22.1930 50.4646 43.8083
v  20.7735 56.0833 33.2020
v  25.3652 50.5761 42.8752
v  23.7731 56.1410 32.5207
v  -0.0340 61.6639 25.0200
v  3.8281 61.5684 24.8555
v  3.3037 46.1966 53.6688
v  -0.0340 46.2105 53.7742
v  8.0817 61.4730 24.6910
v  8.8150 46.1827 53.2721
v  12.3354 61.3776 24.1294
v  13.0349 46.1689 52.7043
v  16.5891 61.2821 23.5679
v  17.7042 46.1776 51.7977
v  23.0650 46.2350 50.3233
v  19.4249 61.2185 23.1259
v  26.3431 46.3013 49.2354
v  22.2607 61.1549 22.6840
v  -3.4974 50.4505 46.7667
v  -3.7019 56.3048 35.5302
v  -8.7074 50.4171 46.4257
v  -8.4214 56.2396 35.2797
v  -12.9354 50.3837 45.8593
v  -12.6626 56.1744 34.7158
v  -17.5051 50.4046 45.0354
v  -17.0703 56.1092 34.0264
v  -22.2611 50.4646 43.8083
v  -20.8415 56.0833 33.2020
v  -25.4332 50.5761 42.8752
v  -23.8412 56.1410 32.5207
v  -3.8961 61.5684 24.8555
v  -3.3718 46.1966 53.6688
v  -8.1498 61.4730 24.6910
v  -8.8830 46.1827 53.2721
v  -12.4035 61.3776 24.1294
v  -13.1030 46.1689 52.7043
v  -16.6572 61.2821 23.5679
v  -17.7723 46.1776 51.7977
v  -23.1330 46.2350 50.3233
v  -19.4929 61.2185 23.1259
v  -26.4112 46.3013 49.2354
v  -22.3287 61.1549 22.6840
v  3.4696 61.4856 -44.5684
v  -0.0340 61.4998 -44.5684
v  11.3666 61.1517 -44.5684
v  7.3648 61.3345 -44.5684
v  17.9249 60.7552 -44.5684
v  15.2604 60.9688 -44.5684
v  20.5553 60.5416 -44.5684
v  11.3363 65.7664 0.2837
v  11.2600 65.7759 -3.7896
v  15.1553 65.5930 -3.7896
v  15.2569 65.6063 0.2837
v  3.4950 66.0548 0.2837
v  3.4696 66.1098 -3.7896
v  7.3648 65.9587 -3.7896
v  7.4156 65.9265 0.2837
v  20.3489 65.1658 -3.7896
v  20.4844 65.2134 0.0813
v  17.8706 65.4099 0.1825
v  17.7521 65.3794 -3.7896
v  -0.0340 66.0463 0.2837
v  -0.0340 66.1240 -3.7896
v  -0.0340 65.7300 -20.8400
v  3.4696 65.7158 -20.8400
v  7.3648 65.5647 -20.8400
v  11.2600 65.3819 -20.8400
v  15.1553 65.1991 -20.8400
v  17.7521 64.9854 -20.8400
v  20.3489 64.7718 -20.8400
v  -0.0340 64.7579 -30.4693
v  3.4696 64.7437 -30.4693
v  7.3648 64.5927 -30.4693
v  11.2600 64.4098 -30.4693
v  15.1553 64.2270 -30.4693
v  17.7521 64.0133 -30.4693
v  20.3489 63.7997 -30.4693
v  -0.0340 64.5313 -37.1268
v  -0.0340 62.9895 -38.7173
v  1.8091 63.4667 -36.4568
v  7.3648 62.8242 -38.7173
v  11.2600 62.6414 -38.7173
v  15.1553 62.4585 -38.7173
v  17.7521 62.2449 -38.7173
v  3.4696 62.9753 -38.7173
v  20.3489 62.0312 -38.7173
v  11.8431 64.0381 17.2285
v  15.9327 63.8734 16.8682
v  11.5125 65.3061 9.2884
v  15.4919 65.0994 9.1071
v  3.6640 64.3095 17.7260
v  7.7535 64.2027 17.5887
v  18.6591 63.6933 16.3944
v  21.3854 63.5132 15.9207
v  3.5538 65.6221 9.5502
v  7.5331 65.5127 9.4697
v  18.1448 64.8690 8.9074
v  20.7977 64.6385 8.7076
v  -0.0340 64.2872 17.8632
v  -0.0340 65.5946 9.6308
v  -3.5377 61.4856 -44.5684
v  -11.4346 61.1517 -44.5684
v  -7.4329 61.3345 -44.5684
v  -17.9930 60.7552 -44.5684
v  -15.3285 60.9688 -44.5684
v  -20.6233 60.5416 -44.5684
v  -11.4043 65.7664 0.2837
v  -15.3249 65.6063 0.2837
v  -15.2233 65.5930 -3.7896
v  -11.3281 65.7759 -3.7896
v  -3.5631 66.0548 0.2837
v  -7.4837 65.9265 0.2837
v  -7.4329 65.9587 -3.7896
v  -3.5377 66.1098 -3.7896
v  -20.4169 65.1658 -3.7896
v  -17.8201 65.3794 -3.7896
v  -17.9387 65.4099 0.1825
v  -20.5524 65.2134 0.0813
v  -3.5377 65.7158 -20.8400
v  -11.3281 65.3819 -20.8400
v  -7.4329 65.5647 -20.8400
v  -17.8201 64.9854 -20.8400
v  -15.2233 65.1991 -20.8400
v  -20.4169 64.7718 -20.8400
v  -3.5377 64.7437 -30.4693
v  -11.3281 64.4098 -30.4693
v  -7.4329 64.5927 -30.4693
v  -17.8201 64.0133 -30.4693
v  -15.2233 64.2270 -30.4693
v  -20.4169 63.7997 -30.4693
v  -1.8772 63.4667 -36.4568
v  -7.4329 62.8242 -38.7173
v  -11.3281 62.6414 -38.7173
v  -15.2233 62.4585 -38.7173
v  -17.8201 62.2449 -38.7173
v  -3.5377 62.9753 -38.7173
v  -20.4169 62.0312 -38.7173
v  -16.0007 63.8734 16.8682
v  -11.9112 64.0381 17.2285
v  -15.5599 65.0994 9.1071
v  -11.5806 65.3061 9.2884
v  -7.8216 64.2027 17.5887
v  -3.7320 64.3095 17.7260
v  -18.7271 63.6933 16.3944
v  -21.4535 63.5132 15.9207
v  -7.6012 65.5127 9.4697
v  -3.6218 65.6221 9.5502
v  -18.2129 64.8690 8.9074
v  -20.8658 64.6385 8.7076
v  26.5311 52.4595 -73.0051
v  26.1260 53.0676 -64.8856
v  24.8763 52.8693 -74.2462
v  15.5033 53.2093 -70.0639
v  14.7840 53.0110 -77.9703
v  19.8301 52.9402 -76.8251
v  20.8147 53.1384 -68.3550
v  -0.0340 53.4219 -71.4281
v  -0.0340 53.2237 -79.2128
v  4.6916 53.1528 -79.0083
v  4.8807 53.3510 -71.4488
v  9.7378 53.0819 -78.5898
v  9.5962 53.2802 -71.1419
v  22.7317 52.8994 -75.5041
v  23.8687 53.0977 -66.3601
v  24.9639 52.3057 -74.2462
v  26.0190 51.9651 -73.0051
v  -0.0340 52.6776 -79.2128
v  4.6916 52.6067 -79.0083
v  9.7378 52.5358 -78.5898
v  14.7840 52.4649 -77.9703
v  19.8301 52.3941 -76.8251
v  22.7821 52.3432 -75.5041
v  20.8147 52.3843 -68.3550
v  4.8807 52.4479 -71.4488
v  -0.0340 52.5188 -71.4281
v  15.5033 52.3061 -70.0639
v  9.5962 52.3770 -71.1419
v  22.6435 51.8022 -75.0497
v  -26.5992 52.4595 -73.0051
v  -24.9444 52.8693 -74.2462
v  -26.1941 53.0676 -64.8856
v  -15.5714 53.2093 -70.0639
v  -20.8827 53.1384 -68.3550
v  -19.8982 52.9402 -76.8251
v  -14.8520 53.0110 -77.9703
v  -4.9487 53.3510 -71.4488
v  -4.7597 53.1528 -79.0083
v  -9.6643 53.2802 -71.1419
v  -9.8058 53.0819 -78.5898
v  -22.7997 52.8994 -75.5041
v  -23.9368 53.0977 -66.3601
v  -26.0871 51.9651 -73.0051
v  -25.0320 52.3057 -74.2462
v  -4.7597 52.6067 -79.0083
v  -9.8058 52.5358 -78.5898
v  -14.8520 52.4649 -77.9703
v  -19.8982 52.3941 -76.8251
v  -22.8501 52.3432 -75.5041
v  -20.8827 52.3843 -68.3550
v  -4.9487 52.4479 -71.4488
v  -15.5714 52.3061 -70.0639
v  -9.6643 52.3770 -71.1419
v  -22.7116 51.8022 -75.0497
# 3071 vertices

vn 0.1239 0.9479 -0.2934
vn 0.7742 0.6209 -0.1229
vn 0.1020 0.9217 -0.3742
vn 0.7650 0.6236 -0.1609
vn 0.8561 0.5008 -0.1280
vn 0.8923 -0.4511 -0.0179
vn 0.9965 -0.0827 -0.0111
vn 0.9881 -0.1494 -0.0358
vn 0.9952 -0.0773 -0.0604
vn 0.9941 -0.0717 -0.0808
vn 0.9993 -0.0199 -0.0325
vn 0.9992 0.0397 0.0084
vn 0.9994 0.0052 -0.0353
vn 0.9530 -0.1441 -0.2667
vn 0.9877 0.1559 -0.0083
vn 0.9861 0.1314 -0.1019
vn 0.9833 0.0732 -0.1666
vn 0.9844 0.0214 -0.1744
vn 0.9778 -0.0662 -0.1990
vn 0.9745 -0.0411 -0.2206
vn 0.9858 0.1527 -0.0704
vn 1.0000 0.0000 -0.0000
vn 0.9994 -0.0174 -0.0299
vn 0.9958 -0.0527 -0.0749
vn 0.9961 -0.0671 -0.0578
vn 0.9906 -0.1118 -0.0789
vn 0.9896 -0.1176 -0.0829
vn 0.9999 -0.0061 -0.0138
vn 0.9866 0.1629 -0.0072
vn 0.9860 0.1312 -0.1026
vn 0.9821 0.0857 -0.1676
vn 0.9772 0.0477 -0.2069
vn 0.9684 -0.0225 -0.2482
vn 0.9637 -0.0911 -0.2510
vn 0.9868 0.1467 -0.0690
vn 0.9854 -0.1354 -0.1031
vn 0.9619 -0.1226 -0.2445
vn 0.9844 -0.1756 -0.0111
vn 0.9490 -0.2228 -0.2229
vn 0.9716 -0.2135 -0.1019
vn 0.9492 -0.2116 -0.2331
vn 0.9865 0.1608 -0.0297
vn 0.9870 0.1577 -0.0299
vn 0.9698 -0.2437 -0.0093
vn 0.8828 -0.4479 -0.1416
vn 0.8891 -0.4430 -0.1155
vn 0.8627 -0.4567 -0.2173
vn 0.6777 0.7348 -0.0269
vn 0.1075 0.9942 -0.0052
vn 0.9231 0.3762 -0.0799
vn 0.6547 0.7539 -0.0545
vn 0.6351 -0.7697 -0.0657
vn 0.6257 -0.7773 -0.0655
vn 0.8775 -0.4748 -0.0678
vn 0.8847 -0.4612 -0.0677
vn 0.2659 -0.6784 0.6849
vn 0.6481 -0.5180 0.5583
vn 0.6185 -0.5365 0.5741
vn 0.1750 -0.6967 0.6957
vn 0.9701 0.2334 -0.0668
vn 0.9734 0.2244 -0.0470
vn 0.9678 0.2389 -0.0789
vn 0.9614 0.2525 -0.1097
vn 0.9542 0.2104 -0.2125
vn 0.9586 0.2848 0.0068
vn 0.9635 0.2639 -0.0456
vn 0.9584 0.2840 -0.0272
vn 0.9499 0.3120 0.0184
vn 0.7021 0.7113 -0.0336
vn 0.9502 0.3114 -0.0094
vn 0.9498 0.3128 -0.0066
vn 0.9500 0.3121 -0.0080
vn 0.9504 0.3107 -0.0107
vn 0.9255 0.3750 -0.0529
vn 0.9287 0.3707 -0.0068
vn 0.9281 0.3718 -0.0177
vn 0.9243 0.3761 -0.0654
vn 0.9404 0.3355 -0.0552
vn 0.9397 0.3418 -0.0075
vn 0.9463 0.3226 -0.0209
vn 0.9486 0.3059 -0.0808
vn 0.9129 0.4033 -0.0625
vn 0.7989 -0.0771 -0.5965
vn 0.6360 0.0938 -0.7660
vn 0.2974 0.4597 -0.8368
vn 0.5132 0.3056 -0.8020
vn 0.0191 0.4332 -0.9011
vn 0.1677 0.5011 -0.8490
vn 0.0176 0.0000 -0.9998
vn 0.1842 -0.0318 -0.9824
vn 0.2860 -0.0101 -0.9582
vn 0.7667 -0.1162 -0.6314
vn 0.6863 -0.2517 -0.6824
vn 0.5569 -0.4296 -0.7108
vn 0.3940 -0.1152 -0.9118
vn 0.4255 -0.2206 -0.8777
vn 0.4305 -0.1873 -0.8829
vn 0.4368 -0.3050 -0.8463
vn 0.3933 -0.4837 -0.7819
vn 0.2764 -0.5561 -0.7838
vn 0.0111 -0.6076 -0.7942
vn 0.1266 -0.5908 -0.7969
vn 0.1446 -0.5874 -0.7963
vn 0.0474 -0.5762 -0.8160
vn 0.0613 -0.5733 -0.8171
vn 0.0682 -0.4642 -0.8831
vn 0.0504 -0.4560 -0.8885
vn -0.0000 -0.5817 -0.8134
vn 0.0121 -0.5806 -0.8141
vn 0.0143 -0.4727 -0.8811
vn -0.0000 -0.4737 -0.8807
vn 0.1735 -0.5181 -0.8376
vn 0.1560 -0.4880 -0.8588
vn 0.1908 -0.3951 -0.8986
vn 0.2023 -0.4048 -0.8918
vn 0.1797 -0.5802 -0.7944
vn 0.2199 -0.4641 -0.8580
vn 0.1972 -0.4476 -0.8722
vn 0.2633 -0.3286 -0.9070
vn 0.3052 -0.3567 -0.8830
vn 0.1354 -0.3158 -0.9391
vn 0.0726 -0.3493 -0.9342
vn 0.1206 -0.4328 -0.8934
vn 0.0154 -0.3558 -0.9344
vn 0.0165 -0.3576 -0.9337
vn 0.0133 -0.4809 -0.8767
vn 0.1788 -0.3022 -0.9363
vn 0.1557 -0.4277 -0.8904
vn 0.2147 -0.2841 -0.9345
vn 0.2180 -0.2911 -0.9315
vn 0.3592 -0.2359 -0.9030
vn 0.3996 -0.2854 -0.8711
vn 0.4318 -0.1663 -0.8865
vn 0.4328 -0.1677 -0.8858
vn 0.4319 -0.1664 -0.8865
vn 0.4309 -0.1649 -0.8872
vn 0.3303 -0.3987 -0.8555
vn 0.3075 -0.3817 -0.8717
vn 0.3331 -0.4009 -0.8534
vn 0.3568 -0.4184 -0.8353
vn 0.9874 -0.1429 -0.0679
vn 0.9789 -0.0783 -0.1887
vn 0.9911 -0.1139 -0.0683
vn 0.9677 -0.0369 -0.2493
vn 0.8379 0.0688 -0.5415
vn 0.8472 0.0771 -0.5256
vn 0.9297 0.0934 -0.3563
vn 0.9432 0.1773 -0.2809
vn 0.9447 0.1894 -0.2677
vn 0.9435 0.1841 -0.2755
vn 0.9407 0.1725 -0.2922
vn 0.9942 -0.0619 -0.0876
vn 0.9833 0.0527 -0.1740
vn 0.9957 -0.0632 -0.0673
vn 0.9806 0.0799 -0.1788
vn 0.9438 0.1951 -0.2669
vn 0.9448 0.1963 -0.2624
vn 0.5492 0.5402 -0.6376
vn 0.6761 -0.0017 -0.7368
vn 0.6146 -0.0364 -0.7880
vn 0.5237 0.3910 -0.7569
vn 0.8898 0.2149 -0.4025
vn 0.2862 0.0146 -0.9581
vn 0.3687 0.4351 -0.8214
vn 0.0160 0.5555 -0.8313
vn 0.0632 0.5262 -0.8480
vn 0.3097 0.3559 -0.8817
vn 0.2938 0.3972 -0.8694
vn 0.2043 0.1076 -0.9730
vn 0.0261 -0.1992 -0.9796
vn 0.3288 0.5706 -0.7525
vn 0.4788 -0.2117 -0.8520
vn 0.1538 -0.2428 -0.9578
vn 0.1572 -0.2460 -0.9564
vn 0.1496 -0.2389 -0.9595
vn 0.1477 -0.2371 -0.9602
vn 0.4603 0.1721 -0.8709
vn 0.5396 -0.0520 -0.8403
vn 0.3710 -0.0758 -0.9255
vn 0.2329 -0.1337 -0.9633
vn 0.6710 0.1192 -0.7318
vn 0.6722 -0.1092 -0.7322
vn 0.5498 0.2391 -0.8004
vn 0.4960 0.4961 -0.7126
vn 0.4766 -0.1506 -0.8661
vn 0.4170 -0.2371 -0.8774
vn 0.5226 0.0143 -0.8525
vn 0.4193 -0.1519 -0.8951
vn 0.8320 0.2928 -0.4712
vn 0.8262 0.2546 -0.5026
vn 0.8078 0.2584 -0.5298
vn 0.7859 0.3463 -0.5123
vn 0.7836 0.2410 -0.5726
vn 0.7958 0.1968 -0.5726
vn 0.7057 0.3085 -0.6378
vn 0.7389 0.3109 -0.5978
vn 0.9883 -0.1453 -0.0470
vn 0.9802 -0.0812 -0.1808
vn 0.9913 -0.1157 -0.0633
vn 0.9679 -0.0371 -0.2487
vn 0.8198 0.1050 -0.5629
vn 0.2418 0.7875 -0.5669
vn 0.7597 0.3440 -0.5519
vn 0.7224 0.4892 -0.4886
vn 0.5178 0.3562 -0.7778
vn 0.5843 0.3411 -0.7364
vn 0.4152 0.3915 -0.8212
vn 0.3888 0.2688 -0.8812
vn 0.3851 0.3053 -0.8709
vn 0.4270 0.4602 -0.7784
vn 0.5941 0.3563 -0.7212
vn 0.6725 0.3451 -0.6547
vn 0.5775 0.3581 -0.7337
vn 0.5034 0.3641 -0.7836
vn 0.0024 0.9129 -0.4082
vn 0.0266 0.9013 -0.4324
vn -0.2123 0.7954 -0.5676
vn 0.1393 0.8316 -0.5376
vn -0.4802 0.6097 -0.6306
vn -0.0031 0.2010 -0.9796
vn 0.0508 0.2007 -0.9783
vn 0.2820 0.0825 -0.9559
vn -0.0028 -0.2565 -0.9665
vn 0.0767 -0.2587 -0.9629
vn 0.1687 -0.2263 -0.9593
vn 0.3533 -0.1299 -0.9264
vn 0.3006 0.1483 -0.9421
vn 0.2756 0.1201 -0.9537
vn 0.3039 0.1520 -0.9405
vn 0.0821 -0.2240 -0.9711
vn 0.2219 -0.1695 -0.9602
vn 0.4112 -0.1239 -0.9031
vn 0.4555 -0.1172 -0.8825
vn 0.4652 -0.1070 -0.8787
vn 0.4574 -0.1152 -0.8818
vn 0.4475 -0.1254 -0.8854
vn 0.4030 -0.0150 -0.9151
vn 0.3516 -0.0702 -0.9335
vn 0.4008 -0.0174 -0.9160
vn 0.4465 0.0341 -0.8941
vn 0.0996 0.4786 -0.8724
vn 0.0984 -0.0067 -0.9951
vn 0.0633 -0.6010 -0.7967
vn 0.1045 -0.5467 -0.8308
vn 0.1324 -0.5364 -0.8335
vn 0.1795 0.4909 -0.8525
vn 0.0988 0.8515 -0.5150
vn 0.1559 0.0866 -0.9840
vn -0.0031 0.0000 -1.0000
vn 0.0519 -0.0000 -0.9987
vn 0.2114 0.1113 -0.9711
vn 0.2726 0.1434 -0.9514
vn 0.3737 0.1718 -0.9115
vn 0.3878 0.1860 -0.9028
vn 0.2643 0.0643 -0.9623
vn 0.2373 0.0386 -0.9707
vn -0.0031 0.1278 -0.9918
vn 0.0515 0.1277 -0.9905
vn -0.0029 0.1278 -0.9918
vn 0.0696 0.1322 -0.9888
vn -0.0029 0.1267 -0.9919
vn 0.0735 0.1315 -0.9886
vn 0.1366 0.1170 -0.9837
vn 0.1591 0.1356 -0.9779
vn 0.1378 0.1180 -0.9834
vn 0.1193 0.1028 -0.9875
vn 0.1805 0.1193 -0.9763
vn 0.1869 0.1352 -0.9730
vn 0.1711 0.0962 -0.9806
vn 0.1647 0.0806 -0.9831
vn 0.2223 0.1099 -0.9688
vn 0.2337 0.1338 -0.9631
vn 0.2172 0.0994 -0.9711
vn 0.2044 0.0731 -0.9761
vn -0.0008 -0.9647 -0.2634
vn 0.0137 -0.9646 -0.2634
vn 0.0629 -0.9628 -0.2629
vn -0.0031 -0.0791 -0.9969
vn 0.0517 -0.0790 -0.9955
vn 0.3129 -0.0378 -0.9490
vn -0.0024 -0.0347 -0.9994
vn 0.0860 0.0335 -0.9957
vn 0.4062 -0.1168 -0.9063
vn 0.3927 -0.0727 -0.9168
vn 0.3970 -0.0863 -0.9138
vn 0.4092 -0.1269 -0.9036
vn 0.3898 0.0635 -0.9187
vn 0.9635 0.1127 -0.2429
vn 0.7521 0.1750 -0.6353
vn 0.6623 0.7228 -0.1972
vn 0.6601 0.6003 -0.4515
vn 0.0024 0.8790 -0.4769
vn 0.0323 0.8925 -0.4498
vn 0.1129 0.8704 -0.4793
vn -0.0016 0.1093 -0.9940
vn 0.1011 0.1747 -0.9794
vn 0.3489 0.1117 -0.9305
vn 0.4153 0.4226 -0.8055
vn 0.9993 -0.0187 -0.0331
vn 0.9867 0.1282 -0.1003
vn 0.9994 -0.0179 -0.0296
vn 0.9864 0.1295 -0.1017
vn 0.9635 0.1877 -0.1908
vn 0.9855 0.0581 -0.1595
vn 0.8600 0.0845 -0.5032
vn 0.7355 0.0545 -0.6754
vn 0.6981 0.0451 -0.7145
vn 0.5895 0.0720 -0.8046
vn 0.6047 0.0513 -0.7948
vn 0.5815 0.0825 -0.8093
vn 0.5614 0.1084 -0.8204
vn 0.6647 0.3982 -0.6321
vn 0.6536 0.3800 -0.6545
vn 0.6740 0.4140 -0.6118
vn 0.6969 0.4557 -0.5538
vn 0.7643 0.0786 -0.6400
vn 0.6228 0.4133 -0.6644
vn 0.8227 -0.5161 -0.2385
vn 0.7039 -0.6224 -0.3422
vn 0.5414 -0.7130 -0.4456
vn 0.8826 0.3219 -0.3427
vn 0.7721 0.2770 -0.5719
vn 0.5223 0.1989 -0.8292
vn 0.2859 0.8895 -0.3564
vn 0.0057 0.9759 -0.2181
vn 0.2389 0.9144 -0.3268
vn 0.3730 0.8450 -0.3832
vn 0.2981 0.8829 -0.3628
vn 0.1091 0.8376 -0.5352
vn 0.2609 0.9634 -0.0611
vn 0.2136 0.9760 -0.0424
vn 0.8977 0.2873 -0.3341
vn 0.9106 0.2331 -0.3413
vn 0.0050 0.9007 -0.4344
vn 0.0310 0.8966 -0.4417
vn 0.0737 0.8692 -0.4889
vn 0.0638 0.8669 -0.4944
vn 0.1418 -0.9896 -0.0247
vn 0.0206 0.4373 -0.8991
vn 0.0189 0.0000 -0.9998
vn 0.0111 -0.6082 -0.7937
vn 0.0114 -0.5795 -0.8149
vn 0.0000 -0.3595 -0.9332
vn 0.0148 0.5415 -0.8406
vn 0.0023 0.9078 -0.4194
vn -0.0028 0.2010 -0.9796
vn -0.0030 -0.2565 -0.9665
vn -0.0029 0.0000 -1.0000
vn -0.0031 0.1267 -0.9919
vn -0.0029 -0.0791 -0.9969
vn -0.0026 -0.0371 -0.9993
vn 0.0022 0.8842 -0.4671
vn -0.0017 0.1069 -0.9943
vn 0.0046 0.9007 -0.4344
vn 0.0069 0.9158 -0.4016
vn 0.0131 0.9161 -0.4007
vn 0.0104 0.9157 -0.4017
vn 0.0043 0.9152 -0.4030
vn 0.0046 0.9152 -0.4030
vn 0.0044 0.9152 -0.4030
vn -0.0000 0.9152 -0.4030
vn 0.0000 0.9152 -0.4029
vn 0.0618 0.4368 -0.8975
vn 0.0553 -0.0000 -0.9985
vn 0.0472 -0.6032 -0.7962
vn 0.0518 -0.3499 -0.9354
vn 0.1066 0.5072 -0.8552
vn 0.0509 0.8812 -0.4699
vn 0.0838 0.1577 -0.9839
vn 0.0502 -0.2562 -0.9653
vn 0.0825 -0.0173 -0.9964
vn 0.0671 0.1323 -0.9889
vn 0.0515 0.1266 -0.9906
vn 0.0203 -0.9645 -0.2633
vn 0.0767 -0.0789 -0.9939
vn 0.0534 -0.0288 -0.9982
vn 0.0471 0.8933 -0.4471
vn 0.0559 0.1149 -0.9918
vn 0.0394 0.8835 -0.4667
vn 0.0218 0.9170 -0.3982
vn 0.0259 0.9172 -0.3977
vn 0.0239 0.9169 -0.3984
vn 0.0201 0.9166 -0.3993
vn 0.0444 0.9262 -0.3744
vn 0.0734 0.9276 -0.3664
vn 0.0563 0.9249 -0.3760
vn 0.0340 0.9213 -0.3873
vn 0.0267 0.9199 -0.3913
vn 0.0329 0.9200 -0.3905
vn 0.0281 0.9185 -0.3944
vn 0.0233 0.9178 -0.3963
vn 0.0414 0.9213 -0.3866
vn 0.0405 0.9213 -0.3868
vn 0.0407 0.9213 -0.3868
vn 0.0416 0.9213 -0.3866
vn 0.0242 0.9267 -0.3751
vn 0.0357 0.9365 -0.3488
vn 0.0331 0.9363 -0.3496
vn 0.0215 0.9261 -0.3768
vn 0.0039 0.9358 -0.3524
vn 0.0000 0.9358 -0.3524
vn -0.0000 0.9258 -0.3779
vn 0.0040 0.9260 -0.3775
vn 0.0327 0.9280 -0.3711
vn 0.0418 0.9375 -0.3454
vn 0.0394 0.9374 -0.3461
vn 0.0306 0.9268 -0.3743
vn 0.0949 0.9380 -0.3334
vn 0.0931 0.9383 -0.3330
vn 0.0928 0.9314 -0.3519
vn 0.1014 0.9341 -0.3422
vn 0.0429 0.9295 -0.3663
vn 0.0425 0.9377 -0.3450
vn 0.0422 0.9376 -0.3451
vn 0.0397 0.9282 -0.3701
vn 0.0683 0.9375 -0.3412
vn 0.0730 0.9369 -0.3419
vn 0.0413 0.9313 -0.3619
vn 0.0383 0.9314 -0.3619
vn 0.7401 0.6494 -0.1744
vn 0.9998 0.0183 0.0121
vn 0.9857 0.1657 -0.0306
vn 0.9871 0.1575 -0.0298
vn 0.6580 0.7525 -0.0264
vn 0.9625 0.2712 0.0113
vn 0.9650 0.2578 -0.0484
vn 0.9718 0.2341 0.0278
vn 0.9498 0.2989 -0.0927
vn 0.2031 0.9201 -0.3349
vn 0.2224 0.9150 -0.3366
vn 0.1523 0.9316 -0.3300
vn 0.1310 0.9356 -0.3277
vn 0.2269 0.9174 -0.3270
vn 0.2277 0.9178 -0.3252
vn 0.2308 0.9194 -0.3185
vn 0.0779 0.9968 -0.0175
vn 0.7819 0.6228 -0.0261
vn 0.0990 0.9947 -0.0268
vn 0.7709 0.6367 -0.0172
vn 0.1219 0.9877 -0.0977
vn 0.7779 0.6277 -0.0287
vn 0.1214 0.9714 -0.2039
vn 0.8007 0.5934 -0.0820
vn 0.1332 0.9620 -0.2384
vn 0.7958 0.5978 -0.0972
vn 0.9178 0.3971 -0.0056
vn 0.8619 0.5066 0.0235
vn 0.9888 -0.1485 -0.0165
vn 0.9831 0.1833 -0.0047
vn 0.9962 0.0869 -0.0073
vn 0.9917 0.1286 -0.0035
vn 0.8337 -0.5519 -0.0198
vn 0.9998 0.0201 -0.0095
vn 0.9982 -0.0598 -0.0077
vn 0.9983 -0.0559 -0.0139
vn 0.9981 -0.0621 -0.0041
vn 0.9978 -0.0662 0.0024
vn 0.9996 -0.0186 0.0211
vn 0.9992 -0.0320 0.0222
vn 0.9971 -0.0731 0.0229
vn 0.9912 -0.1323 0.0092
vn 0.9243 -0.3818 -0.0018
vn 0.9607 -0.1089 0.2553
vn 0.9860 0.0040 0.1668
vn 0.9884 0.0631 0.1383
vn 0.9867 0.1124 0.1172
vn 0.9863 0.1535 0.0610
vn 0.9862 0.1636 0.0236
vn 0.9849 -0.1666 0.0466
vn 0.9976 -0.0629 0.0290
vn 0.9994 -0.0278 0.0196
vn 0.9997 -0.0147 0.0193
vn 0.9946 -0.1012 0.0249
vn 0.9913 0.0372 0.1263
vn 0.9809 0.0892 0.1728
vn 0.9833 0.1291 0.1284
vn 0.9865 0.1494 0.0674
vn 0.9860 0.1649 0.0263
vn 0.9879 0.1550 0.0059
vn 0.9862 0.1652 0.0078
vn 0.9279 -0.3698 0.0473
vn 0.9957 0.0132 0.0915
vn 0.9999 0.0132 -0.0010
vn 0.9994 0.0132 0.0331
vn 0.9925 0.0131 0.1214
vn 0.9277 -0.3729 -0.0154
vn 0.9984 0.0363 -0.0438
vn 0.9890 -0.1478 -0.0014
vn 0.9858 -0.1664 0.0225
vn 0.9145 -0.4047 -0.0001
vn 0.9988 0.0473 0.0134
vn 0.8333 -0.5528 -0.0048
vn 0.8814 -0.4625 -0.0960
vn 0.8527 -0.4990 -0.1549
vn 0.8920 -0.4464 -0.0711
vn 0.9086 -0.4169 -0.0268
vn 0.9825 0.1864 0.0007
vn 0.9845 0.1708 -0.0406
vn 0.9809 0.1901 -0.0405
vn 0.9957 0.0830 -0.0404
vn 0.9974 0.0602 -0.0403
vn 0.9963 0.0864 -0.0004
vn 0.9950 0.0973 -0.0204
vn 0.9898 0.1402 0.0259
vn 0.8401 0.5422 0.0153
vn 0.7869 0.6129 0.0712
vn 0.7391 0.6727 -0.0350
vn 0.7165 0.6967 -0.0341
vn 0.9635 0.2669 0.0184
vn 0.9527 0.3037 -0.0108
vn 0.9623 0.2715 0.0148
vn 0.9700 0.2399 0.0396
vn 0.9524 0.3048 -0.0063
vn 0.9509 0.3093 0.0122
vn 0.9514 0.3080 0.0069
vn 0.9800 0.1950 0.0391
vn 0.9640 0.2379 0.1188
vn 0.9812 0.1907 0.0313
vn 0.9857 0.1685 -0.0087
vn 0.9977 -0.0676 -0.0027
vn 0.9883 0.0635 0.1383
vn 0.9939 0.0711 0.0840
vn 0.9890 0.0643 0.1332
vn 0.9802 0.0562 0.1897
vn 0.9998 0.0213 0.0028
vn 0.9825 0.0868 0.1646
vn 0.9815 0.0845 0.1719
vn 0.9826 0.0869 0.1642
vn 0.9836 0.0891 0.1570
vn 0.8064 0.5910 0.0188
vn 0.9976 -0.0693 -0.0028
vn 0.9997 0.0222 0.0029
vn 0.9926 0.1210 0.0011
vn 0.9957 0.0919 0.0086
vn 0.9953 0.0970 0.0073
vn 0.9918 0.1278 -0.0007
vn 0.9973 0.0736 -0.0008
vn 0.9984 0.0553 -0.0100
vn 0.9834 0.0963 0.1535
vn 0.9833 0.0955 0.1551
vn 0.9835 0.0963 0.1533
vn 0.9837 0.0972 0.1515
vn 0.9896 0.0151 0.1433
vn 0.9844 0.0620 0.1645
vn 0.9905 0.0027 0.1376
vn 0.9923 -0.0434 0.1164
vn 0.9171 0.3986 -0.0090
vn 0.9166 0.3997 -0.0104
vn 0.9176 0.3974 -0.0075
vn 0.9188 0.3946 -0.0064
vn 0.9178 0.3970 -0.0106
vn 0.9196 0.3929 -0.0034
vn 0.9210 0.3896 0.0023
vn 0.9031 0.4256 -0.0579
vn 0.9051 0.4236 -0.0355
vn 0.9046 0.4242 -0.0421
vn 0.9024 0.4261 -0.0646
vn 0.9210 0.3891 0.0177
vn 0.9141 0.4016 -0.0568
vn 0.9216 0.3879 -0.0124
vn 0.9209 0.3895 -0.0173
vn 0.9124 0.4040 -0.0650
vn 0.0016 0.9994 0.0335
vn 0.0018 0.9983 0.0581
vn 0.0035 0.9974 0.0717
vn 0.0066 0.9993 0.0380
vn 0.0073 0.9924 0.1231
vn 0.0056 0.9913 0.1315
vn 0.0171 0.9791 0.2027
vn 0.0168 0.9787 0.2045
vn 0.0143 0.9834 0.1809
vn 0.0142 0.9841 0.1773
vn 0.0218 0.9620 0.2723
vn 0.0440 0.9268 0.3730
vn 0.0334 0.9284 0.3701
vn 0.0207 0.9621 0.2719
vn 0.0542 0.9160 0.3974
vn 0.0321 0.9177 0.3959
vn 0.0035 0.9995 0.0312
vn 0.0068 0.9994 0.0338
vn 0.0369 0.9990 0.0258
vn 0.0261 0.9005 0.4342
vn 0.0125 0.8732 0.4872
vn 0.0194 0.9139 0.4055
vn 0.0325 0.9224 0.3848
vn 0.0112 0.9618 0.2737
vn 0.0168 0.9619 0.2728
vn 0.0050 0.9776 0.2102
vn 0.0085 0.9783 0.2071
vn 0.0100 0.9833 0.1818
vn 0.0058 0.9832 0.1823
vn -0.0013 0.9918 0.1282
vn 0.0014 0.9914 0.1308
vn -0.0060 0.9963 0.0854
vn -0.0025 0.9968 0.0799
vn -0.0005 0.9980 0.0631
vn 0.0019 0.9988 0.0480
vn 0.0659 0.7741 0.6297
vn 0.0189 0.7921 0.6101
vn 0.0000 0.8633 0.5047
vn 0.0000 0.9069 0.4213
vn -0.0000 0.9603 0.2790
vn -0.0000 0.9773 0.2118
vn -0.0000 0.9828 0.1846
vn 0.0000 0.9917 0.1288
vn -0.0000 0.9962 0.0875
vn -0.0000 0.9976 0.0695
vn 0.0336 0.7881 0.6146
vn 0.0120 0.9788 0.2046
vn 0.1442 0.7484 0.6474
vn 0.2060 0.9774 0.0473
vn 0.1420 0.9894 0.0306
vn 0.2230 0.9564 0.1888
vn 0.1826 0.9598 0.2130
vn 0.1685 0.9713 0.1681
vn 0.1816 0.9314 0.3154
vn 0.1814 0.9374 0.2971
vn 0.1752 0.9399 0.2932
vn 0.1782 0.9387 0.2951
vn 0.1845 0.9362 0.2990
vn 0.1262 0.9524 0.2774
vn 0.1328 0.9510 0.2794
vn 0.1122 0.9554 0.2730
vn 0.1051 0.9569 0.2708
vn -0.0460 0.9949 0.0895
vn -0.0443 0.9731 0.2261
vn -0.0483 0.9920 0.1169
vn -0.0157 0.9913 0.1304
vn -0.0574 0.9621 0.2666
vn 0.0829 0.9837 0.1598
vn 0.0296 0.9834 0.1788
vn 0.0857 0.9836 0.1588
vn 0.2248 0.9686 0.1063
vn 0.0143 0.9794 0.2015
vn 0.0142 0.9788 0.2045
vn 0.0152 0.9787 0.2046
vn 0.0154 0.9792 0.2022
vn 0.0078 0.9776 0.2102
vn 0.0122 0.9783 0.2070
vn 0.0109 0.9782 0.2072
vn 0.0068 0.9776 0.2103
vn 0.0000 0.9774 0.2116
vn 0.0000 0.9773 0.2118
vn 0.1421 0.9694 0.2003
vn -0.0528 0.9841 0.1695
vn 0.2998 0.9523 0.0571
vn 0.3158 0.9478 0.0439
vn 0.1000 0.9919 0.0782
vn 0.0152 0.9837 0.1792
vn 0.0339 0.9914 0.1264
vn 0.1824 0.9804 0.0745
vn 0.2384 0.9684 0.0732
vn 0.0097 0.9647 0.2633
vn 0.3655 0.6664 0.6499
vn 0.2362 0.7022 0.6717
vn 0.7220 0.5609 0.4051
vn 0.7726 0.6116 0.1705
vn 0.5146 0.6299 0.5817
vn 0.7844 0.6179 0.0545
vn 0.7957 0.5965 0.1047
vn 0.7679 0.6347 0.0865
vn 0.7818 0.6216 0.0498
vn 0.7786 0.6238 0.0674
vn 0.1891 0.6498 0.7362
vn 0.0623 0.6926 0.7187
vn 0.0162 0.7238 0.6898
vn 0.1167 0.6353 0.7634
vn 0.2090 0.2887 0.9343
vn 0.0667 0.1901 0.9795
vn 0.0342 0.1593 0.9866
vn 0.1528 0.2314 0.9608
vn 0.0194 0.7532 0.6575
vn 0.0557 0.7647 0.6419
vn 0.1004 0.7701 0.6300
vn 0.1504 0.7486 0.6458
vn 0.1896 0.4641 0.8653
vn 0.1288 0.4844 0.8653
vn 0.0539 0.4842 0.8733
vn 0.0218 0.4796 0.8772
vn 0.3242 0.6863 0.6510
vn 0.3162 0.6659 0.6757
vn 0.5167 0.7482 0.4162
vn 0.4181 0.7229 0.5500
vn 0.3622 0.6011 0.7124
vn 0.3848 0.6079 0.6945
vn 0.5457 0.7537 0.3663
vn 0.4309 0.6061 0.6686
vn 0.1429 0.9693 0.2003
vn -0.0498 0.9842 0.1701
vn 0.0245 0.9830 0.1818
vn 0.6539 0.6501 0.3871
vn 0.5153 0.7548 0.4058
vn 0.5898 0.6894 0.4205
vn 0.5521 0.7368 0.3904
vn 0.4334 0.1980 0.8792
vn 0.4430 0.1742 0.8794
vn 0.4205 0.1774 0.8898
vn 0.2280 0.6857 0.6913
vn 0.4574 0.4372 0.7744
vn 0.6084 0.3729 0.7006
vn 0.2038 0.7306 0.6517
vn 0.4709 0.5847 0.6606
vn 0.5983 0.1819 0.7804
vn 0.2036 0.0000 0.9791
vn 0.0660 0.0000 0.9978
vn 0.0210 0.0000 0.9998
vn 0.1352 0.0000 0.9908
vn 0.0806 0.8914 0.4461
vn 0.0255 0.9253 0.3783
vn 0.0079 0.9262 0.3769
vn 0.0529 0.9168 0.3958
vn 0.0842 0.8556 0.5107
vn 0.0567 0.8464 0.5295
vn 0.0881 0.8568 0.5080
vn 0.1184 0.8656 0.4865
vn 0.1511 0.4720 0.8685
vn 0.3252 0.0097 0.9456
vn 0.3633 0.0000 0.9317
vn 0.3460 0.0044 0.9382
vn 0.3167 0.0119 0.9485
vn 0.2392 0.0145 0.9709
vn 0.0660 0.0149 0.9977
vn 0.0210 0.0149 0.9997
vn 0.1352 0.0147 0.9907
vn 0.2266 0.0145 0.9739
vn 0.2925 0.0226 0.9560
vn 0.4957 -0.0025 0.8685
vn 0.3490 0.0084 0.9371
vn 0.3374 0.0094 0.9413
vn 0.3630 0.0024 0.9318
vn 0.3726 0.0023 0.9280
vn 0.2795 0.0264 0.9598
vn 0.4014 0.0226 0.9156
vn 0.3360 0.0148 0.9418
vn 0.3259 0.0112 0.9453
vn 0.5713 0.2815 0.7710
vn 0.6351 0.2989 0.7122
vn 0.4733 0.3324 0.8158
vn 0.6822 0.2856 0.6731
vn 0.2159 -0.0936 0.9719
vn 0.0568 -0.1203 0.9911
vn 0.0208 -0.1268 0.9917
vn 0.1249 -0.1080 0.9863
vn 0.2200 -0.0850 0.9718
vn 0.2637 -0.0805 0.9613
vn 0.2973 -0.0777 0.9516
vn 0.2943 -0.0824 0.9522
vn 0.2977 -0.0770 0.9516
vn 0.2980 -0.0766 0.9515
vn 0.8386 -0.5444 0.0216
vn 0.9946 -0.1023 0.0146
vn 0.9984 -0.0522 0.0203
vn 0.9987 -0.0412 0.0300
vn 0.9996 -0.0170 0.0212
vn 0.9995 -0.0144 0.0263
vn 0.9995 0.0293 -0.0097
vn 0.9996 -0.0176 -0.0220
vn 0.9992 -0.0318 -0.0229
vn 0.9970 -0.0718 -0.0273
vn 0.9942 -0.1066 -0.0120
vn 0.8895 -0.4569 0.0048
vn 0.9993 0.0111 0.0366
vn 0.9339 -0.2276 0.2758
vn 0.9611 -0.0704 -0.2671
vn 0.9810 0.0050 -0.1942
vn 0.9835 0.0805 -0.1619
vn 0.9826 0.1299 -0.1329
vn 0.9848 0.1601 -0.0669
vn 0.9862 0.1631 -0.0265
vn 0.9877 0.1559 0.0083
vn 0.9861 0.1318 0.1012
vn 0.9850 0.1149 0.1285
vn 0.9807 0.0841 0.1767
vn 0.9772 0.0294 0.2102
vn 0.9615 -0.0541 0.2695
vn 0.9858 0.1527 0.0704
vn 0.9914 -0.1274 -0.0288
vn 0.9975 -0.0646 -0.0281
vn 0.9994 -0.0265 -0.0216
vn 0.9997 -0.0132 -0.0208
vn 0.9997 -0.0145 0.0217
vn 0.9997 -0.0169 0.0182
vn 0.9989 -0.0350 0.0303
vn 0.9987 -0.0422 0.0301
vn 0.9894 -0.1109 0.0939
vn 0.9999 -0.0061 0.0138
vn 0.7010 0.1048 -0.7054
vn 0.6514 0.2065 -0.7300
vn 0.9188 0.1313 -0.3722
vn 0.9635 0.1970 -0.1811
vn 0.9640 0.2450 -0.1035
vn 0.9645 0.2611 -0.0405
vn 0.9635 0.2671 0.0192
vn 0.9626 0.2241 0.1525
vn 0.9628 0.1915 0.1907
vn 0.9619 0.1316 0.2396
vn 0.9568 0.0764 0.2804
vn 0.9495 -0.0772 0.3040
vn 0.9644 0.2439 0.1020
vn 0.9974 0.0556 -0.0455
vn 0.9912 0.1220 -0.0523
vn 0.9683 -0.2173 0.1232
vn 0.9316 -0.2143 0.2938
vn 0.9679 -0.2510 0.0158
vn 0.8633 -0.4626 0.2016
vn 0.8825 -0.4557 0.1166
vn 0.8523 -0.4429 0.2784
vn 0.9747 0.0170 0.2230
vn 0.9716 0.0540 0.2306
vn 0.9749 0.0138 0.2224
vn 0.9767 -0.0483 0.2089
vn 0.8897 0.3523 0.2904
vn 0.8965 0.3287 0.2971
vn 0.8178 0.4645 0.3398
vn 0.8251 0.4639 0.3225
vn 0.7310 0.5609 0.3886
vn 0.7394 0.5581 0.3767
vn 0.6968 0.6501 0.3032
vn 0.8836 0.4186 0.2097
vn 0.9722 0.1508 0.1792
vn 0.9675 0.1172 0.2242
vn 0.9711 0.1405 0.1932
vn 0.9738 0.1893 0.1263
vn 0.7881 0.5878 0.1825
vn 0.7053 0.6895 0.1645
vn 0.7091 0.6751 0.2032
vn 0.7604 0.6076 0.2293
vn 0.1455 0.9886 0.0381
vn 0.3535 0.9328 0.0699
vn 0.8733 0.4855 -0.0401
vn 0.8566 0.5119 -0.0648
vn 0.8945 0.4453 -0.0403
vn 0.9128 0.4079 -0.0200
vn 0.8805 0.4729 -0.0327
vn 0.9203 0.3912 0.0025
vn 0.8867 0.4616 -0.0263
vn 0.8363 0.5439 -0.0685
vn 0.9879 0.1550 -0.0059
vn 0.9636 0.2669 -0.0137
vn 0.7739 0.6314 -0.0490
vn 0.7155 0.6915 -0.0992
vn 0.7637 0.6431 -0.0569
vn 0.8186 0.5744 -0.0044
vn 0.7038 0.7101 -0.0212
vn 0.6981 0.7152 -0.0332
vn 0.7240 0.6897 -0.0102
vn 0.7376 0.6752 0.0120
vn 0.9864 0.1619 0.0299
vn 0.9639 0.2619 0.0482
vn 0.7052 0.7079 0.0386
vn 0.7161 0.6962 0.0508
vn 0.6779 0.7343 0.0368
vn 0.6950 0.7168 0.0566
vn 0.7266 0.6785 0.1084
vn 0.6566 0.7451 0.1173
vn 0.6802 0.7245 0.1115
vn 0.7120 0.6914 0.1227
vn 0.6632 0.7322 0.1548
vn 0.6284 0.7553 0.1862
vn 0.9286 0.3706 -0.0214
vn 0.9356 0.3531 -0.0074
vn 0.8412 0.5370 -0.0624
vn 0.7915 0.6023 -0.1039
vn 0.8112 0.5847 -0.0100
vn 0.8514 0.5236 0.0319
vn 0.7573 0.6522 0.0317
vn 0.7638 0.6429 0.0572
vn 0.6715 0.7389 0.0558
vn 0.7131 0.6944 0.0967
vn 0.5976 0.7912 0.1299
vn 0.6291 0.7690 0.1139
vn 0.8579 0.4488 0.2501
vn 0.8413 0.4561 0.2900
vn 0.8604 0.4476 0.2436
vn 0.8753 0.4391 0.2024
vn 0.7202 0.6411 0.2650
vn 0.7356 0.6203 0.2722
vn 0.7192 0.6425 0.2646
vn 0.7059 0.6594 0.2584
vn 0.5526 0.0437 0.8323
vn 0.6229 0.0383 0.7814
vn 0.8598 -0.0926 0.5022
vn 0.8342 -0.1506 0.5304
vn 0.8630 -0.0844 0.4981
vn 0.8796 -0.0389 0.4742
vn 0.8335 -0.4315 0.3451
vn 0.9075 -0.2111 0.3632
vn 0.9060 -0.0311 0.4220
vn 0.8783 -0.0025 0.4781
vn 0.8902 -0.0142 0.4554
vn 0.9300 -0.0601 0.3626
vn 0.9653 -0.1387 0.2211
vn 0.9096 0.2054 0.3612
vn 0.6408 0.5074 0.5761
vn 0.4120 0.6118 0.6753
vn 0.3616 0.5672 0.7399
vn 0.1693 0.4251 0.8892
vn -0.0774 0.3049 0.9492
vn -0.0499 0.2866 0.9568
vn 0.8733 -0.4868 0.0185
vn 0.8329 -0.5379 0.1297
vn 0.8364 -0.5342 0.1225
vn 0.8048 -0.5285 0.2701
vn 0.7846 -0.5249 0.3299
vn 0.1912 0.0000 0.9816
vn 0.0486 -0.0000 0.9988
vn 0.0210 -0.0000 0.9998
vn 0.1173 0.0000 0.9931
vn 0.2034 0.0000 0.9791
vn 0.1425 0.6669 0.7314
vn 0.0359 0.6733 0.7385
vn 0.0155 0.6737 0.7389
vn 0.0869 0.6712 0.7362
vn 0.1518 0.6659 0.7304
vn 0.0747 -0.8906 0.4485
vn 0.0197 -0.9022 0.4308
vn 0.0085 -0.9036 0.4283
vn 0.0486 -0.8984 0.4364
vn 0.0903 -0.8837 0.4592
vn 0.1568 0.6075 0.7787
vn 0.2876 0.5211 0.8036
vn 0.0620 -0.0889 0.9941
vn 0.1285 0.0000 0.9917
vn 0.0876 -0.0549 0.9946
vn 0.0357 -0.1235 0.9917
vn 0.1293 -0.2026 0.9707
vn 0.1198 -0.8782 0.4630
vn 0.1697 -0.8503 0.4982
vn 0.1557 -0.8168 0.5556
vn 0.3141 -0.8038 0.5052
vn 0.4623 -0.7826 0.4169
vn 0.3850 -0.8064 0.4489
vn 0.2775 -0.8152 0.5084
vn 0.6664 -0.6973 0.2639
vn 0.8186 -0.5445 0.1829
vn 0.7644 -0.6077 0.2154
vn 0.5822 -0.7501 0.3137
vn 0.8720 -0.4537 0.1836
vn 0.8637 -0.4661 0.1915
vn 0.8678 -0.4601 0.1876
vn 0.8766 -0.4467 0.1792
vn 0.2182 -0.8057 0.5506
vn 0.8268 -0.4202 0.3740
vn 0.3379 -0.0897 0.9369
vn 0.3064 -0.1042 0.9462
vn 0.3118 -0.0783 0.9469
vn 0.3586 -0.0507 0.9321
vn 0.4613 -0.0236 0.8869
vn 0.4766 0.0084 0.8791
vn 0.5291 0.0062 0.8486
vn 0.5370 -0.0178 0.8434
vn 0.3308 -0.0354 0.9430
vn 0.3946 -0.0069 0.9188
vn 0.4694 0.0445 0.8819
vn 0.4848 0.0409 0.8737
vn 0.6797 -0.0027 0.7335
vn 0.5743 0.0357 0.8179
vn 0.6326 0.0150 0.7743
vn 0.7159 -0.0172 0.6980
vn 0.7049 0.0189 0.7090
vn 0.7058 0.0363 0.7075
vn 0.7055 0.0293 0.7081
vn 0.7046 0.0143 0.7094
vn 0.2845 -0.0455 0.9576
vn 0.2694 -0.0952 0.9583
vn 0.2761 -0.0735 0.9583
vn 0.2877 -0.0348 0.9571
vn 0.2693 -0.0921 0.9587
vn 0.3581 0.1163 0.9264
vn 0.3082 0.0081 0.9513
vn 0.3556 -0.0501 0.9333
vn 0.4644 -0.0308 0.8851
vn 0.6538 0.0324 0.7559
vn 0.7060 0.0644 0.7052
vn 0.8299 0.0647 0.5541
vn 0.0057 0.9777 0.2101
vn 0.0095 0.9783 0.2070
vn 0.0000 0.9773 0.2117
vn 0.0133 0.9788 0.2044
vn 0.1668 0.9627 0.2130
vn -0.0496 0.9732 0.2244
vn 0.0120 0.9793 0.2019
vn 0.5092 0.6365 0.5793
vn 0.4092 0.7317 0.5451
vn 0.3380 0.7295 0.5946
vn 0.4498 0.0906 0.8885
vn 0.6487 0.0752 0.7573
vn 0.7303 0.1099 0.6742
vn 0.8400 0.1947 0.5065
vn 0.8489 0.2111 0.4845
vn 0.8292 0.1762 0.5305
vn 0.8157 0.1548 0.5573
vn 0.3925 0.5435 0.7420
vn 0.3897 0.5429 0.7439
vn 0.4120 0.4283 0.8043
vn 0.4120 0.4177 0.8098
vn 0.4303 0.2779 0.8588
vn 0.4258 0.2816 0.8599
vn 0.3921 0.5477 0.7392
vn 0.4024 0.4285 0.8090
vn 0.4023 0.4309 0.8078
vn 0.5400 0.3793 0.7514
vn 0.6326 0.3756 0.6773
vn 0.4118 0.3242 0.8517
vn 0.3987 0.2845 0.8718
vn 0.4052 0.3040 0.8622
vn 0.4197 0.3490 0.8379
vn 0.7518 0.3974 0.5262
vn 0.7517 0.4010 0.5237
vn 0.7518 0.3968 0.5267
vn 0.7518 0.3938 0.5288
vn 0.0134 0.9794 0.2016
vn 0.0062 0.9776 0.2102
vn 0.0102 0.9783 0.2071
vn 0.1534 0.9649 0.2130
vn -0.0541 0.9733 0.2229
vn 0.5041 0.6427 0.5769
vn 0.4010 0.7396 0.5405
vn 0.2777 0.7931 0.5420
vn 0.3624 0.5645 0.7416
vn 0.3724 0.5772 0.7267
vn 0.3627 0.5649 0.7412
vn 0.3536 0.5531 0.7544
vn 0.1452 0.9662 0.2130
vn -0.0568 0.9734 0.2221
vn 0.5007 0.6468 0.5753
vn 0.3958 0.7446 0.5376
vn 0.2477 0.8208 0.5148
vn 0.4192 0.5433 0.7274
vn 0.3982 0.5251 0.7522
vn 0.4382 0.5594 0.7036
vn 0.4526 0.5716 0.6844
vn 0.5749 0.5236 0.6287
vn 0.5005 0.5395 0.6771
vn 0.4657 0.4824 0.7419
vn 0.5057 0.4672 0.7253
vn 0.6666 0.5282 0.5259
vn 0.4049 0.2922 0.8664
vn 0.3887 0.8268 0.4065
vn 0.7376 0.6378 0.2217
vn 0.4177 0.8382 0.3507
vn 0.3795 0.8183 0.4317
vn 0.7514 0.6380 0.1683
vn 0.7470 0.6231 0.2316
vn 0.2258 0.9638 0.1418
vn 0.7682 0.6393 0.0345
vn 0.1263 0.9903 0.0574
vn 0.3436 0.9060 0.2472
vn 0.7841 0.6206 0.0092
vn 0.7365 0.6715 0.0817
vn -0.0174 0.8056 -0.5922
vn -0.1818 0.7905 -0.5849
vn -0.3016 0.7246 -0.6197
vn -0.0804 0.8026 -0.5911
vn -0.0451 0.8049 -0.5917
vn -0.1217 0.8012 -0.5858
vn -0.6070 0.5336 -0.5890
vn -0.8713 0.2881 -0.3973
vn -0.9675 0.1481 -0.2049
vn -0.9573 0.1011 0.2708
vn 0.9371 0.3490 -0.0013
vn 0.8633 0.5033 0.0370
vn 0.9029 0.4297 -0.0063
vn 0.9175 0.3970 0.0254
vn 0.8956 0.4418 0.0521
vn 0.9161 0.4001 0.0272
vn 0.9343 0.3564 0.0018
vn 0.9110 0.4123 -0.0010
vn 0.9512 0.3086 -0.0078
vn 0.4153 0.8081 0.4177
vn 0.7364 0.6325 0.2401
vn 0.9403 0.3404 -0.0058
vn 0.8945 0.4459 0.0316
vn 0.9850 0.1723 -0.0122
vn 0.8673 0.4965 0.0365
vn 0.9204 0.3905 0.0182
vn 0.9207 0.3896 0.0243
vn 0.9194 0.3933 0.0001
vn 0.9191 0.3940 -0.0048
vn 0.8698 0.4922 0.0340
vn 0.9257 0.3780 0.0158
vn 0.9259 0.3770 0.0234
vn 0.9238 0.3824 -0.0190
vn 0.9233 0.3832 -0.0258
vn 0.8744 0.4839 0.0358
vn 0.9309 0.3649 0.0142
vn 0.9313 0.3636 0.0224
vn 0.9286 0.3704 -0.0221
vn 0.9281 0.3713 -0.0281
vn 0.8820 0.4700 0.0349
vn 0.9356 0.3528 0.0118
vn 0.9377 0.3468 0.0212
vn 0.9340 0.3573 0.0047
vn 0.9321 0.3623 -0.0031
vn 0.9384 0.3449 0.0192
vn 0.9390 0.3433 0.0209
vn 0.9383 0.3452 0.0188
vn 0.9379 0.3465 0.0173
vn 0.8844 -0.4644 -0.0468
vn 0.9976 0.0484 -0.0495
vn 0.9946 0.0682 -0.0777
vn 0.9983 0.0418 -0.0402
vn 0.9999 0.0129 0.0009
vn 0.8760 0.0674 -0.4776
vn 0.8799 -0.4752 0.0000
vn 0.8369 -0.5282 0.1437
vn 0.7990 -0.6010 -0.0203
vn 0.9958 0.0916 0.0010
vn 0.9892 -0.1359 0.0549
vn 0.9805 0.1108 0.1626
vn 0.9676 0.1511 0.2022
vn 0.9970 0.0214 0.0743
vn 0.9986 -0.0006 0.0524
vn 0.9954 0.0960 0.0011
vn 0.9995 -0.0295 0.0091
vn 0.9992 -0.0392 -0.0010
vn 0.9986 0.0119 0.0524
vn 0.9981 0.0179 0.0586
vn 0.8071 -0.5901 -0.0202
vn 0.9868 -0.1614 -0.0168
vn 0.9705 0.2413 -0.0021
vn 0.9950 0.0998 -0.0065
vn 0.9961 0.0251 -0.0845
vn 0.9925 -0.0139 -0.1211
vn 0.9946 0.0611 -0.0842
vn 0.9899 0.1419 -0.0036
vn 0.9885 0.0278 -0.1486
vn 0.9885 0.0337 -0.1471
vn 0.9892 0.0359 -0.1422
vn 0.9905 0.0249 -0.1356
vn 0.9992 -0.0063 0.0382
vn 0.9984 -0.0389 0.0407
vn 0.9989 -0.0234 0.0395
vn 0.9992 0.0168 0.0365
vn 0.9985 -0.0475 0.0268
vn 0.9991 0.0175 0.0379
vn 0.9994 0.0013 0.0351
vn 0.9972 -0.0719 0.0225
vn 0.9989 -0.0465 -0.0083
vn 0.9984 -0.0560 -0.0119
vn 0.9985 -0.0544 -0.0113
vn 0.9990 -0.0444 -0.0075
vn 0.9988 -0.0486 -0.0073
vn 0.9987 -0.0495 -0.0083
vn 0.9990 -0.0437 -0.0018
vn 0.9991 -0.0431 -0.0011
vn 0.9984 0.0471 0.0316
vn 0.9994 0.0318 0.0138
vn 0.9974 0.0578 0.0441
vn 0.9954 0.0731 0.0621
vn 0.9997 0.0221 -0.0097
vn 0.9885 -0.1504 -0.0166
vn 0.9817 0.1904 -0.0044
vn 0.9960 0.0888 -0.0072
vn 0.9914 0.1307 -0.0033
vn 0.8154 -0.5785 -0.0201
vn 0.9997 0.0215 -0.0094
vn 0.9872 -0.1585 -0.0168
vn 0.9741 0.2263 -0.0027
vn 0.9953 0.0970 -0.0067
vn 0.9901 0.1400 -0.0028
vn 0.9997 -0.0234 -0.0068
vn 0.9998 -0.0196 -0.0024
vn 0.9997 -0.0245 -0.0081
vn 0.9995 -0.0285 -0.0127
vn 0.9882 -0.1520 -0.0166
vn 0.9805 0.1966 -0.0041
vn 0.9959 0.0904 -0.0071
vn 0.9912 0.1325 -0.0032
vn 0.8290 -0.5590 -0.0199
vn 0.9997 0.0205 -0.0095
vn 0.9986 -0.0518 -0.0105
vn 0.9987 -0.0500 -0.0135
vn 0.9986 -0.0531 -0.0082
vn 0.9985 -0.0548 -0.0054
vn 0.8212 -0.5703 -0.0200
vn 0.9997 0.0211 -0.0095
vn 0.9877 -0.1555 -0.0167
vn 0.9773 0.2119 -0.0034
vn 0.9955 0.0940 -0.0069
vn 0.9906 0.1366 -0.0030
vn 0.9994 -0.0351 -0.0076
vn 0.9995 -0.0287 -0.0122
vn 0.9994 -0.0341 -0.0083
vn 0.9992 -0.0399 -0.0042
vn 0.9880 -0.1534 -0.0166
vn 0.9793 0.2025 -0.0038
vn 0.9957 0.0919 -0.0070
vn 0.9910 0.1341 -0.0031
vn 0.8249 -0.5649 -0.0200
vn 0.9997 0.0208 -0.0095
vn 0.9991 -0.0413 -0.0100
vn 0.9991 -0.0397 -0.0129
vn 0.9990 -0.0432 -0.0067
vn 0.9990 -0.0448 -0.0040
vn 0.9989 -0.0464 -0.0105
vn 0.9989 -0.0449 -0.0132
vn 0.9988 -0.0480 -0.0074
vn 0.9988 -0.0493 -0.0049
vn 0.0000 0.0826 0.9966
vn 0.0000 -0.2512 0.9679
vn 0.0000 -0.3580 0.9337
vn 0.0000 -0.6506 0.7594
vn 0.0000 -0.7580 0.6523
vn 0.0000 -0.8812 0.4728
vn 0.0000 -0.9852 0.1715
vn 0.0000 -0.9360 0.3521
vn 0.0000 -0.0514 0.9987
vn 0.0000 -0.9993 0.0381
vn 0.0000 -0.0100 0.9999
vn 0.0000 -0.4461 0.8950
vn 0.0000 -0.8392 0.5438
vn -0.0000 -0.9999 -0.0131
vn 0.0000 -0.9997 0.0228
vn 0.0000 -0.9399 -0.3414
vn 0.0000 -0.8187 -0.5742
vn 0.0000 -0.6301 -0.7765
vn 0.0000 -0.4281 -0.9037
vn 0.0000 -0.1647 -0.9863
vn 0.0000 -1.0000 -0.0000
vn 0.0000 -0.0025 -1.0000
vn 0.0000 -0.9928 -0.1200
vn 0.0000 -1.0000 -0.0012
vn -0.0000 -0.9998 -0.0199
vn 0.0000 -1.0000 -0.0087
vn -0.0000 -0.9988 -0.0497
vn -0.0000 0.0135 -0.9999
vn 0.0000 -0.1221 -0.9925
vn 0.0000 -0.4111 -0.9116
vn -0.0000 -0.6260 -0.7798
vn -0.0000 -0.7757 -0.6311
vn -0.0000 -0.9383 -0.3459
vn -0.0000 -0.9996 -0.0287
vn 0.0000 -0.9885 0.1514
vn 0.0000 -0.9243 0.3816
vn 0.0000 -0.7822 0.6231
vn 0.0000 -0.6101 0.7923
vn 0.0000 -0.3856 0.9226
vn 0.0000 -0.1743 0.9847
vn 0.0000 -0.0677 0.9977
vn -0.0000 -0.8605 -0.5095
vn 0.0000 -0.9999 0.0125
vn -0.0000 -0.9841 -0.1777
vn -0.0000 0.0043 -1.0000
vn -0.0000 -1.0000 -0.0000
vn -0.0000 -1.0000 0.0000
vn 0.0000 -0.9999 -0.0131
vn 0.0000 -0.9998 -0.0199
vn 0.0000 -0.9988 -0.0497
vn 0.0000 -1.0000 0.0000
vn 0.0000 -1.0000 -0.0076
vn 0.0000 -0.9991 -0.0427
vn -0.0000 -0.9991 -0.0427
vn -0.0006 -0.9985 0.0542
vn -0.0014 -0.9985 0.0546
vn -0.0009 -0.9985 0.0539
vn 0.0000 -0.9986 0.0536
vn 0.0008 -0.9993 -0.0372
vn 0.0000 -0.9993 -0.0380
vn 0.0012 -0.9993 -0.0376
vn 0.0019 -0.9993 -0.0369
vn 0.0007 -0.9994 -0.0349
vn 0.0000 -0.9993 -0.0364
vn 0.0007 -0.9993 -0.0361
vn 0.0014 -0.9994 -0.0346
vn 0.0004 -0.9994 -0.0340
vn 0.0007 -0.9994 -0.0342
vn 0.0003 -0.9994 -0.0335
vn 0.0000 -0.9994 -0.0334
vn 0.0001 -0.9985 0.0546
vn 0.0002 -0.9985 0.0546
vn 0.0001 -0.9985 0.0548
vn 0.0000 -0.9985 0.0549
vn -0.0000 -0.9985 0.0545
vn 0.0000 -0.9985 0.0545
vn -0.0001 -0.9985 0.0547
vn 0.0000 -0.9985 0.0548
vn -0.0002 -0.9985 0.0548
vn -0.0004 -0.9985 0.0547
vn 0.0007 -0.9995 -0.0326
vn 0.0009 -0.9995 -0.0330
vn 0.0014 -0.9995 -0.0323
vn 0.0002 -0.9995 -0.0317
vn 0.0000 -0.9995 -0.0319
vn 0.0004 -0.9995 -0.0318
vn 0.0006 -0.9995 -0.0317
vn 0.0000 -0.9995 -0.0313
vn 0.0000 -0.9995 -0.0314
vn 0.0001 -0.9995 -0.0313
vn -0.0000 -0.9995 -0.0312
vn 0.0000 -0.9995 -0.0312
vn -0.0000 -0.9985 0.0548
vn -0.0021 -0.9985 0.0543
vn -0.0016 -0.9986 0.0538
vn 0.0004 -0.9985 0.0546
vn 0.0002 -0.9985 0.0548
vn -0.0004 -0.9985 0.0548
vn -0.0005 -0.9985 0.0547
vn -0.0039 -0.9985 0.0541
vn -0.0033 -0.9985 0.0539
vn 0.0008 -0.9985 0.0547
vn 0.0006 -0.9985 0.0548
vn -0.0009 -0.9985 0.0549
vn -0.0011 -0.9985 0.0548
vn 0.0002 -0.9986 0.0538
vn 0.0003 -0.9986 0.0536
vn 0.0000 -0.9985 0.0546
vn 0.0004 -0.9985 0.0548
vn 0.0003 -0.9985 0.0548
vn 0.0004 -0.9986 0.0537
vn 0.0005 -0.9985 0.0549
vn -0.0056 -0.9985 0.0541
vn -0.0051 -0.9985 0.0539
vn 0.0015 -0.9985 0.0547
vn 0.0012 -0.9985 0.0548
vn -0.0001 -0.9985 0.0545
vn -0.0015 -0.9985 0.0550
vn -0.0016 -0.9985 0.0549
vn -0.0061 -0.9985 0.0543
vn -0.0058 -0.9985 0.0539
vn 0.0018 -0.9985 0.0545
vn 0.0016 -0.9985 0.0548
vn -0.0018 -0.9985 0.0550
vn -0.0019 -0.9985 0.0549
vn 0.0009 -0.9985 0.0540
vn 0.0011 -0.9986 0.0536
vn 0.0006 -0.9985 0.0546
vn 0.0005 -0.9985 0.0550
vn 0.0016 -0.9985 0.0551
vn 0.0013 -0.9985 0.0553
vn 0.0014 -0.9986 0.0538
vn 0.0019 -0.9985 0.0544
vn 0.0029 -0.9984 0.0559
vn 0.0039 -0.9984 0.0568
vn 0.0022 -0.9983 0.0575
vn 0.0050 -0.9984 0.0556
vn 0.0062 -0.9985 0.0537
vn 0.0025 -0.9993 -0.0377
vn 0.0033 -0.9993 -0.0371
vn 0.0017 -0.9993 -0.0362
vn 0.0025 -0.9994 -0.0348
vn 0.0014 -0.9994 -0.0340
vn 0.0008 -0.9994 -0.0334
vn 0.0015 -0.9995 -0.0330
vn 0.0019 -0.9995 -0.0325
vn 0.0007 -0.9995 -0.0319
vn 0.0010 -0.9995 -0.0318
vn 0.0001 -0.9995 -0.0314
vn 0.0002 -0.9995 -0.0313
vn 0.0050 -0.9993 -0.0376
vn 0.0059 -0.9993 -0.0373
vn 0.0034 -0.9993 -0.0360
vn 0.0045 -0.9994 -0.0349
vn 0.0025 -0.9994 -0.0343
vn 0.0025 -0.9994 -0.0337
vn 0.0021 -0.9995 -0.0329
vn 0.0024 -0.9995 -0.0325
vn 0.0013 -0.9995 -0.0320
vn 0.0015 -0.9995 -0.0320
vn 0.0002 -0.9995 -0.0314
vn 0.0003 -0.9995 -0.0314
vn 0.0033 -0.9992 -0.0404
vn 0.0000 -0.9985 -0.0548
vn 0.0006 -0.9986 -0.0523
vn 0.0038 -0.9993 -0.0381
vn 0.0043 -0.9986 -0.0534
vn 0.0071 -0.9992 -0.0382
vn 0.0068 -0.9992 -0.0403
vn 0.0040 -0.9985 -0.0552
vn 0.0075 -0.9993 -0.0371
vn 0.0083 -0.9993 -0.0367
vn 0.0052 -0.9994 -0.0354
vn 0.0062 -0.9994 -0.0342
vn 0.0042 -0.9994 -0.0331
vn 0.0051 -0.9995 -0.0324
vn 0.0024 -0.9995 -0.0327
vn 0.0026 -0.9995 -0.0324
vn 0.0017 -0.9995 -0.0320
vn 0.0019 -0.9995 -0.0320
vn 0.0004 -0.9995 -0.0314
vn 0.0003 -0.9995 -0.0312
vn 0.0000 -0.9995 -0.0311
vn 0.0131 -0.9990 -0.0430
vn 0.0074 -0.9982 -0.0593
vn 0.0089 -0.9985 -0.0549
vn 0.0147 -0.9992 -0.0385
vn 0.0193 -0.9992 -0.0347
vn 0.0136 -0.9992 -0.0385
vn 0.0181 -0.9990 -0.0398
vn 0.0177 -0.9986 -0.0490
vn 0.0157 -0.9984 -0.0550
vn -0.3630 0.0008 -0.9318
vn -0.3582 0.0035 -0.9336
vn -0.3617 0.0016 -0.9323
vn -0.3657 -0.0006 -0.9307
vn -0.3988 0.0011 -0.9170
vn -0.3916 0.0061 -0.9201
vn -0.3961 0.0030 -0.9182
vn -0.4004 -0.0000 -0.9163
vn -0.4004 0.0000 -0.9163
vn 0.8958 -0.4445 -0.0000
vn 0.5354 0.8446 -0.0000
vn 0.1714 -0.9852 -0.0000
vn -0.8917 0.4527 -0.0000
vn 0.2733 0.9619 -0.0000
vn 0.6412 -0.7674 -0.0000
vn -0.6096 0.6254 0.4871
vn -0.3954 0.9185 -0.0000
vn -0.0282 0.7828 0.6217
vn -0.0551 0.7714 0.6339
vn 0.0723 0.8180 0.5706
vn 0.1110 0.8286 0.5487
vn 0.3542 0.8041 0.4774
vn 0.4901 0.8245 0.2830
vn -0.2708 -0.0823 0.9591
vn 0.2224 0.0246 0.9746
vn 0.5545 -0.0421 0.8311
vn 0.7676 -0.2597 0.5859
vn 0.8916 -0.4340 0.1293
vn 0.8962 -0.4274 0.1190
vn 0.8898 -0.4364 0.1333
vn 0.8848 -0.4431 0.1439
vn 0.3087 -0.8864 0.3449
vn 0.3061 -0.8863 0.3477
vn 0.3077 -0.8864 0.3460
vn 0.3102 -0.8865 0.3433
vn 0.6114 -0.7627 0.2108
vn 0.6613 -0.7447 0.0896
vn 0.6037 -0.7642 0.2272
vn 0.5553 -0.7675 0.3202
vn 0.0068 -1.0000 0.0000
vn 0.0067 -1.0000 0.0000
vn 0.0068 -1.0000 -0.0000
vn 0.1627 -0.9161 0.3664
vn 0.1451 -0.9163 0.3733
vn 0.1485 -0.9163 0.3720
vn 0.1657 -0.9161 0.3652
vn -0.4739 -0.0469 -0.8793
vn 0.0313 -0.9995 0.0000
vn 0.2236 -0.9154 0.3347
vn 0.1098 0.9346 0.3382
vn -0.0299 0.9979 0.0566
vn -0.0861 0.9940 -0.0679
vn -0.8674 -0.1981 0.4565
vn -0.8600 -0.1595 0.4847
vn -0.8650 -0.1842 0.4668
vn -0.8711 -0.2234 0.4372
vn -0.9944 -0.1059 0.0029
vn -0.9948 -0.1017 0.0066
vn -0.9945 -0.1051 0.0037
vn -0.9940 -0.1093 -0.0000
vn 0.0000 0.0000 1.0000
vn 0.0000 -0.2588 0.9659
vn 0.0000 -0.0000 1.0000
vn 0.0000 -0.5000 0.8660
vn 0.0000 -0.7071 0.7071
vn 0.0000 -0.8660 0.5000
vn 0.0000 -0.9659 0.2588
vn -0.0000 -0.9659 -0.2588
vn -0.0000 -0.8660 -0.5000
vn -0.0000 -0.7071 -0.7071
vn -0.0000 -0.5000 -0.8660
vn -0.0000 -0.2588 -0.9659
vn -0.0000 -0.0000 -1.0000
vn -0.0000 0.2588 -0.9659
vn -0.0000 0.5000 -0.8660
vn -0.0000 0.7071 -0.7071
vn -0.0000 0.8660 -0.5000
vn -0.0000 0.9659 -0.2588
vn 0.0000 1.0000 -0.0000
vn -0.0000 1.0000 -0.0000
vn 0.0000 0.9659 0.2588
vn 0.0000 0.8660 0.5000
vn 0.0000 0.7071 0.7071
vn 0.0000 0.5000 0.8660
vn 0.0000 0.2588 0.9659
vn 1.0000 0.0000 0.0000
vn 1.0000 -0.0000 -0.0000
vn 1.0000 -0.0000 0.0000
vn -1.0000 0.0000 -0.0000
vn -1.0000 -0.0000 0.0000
vn -1.0000 0.0000 0.0000
vn -1.0000 -0.0000 -0.0000
vn 0.5125 -0.1121 0.8514
vn 0.5125 0.1121 0.8514
vn 0.5125 0.3286 0.7933
vn 0.5125 0.5228 0.6813
vn 0.5125 0.6813 0.5228
vn 0.5125 0.7933 0.3286
vn 0.5125 0.8514 0.1121
vn 0.5125 0.8514 -0.1121
vn 0.5125 0.7933 -0.3286
vn 0.5125 0.6813 -0.5228
vn 0.5125 0.5228 -0.6813
vn 0.5125 0.3286 -0.7933
vn 0.5125 0.1121 -0.8514
vn 0.5125 -0.1121 -0.8514
vn 0.5125 -0.3286 -0.7933
vn 0.5125 -0.5228 -0.6813
vn 0.5125 -0.6813 -0.5228
vn 0.5125 -0.7933 -0.3286
vn 0.5125 -0.8514 -0.1121
vn 0.5125 -0.8514 0.1121
vn 0.5125 -0.7933 0.3286
vn 0.5125 -0.6813 0.5228
vn 0.5125 -0.5228 0.6813
vn 0.5125 -0.3286 0.7933
vn -0.5097 -0.1123 0.8530
vn -0.5097 -0.3292 0.7948
vn -0.5097 -0.5237 0.6826
vn -0.5097 -0.6826 0.5237
vn -0.5097 -0.7948 0.3292
vn -0.5097 -0.8530 0.1123
vn -0.5097 -0.8530 -0.1123
vn -0.5097 -0.7948 -0.3292
vn -0.5097 -0.6825 -0.5237
vn -0.5097 -0.5237 -0.6825
vn -0.5097 -0.3292 -0.7948
vn -0.5097 -0.1123 -0.8530
vn -0.5097 0.1123 -0.8530
vn -0.5097 0.3292 -0.7948
vn -0.5097 0.5237 -0.6826
vn -0.5097 0.6826 -0.5237
vn -0.5097 0.7948 -0.3292
vn -0.5097 0.8530 -0.1123
vn -0.5097 0.8530 0.1123
vn -0.5097 0.7948 0.3292
vn -0.5097 0.6826 0.5237
vn -0.5097 0.5237 0.6825
vn -0.5097 0.3292 0.7948
vn -0.5097 0.1123 0.8530
vn 0.9726 0.0303 -0.2304
vn 0.9726 -0.0303 -0.2304
vn 0.9726 -0.0889 -0.2147
vn 0.9726 -0.1415 -0.1844
vn 0.9726 -0.1844 -0.1415
vn 0.9726 -0.2147 -0.0889
vn 0.9726 -0.2304 -0.0303
vn 0.9726 -0.2304 0.0303
vn 0.9726 -0.2147 0.0889
vn 0.9726 -0.1844 0.1415
vn 0.9726 -0.1415 0.1844
vn 0.9726 -0.0889 0.2147
vn 0.9726 -0.0303 0.2304
vn 0.9726 0.0303 0.2304
vn 0.9726 0.0889 0.2147
vn 0.9726 0.1415 0.1844
vn 0.9726 0.1844 0.1415
vn 0.9726 0.2147 0.0889
vn 0.9726 0.2304 0.0303
vn 0.9726 0.2304 -0.0303
vn 0.9726 0.2147 -0.0889
vn 0.9726 0.1844 -0.1415
vn 0.9726 0.1415 -0.1844
vn 0.9726 0.0889 -0.2147
vn -0.0000 -0.0000 1.0000
vn -0.0000 -0.2588 0.9659
vn -0.0000 -0.5000 0.8660
vn 0.0000 -0.8660 -0.5000
vn 0.0000 -0.7071 -0.7071
vn -0.0000 0.0000 -1.0000
vn 0.0000 0.2588 -0.9659
vn 0.0000 0.5000 -0.8660
vn 0.0000 0.7071 -0.7071
vn 0.0000 0.8660 -0.5000
vn 0.0000 0.9659 -0.2588
vn -0.5097 -0.5237 0.6825
vn -0.5097 -0.5237 -0.6826
vn -0.1239 0.9479 -0.2934
vn -0.7742 0.6209 -0.1229
vn -0.1020 0.9217 -0.3742
vn -0.7650 0.6236 -0.1609
vn -0.8561 0.5008 -0.1280
vn -0.8923 -0.4511 -0.0179
vn -0.9965 -0.0827 -0.0111
vn -0.9881 -0.1494 -0.0358
vn -0.9952 -0.0773 -0.0604
vn -0.9941 -0.0717 -0.0808
vn -0.9993 -0.0199 -0.0325
vn -0.9992 0.0397 0.0084
vn -0.9994 0.0052 -0.0353
vn -0.9530 -0.1441 -0.2667
vn -0.9877 0.1559 -0.0083
vn -0.9861 0.1314 -0.1019
vn -0.9833 0.0732 -0.1666
vn -0.9844 0.0214 -0.1744
vn -0.9778 -0.0662 -0.1990
vn -0.9745 -0.0411 -0.2206
vn -0.9858 0.1527 -0.0704
vn -0.9994 -0.0174 -0.0299
vn -0.9958 -0.0527 -0.0749
vn -0.9961 -0.0671 -0.0578
vn -0.9906 -0.1118 -0.0789
vn -0.9896 -0.1176 -0.0829
vn -0.9999 -0.0061 -0.0138
vn -0.9866 0.1629 -0.0072
vn -0.9860 0.1312 -0.1026
vn -0.9821 0.0857 -0.1676
vn -0.9772 0.0477 -0.2069
vn -0.9684 -0.0225 -0.2482
vn -0.9637 -0.0911 -0.2510
vn -0.9868 0.1467 -0.0690
vn -0.9854 -0.1354 -0.1031
vn -0.9619 -0.1226 -0.2445
vn -0.9844 -0.1756 -0.0111
vn -0.9490 -0.2228 -0.2229
vn -0.9716 -0.2135 -0.1019
vn -0.9492 -0.2116 -0.2331
vn -0.9865 0.1608 -0.0297
vn -0.9870 0.1577 -0.0299
vn -0.9698 -0.2437 -0.0093
vn -0.8828 -0.4479 -0.1416
vn -0.8891 -0.4430 -0.1155
vn -0.8627 -0.4567 -0.2173
vn -0.6777 0.7348 -0.0269
vn -0.1075 0.9942 -0.0052
vn -0.9231 0.3762 -0.0799
vn -0.6547 0.7539 -0.0545
vn -0.6351 -0.7697 -0.0657
vn -0.8847 -0.4612 -0.0677
vn -0.8775 -0.4748 -0.0678
vn -0.6257 -0.7773 -0.0655
vn -0.2659 -0.6784 0.6849
vn -0.1750 -0.6967 0.6957
vn -0.6185 -0.5365 0.5741
vn -0.6481 -0.5180 0.5583
vn -0.9701 0.2334 -0.0668
vn -0.9614 0.2525 -0.1097
vn -0.9678 0.2389 -0.0789
vn -0.9734 0.2244 -0.0470
vn -0.9542 0.2104 -0.2125
vn -0.9586 0.2848 0.0068
vn -0.9499 0.3120 0.0184
vn -0.9584 0.2840 -0.0272
vn -0.9635 0.2639 -0.0456
vn -0.7021 0.7113 -0.0336
vn -0.9502 0.3114 -0.0094
vn -0.9504 0.3107 -0.0107
vn -0.9500 0.3121 -0.0080
vn -0.9498 0.3128 -0.0066
vn -0.9255 0.3750 -0.0529
vn -0.9243 0.3761 -0.0654
vn -0.9281 0.3718 -0.0177
vn -0.9287 0.3707 -0.0068
vn -0.9404 0.3355 -0.0552
vn -0.9486 0.3059 -0.0808
vn -0.9463 0.3226 -0.0209
vn -0.9397 0.3418 -0.0075
vn -0.9129 0.4033 -0.0625
vn -0.7989 -0.0771 -0.5965
vn -0.6360 0.0938 -0.7660
vn -0.2974 0.4597 -0.8368
vn -0.5132 0.3056 -0.8020
vn -0.0191 0.4332 -0.9011
vn -0.1677 0.5011 -0.8490
vn -0.0176 0.0000 -0.9998
vn -0.1842 -0.0318 -0.9824
vn -0.2860 -0.0101 -0.9582
vn -0.7667 -0.1162 -0.6314
vn -0.6863 -0.2517 -0.6824
vn -0.5569 -0.4296 -0.7108
vn -0.3940 -0.1152 -0.9118
vn -0.4255 -0.2206 -0.8777
vn -0.4305 -0.1873 -0.8829
vn -0.4368 -0.3050 -0.8463
vn -0.3933 -0.4837 -0.7819
vn -0.2764 -0.5561 -0.7838
vn -0.0111 -0.6076 -0.7942
vn -0.1266 -0.5908 -0.7969
vn -0.1446 -0.5874 -0.7963
vn -0.0474 -0.5762 -0.8160
vn -0.0504 -0.4560 -0.8885
vn -0.0682 -0.4642 -0.8831
vn -0.0613 -0.5733 -0.8171
vn -0.0143 -0.4727 -0.8811
vn -0.0121 -0.5806 -0.8141
vn -0.1735 -0.5181 -0.8376
vn -0.2023 -0.4048 -0.8918
vn -0.1908 -0.3951 -0.8986
vn -0.1560 -0.4880 -0.8588
vn -0.1797 -0.5802 -0.7944
vn -0.2199 -0.4641 -0.8580
vn -0.3052 -0.3567 -0.8830
vn -0.2633 -0.3286 -0.9070
vn -0.1972 -0.4476 -0.8722
vn -0.1354 -0.3158 -0.9391
vn -0.1206 -0.4328 -0.8934
vn -0.0726 -0.3493 -0.9342
vn -0.0154 -0.3558 -0.9344
vn -0.0133 -0.4809 -0.8767
vn -0.0165 -0.3576 -0.9337
vn -0.1788 -0.3022 -0.9363
vn -0.1557 -0.4277 -0.8904
vn -0.2147 -0.2841 -0.9345
vn -0.2180 -0.2911 -0.9315
vn -0.3592 -0.2359 -0.9030
vn -0.3996 -0.2854 -0.8711
vn -0.4318 -0.1663 -0.8865
vn -0.4309 -0.1649 -0.8872
vn -0.4319 -0.1664 -0.8865
vn -0.4328 -0.1677 -0.8858
vn -0.3303 -0.3987 -0.8555
vn -0.3568 -0.4184 -0.8353
vn -0.3331 -0.4009 -0.8534
vn -0.3075 -0.3817 -0.8717
vn -0.9874 -0.1429 -0.0679
vn -0.9789 -0.0783 -0.1887
vn -0.9911 -0.1139 -0.0683
vn -0.9677 -0.0369 -0.2493
vn -0.8379 0.0688 -0.5415
vn -0.8472 0.0771 -0.5256
vn -0.9297 0.0934 -0.3563
vn -0.9432 0.1773 -0.2809
vn -0.9407 0.1725 -0.2922
vn -0.9435 0.1841 -0.2755
vn -0.9447 0.1894 -0.2677
vn -0.9942 -0.0619 -0.0876
vn -0.9833 0.0527 -0.1740
vn -0.9957 -0.0632 -0.0673
vn -0.9806 0.0799 -0.1788
vn -0.9448 0.1963 -0.2624
vn -0.9438 0.1951 -0.2669
vn -0.5492 0.5402 -0.6376
vn -0.6761 -0.0017 -0.7368
vn -0.6146 -0.0364 -0.7880
vn -0.5237 0.3910 -0.7569
vn -0.8898 0.2149 -0.4025
vn -0.2862 0.0146 -0.9581
vn -0.3687 0.4351 -0.8214
vn -0.0160 0.5555 -0.8313
vn -0.0632 0.5262 -0.8480
vn -0.3097 0.3559 -0.8817
vn -0.2938 0.3972 -0.8694
vn -0.2043 0.1076 -0.9730
vn -0.0261 -0.1992 -0.9796
vn -0.3288 0.5706 -0.7525
vn -0.4788 -0.2117 -0.8520
vn -0.1538 -0.2428 -0.9578
vn -0.1477 -0.2371 -0.9602
vn -0.1496 -0.2389 -0.9595
vn -0.1572 -0.2460 -0.9564
vn -0.4603 0.1721 -0.8709
vn -0.5396 -0.0520 -0.8403
vn -0.3710 -0.0758 -0.9255
vn -0.2329 -0.1337 -0.9633
vn -0.6710 0.1192 -0.7318
vn -0.6722 -0.1092 -0.7322
vn -0.5498 0.2391 -0.8004
vn -0.4960 0.4961 -0.7126
vn -0.4766 -0.1506 -0.8661
vn -0.4170 -0.2371 -0.8774
vn -0.5226 0.0143 -0.8525
vn -0.4193 -0.1519 -0.8951
vn -0.8320 0.2928 -0.4712
vn -0.7859 0.3463 -0.5123
vn -0.8078 0.2584 -0.5298
vn -0.8262 0.2546 -0.5026
vn -0.7836 0.2410 -0.5726
vn -0.7389 0.3109 -0.5978
vn -0.7057 0.3085 -0.6378
vn -0.7958 0.1968 -0.5726
vn -0.9883 -0.1453 -0.0470
vn -0.9802 -0.0812 -0.1808
vn -0.9913 -0.1157 -0.0633
vn -0.9679 -0.0371 -0.2487
vn -0.8198 0.1050 -0.5629
vn -0.2418 0.7875 -0.5669
vn -0.7597 0.3440 -0.5519
vn -0.7224 0.4892 -0.4886
vn -0.5843 0.3411 -0.7364
vn -0.5178 0.3562 -0.7778
vn -0.4152 0.3915 -0.8212
vn -0.4270 0.4602 -0.7784
vn -0.3851 0.3053 -0.8709
vn -0.3888 0.2688 -0.8812
vn -0.5941 0.3563 -0.7212
vn -0.5034 0.3641 -0.7836
vn -0.5775 0.3581 -0.7337
vn -0.6725 0.3451 -0.6547
vn -0.0024 0.9129 -0.4082
vn -0.0266 0.9013 -0.4324
vn 0.2123 0.7954 -0.5676
vn -0.1393 0.8316 -0.5376
vn 0.4802 0.6097 -0.6306
vn 0.0031 0.2010 -0.9796
vn -0.0508 0.2007 -0.9783
vn -0.2820 0.0825 -0.9559
vn 0.0028 -0.2565 -0.9665
vn -0.0767 -0.2587 -0.9629
vn -0.1687 -0.2263 -0.9593
vn -0.3533 -0.1299 -0.9264
vn -0.3006 0.1483 -0.9421
vn -0.3039 0.1520 -0.9405
vn -0.2756 0.1201 -0.9537
vn -0.0821 -0.2240 -0.9711
vn -0.2219 -0.1695 -0.9602
vn -0.4112 -0.1239 -0.9031
vn -0.4555 -0.1172 -0.8825
vn -0.4475 -0.1254 -0.8854
vn -0.4574 -0.1152 -0.8818
vn -0.4652 -0.1070 -0.8787
vn -0.4030 -0.0150 -0.9151
vn -0.4465 0.0341 -0.8941
vn -0.4008 -0.0174 -0.9160
vn -0.3516 -0.0702 -0.9335
vn -0.0996 0.4786 -0.8724
vn -0.0984 -0.0067 -0.9951
vn -0.0633 -0.6010 -0.7967
vn -0.1045 -0.5467 -0.8308
vn -0.1324 -0.5364 -0.8335
vn -0.1795 0.4909 -0.8525
vn -0.0988 0.8515 -0.5150
vn -0.1559 0.0866 -0.9840
vn 0.0031 0.0000 -1.0000
vn -0.0519 0.0000 -0.9987
vn -0.2114 0.1113 -0.9711
vn -0.2726 0.1434 -0.9514
vn -0.3737 0.1718 -0.9115
vn -0.2373 0.0386 -0.9707
vn -0.2643 0.0643 -0.9623
vn -0.3878 0.1860 -0.9028
vn 0.0031 0.1278 -0.9918
vn -0.0515 0.1277 -0.9905
vn 0.0029 0.1278 -0.9918
vn -0.0696 0.1322 -0.9888
vn 0.0029 0.1267 -0.9919
vn -0.0735 0.1315 -0.9886
vn -0.1366 0.1170 -0.9837
vn -0.1193 0.1028 -0.9875
vn -0.1378 0.1180 -0.9834
vn -0.1591 0.1356 -0.9779
vn -0.1805 0.1193 -0.9763
vn -0.1647 0.0806 -0.9831
vn -0.1711 0.0962 -0.9806
vn -0.1869 0.1352 -0.9730
vn -0.2223 0.1099 -0.9688
vn -0.2044 0.0731 -0.9761
vn -0.2172 0.0994 -0.9711
vn -0.2337 0.1338 -0.9631
vn 0.0008 -0.9647 -0.2634
vn -0.0137 -0.9646 -0.2634
vn -0.0629 -0.9628 -0.2629
vn 0.0031 -0.0791 -0.9969
vn -0.0517 -0.0790 -0.9955
vn -0.3129 -0.0378 -0.9490
vn 0.0024 -0.0347 -0.9994
vn -0.0860 0.0335 -0.9957
vn -0.4062 -0.1168 -0.9063
vn -0.4092 -0.1269 -0.9036
vn -0.3970 -0.0863 -0.9138
vn -0.3927 -0.0727 -0.9168
vn -0.3898 0.0635 -0.9187
vn -0.9635 0.1127 -0.2429
vn -0.7521 0.1750 -0.6353
vn -0.6623 0.7228 -0.1972
vn -0.6601 0.6003 -0.4515
vn -0.0024 0.8790 -0.4769
vn -0.0323 0.8925 -0.4498
vn -0.1129 0.8704 -0.4793
vn 0.0016 0.1093 -0.9940
vn -0.1011 0.1747 -0.9794
vn -0.3489 0.1117 -0.9305
vn -0.4153 0.4226 -0.8055
vn -0.9993 -0.0187 -0.0331
vn -0.9867 0.1282 -0.1003
vn -0.9994 -0.0179 -0.0296
vn -0.9864 0.1295 -0.1017
vn -0.9635 0.1877 -0.1908
vn -0.9855 0.0581 -0.1595
vn -0.8600 0.0845 -0.5032
vn -0.7355 0.0545 -0.6754
vn -0.6981 0.0451 -0.7145
vn -0.5895 0.0720 -0.8046
vn -0.5614 0.1084 -0.8204
vn -0.5815 0.0825 -0.8093
vn -0.6047 0.0513 -0.7948
vn -0.6647 0.3982 -0.6321
vn -0.6969 0.4557 -0.5538
vn -0.6740 0.4140 -0.6118
vn -0.6536 0.3800 -0.6545
vn -0.7643 0.0786 -0.6400
vn -0.6228 0.4133 -0.6644
vn -0.8227 -0.5161 -0.2385
vn -0.7039 -0.6224 -0.3422
vn -0.5414 -0.7130 -0.4456
vn -0.8826 0.3219 -0.3427
vn -0.7721 0.2770 -0.5719
vn -0.5223 0.1989 -0.8292
vn -0.2389 0.9144 -0.3268
vn -0.0057 0.9759 -0.2181
vn -0.2859 0.8895 -0.3564
vn -0.3730 0.8450 -0.3832
vn -0.2981 0.8829 -0.3628
vn -0.1091 0.8376 -0.5352
vn -0.2609 0.9634 -0.0611
vn -0.9106 0.2331 -0.3413
vn -0.8977 0.2873 -0.3341
vn -0.2136 0.9760 -0.0424
vn -0.0050 0.9007 -0.4344
vn -0.0310 0.8966 -0.4417
vn -0.0737 0.8692 -0.4889
vn -0.0638 0.8669 -0.4944
vn -0.1418 -0.9896 -0.0247
vn -0.0206 0.4373 -0.8991
vn -0.0189 0.0000 -0.9998
vn -0.0111 -0.6082 -0.7937
vn -0.0114 -0.5795 -0.8149
vn -0.0148 0.5415 -0.8406
vn -0.0023 0.9078 -0.4194
vn 0.0028 0.2010 -0.9796
vn 0.0030 -0.2565 -0.9665
vn 0.0029 0.0000 -1.0000
vn 0.0031 0.1267 -0.9919
vn 0.0029 -0.0791 -0.9969
vn 0.0026 -0.0371 -0.9993
vn -0.0022 0.8842 -0.4671
vn 0.0017 0.1069 -0.9943
vn -0.0046 0.9007 -0.4344
vn -0.0069 0.9158 -0.4016
vn -0.0043 0.9152 -0.4030
vn -0.0104 0.9157 -0.4017
vn -0.0131 0.9161 -0.4007
vn -0.0046 0.9152 -0.4030
vn -0.0044 0.9152 -0.4030
vn -0.0618 0.4368 -0.8975
vn -0.0553 -0.0000 -0.9985
vn -0.0472 -0.6032 -0.7962
vn -0.0518 -0.3499 -0.9354
vn -0.1066 0.5072 -0.8552
vn -0.0509 0.8812 -0.4699
vn -0.0838 0.1577 -0.9839
vn -0.0502 -0.2562 -0.9653
vn -0.0825 -0.0173 -0.9964
vn -0.0671 0.1323 -0.9889
vn -0.0515 0.1266 -0.9906
vn -0.0203 -0.9645 -0.2633
vn -0.0767 -0.0789 -0.9939
vn -0.0534 -0.0288 -0.9982
vn -0.0471 0.8933 -0.4471
vn -0.0559 0.1149 -0.9918
vn -0.0394 0.8835 -0.4667
vn -0.0218 0.9170 -0.3982
vn -0.0201 0.9166 -0.3993
vn -0.0239 0.9169 -0.3984
vn -0.0259 0.9172 -0.3977
vn -0.0444 0.9262 -0.3744
vn -0.0340 0.9213 -0.3873
vn -0.0563 0.9249 -0.3760
vn -0.0734 0.9276 -0.3664
vn -0.0267 0.9199 -0.3913
vn -0.0233 0.9178 -0.3963
vn -0.0281 0.9185 -0.3944
vn -0.0329 0.9200 -0.3905
vn -0.0414 0.9213 -0.3866
vn -0.0416 0.9213 -0.3866
vn -0.0407 0.9213 -0.3868
vn -0.0405 0.9213 -0.3868
vn -0.0242 0.9267 -0.3751
vn -0.0215 0.9261 -0.3768
vn -0.0331 0.9363 -0.3496
vn -0.0357 0.9365 -0.3488
vn -0.0039 0.9358 -0.3524
vn -0.0040 0.9260 -0.3775
vn -0.0327 0.9280 -0.3711
vn -0.0306 0.9268 -0.3743
vn -0.0394 0.9374 -0.3461
vn -0.0418 0.9375 -0.3454
vn -0.0949 0.9380 -0.3334
vn -0.1014 0.9341 -0.3422
vn -0.0928 0.9314 -0.3519
vn -0.0931 0.9383 -0.3330
vn -0.0429 0.9295 -0.3663
vn -0.0397 0.9282 -0.3701
vn -0.0422 0.9376 -0.3451
vn -0.0425 0.9377 -0.3450
vn -0.0683 0.9375 -0.3412
vn -0.0383 0.9314 -0.3619
vn -0.0413 0.9313 -0.3619
vn -0.0730 0.9369 -0.3419
vn -0.7401 0.6494 -0.1744
vn -0.9998 0.0183 0.0121
vn -0.9857 0.1657 -0.0306
vn -0.9871 0.1575 -0.0298
vn -0.6580 0.7525 -0.0264
vn -0.9625 0.2712 0.0113
vn -0.9650 0.2578 -0.0484
vn -0.9718 0.2341 0.0278
vn -0.9498 0.2989 -0.0927
vn -0.2031 0.9201 -0.3349
vn -0.1310 0.9356 -0.3277
vn -0.1523 0.9316 -0.3300
vn -0.2224 0.9150 -0.3366
vn -0.2269 0.9174 -0.3270
vn -0.2308 0.9194 -0.3185
vn -0.2277 0.9178 -0.3252
vn -0.0779 0.9968 -0.0175
vn -0.7819 0.6228 -0.0261
vn -0.0990 0.9947 -0.0268
vn -0.7709 0.6367 -0.0172
vn -0.1219 0.9877 -0.0977
vn -0.7779 0.6277 -0.0287
vn -0.1214 0.9714 -0.2039
vn -0.8007 0.5934 -0.0820
vn -0.1332 0.9620 -0.2384
vn -0.7958 0.5978 -0.0972
vn -0.9178 0.3971 -0.0056
vn -0.8619 0.5066 0.0235
vn -0.9888 -0.1485 -0.0165
vn -0.9831 0.1833 -0.0047
vn -0.9962 0.0869 -0.0073
vn -0.9917 0.1286 -0.0035
vn -0.8337 -0.5519 -0.0198
vn -0.9998 0.0201 -0.0095
vn -0.9982 -0.0598 -0.0077
vn -0.9978 -0.0662 0.0024
vn -0.9981 -0.0621 -0.0041
vn -0.9983 -0.0559 -0.0139
vn -0.9996 -0.0186 0.0211
vn -0.9992 -0.0320 0.0222
vn -0.9971 -0.0731 0.0229
vn -0.9912 -0.1323 0.0092
vn -0.9243 -0.3818 -0.0018
vn -0.9607 -0.1089 0.2553
vn -0.9860 0.0040 0.1668
vn -0.9884 0.0631 0.1383
vn -0.9867 0.1124 0.1172
vn -0.9863 0.1535 0.0610
vn -0.9862 0.1636 0.0236
vn -0.9849 -0.1666 0.0466
vn -0.9976 -0.0629 0.0290
vn -0.9994 -0.0278 0.0196
vn -0.9997 -0.0147 0.0193
vn -0.9946 -0.1012 0.0249
vn -0.9913 0.0372 0.1263
vn -0.9809 0.0892 0.1728
vn -0.9833 0.1291 0.1284
vn -0.9865 0.1494 0.0674
vn -0.9860 0.1649 0.0263
vn -0.9879 0.1550 0.0059
vn -0.9862 0.1652 0.0078
vn -0.9279 -0.3698 0.0473
vn -0.9957 0.0132 0.0915
vn -0.9925 0.0131 0.1214
vn -0.9994 0.0132 0.0331
vn -0.9999 0.0132 -0.0010
vn -0.9277 -0.3729 -0.0154
vn -0.9984 0.0363 -0.0438
vn -0.9890 -0.1478 -0.0014
vn -0.9858 -0.1664 0.0225
vn -0.9145 -0.4047 -0.0001
vn -0.9988 0.0473 0.0134
vn -0.8333 -0.5528 -0.0048
vn -0.8814 -0.4625 -0.0960
vn -0.9086 -0.4169 -0.0268
vn -0.8920 -0.4464 -0.0711
vn -0.8527 -0.4990 -0.1549
vn -0.9825 0.1864 0.0007
vn -0.9845 0.1708 -0.0406
vn -0.9974 0.0602 -0.0403
vn -0.9957 0.0830 -0.0404
vn -0.9809 0.1901 -0.0405
vn -0.9963 0.0864 -0.0004
vn -0.9950 0.0973 -0.0204
vn -0.9898 0.1402 0.0259
vn -0.8401 0.5422 0.0153
vn -0.7869 0.6129 0.0712
vn -0.7391 0.6727 -0.0350
vn -0.7165 0.6967 -0.0341
vn -0.9635 0.2669 0.0184
vn -0.9700 0.2399 0.0396
vn -0.9623 0.2715 0.0148
vn -0.9527 0.3037 -0.0108
vn -0.9524 0.3048 -0.0063
vn -0.9514 0.3080 0.0069
vn -0.9509 0.3093 0.0122
vn -0.9800 0.1950 0.0391
vn -0.9857 0.1685 -0.0087
vn -0.9812 0.1907 0.0313
vn -0.9640 0.2379 0.1188
vn -0.9977 -0.0676 -0.0027
vn -0.9883 0.0635 0.1383
vn -0.9802 0.0562 0.1897
vn -0.9890 0.0643 0.1332
vn -0.9939 0.0711 0.0840
vn -0.9998 0.0213 0.0028
vn -0.9825 0.0868 0.1646
vn -0.9836 0.0891 0.1570
vn -0.9826 0.0869 0.1642
vn -0.9815 0.0845 0.1719
vn -0.8064 0.5910 0.0188
vn -0.9976 -0.0693 -0.0028
vn -0.9997 0.0222 0.0029
vn -0.9926 0.1210 0.0011
vn -0.9918 0.1278 -0.0007
vn -0.9953 0.0970 0.0073
vn -0.9957 0.0919 0.0086
vn -0.9973 0.0736 -0.0008
vn -0.9984 0.0553 -0.0100
vn -0.9834 0.0963 0.1535
vn -0.9837 0.0972 0.1515
vn -0.9835 0.0963 0.1533
vn -0.9833 0.0955 0.1551
vn -0.9896 0.0151 0.1433
vn -0.9923 -0.0434 0.1164
vn -0.9905 0.0027 0.1376
vn -0.9844 0.0620 0.1645
vn -0.9171 0.3986 -0.0090
vn -0.9176 0.3974 -0.0075
vn -0.9166 0.3997 -0.0104
vn -0.9188 0.3946 -0.0064
vn -0.9210 0.3896 0.0023
vn -0.9196 0.3929 -0.0034
vn -0.9178 0.3970 -0.0106
vn -0.9031 0.4256 -0.0579
vn -0.9024 0.4261 -0.0646
vn -0.9046 0.4242 -0.0421
vn -0.9051 0.4236 -0.0355
vn -0.9210 0.3891 0.0177
vn -0.9141 0.4016 -0.0568
vn -0.9124 0.4040 -0.0650
vn -0.9209 0.3895 -0.0173
vn -0.9216 0.3879 -0.0124
vn -0.0016 0.9994 0.0335
vn -0.0066 0.9993 0.0380
vn -0.0035 0.9974 0.0717
vn -0.0018 0.9983 0.0581
vn -0.0073 0.9924 0.1231
vn -0.0056 0.9913 0.1315
vn -0.0171 0.9791 0.2027
vn -0.0142 0.9841 0.1773
vn -0.0143 0.9834 0.1809
vn -0.0168 0.9787 0.2045
vn -0.0218 0.9620 0.2723
vn -0.0207 0.9621 0.2719
vn -0.0334 0.9284 0.3701
vn -0.0440 0.9268 0.3730
vn -0.0321 0.9177 0.3959
vn -0.0542 0.9160 0.3974
vn -0.0035 0.9995 0.0312
vn -0.0068 0.9994 0.0338
vn -0.0369 0.9990 0.0258
vn -0.0261 0.9005 0.4342
vn -0.0325 0.9224 0.3848
vn -0.0194 0.9139 0.4055
vn -0.0125 0.8732 0.4872
vn -0.0168 0.9619 0.2728
vn -0.0112 0.9618 0.2737
vn -0.0085 0.9783 0.2071
vn -0.0050 0.9776 0.2102
vn -0.0100 0.9833 0.1818
vn -0.0014 0.9914 0.1308
vn 0.0013 0.9918 0.1282
vn -0.0058 0.9832 0.1823
vn 0.0025 0.9968 0.0799
vn 0.0060 0.9963 0.0854
vn -0.0019 0.9988 0.0480
vn 0.0005 0.9980 0.0631
vn -0.0659 0.7741 0.6297
vn -0.0189 0.7921 0.6101
vn -0.0336 0.7881 0.6146
vn -0.0120 0.9788 0.2046
vn -0.1442 0.7484 0.6474
vn -0.2060 0.9774 0.0473
vn -0.1420 0.9894 0.0306
vn -0.2230 0.9564 0.1888
vn -0.1826 0.9598 0.2130
vn -0.1685 0.9713 0.1681
vn -0.1816 0.9314 0.3154
vn -0.1814 0.9374 0.2971
vn -0.1845 0.9362 0.2990
vn -0.1782 0.9387 0.2951
vn -0.1752 0.9399 0.2932
vn -0.1262 0.9524 0.2774
vn -0.1051 0.9569 0.2708
vn -0.1122 0.9554 0.2730
vn -0.1328 0.9510 0.2794
vn 0.0460 0.9949 0.0895
vn 0.0443 0.9731 0.2261
vn 0.0483 0.9920 0.1169
vn 0.0157 0.9913 0.1304
vn 0.0574 0.9621 0.2666
vn -0.0829 0.9837 0.1598
vn -0.2248 0.9686 0.1063
vn -0.0857 0.9836 0.1588
vn -0.0296 0.9834 0.1788
vn -0.0143 0.9794 0.2015
vn -0.0154 0.9792 0.2022
vn -0.0152 0.9787 0.2046
vn -0.0142 0.9788 0.2045
vn -0.0078 0.9776 0.2102
vn -0.0068 0.9776 0.2103
vn -0.0109 0.9782 0.2072
vn -0.0122 0.9783 0.2070
vn -0.1421 0.9694 0.2003
vn 0.0528 0.9841 0.1695
vn -0.2998 0.9523 0.0571
vn -0.3158 0.9478 0.0439
vn -0.1000 0.9919 0.0782
vn -0.0152 0.9837 0.1792
vn -0.0339 0.9914 0.1264
vn -0.1824 0.9804 0.0745
vn -0.2384 0.9684 0.0732
vn -0.0097 0.9647 0.2633
vn -0.3655 0.6664 0.6499
vn -0.2362 0.7022 0.6717
vn -0.7220 0.5609 0.4051
vn -0.7726 0.6116 0.1705
vn -0.5146 0.6299 0.5817
vn -0.7844 0.6179 0.0545
vn -0.7957 0.5965 0.1047
vn -0.7679 0.6347 0.0865
vn -0.7818 0.6216 0.0498
vn -0.7786 0.6238 0.0674
vn -0.1891 0.6498 0.7362
vn -0.0623 0.6926 0.7187
vn -0.0162 0.7238 0.6898
vn -0.1167 0.6353 0.7634
vn -0.2090 0.2887 0.9343
vn -0.0667 0.1901 0.9795
vn -0.0342 0.1593 0.9866
vn -0.1528 0.2314 0.9608
vn -0.0194 0.7532 0.6575
vn -0.0557 0.7647 0.6419
vn -0.1004 0.7701 0.6300
vn -0.1504 0.7486 0.6458
vn -0.1896 0.4641 0.8653
vn -0.1288 0.4844 0.8653
vn -0.0539 0.4842 0.8733
vn -0.0218 0.4796 0.8772
vn -0.3242 0.6863 0.6510
vn -0.3162 0.6659 0.6757
vn -0.5167 0.7482 0.4162
vn -0.4181 0.7229 0.5500
vn -0.3622 0.6011 0.7124
vn -0.3848 0.6079 0.6945
vn -0.5457 0.7537 0.3663
vn -0.4309 0.6061 0.6686
vn -0.1429 0.9693 0.2003
vn 0.0498 0.9842 0.1701
vn -0.0245 0.9830 0.1818
vn -0.6539 0.6501 0.3871
vn -0.5153 0.7548 0.4058
vn -0.5898 0.6894 0.4205
vn -0.5521 0.7368 0.3904
vn -0.4334 0.1980 0.8792
vn -0.4430 0.1742 0.8794
vn -0.4205 0.1774 0.8898
vn -0.2280 0.6857 0.6913
vn -0.4574 0.4372 0.7744
vn -0.6084 0.3729 0.7006
vn -0.2038 0.7306 0.6517
vn -0.4709 0.5847 0.6606
vn -0.5983 0.1819 0.7804
vn -0.2036 0.0000 0.9791
vn -0.0660 0.0000 0.9978
vn -0.0210 0.0000 0.9998
vn -0.1352 0.0000 0.9908
vn -0.0806 0.8914 0.4461
vn -0.0255 0.9253 0.3783
vn -0.0079 0.9262 0.3769
vn -0.0529 0.9168 0.3958
vn -0.0842 0.8556 0.5107
vn -0.1184 0.8656 0.4865
vn -0.0881 0.8568 0.5080
vn -0.0567 0.8464 0.5295
vn -0.1511 0.4720 0.8685
vn -0.3252 0.0097 0.9456
vn -0.3167 0.0119 0.9485
vn -0.3460 0.0044 0.9382
vn -0.3633 0.0000 0.9317
vn -0.2392 0.0145 0.9709
vn -0.0660 0.0149 0.9977
vn -0.0210 0.0149 0.9997
vn -0.1352 0.0147 0.9907
vn -0.2266 0.0145 0.9739
vn -0.2925 0.0226 0.9560
vn -0.4957 -0.0025 0.8685
vn -0.3490 0.0084 0.9371
vn -0.3726 0.0023 0.9280
vn -0.3630 0.0024 0.9318
vn -0.3374 0.0094 0.9413
vn -0.2795 0.0264 0.9598
vn -0.4014 0.0226 0.9156
vn -0.3360 0.0148 0.9418
vn -0.3259 0.0112 0.9453
vn -0.5713 0.2815 0.7710
vn -0.6351 0.2989 0.7122
vn -0.4733 0.3324 0.8158
vn -0.6822 0.2856 0.6731
vn -0.2159 -0.0936 0.9719
vn -0.0568 -0.1203 0.9911
vn -0.0208 -0.1268 0.9917
vn -0.1249 -0.1080 0.9863
vn -0.2200 -0.0850 0.9718
vn -0.2637 -0.0805 0.9613
vn -0.2973 -0.0777 0.9516
vn -0.2980 -0.0766 0.9515
vn -0.2977 -0.0770 0.9516
vn -0.2943 -0.0824 0.9522
vn -0.8386 -0.5444 0.0216
vn -0.9946 -0.1023 0.0146
vn -0.9984 -0.0522 0.0203
vn -0.9987 -0.0412 0.0300
vn -0.9996 -0.0170 0.0212
vn -0.9995 -0.0144 0.0263
vn -0.9995 0.0293 -0.0097
vn -0.9996 -0.0176 -0.0220
vn -0.9992 -0.0318 -0.0229
vn -0.9970 -0.0718 -0.0273
vn -0.9942 -0.1066 -0.0120
vn -0.8895 -0.4569 0.0048
vn -0.9993 0.0111 0.0366
vn -0.9339 -0.2276 0.2758
vn -0.9611 -0.0704 -0.2671
vn -0.9810 0.0050 -0.1942
vn -0.9835 0.0805 -0.1619
vn -0.9826 0.1299 -0.1329
vn -0.9848 0.1601 -0.0669
vn -0.9862 0.1631 -0.0265
vn -0.9877 0.1559 0.0083
vn -0.9861 0.1318 0.1012
vn -0.9850 0.1149 0.1285
vn -0.9807 0.0841 0.1767
vn -0.9772 0.0294 0.2102
vn -0.9615 -0.0541 0.2695
vn -0.9858 0.1527 0.0704
vn -0.9914 -0.1274 -0.0288
vn -0.9975 -0.0646 -0.0281
vn -0.9994 -0.0265 -0.0216
vn -0.9997 -0.0132 -0.0208
vn -0.9997 -0.0145 0.0217
vn -0.9997 -0.0169 0.0182
vn -0.9989 -0.0350 0.0303
vn -0.9987 -0.0422 0.0301
vn -0.9894 -0.1109 0.0939
vn -0.9999 -0.0061 0.0138
vn -0.7010 0.1048 -0.7054
vn -0.6514 0.2065 -0.7300
vn -0.9188 0.1313 -0.3722
vn -0.9635 0.1970 -0.1811
vn -0.9640 0.2450 -0.1035
vn -0.9645 0.2611 -0.0405
vn -0.9635 0.2671 0.0192
vn -0.9626 0.2241 0.1525
vn -0.9628 0.1915 0.1907
vn -0.9619 0.1316 0.2396
vn -0.9568 0.0764 0.2804
vn -0.9495 -0.0772 0.3040
vn -0.9644 0.2439 0.1020
vn -0.9974 0.0556 -0.0455
vn -0.9912 0.1220 -0.0523
vn -0.9683 -0.2173 0.1232
vn -0.9316 -0.2143 0.2938
vn -0.9679 -0.2510 0.0158
vn -0.8633 -0.4626 0.2016
vn -0.8825 -0.4557 0.1166
vn -0.8523 -0.4429 0.2784
vn -0.9747 0.0170 0.2230
vn -0.9767 -0.0483 0.2089
vn -0.9749 0.0138 0.2224
vn -0.9716 0.0540 0.2306
vn -0.8897 0.3523 0.2904
vn -0.8251 0.4639 0.3225
vn -0.8178 0.4645 0.3398
vn -0.8965 0.3287 0.2971
vn -0.7394 0.5581 0.3767
vn -0.7310 0.5609 0.3886
vn -0.6968 0.6501 0.3032
vn -0.8836 0.4186 0.2097
vn -0.9722 0.1508 0.1792
vn -0.9738 0.1893 0.1263
vn -0.9711 0.1405 0.1932
vn -0.9675 0.1172 0.2242
vn -0.7881 0.5878 0.1825
vn -0.7604 0.6076 0.2293
vn -0.7091 0.6751 0.2032
vn -0.7053 0.6895 0.1645
vn -0.1455 0.9886 0.0381
vn -0.3535 0.9328 0.0699
vn -0.8733 0.4855 -0.0401
vn -0.9128 0.4079 -0.0200
vn -0.8945 0.4453 -0.0403
vn -0.8566 0.5119 -0.0648
vn -0.8805 0.4729 -0.0327
vn -0.8363 0.5439 -0.0685
vn -0.8867 0.4616 -0.0263
vn -0.9203 0.3912 0.0025
vn -0.9879 0.1550 -0.0059
vn -0.9636 0.2669 -0.0137
vn -0.7739 0.6314 -0.0490
vn -0.8186 0.5744 -0.0044
vn -0.7637 0.6431 -0.0569
vn -0.7155 0.6915 -0.0992
vn -0.7038 0.7101 -0.0212
vn -0.7376 0.6752 0.0120
vn -0.7240 0.6897 -0.0102
vn -0.6981 0.7152 -0.0332
vn -0.9864 0.1619 0.0299
vn -0.9639 0.2619 0.0482
vn -0.7052 0.7079 0.0386
vn -0.6950 0.7168 0.0566
vn -0.6779 0.7343 0.0368
vn -0.7161 0.6962 0.0508
vn -0.7266 0.6785 0.1084
vn -0.7120 0.6914 0.1227
vn -0.6802 0.7245 0.1115
vn -0.6566 0.7451 0.1173
vn -0.6284 0.7553 0.1862
vn -0.6632 0.7322 0.1548
vn -0.9286 0.3706 -0.0214
vn -0.9356 0.3531 -0.0074
vn -0.8412 0.5370 -0.0624
vn -0.7915 0.6023 -0.1039
vn -0.8112 0.5847 -0.0100
vn -0.8514 0.5236 0.0319
vn -0.7573 0.6522 0.0317
vn -0.7638 0.6429 0.0572
vn -0.6715 0.7389 0.0558
vn -0.7131 0.6944 0.0967
vn -0.6291 0.7690 0.1139
vn -0.5976 0.7912 0.1299
vn -0.8579 0.4488 0.2501
vn -0.8753 0.4391 0.2024
vn -0.8604 0.4476 0.2436
vn -0.8413 0.4561 0.2900
vn -0.7202 0.6411 0.2650
vn -0.7059 0.6594 0.2584
vn -0.7192 0.6425 0.2646
vn -0.7356 0.6203 0.2722
vn -0.5526 0.0437 0.8323
vn -0.6229 0.0383 0.7814
vn -0.8598 -0.0926 0.5022
vn -0.8796 -0.0389 0.4742
vn -0.8630 -0.0844 0.4981
vn -0.8342 -0.1506 0.5304
vn -0.8335 -0.4315 0.3451
vn -0.9075 -0.2111 0.3632
vn -0.9060 -0.0311 0.4220
vn -0.9300 -0.0601 0.3626
vn -0.8902 -0.0142 0.4554
vn -0.8783 -0.0025 0.4781
vn -0.9653 -0.1387 0.2211
vn -0.9096 0.2054 0.3612
vn -0.6408 0.5074 0.5761
vn -0.4120 0.6118 0.6753
vn -0.3616 0.5672 0.7399
vn -0.1693 0.4251 0.8892
vn 0.0774 0.3049 0.9492
vn 0.0499 0.2866 0.9568
vn -0.8733 -0.4868 0.0185
vn -0.8329 -0.5379 0.1297
vn -0.8364 -0.5342 0.1225
vn -0.8048 -0.5285 0.2701
vn -0.7846 -0.5249 0.3299
vn -0.1912 0.0000 0.9816
vn -0.0486 -0.0000 0.9988
vn -0.0210 -0.0000 0.9998
vn -0.1173 0.0000 0.9931
vn -0.2034 0.0000 0.9791
vn -0.1425 0.6669 0.7314
vn -0.0359 0.6733 0.7385
vn -0.0155 0.6737 0.7389
vn -0.0869 0.6712 0.7362
vn -0.1518 0.6659 0.7304
vn -0.0747 -0.8906 0.4485
vn -0.0197 -0.9022 0.4308
vn -0.0085 -0.9036 0.4283
vn -0.0486 -0.8984 0.4364
vn -0.0903 -0.8837 0.4592
vn -0.1568 0.6075 0.7787
vn -0.2876 0.5211 0.8036
vn -0.0620 -0.0889 0.9941
vn -0.0357 -0.1235 0.9917
vn -0.0876 -0.0549 0.9946
vn -0.1285 0.0000 0.9917
vn -0.1293 -0.2026 0.9707
vn -0.1198 -0.8782 0.4630
vn -0.1697 -0.8503 0.4982
vn -0.1557 -0.8168 0.5556
vn -0.3141 -0.8038 0.5052
vn -0.2775 -0.8152 0.5084
vn -0.3850 -0.8064 0.4489
vn -0.4623 -0.7826 0.4169
vn -0.6664 -0.6973 0.2639
vn -0.5822 -0.7501 0.3137
vn -0.7644 -0.6077 0.2154
vn -0.8186 -0.5445 0.1829
vn -0.8720 -0.4537 0.1836
vn -0.8766 -0.4467 0.1792
vn -0.8678 -0.4601 0.1876
vn -0.8637 -0.4661 0.1915
vn -0.2182 -0.8057 0.5506
vn -0.8268 -0.4202 0.3740
vn -0.3379 -0.0897 0.9369
vn -0.3586 -0.0507 0.9321
vn -0.3118 -0.0783 0.9469
vn -0.3064 -0.1042 0.9462
vn -0.4613 -0.0236 0.8869
vn -0.4766 0.0084 0.8791
vn -0.5370 -0.0178 0.8434
vn -0.5291 0.0062 0.8486
vn -0.3308 -0.0354 0.9430
vn -0.3946 -0.0069 0.9188
vn -0.4694 0.0445 0.8819
vn -0.4848 0.0409 0.8737
vn -0.6797 -0.0027 0.7335
vn -0.7159 -0.0172 0.6980
vn -0.6326 0.0150 0.7743
vn -0.5743 0.0357 0.8179
vn -0.7049 0.0189 0.7090
vn -0.7046 0.0143 0.7094
vn -0.7055 0.0293 0.7081
vn -0.7058 0.0363 0.7075
vn -0.2845 -0.0455 0.9576
vn -0.2877 -0.0348 0.9571
vn -0.2761 -0.0735 0.9583
vn -0.2694 -0.0952 0.9583
vn -0.2693 -0.0921 0.9587
vn -0.3581 0.1163 0.9264
vn -0.3082 0.0081 0.9513
vn -0.3556 -0.0501 0.9333
vn -0.4644 -0.0308 0.8851
vn -0.6538 0.0324 0.7559
vn -0.7060 0.0644 0.7052
vn -0.8299 0.0647 0.5541
vn -0.0057 0.9777 0.2101
vn -0.0095 0.9783 0.2070
vn -0.0133 0.9788 0.2044
vn -0.1668 0.9627 0.2130
vn 0.0496 0.9732 0.2244
vn -0.0120 0.9793 0.2019
vn -0.5092 0.6365 0.5793
vn -0.4092 0.7317 0.5451
vn -0.3380 0.7295 0.5946
vn -0.4498 0.0906 0.8885
vn -0.6487 0.0752 0.7573
vn -0.7303 0.1099 0.6742
vn -0.8400 0.1947 0.5065
vn -0.8157 0.1548 0.5573
vn -0.8292 0.1762 0.5305
vn -0.8489 0.2111 0.4845
vn -0.3925 0.5435 0.7420
vn -0.4120 0.4177 0.8098
vn -0.4120 0.4283 0.8043
vn -0.3897 0.5429 0.7439
vn -0.4258 0.2816 0.8599
vn -0.4303 0.2779 0.8588
vn -0.3921 0.5477 0.7392
vn -0.4023 0.4309 0.8078
vn -0.4024 0.4285 0.8090
vn -0.5400 0.3793 0.7514
vn -0.6326 0.3756 0.6773
vn -0.4118 0.3242 0.8517
vn -0.4197 0.3490 0.8379
vn -0.4052 0.3040 0.8622
vn -0.3987 0.2845 0.8718
vn -0.7518 0.3974 0.5262
vn -0.7518 0.3938 0.5288
vn -0.7518 0.3968 0.5267
vn -0.7517 0.4010 0.5237
vn -0.0134 0.9794 0.2016
vn -0.0062 0.9776 0.2102
vn -0.0102 0.9783 0.2071
vn -0.1534 0.9649 0.2130
vn 0.0541 0.9733 0.2229
vn -0.5041 0.6427 0.5769
vn -0.4010 0.7396 0.5405
vn -0.2777 0.7931 0.5420
vn -0.3624 0.5645 0.7416
vn -0.3536 0.5531 0.7544
vn -0.3627 0.5649 0.7412
vn -0.3724 0.5772 0.7267
vn -0.1452 0.9662 0.2130
vn 0.0568 0.9734 0.2221
vn -0.5007 0.6468 0.5753
vn -0.3958 0.7446 0.5376
vn -0.2477 0.8208 0.5148
vn -0.4192 0.5433 0.7274
vn -0.4526 0.5716 0.6844
vn -0.4382 0.5594 0.7036
vn -0.3982 0.5251 0.7522
vn -0.5749 0.5236 0.6287
vn -0.5057 0.4672 0.7253
vn -0.4657 0.4824 0.7419
vn -0.5005 0.5395 0.6771
vn -0.6666 0.5282 0.5259
vn -0.4049 0.2922 0.8664
vn -0.3887 0.8268 0.4065
vn -0.7376 0.6378 0.2217
vn -0.4177 0.8382 0.3507
vn -0.3795 0.8183 0.4317
vn -0.7514 0.6380 0.1683
vn -0.7470 0.6231 0.2316
vn -0.2258 0.9638 0.1418
vn -0.7682 0.6393 0.0345
vn -0.1263 0.9903 0.0574
vn -0.3436 0.9060 0.2472
vn -0.7841 0.6206 0.0092
vn -0.7365 0.6715 0.0817
vn 0.0174 0.8056 -0.5922
vn 0.1818 0.7905 -0.5849
vn 0.3016 0.7246 -0.6197
vn 0.0804 0.8026 -0.5911
vn 0.0451 0.8049 -0.5917
vn 0.1217 0.8012 -0.5858
vn 0.6070 0.5336 -0.5890
vn 0.8713 0.2881 -0.3973
vn 0.9675 0.1481 -0.2049
vn 0.9573 0.1011 0.2709
vn -0.9371 0.3490 -0.0013
vn -0.8633 0.5033 0.0370
vn -0.9029 0.4297 -0.0063
vn -0.9175 0.3970 0.0254
vn -0.9343 0.3564 0.0018
vn -0.9161 0.4001 0.0272
vn -0.8956 0.4418 0.0521
vn -0.9110 0.4123 -0.0010
vn -0.9512 0.3086 -0.0078
vn -0.4153 0.8081 0.4177
vn -0.7364 0.6325 0.2401
vn -0.9403 0.3404 -0.0058
vn -0.8945 0.4459 0.0316
vn -0.9850 0.1723 -0.0122
vn -0.8673 0.4965 0.0365
vn -0.9204 0.3905 0.0182
vn -0.9191 0.3940 -0.0048
vn -0.9194 0.3933 0.0001
vn -0.9207 0.3896 0.0243
vn -0.8698 0.4922 0.0340
vn -0.9257 0.3780 0.0158
vn -0.9233 0.3832 -0.0258
vn -0.9238 0.3824 -0.0190
vn -0.9259 0.3770 0.0234
vn -0.8744 0.4839 0.0358
vn -0.9309 0.3649 0.0142
vn -0.9281 0.3713 -0.0281
vn -0.9286 0.3704 -0.0221
vn -0.9313 0.3636 0.0224
vn -0.8820 0.4700 0.0349
vn -0.9356 0.3528 0.0118
vn -0.9321 0.3623 -0.0031
vn -0.9340 0.3573 0.0047
vn -0.9377 0.3468 0.0212
vn -0.9384 0.3449 0.0192
vn -0.9379 0.3465 0.0173
vn -0.9383 0.3452 0.0188
vn -0.9390 0.3433 0.0209
vn -0.8844 -0.4644 -0.0468
vn -0.9976 0.0484 -0.0495
vn -0.9999 0.0129 0.0009
vn -0.9983 0.0418 -0.0402
vn -0.9946 0.0682 -0.0777
vn -0.8760 0.0674 -0.4776
vn -0.8799 -0.4752 0.0000
vn -0.8369 -0.5282 0.1437
vn -0.7990 -0.6010 -0.0203
vn -0.9958 0.0916 0.0010
vn -0.9892 -0.1359 0.0549
vn -0.9805 0.1108 0.1626
vn -0.9986 -0.0006 0.0524
vn -0.9970 0.0214 0.0743
vn -0.9676 0.1511 0.2022
vn -0.9954 0.0960 0.0011
vn -0.9995 -0.0295 0.0091
vn -0.9981 0.0179 0.0586
vn -0.9986 0.0119 0.0524
vn -0.9992 -0.0392 -0.0010
vn -0.8071 -0.5901 -0.0202
vn -0.9868 -0.1614 -0.0168
vn -0.9705 0.2413 -0.0021
vn -0.9950 0.0998 -0.0065
vn -0.9961 0.0251 -0.0845
vn -0.9899 0.1419 -0.0036
vn -0.9946 0.0611 -0.0842
vn -0.9925 -0.0139 -0.1211
vn -0.9885 0.0278 -0.1486
vn -0.9905 0.0249 -0.1356
vn -0.9892 0.0359 -0.1422
vn -0.9885 0.0337 -0.1471
vn -0.9992 -0.0063 0.0382
vn -0.9992 0.0168 0.0365
vn -0.9989 -0.0234 0.0395
vn -0.9984 -0.0389 0.0407
vn -0.9985 -0.0475 0.0268
vn -0.9972 -0.0719 0.0225
vn -0.9994 0.0013 0.0351
vn -0.9991 0.0175 0.0379
vn -0.9989 -0.0465 -0.0083
vn -0.9990 -0.0444 -0.0075
vn -0.9985 -0.0544 -0.0113
vn -0.9984 -0.0560 -0.0119
vn -0.9988 -0.0486 -0.0073
vn -0.9991 -0.0431 -0.0011
vn -0.9990 -0.0437 -0.0018
vn -0.9987 -0.0495 -0.0083
vn -0.9984 0.0471 0.0316
vn -0.9954 0.0731 0.0621
vn -0.9974 0.0578 0.0441
vn -0.9994 0.0318 0.0138
vn -0.9997 0.0221 -0.0097
vn -0.9885 -0.1504 -0.0166
vn -0.9817 0.1904 -0.0044
vn -0.9960 0.0888 -0.0072
vn -0.9914 0.1307 -0.0033
vn -0.8154 -0.5785 -0.0201
vn -0.9997 0.0215 -0.0094
vn -0.9872 -0.1585 -0.0168
vn -0.9741 0.2263 -0.0027
vn -0.9953 0.0970 -0.0067
vn -0.9901 0.1400 -0.0028
vn -0.9997 -0.0234 -0.0068
vn -0.9995 -0.0285 -0.0127
vn -0.9997 -0.0245 -0.0081
vn -0.9998 -0.0196 -0.0024
vn -0.9882 -0.1520 -0.0166
vn -0.9805 0.1966 -0.0041
vn -0.9959 0.0904 -0.0071
vn -0.9912 0.1325 -0.0032
vn -0.8290 -0.5590 -0.0199
vn -0.9997 0.0205 -0.0095
vn -0.9986 -0.0518 -0.0105
vn -0.9985 -0.0548 -0.0054
vn -0.9986 -0.0531 -0.0082
vn -0.9987 -0.0500 -0.0135
vn -0.8212 -0.5703 -0.0200
vn -0.9997 0.0211 -0.0095
vn -0.9877 -0.1555 -0.0167
vn -0.9773 0.2119 -0.0034
vn -0.9955 0.0940 -0.0069
vn -0.9906 0.1366 -0.0030
vn -0.9994 -0.0351 -0.0076
vn -0.9992 -0.0399 -0.0042
vn -0.9994 -0.0341 -0.0083
vn -0.9995 -0.0287 -0.0122
vn -0.9880 -0.1534 -0.0166
vn -0.9793 0.2025 -0.0038
vn -0.9957 0.0919 -0.0070
vn -0.9910 0.1341 -0.0031
vn -0.8249 -0.5649 -0.0200
vn -0.9997 0.0208 -0.0095
vn -0.9991 -0.0413 -0.0100
vn -0.9990 -0.0448 -0.0040
vn -0.9990 -0.0432 -0.0067
vn -0.9991 -0.0397 -0.0129
vn -0.9989 -0.0464 -0.0105
vn -0.9988 -0.0493 -0.0049
vn -0.9988 -0.0480 -0.0074
vn -0.9989 -0.0449 -0.0132
vn -0.0000 -0.8187 -0.5742
vn -0.0000 -0.6301 -0.7765
vn 0.0000 0.0135 -0.9999
vn 0.0000 -0.6260 -0.7798
vn 0.0000 -0.7757 -0.6311
vn 0.0000 -0.9383 -0.3459
vn 0.0000 -0.9996 -0.0287
vn -0.0000 -0.9885 0.1514
vn -0.0000 -0.6101 0.7923
vn -0.0000 -0.3856 0.9226
vn 0.0000 -0.8605 -0.5095
vn -0.0000 -0.9999 0.0125
vn 0.0000 -0.9841 -0.1777
vn 0.0000 0.0043 -1.0000
vn 0.0006 -0.9985 0.0542
vn -0.0000 -0.9986 0.0536
vn 0.0009 -0.9985 0.0539
vn 0.0014 -0.9985 0.0546
vn -0.0008 -0.9993 -0.0372
vn -0.0019 -0.9993 -0.0369
vn -0.0012 -0.9993 -0.0376
vn -0.0007 -0.9994 -0.0349
vn -0.0014 -0.9994 -0.0346
vn -0.0007 -0.9993 -0.0361
vn -0.0004 -0.9994 -0.0340
vn -0.0003 -0.9994 -0.0335
vn -0.0007 -0.9994 -0.0342
vn -0.0001 -0.9985 0.0546
vn -0.0000 -0.9985 0.0549
vn -0.0001 -0.9985 0.0548
vn -0.0002 -0.9985 0.0546
vn 0.0001 -0.9985 0.0547
vn 0.0004 -0.9985 0.0547
vn -0.0007 -0.9995 -0.0326
vn -0.0014 -0.9995 -0.0323
vn -0.0009 -0.9995 -0.0330
vn -0.0002 -0.9995 -0.0317
vn -0.0006 -0.9995 -0.0317
vn -0.0004 -0.9995 -0.0318
vn -0.0000 -0.9995 -0.0313
vn -0.0001 -0.9995 -0.0313
vn -0.0000 -0.9995 -0.0314
vn 0.0016 -0.9986 0.0538
vn 0.0021 -0.9985 0.0543
vn -0.0004 -0.9985 0.0546
vn 0.0005 -0.9985 0.0547
vn 0.0033 -0.9985 0.0539
vn 0.0039 -0.9985 0.0541
vn -0.0006 -0.9985 0.0548
vn -0.0008 -0.9985 0.0547
vn 0.0009 -0.9985 0.0549
vn 0.0011 -0.9985 0.0548
vn -0.0002 -0.9986 0.0538
vn -0.0000 -0.9985 0.0546
vn -0.0003 -0.9986 0.0536
vn -0.0004 -0.9986 0.0537
vn -0.0003 -0.9985 0.0548
vn -0.0005 -0.9985 0.0549
vn 0.0051 -0.9985 0.0539
vn 0.0056 -0.9985 0.0541
vn -0.0012 -0.9985 0.0548
vn -0.0015 -0.9985 0.0547
vn 0.0001 -0.9985 0.0545
vn 0.0015 -0.9985 0.0550
vn 0.0016 -0.9985 0.0549
vn 0.0058 -0.9985 0.0539
vn 0.0061 -0.9985 0.0543
vn -0.0016 -0.9985 0.0548
vn -0.0018 -0.9985 0.0545
vn 0.0018 -0.9985 0.0550
vn 0.0019 -0.9985 0.0549
vn -0.0009 -0.9985 0.0540
vn -0.0005 -0.9985 0.0550
vn -0.0006 -0.9985 0.0546
vn -0.0011 -0.9986 0.0536
vn -0.0016 -0.9985 0.0551
vn -0.0019 -0.9985 0.0544
vn -0.0014 -0.9986 0.0538
vn -0.0013 -0.9985 0.0553
vn -0.0029 -0.9984 0.0559
vn -0.0039 -0.9984 0.0568
vn -0.0050 -0.9984 0.0556
vn -0.0022 -0.9983 0.0575
vn -0.0062 -0.9985 0.0537
vn -0.0025 -0.9993 -0.0377
vn -0.0033 -0.9993 -0.0371
vn -0.0017 -0.9993 -0.0362
vn -0.0025 -0.9994 -0.0348
vn -0.0008 -0.9994 -0.0334
vn -0.0014 -0.9994 -0.0340
vn -0.0015 -0.9995 -0.0330
vn -0.0019 -0.9995 -0.0325
vn -0.0007 -0.9995 -0.0319
vn -0.0010 -0.9995 -0.0318
vn -0.0001 -0.9995 -0.0314
vn -0.0002 -0.9995 -0.0313
vn -0.0050 -0.9993 -0.0376
vn -0.0059 -0.9993 -0.0373
vn -0.0034 -0.9993 -0.0360
vn -0.0045 -0.9994 -0.0349
vn -0.0025 -0.9994 -0.0337
vn -0.0025 -0.9994 -0.0343
vn -0.0021 -0.9995 -0.0329
vn -0.0024 -0.9995 -0.0325
vn -0.0013 -0.9995 -0.0320
vn -0.0015 -0.9995 -0.0320
vn -0.0002 -0.9995 -0.0314
vn -0.0003 -0.9995 -0.0314
vn -0.0033 -0.9992 -0.0404
vn -0.0038 -0.9993 -0.0381
vn -0.0006 -0.9986 -0.0523
vn -0.0043 -0.9986 -0.0534
vn -0.0040 -0.9985 -0.0552
vn -0.0068 -0.9992 -0.0403
vn -0.0071 -0.9992 -0.0382
vn -0.0075 -0.9993 -0.0371
vn -0.0083 -0.9993 -0.0367
vn -0.0052 -0.9994 -0.0354
vn -0.0062 -0.9994 -0.0342
vn -0.0042 -0.9994 -0.0331
vn -0.0051 -0.9995 -0.0324
vn -0.0024 -0.9995 -0.0327
vn -0.0026 -0.9995 -0.0324
vn -0.0017 -0.9995 -0.0320
vn -0.0019 -0.9995 -0.0320
vn -0.0004 -0.9995 -0.0314
vn -0.0003 -0.9995 -0.0312
vn -0.0131 -0.9990 -0.0430
vn -0.0147 -0.9992 -0.0385
vn -0.0089 -0.9985 -0.0549
vn -0.0074 -0.9982 -0.0593
vn -0.0193 -0.9992 -0.0347
vn -0.0177 -0.9986 -0.0490
vn -0.0181 -0.9990 -0.0398
vn -0.0136 -0.9992 -0.0385
vn -0.0157 -0.9984 -0.0550
vn 0.3630 0.0008 -0.9318
vn 0.3657 -0.0006 -0.9307
vn 0.3617 0.0016 -0.9323
vn 0.3582 0.0035 -0.9336
vn 0.3988 0.0011 -0.9170
vn 0.4004 -0.0000 -0.9163
vn 0.3961 0.0030 -0.9182
vn 0.3916 0.0061 -0.9201
vn 0.4004 0.0000 -0.9163
vn -0.8958 -0.4445 -0.0000
vn -0.5354 0.8446 -0.0000
vn -0.1714 -0.9852 -0.0000
vn 0.8917 0.4527 -0.0000
vn -0.2733 0.9619 -0.0000
vn -0.6412 -0.7674 -0.0000
vn 0.6096 0.6254 0.4871
vn 0.3954 0.9185 -0.0000
vn 0.0282 0.7828 0.6217
vn -0.1110 0.8286 0.5487
vn -0.0723 0.8180 0.5706
vn 0.0551 0.7714 0.6339
vn -0.3542 0.8041 0.4774
vn -0.4901 0.8245 0.2830
vn 0.2708 -0.0823 0.9591
vn -0.2224 0.0246 0.9746
vn -0.5545 -0.0421 0.8311
vn -0.7676 -0.2597 0.5859
vn -0.8916 -0.4340 0.1293
vn -0.8848 -0.4431 0.1439
vn -0.8898 -0.4364 0.1333
vn -0.8962 -0.4274 0.1190
vn -0.3087 -0.8864 0.3449
vn -0.3102 -0.8865 0.3433
vn -0.3077 -0.8864 0.3460
vn -0.3061 -0.8863 0.3477
vn -0.6114 -0.7627 0.2108
vn -0.5553 -0.7675 0.3202
vn -0.6037 -0.7642 0.2272
vn -0.6613 -0.7447 0.0896
vn -0.0068 -1.0000 0.0000
vn -0.0068 -1.0000 -0.0000
vn -0.0067 -1.0000 0.0000
vn -0.1627 -0.9161 0.3664
vn -0.1657 -0.9161 0.3652
vn -0.1485 -0.9163 0.3720
vn -0.1451 -0.9163 0.3733
vn 0.4739 -0.0469 -0.8793
vn -0.0313 -0.9995 0.0000
vn -0.2236 -0.9154 0.3347
vn -0.1098 0.9346 0.3382
vn 0.0299 0.9979 0.0566
vn 0.0861 0.9940 -0.0679
vn 0.8674 -0.1981 0.4565
vn 0.8711 -0.2234 0.4372
vn 0.8650 -0.1842 0.4668
vn 0.8600 -0.1595 0.4847
vn 0.9944 -0.1059 0.0029
vn 0.9940 -0.1093 -0.0000
vn 0.9945 -0.1051 0.0037
vn 0.9948 -0.1017 0.0066
vn -0.0000 0.0000 1.0000
vn -0.0000 -0.7071 0.7071
vn -0.0000 -0.8660 0.5000
vn -0.0000 -0.9659 0.2588
vn 0.0000 -0.9659 -0.2588
vn 0.0000 -0.5000 -0.8660
vn 0.0000 -0.2588 -0.9659
vn 0.0000 -0.0000 -1.0000
vn -0.0000 0.9659 0.2588
vn -0.0000 0.8660 0.5000
vn -0.0000 0.7071 0.7071
vn -0.0000 0.5000 0.8660
vn -0.0000 0.2588 0.9659
vn -0.5125 -0.1121 0.8514
vn -0.5125 0.1121 0.8514
vn -0.5125 0.3286 0.7933
vn -0.5125 0.5228 0.6813
vn -0.5125 0.6813 0.5228
vn -0.5125 0.7933 0.3286
vn -0.5125 0.8514 0.1121
vn -0.5125 0.8514 -0.1121
vn -0.5125 0.7933 -0.3286
vn -0.5125 0.6813 -0.5228
vn -0.5125 0.5228 -0.6813
vn -0.5125 0.3286 -0.7933
vn -0.5125 0.1121 -0.8514
vn -0.5125 -0.1121 -0.8514
vn -0.5125 -0.3286 -0.7933
vn -0.5125 -0.5228 -0.6813
vn -0.5125 -0.6813 -0.5228
vn -0.5125 -0.7933 -0.3286
vn -0.5125 -0.8514 -0.1121
vn -0.5125 -0.8514 0.1121
vn -0.5125 -0.7933 0.3286
vn -0.5125 -0.6813 0.5228
vn -0.5125 -0.5228 0.6813
vn -0.5125 -0.3286 0.7933
vn 0.5097 -0.1123 0.8530
vn 0.5097 -0.3292 0.7948
vn 0.5097 -0.5237 0.6826
vn 0.5097 -0.6826 0.5237
vn 0.5097 -0.7948 0.3292
vn 0.5097 -0.8530 0.1123
vn 0.5097 -0.8530 -0.1123
vn 0.5097 -0.7948 -0.3292
vn 0.5097 -0.6825 -0.5237
vn 0.5097 -0.5237 -0.6825
vn 0.5097 -0.3292 -0.7948
vn 0.5097 -0.1123 -0.8530
vn 0.5097 0.1123 -0.8530
vn 0.5097 0.3292 -0.7948
vn 0.5097 0.5237 -0.6826
vn 0.5097 0.6826 -0.5237
vn 0.5097 0.7948 -0.3292
vn 0.5097 0.8530 -0.1123
vn 0.5097 0.8530 0.1123
vn 0.5097 0.7948 0.3292
vn 0.5097 0.6826 0.5237
vn 0.5097 0.5237 0.6825
vn 0.5097 0.3292 0.7948
vn 0.5097 0.1123 0.8530
vn -0.9726 0.0303 -0.2304
vn -0.9726 -0.0303 -0.2304
vn -0.9726 -0.0889 -0.2147
vn -0.9726 -0.1415 -0.1844
vn -0.9726 -0.1844 -0.1415
vn -0.9726 -0.2147 -0.0889
vn -0.9726 -0.2304 -0.0303
vn -0.9726 -0.2304 0.0303
vn -0.9726 -0.2147 0.0889
vn -0.9726 -0.1844 0.1415
vn -0.9726 -0.1415 0.1844
vn -0.9726 -0.0889 0.2147
vn -0.9726 -0.0303 0.2304
vn -0.9726 0.0303 0.2304
vn -0.9726 0.0889 0.2147
vn -0.9726 0.1415 0.1844
vn -0.9726 0.1844 0.1415
vn -0.9726 0.2147 0.0889
vn -0.9726 0.2304 0.0303
vn -0.9726 0.2304 -0.0303
vn -0.9726 0.2147 -0.0889
vn -0.9726 0.1844 -0.1415
vn -0.9726 0.1415 -0.1844
vn -0.9726 0.0889 -0.2147
vn 0.0000 0.0000 -1.0000
vn 0.5097 -0.5237 0.6825
vn 0.5097 -0.5237 -0.6826
vn 0.0000 0.8909 0.4541
vn 0.0352 0.8909 0.4529
vn 0.0321 0.8685 0.4947
vn -0.0000 0.8683 0.4960
vn 0.0365 0.8912 0.4521
vn 0.0380 0.8691 0.4932
vn 0.0729 0.8900 0.4502
vn 0.0783 0.8905 0.4483
vn 0.0799 0.8671 0.4917
vn 0.0723 0.8668 0.4933
vn 0.0826 0.8909 0.4466
vn 0.0849 0.8680 0.4892
vn 0.1152 0.8645 0.4892
vn 0.1190 0.8608 0.4947
vn 0.1039 0.8885 0.4469
vn 0.1025 0.8891 0.4462
vn 0.1139 0.8616 0.4947
vn 0.1213 0.8578 0.4995
vn 0.0871 0.8876 0.4523
vn 0.0860 0.8880 0.4518
vn 0.0000 0.8964 0.4433
vn 0.0389 0.8960 0.4423
vn 0.0304 0.8504 0.5253
vn -0.0000 0.8502 0.5264
vn 0.0372 0.8962 0.4420
vn 0.0399 0.8503 0.5248
vn 0.0767 0.8954 0.4387
vn 0.0785 0.8952 0.4387
vn 0.0874 0.8486 0.5218
vn 0.0726 0.8494 0.5228
vn 0.0781 0.8948 0.4395
vn 0.0983 0.8466 0.5230
vn 0.1334 0.8405 0.5251
vn 0.1365 0.8415 0.5226
vn 0.0916 0.8924 0.4418
vn 0.0890 0.8922 0.4428
vn 0.1546 0.8338 0.5300
vn 0.1619 0.8349 0.5260
vn 0.0879 0.8928 0.4418
vn 0.0888 0.8929 0.4414
vn 0.0974 0.8883 0.4487
vn 0.0904 0.8874 0.4521
vn 0.1199 0.8910 0.4379
vn 0.1253 0.8916 0.4352
vn 0.1618 0.8654 0.4743
vn 0.1424 0.8628 0.4850
vn 0.2183 0.8703 0.4415
vn 0.2334 0.8710 0.4322
vn 0.2726 0.8181 0.5063
vn 0.2751 0.8183 0.5048
vn 0.2714 0.8187 0.5060
vn 0.2707 0.8177 0.5080
vn 0.3298 0.7800 0.5317
vn 0.4070 0.7299 0.5491
vn 0.2971 0.7987 0.5232
vn 0.2881 0.8036 0.5208
vn 0.0281 0.8502 0.5256
vn 0.0000 0.8497 0.5272
vn 0.0400 0.8503 0.5248
vn 0.0874 0.8489 0.5213
vn 0.0706 0.8492 0.5234
vn 0.1034 0.8468 0.5217
vn 0.1381 0.8406 0.5237
vn 0.1403 0.8421 0.5208
vn 0.1711 0.8342 0.5242
vn 0.1769 0.8362 0.5192
vn 0.2781 0.8180 0.5035
vn 0.2798 0.8186 0.5016
vn -0.0321 0.8685 0.4947
vn -0.0352 0.8909 0.4529
vn -0.0380 0.8691 0.4932
vn -0.0365 0.8912 0.4521
vn -0.0729 0.8900 0.4502
vn -0.0723 0.8668 0.4933
vn -0.0799 0.8671 0.4917
vn -0.0783 0.8905 0.4483
vn -0.0849 0.8680 0.4892
vn -0.0826 0.8909 0.4466
vn -0.1152 0.8645 0.4892
vn -0.1025 0.8891 0.4462
vn -0.1039 0.8885 0.4469
vn -0.1190 0.8608 0.4947
vn -0.1139 0.8616 0.4947
vn -0.0860 0.8880 0.4518
vn -0.0871 0.8876 0.4523
vn -0.1213 0.8578 0.4995
vn -0.0389 0.8960 0.4423
vn -0.0304 0.8504 0.5253
vn -0.0372 0.8962 0.4420
vn -0.0399 0.8503 0.5248
vn -0.0767 0.8954 0.4387
vn -0.0785 0.8952 0.4387
vn -0.0874 0.8486 0.5218
vn -0.0726 0.8494 0.5228
vn -0.0781 0.8948 0.4395
vn -0.0983 0.8466 0.5230
vn -0.1334 0.8405 0.5251
vn -0.1365 0.8415 0.5226
vn -0.0916 0.8924 0.4418
vn -0.0890 0.8922 0.4428
vn -0.1546 0.8338 0.5300
vn -0.1619 0.8349 0.5260
vn -0.0879 0.8928 0.4418
vn -0.0888 0.8929 0.4414
vn -0.0974 0.8883 0.4487
vn -0.1253 0.8916 0.4352
vn -0.1199 0.8910 0.4379
vn -0.0904 0.8874 0.4521
vn -0.1618 0.8654 0.4743
vn -0.2334 0.8710 0.4322
vn -0.2183 0.8703 0.4415
vn -0.1424 0.8628 0.4850
vn -0.2726 0.8181 0.5063
vn -0.2707 0.8177 0.5080
vn -0.2714 0.8187 0.5060
vn -0.2751 0.8183 0.5048
vn -0.3298 0.7800 0.5317
vn -0.2881 0.8036 0.5208
vn -0.2971 0.7987 0.5232
vn -0.4070 0.7299 0.5491
vn -0.0281 0.8502 0.5256
vn -0.0400 0.8503 0.5248
vn -0.0874 0.8489 0.5213
vn -0.0706 0.8492 0.5234
vn -0.1034 0.8468 0.5217
vn -0.1381 0.8406 0.5237
vn -0.1403 0.8421 0.5208
vn -0.1711 0.8342 0.5242
vn -0.1769 0.8362 0.5192
vn -0.2781 0.8180 0.5035
vn -0.2798 0.8186 0.5016
vn 0.0039 0.9569 -0.2904
vn 0.0431 0.9561 -0.2898
vn 0.0755 0.9550 -0.2869
vn 0.0368 0.9562 -0.2903
vn 0.0441 0.9563 -0.2891
vn 0.0866 0.9535 -0.2887
vn 0.1173 0.9487 -0.2936
vn 0.0438 0.9990 -0.0014
vn 0.0357 0.9993 0.0104
vn 0.0782 0.9969 -0.0125
vn 0.0008 0.9999 0.0163
vn 0.0438 0.9990 0.0044
vn 0.1225 0.9923 -0.0204
vn 0.0783 0.9969 -0.0076
vn 0.0041 0.9997 -0.0231
vn 0.0469 0.9986 -0.0231
vn 0.0820 0.9964 -0.0230
vn 0.0387 0.9990 -0.0231
vn 0.1315 0.9910 -0.0234
vn 0.0040 0.9949 -0.1004
vn 0.0467 0.9939 -0.1003
vn 0.0816 0.9916 -0.1001
vn 0.0386 0.9942 -0.1004
vn 0.1326 0.9862 -0.0991
vn 0.5553 0.5971 -0.5788
vn 0.0458 0.9767 -0.2094
vn 0.0802 0.9746 -0.2090
vn 0.0379 0.9771 -0.2095
vn 0.1196 0.9713 -0.2055
vn 0.0039 0.9691 -0.2467
vn 0.0448 0.9682 -0.2461
vn 0.0785 0.9665 -0.2442
vn 0.0376 0.9684 -0.2466
vn 0.0455 0.9683 -0.2457
vn 0.0790 0.9667 -0.2435
vn 0.1067 0.9649 -0.2399
vn 0.0682 0.9326 0.3544
vn 0.0557 0.9865 0.1540
vn 0.0475 0.9975 0.0530
vn 0.0356 0.9332 0.3575
vn 0.0948 0.9408 0.3254
vn 0.0307 0.9869 0.1582
vn 0.0936 0.9847 0.1471
vn 0.0305 0.9985 0.0455
vn 0.0841 0.9946 0.0611
vn 0.0231 0.9360 0.3512
vn -0.0020 0.9875 0.1577
vn -0.0045 0.9989 0.0475
vn 0.0683 0.9324 0.3549
vn 0.0559 0.9861 0.1564
vn 0.0474 0.9978 0.0472
vn 0.0923 0.9467 0.3085
vn 0.0973 0.9346 0.3422
vn 0.0933 0.9850 0.1449
vn 0.0938 0.9844 0.1492
vn 0.1051 0.9928 0.0579
vn 0.0839 0.9948 0.0570
vn 0.0040 0.9778 -0.2096
vn 0.5079 0.8609 -0.0293
vn -0.0039 0.9569 -0.2904
vn -0.0431 0.9561 -0.2898
vn -0.0755 0.9550 -0.2869
vn -0.0368 0.9562 -0.2903
vn -0.0441 0.9563 -0.2891
vn -0.0866 0.9535 -0.2887
vn -0.1173 0.9487 -0.2936
vn -0.0438 0.9990 -0.0014
vn -0.0357 0.9993 0.0104
vn -0.0782 0.9969 -0.0125
vn -0.0008 0.9999 0.0163
vn -0.0438 0.9990 0.0044
vn -0.1225 0.9923 -0.0204
vn -0.0783 0.9969 -0.0076
vn -0.0041 0.9997 -0.0231
vn -0.0469 0.9986 -0.0231
vn -0.0820 0.9964 -0.0230
vn -0.0387 0.9990 -0.0231
vn -0.1315 0.9910 -0.0234
vn -0.0040 0.9949 -0.1004
vn -0.0467 0.9939 -0.1003
vn -0.0816 0.9916 -0.1001
vn -0.0386 0.9942 -0.1004
vn -0.1326 0.9862 -0.0991
vn -0.5553 0.5971 -0.5788
vn -0.0458 0.9767 -0.2094
vn -0.0802 0.9746 -0.2090
vn -0.0379 0.9771 -0.2095
vn -0.1196 0.9713 -0.2055
vn -0.0039 0.9691 -0.2467
vn -0.0448 0.9682 -0.2461
vn -0.0785 0.9665 -0.2442
vn -0.0376 0.9684 -0.2466
vn -0.0455 0.9683 -0.2457
vn -0.0790 0.9667 -0.2435
vn -0.1067 0.9649 -0.2399
vn -0.0682 0.9326 0.3544
vn -0.0557 0.9865 0.1540
vn -0.0475 0.9975 0.0530
vn -0.0356 0.9332 0.3575
vn -0.0948 0.9408 0.3254
vn -0.0307 0.9869 0.1582
vn -0.0936 0.9847 0.1471
vn -0.0305 0.9985 0.0455
vn -0.0841 0.9946 0.0611
vn -0.0231 0.9360 0.3512
vn 0.0020 0.9875 0.1577
vn 0.0045 0.9989 0.0475
vn -0.0683 0.9324 0.3549
vn -0.0559 0.9861 0.1564
vn -0.0474 0.9978 0.0472
vn -0.0923 0.9467 0.3085
vn -0.0973 0.9346 0.3422
vn -0.0933 0.9850 0.1449
vn -0.0938 0.9844 0.1492
vn -0.1051 0.9928 0.0579
vn -0.0839 0.9948 0.0570
vn -0.0040 0.9778 -0.2096
vn -0.5079 0.8609 -0.0293
vn 0.7486 0.6499 -0.1316
vn 0.2511 0.9661 -0.0598
vn 0.0209 0.9994 -0.0264
vn 0.0152 0.9995 -0.0260
vn 0.0165 0.9995 -0.0265
vn 0.0170 0.9995 -0.0265
vn 0.0281 0.9993 -0.0259
vn 0.6163 -0.2473 -0.7477
vn 0.0432 0.0000 -0.9991
vn 0.0827 0.0000 -0.9966
vn 0.1219 0.0000 -0.9925
vn 0.2213 0.0000 -0.9752
vn 0.5024 0.0619 -0.8624
vn 0.6536 -0.3732 -0.6584
vn -0.5602 0.0984 0.8225
vn 0.0042 0.0000 1.0000
vn -0.3063 0.0000 0.9519
vn -0.1795 0.0000 0.9838
vn -0.0650 0.0000 0.9979
vn 0.0000 -0.9998 -0.0206
vn -0.0145 -0.9997 -0.0206
vn -0.0142 -0.9997 -0.0205
vn 0.0000 -0.9998 -0.0204
vn -0.0131 -0.9997 -0.0212
vn -0.0136 -0.9997 -0.0216
vn -0.0128 -0.9997 -0.0210
vn -0.0123 -0.9997 -0.0207
vn -0.0095 -0.9998 -0.0201
vn -0.0085 -0.9998 -0.0193
vn -0.0102 -0.9997 -0.0206
vn -0.0114 -0.9997 -0.0215
vn 0.0072 -0.9999 -0.0084
vn 0.0157 -0.9999 -0.0030
vn -0.0006 -0.9999 -0.0134
vn -0.0097 -0.9998 -0.0192
vn 0.3760 -0.3954 -0.8381
vn 0.7450 -0.1468 -0.6508
vn 0.0293 0.9993 -0.0252
vn 0.4116 0.0188 -0.9112
vn 0.2983 -0.6575 -0.6919
vn 0.0128 -0.9959 0.0901
vn 0.0603 -0.9929 0.1028
vn -0.1696 -0.9847 0.0393
vn -0.2206 -0.9751 0.0245
vn -0.5071 0.3616 0.7824
vn -0.5076 0.3563 0.7844
vn -0.4961 0.4423 0.7471
vn -0.4955 0.4459 0.7454
vn 0.9335 0.3115 -0.1779
vn -0.6112 -0.7702 0.1823
vn -0.7486 0.6499 -0.1316
vn -0.2511 0.9661 -0.0598
vn -0.0209 0.9994 -0.0264
vn -0.0152 0.9995 -0.0260
vn -0.0165 0.9995 -0.0265
vn -0.0170 0.9995 -0.0265
vn -0.0281 0.9993 -0.0259
vn -0.6163 -0.2473 -0.7477
vn -0.0432 0.0000 -0.9991
vn -0.0827 0.0000 -0.9966
vn -0.1219 0.0000 -0.9925
vn -0.2213 0.0000 -0.9752
vn -0.5024 0.0619 -0.8624
vn -0.6536 -0.3732 -0.6584
vn 0.5602 0.0984 0.8225
vn -0.0042 0.0000 1.0000
vn 0.3063 0.0000 0.9519
vn 0.1795 0.0000 0.9838
vn 0.0650 0.0000 0.9979
vn 0.0142 -0.9997 -0.0205
vn 0.0145 -0.9997 -0.0206
vn 0.0131 -0.9997 -0.0212
vn 0.0123 -0.9997 -0.0207
vn 0.0128 -0.9997 -0.0210
vn 0.0136 -0.9997 -0.0216
vn 0.0095 -0.9998 -0.0201
vn 0.0114 -0.9997 -0.0215
vn 0.0102 -0.9997 -0.0206
vn 0.0085 -0.9998 -0.0193
vn -0.0072 -0.9999 -0.0084
vn 0.0097 -0.9998 -0.0192
vn 0.0006 -0.9999 -0.0134
vn -0.0157 -0.9999 -0.0030
vn -0.3760 -0.3954 -0.8381
vn -0.7450 -0.1468 -0.6508
vn -0.0293 0.9993 -0.0252
vn -0.4116 0.0188 -0.9112
vn -0.2983 -0.6575 -0.6919
vn -0.0128 -0.9959 0.0901
vn 0.2206 -0.9751 0.0245
vn 0.1696 -0.9847 0.0393
vn -0.0603 -0.9929 0.1028
vn 0.5071 0.3616 0.7824
vn 0.4955 0.4459 0.7454
vn 0.4961 0.4423 0.7471
vn 0.5076 0.3563 0.7844
vn 0.6112 -0.7702 0.1823
vn 0.9132 -0.3044 0.2709
# 3379 vertex normals

vt 0.1897 0.5986 0.0000
vt 0.1892 0.5863 0.0000
vt 0.1481 0.5921 0.0000
vt 0.1484 0.6020 0.0000
vt 0.1897 0.2590 0.0000
vt 0.1490 0.2461 0.0000
vt 0.1690 0.2381 0.0000
vt 0.1941 0.2465 0.0000
vt 0.1036 0.6049 0.0000
vt 0.1036 0.6071 0.0000
vt 0.1048 0.2275 0.0000
vt 0.1417 0.2274 0.0000
vt 0.1336 0.2242 0.0000
vt 0.0917 0.2219 0.0000
vt 0.0752 0.2097 0.0000
vt 0.1179 0.2093 0.0000
vt 0.0710 0.0154 0.0000
vt 0.0793 0.0156 0.0000
vt 0.0800 0.0246 0.0000
vt 0.0701 0.0249 0.0000
vt 0.0709 0.0465 0.0000
vt 0.0806 0.0458 0.0000
vt 0.0829 0.0545 0.0000
vt 0.0739 0.0563 0.0000
vt 0.0845 0.0588 0.0000
vt 0.0756 0.0613 0.0000
vt 0.0825 0.0779 0.0000
vt 0.0910 0.0729 0.0000
vt 0.1050 0.0894 0.0000
vt 0.0971 0.0973 0.0000
vt 0.1130 0.0963 0.0000
vt 0.1062 0.1052 0.0000
vt 0.1192 0.1004 0.0000
vt 0.1247 0.1033 0.0000
vt 0.1192 0.1128 0.0000
vt 0.1132 0.1099 0.0000
vt 0.1421 0.1107 0.0000
vt 0.1449 0.1111 0.0000
vt 0.1419 0.1209 0.0000
vt 0.1386 0.1204 0.0000
vt 0.1241 0.1152 0.0000
vt 0.1292 0.1058 0.0000
vt 0.0703 0.0366 0.0000
vt 0.0659 0.0471 0.0000
vt 0.0660 0.0369 0.0000
vt 0.1638 0.1233 0.0000
vt 0.1634 0.1292 0.0000
vt 0.1521 0.1284 0.0000
vt 0.1529 0.1229 0.0000
vt 0.1216 0.1200 0.0000
vt 0.1163 0.1175 0.0000
vt 0.1099 0.1144 0.0000
vt 0.1026 0.1093 0.0000
vt 0.0929 0.1009 0.0000
vt 0.0774 0.0809 0.0000
vt 0.0719 0.0681 0.0000
vt 0.0773 0.0663 0.0000
vt 0.0682 0.0572 0.0000
vt 0.1371 0.1254 0.0000
vt 0.1634 0.1347 0.0000
vt 0.1514 0.1338 0.0000
vt 0.1189 0.1247 0.0000
vt 0.1137 0.1220 0.0000
vt 0.1073 0.1187 0.0000
vt 0.0993 0.1134 0.0000
vt 0.0888 0.1047 0.0000
vt 0.0734 0.0841 0.0000
vt 0.0668 0.0698 0.0000
vt 0.0621 0.0577 0.0000
vt 0.0602 0.0474 0.0000
vt 0.1354 0.1307 0.0000
vt 0.1632 0.1544 0.0000
vt 0.1492 0.1541 0.0000
vt 0.1107 0.1430 0.0000
vt 0.1042 0.1395 0.0000
vt 0.0962 0.1352 0.0000
vt 0.0877 0.1277 0.0000
vt 0.0759 0.1163 0.0000
vt 0.0600 0.0932 0.0000
vt 0.0530 0.0751 0.0000
vt 0.0486 0.0596 0.0000
vt 0.0469 0.0487 0.0000
vt 0.1298 0.1504 0.0000
vt 0.0601 0.0369 0.0000
vt 0.0466 0.0376 0.0000
vt 0.0801 0.0361 0.0000
vt 0.0666 0.0250 0.0000
vt 0.0611 0.0251 0.0000
vt 0.0468 0.0256 0.0000
vt 0.1541 0.1128 0.0000
vt 0.1637 0.1131 0.0000
vt 0.1405 0.1261 0.0000
vt 0.1390 0.1314 0.0000
vt 0.1343 0.1513 0.0000
vt 0.0672 0.0155 0.0000
vt 0.0626 0.0154 0.0000
vt 0.0480 0.0153 0.0000
vt 0.1451 0.2030 0.0000
vt 0.1171 0.2026 0.0000
vt 0.1330 0.1784 0.0000
vt 0.1500 0.1783 0.0000
vt 0.0734 0.2093 0.0000
vt 0.1158 0.2094 0.0000
vt 0.0732 0.2038 0.0000
vt 0.1095 0.2035 0.0000
vt 0.1088 0.2024 0.0000
vt 0.0740 0.2019 0.0000
vt 0.0996 0.1781 0.0000
vt 0.1279 0.1784 0.0000
vt 0.0916 0.1674 0.0000
vt 0.0818 0.1544 0.0000
vt 0.1648 0.2033 0.0000
vt 0.1648 0.1782 0.0000
vt 0.1241 0.2079 0.0000
vt 0.0329 0.0608 0.0000
vt 0.0280 0.0492 0.0000
vt 0.4460 0.7446 0.0000
vt 0.4578 0.7557 0.0000
vt 0.4634 0.7426 0.0000
vt 0.4527 0.7282 0.0000
vt 0.4805 0.7522 0.0000
vt 0.4738 0.7646 0.0000
vt 0.5187 0.7655 0.0000
vt 0.5236 0.7541 0.0000
vt 0.6249 0.7664 0.0000
vt 0.6255 0.7552 0.0000
vt 0.6071 0.7550 0.0000
vt 0.6058 0.7662 0.0000
vt 0.5332 0.7656 0.0000
vt 0.5376 0.7542 0.0000
vt 0.6255 0.7289 0.0000
vt 0.6071 0.7289 0.0000
vt 0.5411 0.7289 0.0000
vt 0.5288 0.7289 0.0000
vt 0.5038 0.7278 0.0000
vt 0.0297 0.0409 0.0000
vt 0.0321 0.0286 0.0000
vt 0.0366 0.0157 0.0000
vt 0.4952 0.7240 0.0000
vt 0.4911 0.7186 0.0000
vt 0.4870 0.7126 0.0000
vt 0.4532 0.7189 0.0000
vt 0.4830 0.7028 0.0000
vt 0.4575 0.7051 0.0000
vt 0.4809 0.6902 0.0000
vt 0.4637 0.6903 0.0000
vt 0.4954 0.7028 0.0000
vt 0.4933 0.6902 0.0000
vt 0.6034 0.7028 0.0000
vt 0.6234 0.7028 0.0000
vt 0.6214 0.6902 0.0000
vt 0.6013 0.6902 0.0000
vt 0.5288 0.7028 0.0000
vt 0.5405 0.7028 0.0000
vt 0.5385 0.6902 0.0000
vt 0.5268 0.6902 0.0000
vt 0.5068 0.7028 0.0000
vt 0.5047 0.6902 0.0000
vt 0.5841 0.7028 0.0000
vt 0.5854 0.7152 0.0000
vt 0.6051 0.7152 0.0000
vt 0.6426 0.7028 0.0000
vt 0.6244 0.7152 0.0000
vt 0.6426 0.7152 0.0000
vt 0.5054 0.7147 0.0000
vt 0.5288 0.7152 0.0000
vt 0.4961 0.7144 0.0000
vt 0.5868 0.7289 0.0000
vt 0.5408 0.7152 0.0000
vt 0.0861 0.0631 0.0000
vt 0.0701 0.0627 0.0000
vt 0.0645 0.0639 0.0000
vt 0.0509 0.0674 0.0000
vt 0.0443 0.0700 0.0000
vt 0.0510 0.0983 0.0000
vt 0.0503 0.0760 0.0000
vt 0.0460 0.1239 0.0000
vt 0.0666 0.1427 0.0000
vt 0.0606 0.1436 0.0000
vt 0.0436 0.1279 0.0000
vt 0.4539 0.8337 0.0000
vt 0.4519 0.8456 0.0000
vt 0.4640 0.8460 0.0000
vt 0.4660 0.8332 0.0000
vt 0.4782 0.8328 0.0000
vt 0.4762 0.8463 0.0000
vt 0.4875 0.8516 0.0000
vt 0.4872 0.8195 0.0000
vt 0.4747 0.8195 0.0000
vt 0.4623 0.8185 0.0000
vt 0.0648 0.1541 0.0000
vt 0.5125 0.8652 0.0000
vt 0.5228 0.8434 0.0000
vt 0.4889 0.7892 0.0000
vt 0.4925 0.7791 0.0000
vt 0.6249 0.7724 0.0000
vt 0.6426 0.7724 0.0000
vt 0.6426 0.7666 0.0000
vt 0.5847 0.7659 0.0000
vt 0.5847 0.7724 0.0000
vt 0.6058 0.7724 0.0000
vt 0.5020 0.7727 0.0000
vt 0.5187 0.7724 0.0000
vt 0.4349 0.7582 0.0000
vt 0.4361 0.7833 0.0000
vt 0.4444 0.7833 0.0000
vt 0.4432 0.7588 0.0000
vt 0.4394 0.8120 0.0000
vt 0.4462 0.7987 0.0000
vt 0.4434 0.7518 0.0000
vt 0.4384 0.7515 0.0000
vt 0.4747 0.8027 0.0000
vt 0.4623 0.8019 0.0000
vt 0.4500 0.8011 0.0000
vt 0.4500 0.8178 0.0000
vt 0.4492 0.7805 0.0000
vt 0.4749 0.7982 0.0000
vt 0.4621 0.7985 0.0000
vt 0.4522 0.7908 0.0000
vt 0.4419 0.8341 0.0000
vt 0.4399 0.8453 0.0000
vt 0.4879 0.8035 0.0000
vt 0.4521 0.7682 0.0000
vt 0.4588 0.7778 0.0000
vt 0.6249 0.7769 0.0000
vt 0.6426 0.7769 0.0000
vt 0.5847 0.7769 0.0000
vt 0.6058 0.7769 0.0000
vt 0.4942 0.7816 0.0000
vt 0.5020 0.7772 0.0000
vt 0.5187 0.7769 0.0000
vt 0.6249 0.7869 0.0000
vt 0.6426 0.7869 0.0000
vt 0.5847 0.7869 0.0000
vt 0.6058 0.7869 0.0000
vt 0.5010 0.7881 0.0000
vt 0.5171 0.7876 0.0000
vt 0.6058 0.7953 0.0000
vt 0.6249 0.7953 0.0000
vt 0.5313 0.7968 0.0000
vt 0.5847 0.7953 0.0000
vt 0.5322 0.7874 0.0000
vt 0.5157 0.7980 0.0000
vt 0.5001 0.8012 0.0000
vt 0.6058 0.8052 0.0000
vt 0.6249 0.8052 0.0000
vt 0.5290 0.8064 0.0000
vt 0.5847 0.8052 0.0000
vt 0.5142 0.8103 0.0000
vt 0.4990 0.8169 0.0000
vt 0.5868 0.7548 0.0000
vt 0.5820 0.6902 0.0000
vt 0.5332 0.7724 0.0000
vt 0.5332 0.7769 0.0000
vt 0.6249 0.8158 0.0000
vt 0.6426 0.8158 0.0000
vt 0.6426 0.8052 0.0000
vt 0.5847 0.8158 0.0000
vt 0.6058 0.8158 0.0000
vt 0.5317 0.8284 0.0000
vt 0.5400 0.8195 0.0000
vt 0.5268 0.8363 0.0000
vt 0.6249 0.8301 0.0000
vt 0.6426 0.8301 0.0000
vt 0.5847 0.8301 0.0000
vt 0.6058 0.8301 0.0000
vt 0.6058 0.8401 0.0000
vt 0.6249 0.8401 0.0000
vt 0.5400 0.8420 0.0000
vt 0.5847 0.8401 0.0000
vt 0.5400 0.8327 0.0000
vt 0.6058 0.8643 0.0000
vt 0.6249 0.8643 0.0000
vt 0.5400 0.8643 0.0000
vt 0.5847 0.8643 0.0000
vt 0.6249 0.8668 0.0000
vt 0.6426 0.8668 0.0000
vt 0.6426 0.8643 0.0000
vt 0.5847 0.8668 0.0000
vt 0.6058 0.8668 0.0000
vt 0.5400 0.8668 0.0000
vt 0.6249 0.8767 0.0000
vt 0.6426 0.8767 0.0000
vt 0.5847 0.8767 0.0000
vt 0.6058 0.8767 0.0000
vt 0.4895 0.8754 0.0000
vt 0.5166 0.8762 0.0000
vt 0.6058 0.8838 0.0000
vt 0.6249 0.8838 0.0000
vt 0.5400 0.8838 0.0000
vt 0.5847 0.8838 0.0000
vt 0.5400 0.8767 0.0000
vt 0.5232 0.8837 0.0000
vt 0.0718 0.1669 0.0000
vt 0.4385 0.8602 0.0000
vt 0.4473 0.8600 0.0000
vt 0.0775 0.1778 0.0000
vt 0.0533 0.1998 0.0000
vt 0.4436 0.8718 0.0000
vt 0.4374 0.8724 0.0000
vt 0.4763 0.8971 0.0000
vt 0.4869 0.8943 0.0000
vt 0.6249 0.8897 0.0000
vt 0.6249 0.8942 0.0000
vt 0.6426 0.8942 0.0000
vt 0.6426 0.8897 0.0000
vt 0.5847 0.8897 0.0000
vt 0.5847 0.8942 0.0000
vt 0.6058 0.8942 0.0000
vt 0.6058 0.8897 0.0000
vt 0.5400 0.8897 0.0000
vt 0.5286 0.8898 0.0000
vt 0.5298 0.8956 0.0000
vt 0.5400 0.8948 0.0000
vt 0.4596 0.8649 0.0000
vt 0.4716 0.8697 0.0000
vt 0.0525 0.2016 0.0000
vt 0.4752 0.8991 0.0000
vt 0.4859 0.8956 0.0000
vt 0.0527 0.2076 0.0000
vt 0.4775 0.9058 0.0000
vt 0.4881 0.9023 0.0000
vt 0.4741 0.9082 0.0000
vt 0.4800 0.9077 0.0000
vt 0.4943 0.9059 0.0000
vt 0.0622 0.2097 0.0000
vt 0.6249 0.9019 0.0000
vt 0.6426 0.9019 0.0000
vt 0.5847 0.9023 0.0000
vt 0.6058 0.9019 0.0000
vt 0.5298 0.9035 0.0000
vt 0.5400 0.9031 0.0000
vt 0.7909 0.9065 0.0000
vt 0.8140 0.9088 0.0000
vt 0.8112 0.9088 0.0000
vt 0.6426 0.7554 0.0000
vt 0.6426 0.7289 0.0000
vt 0.6426 0.6902 0.0000
vt 0.6426 0.7953 0.0000
vt 0.6426 0.8401 0.0000
vt 0.6426 0.8838 0.0000
vt 0.6044 0.9145 0.0000
vt 0.6244 0.9146 0.0000
vt 0.6426 0.9145 0.0000
vt 0.5827 0.9148 0.0000
vt 0.5026 0.9131 0.0000
vt 0.5315 0.9151 0.0000
vt 0.5430 0.9150 0.0000
vt 0.0926 0.4993 0.0000
vt 0.1476 0.5019 0.0000
vt 0.1476 0.4813 0.0000
vt 0.0926 0.4803 0.0000
vt 0.1476 0.4632 0.0000
vt 0.0925 0.4632 0.0000
vt 0.0934 0.5196 0.0000
vt 0.1476 0.5232 0.0000
vt 0.1476 0.5742 0.0000
vt 0.1476 0.5585 0.0000
vt 0.0961 0.5610 0.0000
vt 0.0995 0.5838 0.0000
vt 0.0953 0.5490 0.0000
vt 0.1476 0.5442 0.0000
vt 0.0903 0.6087 0.0000
vt 0.0766 0.5885 0.0000
vt 0.0626 0.5626 0.0000
vt 0.0592 0.5523 0.0000
vt 0.0519 0.5168 0.0000
vt 0.0501 0.4974 0.0000
vt 0.0498 0.4795 0.0000
vt 0.0494 0.4632 0.0000
vt 0.4024 0.5828 0.0000
vt 0.4024 0.5912 0.0000
vt 0.4211 0.5917 0.0000
vt 0.4221 0.5836 0.0000
vt 0.4178 0.2843 0.0000
vt 0.3994 0.2841 0.0000
vt 0.3994 0.2738 0.0000
vt 0.4141 0.2737 0.0000
vt 0.3132 0.5818 0.0000
vt 0.3132 0.5912 0.0000
vt 0.3115 0.2814 0.0000
vt 0.3115 0.2712 0.0000
vt 0.2629 0.5821 0.0000
vt 0.2631 0.5940 0.0000
vt 0.2621 0.2762 0.0000
vt 0.2637 0.2652 0.0000
vt 0.2198 0.5841 0.0000
vt 0.2202 0.5968 0.0000
vt 0.2197 0.2669 0.0000
vt 0.2230 0.2550 0.0000
vt 0.4150 0.1861 0.0000
vt 0.4367 0.1844 0.0000
vt 0.4190 0.1598 0.0000
vt 0.4434 0.1587 0.0000
vt 0.4253 0.0204 0.0000
vt 0.4477 0.0199 0.0000
vt 0.4474 0.0434 0.0000
vt 0.4264 0.0441 0.0000
vt 0.4480 0.0558 0.0000
vt 0.4264 0.0570 0.0000
vt 0.4503 0.0693 0.0000
vt 0.4264 0.0706 0.0000
vt 0.4492 0.0872 0.0000
vt 0.4245 0.0888 0.0000
vt 0.4204 0.0093 0.0000
vt 0.4434 0.0090 0.0000
vt 0.4480 0.1229 0.0000
vt 0.4218 0.1246 0.0000
vt 0.1694 0.1232 0.0000
vt 0.1688 0.1133 0.0000
vt 0.1884 0.1206 0.0000
vt 0.1858 0.1112 0.0000
vt 0.2071 0.1034 0.0000
vt 0.2123 0.1109 0.0000
vt 0.2249 0.0908 0.0000
vt 0.2312 0.0963 0.0000
vt 0.2389 0.0735 0.0000
vt 0.2458 0.0772 0.0000
vt 0.2483 0.0534 0.0000
vt 0.2571 0.0547 0.0000
vt 0.2514 0.0345 0.0000
vt 0.2591 0.0344 0.0000
vt 0.2515 0.0127 0.0000
vt 0.2590 0.0125 0.0000
vt 0.2655 0.0433 0.0000
vt 0.2621 0.0569 0.0000
vt 0.2512 0.0805 0.0000
vt 0.2353 0.1003 0.0000
vt 0.2147 0.1159 0.0000
vt 0.1901 0.1256 0.0000
vt 0.1696 0.1288 0.0000
vt 0.2706 0.0436 0.0000
vt 0.2673 0.0594 0.0000
vt 0.2560 0.0826 0.0000
vt 0.2392 0.1044 0.0000
vt 0.2174 0.1205 0.0000
vt 0.1919 0.1310 0.0000
vt 0.1700 0.1343 0.0000
vt 0.2843 0.0436 0.0000
vt 0.2817 0.0644 0.0000
vt 0.2698 0.0908 0.0000
vt 0.2530 0.1150 0.0000
vt 0.2270 0.1368 0.0000
vt 0.2035 0.1487 0.0000
vt 0.1712 0.1541 0.0000
vt 0.2661 0.0125 0.0000
vt 0.2655 0.0341 0.0000
vt 0.2798 0.0119 0.0000
vt 0.2792 0.0341 0.0000
vt 0.3563 0.0448 0.0000
vt 0.3372 0.0212 0.0000
vt 0.3134 0.0329 0.0000
vt 0.3075 0.0113 0.0000
vt 0.3089 0.0445 0.0000
vt 0.3323 0.0101 0.0000
vt 0.3553 0.0567 0.0000
vt 0.3526 0.0702 0.0000
vt 0.3045 0.0536 0.0000
vt 0.3228 0.1922 0.0000
vt 0.3235 0.1646 0.0000
vt 0.2598 0.1679 0.0000
vt 0.2614 0.1963 0.0000
vt 0.2165 0.2040 0.0000
vt 0.2036 0.1779 0.0000
vt 0.1779 0.2035 0.0000
vt 0.1747 0.1781 0.0000
vt 0.3379 0.1299 0.0000
vt 0.2820 0.1335 0.0000
vt 0.3479 0.0949 0.0000
vt 0.2968 0.0990 0.0000
vt 0.3037 0.0725 0.0000
vt 0.7277 0.5586 0.0000
vt 0.7516 0.5686 0.0000
vt 0.7571 0.5388 0.0000
vt 0.7328 0.5337 0.0000
vt 0.7854 0.5497 0.0000
vt 0.7883 0.5295 0.0000
vt 0.8352 0.5424 0.0000
vt 0.8375 0.5262 0.0000
vt 0.8268 0.5261 0.0000
vt 0.8244 0.5425 0.0000
vt 0.8675 0.5437 0.0000
vt 0.8875 0.5493 0.0000
vt 0.8905 0.5297 0.0000
vt 0.8697 0.5265 0.0000
vt 0.8984 0.5599 0.0000
vt 0.9045 0.5351 0.0000
vt 0.7183 0.5895 0.0000
vt 0.7359 0.5915 0.0000
vt 0.7087 0.6060 0.0000
vt 0.7287 0.6056 0.0000
vt 0.6918 0.6204 0.0000
vt 0.7248 0.6178 0.0000
vt 0.9081 0.5103 0.0000
vt 0.9118 0.4796 0.0000
vt 0.8965 0.4796 0.0000
vt 0.8934 0.5102 0.0000
vt 0.8750 0.4795 0.0000
vt 0.8720 0.5100 0.0000
vt 0.8702 0.4795 0.0000
vt 0.8672 0.5100 0.0000
vt 0.8292 0.5096 0.0000
vt 0.8321 0.4794 0.0000
vt 0.7934 0.4793 0.0000
vt 0.7909 0.5093 0.0000
vt 0.7607 0.4792 0.0000
vt 0.7601 0.5090 0.0000
vt 0.7384 0.4791 0.0000
vt 0.7362 0.5088 0.0000
vt 0.2665 0.8479 0.0000
vt 0.2937 0.8492 0.0000
vt 0.2937 0.8324 0.0000
vt 0.2665 0.8310 0.0000
vt 0.2137 0.8446 0.0000
vt 0.2328 0.8458 0.0000
vt 0.2328 0.8303 0.0000
vt 0.2137 0.8301 0.0000
vt 0.9139 0.4622 0.0000
vt 0.8983 0.4622 0.0000
vt 0.8768 0.4622 0.0000
vt 0.8720 0.4622 0.0000
vt 0.8338 0.4622 0.0000
vt 0.7949 0.4622 0.0000
vt 0.7611 0.4622 0.0000
vt 0.7389 0.4622 0.0000
vt 0.8649 0.5264 0.0000
vt 0.3209 0.8506 0.0000
vt 0.3258 0.8356 0.0000
vt 0.6931 0.6255 0.0000
vt 0.7298 0.6236 0.0000
vt 0.6866 0.6221 0.0000
vt 0.6858 0.6257 0.0000
vt 0.7573 0.5838 0.0000
vt 0.7854 0.5762 0.0000
vt 0.8626 0.5434 0.0000
vt 0.8626 0.5641 0.0000
vt 0.8675 0.5635 0.0000
vt 0.8244 0.5695 0.0000
vt 0.7364 0.6027 0.0000
vt 0.7573 0.6221 0.0000
vt 0.7854 0.6200 0.0000
vt 0.8683 0.5982 0.0000
vt 0.8739 0.5954 0.0000
vt 0.8244 0.6146 0.0000
vt 0.7391 0.6230 0.0000
vt 0.8911 0.5755 0.0000
vt 0.8501 0.5426 0.0000
vt 0.8524 0.5263 0.0000
vt 0.8483 0.5263 0.0000
vt 0.8459 0.5423 0.0000
vt 0.8428 0.4794 0.0000
vt 0.8399 0.5097 0.0000
vt 0.8506 0.5098 0.0000
vt 0.8536 0.4795 0.0000
vt 0.8446 0.4622 0.0000
vt 0.8553 0.4622 0.0000
vt 0.8352 0.5680 0.0000
vt 0.8459 0.5665 0.0000
vt 0.8368 0.6112 0.0000
vt 0.8491 0.6079 0.0000
vt 0.6987 0.6329 0.0000
vt 0.7298 0.6313 0.0000
vt 0.6801 0.6340 0.0000
vt 0.7573 0.6301 0.0000
vt 0.7854 0.6287 0.0000
vt 0.8368 0.6194 0.0000
vt 0.8491 0.6154 0.0000
vt 0.8244 0.6234 0.0000
vt 0.7391 0.6311 0.0000
vt 0.8683 0.5999 0.0000
vt 0.3380 0.8541 0.0000
vt 0.3598 0.8604 0.0000
vt 0.3611 0.8432 0.0000
vt 0.3414 0.8381 0.0000
vt 0.3817 0.8677 0.0000
vt 0.3861 0.8701 0.0000
vt 0.3918 0.8548 0.0000
vt 0.3835 0.8509 0.0000
vt 0.8208 0.1692 0.0000
vt 0.7812 0.1741 0.0000
vt 0.7971 0.1589 0.0000
vt 0.8302 0.1564 0.0000
vt 0.3647 0.8621 0.0000
vt 0.3661 0.8449 0.0000
vt 0.7247 0.1771 0.0000
vt 0.6931 0.1783 0.0000
vt 0.7200 0.1651 0.0000
vt 0.7406 0.1629 0.0000
vt 0.7526 0.1757 0.0000
vt 0.7685 0.1612 0.0000
vt 0.7341 0.1768 0.0000
vt 0.7501 0.1624 0.0000
vt 0.6742 0.1790 0.0000
vt 0.6877 0.1723 0.0000
vt 0.3276 0.8279 0.0000
vt 0.2937 0.8264 0.0000
vt 0.2665 0.8257 0.0000
vt 0.2328 0.8253 0.0000
vt 0.2137 0.8251 0.0000
vt 0.3212 0.8130 0.0000
vt 0.2937 0.8128 0.0000
vt 0.2937 0.8204 0.0000
vt 0.3244 0.8204 0.0000
vt 0.2665 0.8127 0.0000
vt 0.2328 0.8126 0.0000
vt 0.2328 0.8206 0.0000
vt 0.2665 0.8205 0.0000
vt 0.2137 0.8125 0.0000
vt 0.2137 0.8206 0.0000
vt 0.3106 0.8033 0.0000
vt 0.2937 0.8043 0.0000
vt 0.2665 0.8047 0.0000
vt 0.2328 0.8045 0.0000
vt 0.2137 0.8044 0.0000
vt 0.3671 0.8344 0.0000
vt 0.3431 0.8300 0.0000
vt 0.3965 0.8456 0.0000
vt 0.3903 0.8419 0.0000
vt 0.3723 0.8361 0.0000
vt 0.3625 0.8250 0.0000
vt 0.3310 0.8181 0.0000
vt 0.4024 0.8394 0.0000
vt 0.3973 0.8311 0.0000
vt 0.3703 0.8264 0.0000
vt 0.3905 0.8725 0.0000
vt 0.3997 0.8586 0.0000
vt 0.3995 0.8512 0.0000
vt 0.4049 0.8485 0.0000
vt 0.3264 0.8113 0.0000
vt 0.3137 0.8017 0.0000
vt 0.3578 0.7946 0.0000
vt 0.3243 0.7917 0.0000
vt 0.3497 0.7881 0.0000
vt 0.3214 0.7883 0.0000
vt 0.3597 0.7846 0.0000
vt 0.3555 0.7771 0.0000
vt 0.3432 0.7817 0.0000
vt 0.3829 0.7798 0.0000
vt 0.3784 0.7661 0.0000
vt 0.3639 0.7915 0.0000
vt 0.3166 0.7831 0.0000
vt 0.3873 0.7532 0.0000
vt 0.3106 0.7876 0.0000
vt 0.2937 0.7870 0.0000
vt 0.2665 0.7867 0.0000
vt 0.2328 0.7867 0.0000
vt 0.2137 0.7867 0.0000
vt 0.3080 0.7831 0.0000
vt 0.2937 0.7831 0.0000
vt 0.2665 0.7832 0.0000
vt 0.2328 0.7833 0.0000
vt 0.2137 0.7833 0.0000
vt 0.3080 0.7654 0.0000
vt 0.2937 0.7654 0.0000
vt 0.2665 0.7655 0.0000
vt 0.2328 0.7655 0.0000
vt 0.2137 0.7655 0.0000
vt 0.3166 0.7654 0.0000
vt 0.3340 0.7649 0.0000
vt 0.3590 0.7490 0.0000
vt 0.3430 0.7616 0.0000
vt 0.3080 0.7574 0.0000
vt 0.2937 0.7574 0.0000
vt 0.2665 0.7575 0.0000
vt 0.2328 0.7576 0.0000
vt 0.2137 0.7576 0.0000
vt 0.3166 0.7574 0.0000
vt 0.3298 0.7573 0.0000
vt 0.3502 0.7438 0.0000
vt 0.3374 0.7546 0.0000
vt 0.3950 0.7797 0.0000
vt 0.4051 0.7811 0.0000
vt 0.4081 0.7710 0.0000
vt 0.3946 0.7678 0.0000
vt 0.4140 0.7849 0.0000
vt 0.4166 0.7787 0.0000
vt 0.4192 0.7929 0.0000
vt 0.3080 0.7125 0.0000
vt 0.2937 0.7121 0.0000
vt 0.2665 0.7123 0.0000
vt 0.2328 0.7123 0.0000
vt 0.2137 0.7123 0.0000
vt 0.3166 0.7138 0.0000
vt 0.3298 0.7226 0.0000
vt 0.8492 0.0009 0.0000
vt 0.8492 0.0121 0.0000
vt 0.8393 0.0118 0.0000
vt 0.8393 0.0009 0.0000
vt 0.8494 0.0330 0.0000
vt 0.8462 0.0495 0.0000
vt 0.8377 0.0476 0.0000
vt 0.8396 0.0323 0.0000
vt 0.8364 0.0739 0.0000
vt 0.8281 0.0692 0.0000
vt 0.8210 0.0926 0.0000
vt 0.8144 0.0863 0.0000
vt 0.8071 0.1039 0.0000
vt 0.8025 0.0961 0.0000
vt 0.7937 0.1110 0.0000
vt 0.7900 0.1036 0.0000
vt 0.7649 0.1186 0.0000
vt 0.7637 0.1109 0.0000
vt 0.7764 0.1086 0.0000
vt 0.7792 0.1161 0.0000
vt 0.7484 0.1189 0.0000
vt 0.7489 0.1111 0.0000
vt 0.7541 0.1112 0.0000
vt 0.7540 0.1191 0.0000
vt 0.7300 0.1162 0.0000
vt 0.7073 0.1067 0.0000
vt 0.7112 0.0999 0.0000
vt 0.7320 0.1085 0.0000
vt 0.6883 0.0921 0.0000
vt 0.6943 0.0864 0.0000
vt 0.6738 0.0730 0.0000
vt 0.6810 0.0690 0.0000
vt 0.6642 0.0504 0.0000
vt 0.6725 0.0484 0.0000
vt 0.6605 0.0252 0.0000
vt 0.6685 0.0253 0.0000
vt 0.6597 0.0071 0.0000
vt 0.6672 0.0071 0.0000
vt 0.8493 0.0231 0.0000
vt 0.8536 0.0234 0.0000
vt 0.8539 0.0334 0.0000
vt 0.6560 0.0332 0.0000
vt 0.6597 0.0521 0.0000
vt 0.6693 0.0757 0.0000
vt 0.6847 0.0952 0.0000
vt 0.7049 0.1112 0.0000
vt 0.7284 0.1211 0.0000
vt 0.7482 0.1246 0.0000
vt 0.7657 0.1242 0.0000
vt 0.7544 0.1249 0.0000
vt 0.8110 0.1077 0.0000
vt 0.7962 0.1157 0.0000
vt 0.8244 0.0961 0.0000
vt 0.8402 0.0763 0.0000
vt 0.8502 0.0510 0.0000
vt 0.7807 0.1212 0.0000
vt 0.6558 0.0538 0.0000
vt 0.6509 0.0336 0.0000
vt 0.6645 0.0778 0.0000
vt 0.6813 0.0998 0.0000
vt 0.7021 0.1163 0.0000
vt 0.7265 0.1265 0.0000
vt 0.7478 0.1301 0.0000
vt 0.7664 0.1296 0.0000
vt 0.7544 0.1304 0.0000
vt 0.8143 0.1121 0.0000
vt 0.7989 0.1205 0.0000
vt 0.8285 0.0997 0.0000
vt 0.8443 0.0798 0.0000
vt 0.8559 0.0545 0.0000
vt 0.8586 0.0334 0.0000
vt 0.7824 0.1265 0.0000
vt 0.6544 0.0544 0.0000
vt 0.6495 0.0337 0.0000
vt 0.6607 0.0803 0.0000
vt 0.6662 0.1092 0.0000
vt 0.6934 0.1309 0.0000
vt 0.7226 0.1436 0.0000
vt 0.7471 0.1471 0.0000
vt 0.7686 0.1464 0.0000
vt 0.7546 0.1474 0.0000
vt 0.8244 0.1252 0.0000
vt 0.8057 0.1364 0.0000
vt 0.8413 0.1111 0.0000
vt 0.8578 0.0890 0.0000
vt 0.8708 0.0581 0.0000
vt 0.8739 0.0341 0.0000
vt 0.7871 0.1431 0.0000
vt 0.6914 0.1397 0.0000
vt 0.6673 0.1372 0.0000
vt 0.8583 0.0234 0.0000
vt 0.8736 0.0242 0.0000
vt 0.8395 0.0226 0.0000
vt 0.8532 0.0122 0.0000
vt 0.8579 0.0123 0.0000
vt 0.8733 0.0122 0.0000
vt 0.8854 0.0828 0.0000
vt 0.8775 0.0959 0.0000
vt 0.8508 0.1297 0.0000
vt 0.8346 0.1388 0.0000
vt 0.8572 0.1387 0.0000
vt 0.8411 0.1471 0.0000
vt 0.8765 0.1229 0.0000
vt 0.8822 0.1311 0.0000
vt 0.8753 0.1136 0.0000
vt 0.8171 0.1460 0.0000
vt 0.7938 0.1521 0.0000
vt 0.6814 0.6230 0.0000
vt 0.6769 0.6284 0.0000
vt 0.6615 0.6351 0.0000
vt 0.6553 0.1796 0.0000
vt 0.6920 0.1550 0.0000
vt 0.6649 0.1563 0.0000
vt 0.7232 0.1546 0.0000
vt 0.7459 0.1553 0.0000
vt 0.7543 0.1553 0.0000
vt 0.7687 0.1547 0.0000
vt 0.9151 0.0712 0.0000
vt 0.9052 0.0727 0.0000
vt 0.9060 0.0595 0.0000
vt 0.9103 0.0599 0.0000
vt 0.8954 0.0757 0.0000
vt 0.8983 0.0546 0.0000
vt 0.8795 0.0125 0.0000
vt 0.8799 0.0245 0.0000
vt 0.8802 0.0345 0.0000
vt 0.9017 0.0253 0.0000
vt 0.9010 0.0324 0.0000
vt 0.9110 0.0483 0.0000
vt 0.9159 0.0505 0.0000
vt 0.9176 0.0506 0.0000
vt 0.3880 0.7438 0.0000
vt 0.3625 0.7410 0.0000
vt 0.3548 0.7380 0.0000
vt 0.3360 0.7197 0.0000
vt 0.3331 0.7153 0.0000
vt 0.8530 0.0011 0.0000
vt 0.8577 0.0014 0.0000
vt 0.8730 0.0022 0.0000
vt 0.8792 0.0026 0.0000
vt 0.3080 0.7069 0.0000
vt 0.2937 0.7069 0.0000
vt 0.2665 0.7069 0.0000
vt 0.2328 0.7069 0.0000
vt 0.2137 0.7069 0.0000
vt 0.3166 0.7069 0.0000
vt 0.3080 0.7020 0.0000
vt 0.2937 0.7020 0.0000
vt 0.2665 0.7020 0.0000
vt 0.2328 0.7020 0.0000
vt 0.2137 0.7020 0.0000
vt 0.3166 0.7020 0.0000
vt 0.3080 0.6939 0.0000
vt 0.2937 0.6940 0.0000
vt 0.2665 0.6942 0.0000
vt 0.2328 0.6943 0.0000
vt 0.2137 0.6943 0.0000
vt 0.3166 0.6938 0.0000
vt 0.3258 0.7069 0.0000
vt 0.3258 0.7020 0.0000
vt 0.3430 0.7025 0.0000
vt 0.3258 0.6937 0.0000
vt 0.3430 0.6934 0.0000
vt 0.3663 0.7022 0.0000
vt 0.3611 0.6931 0.0000
vt 0.3853 0.7024 0.0000
vt 0.3962 0.7026 0.0000
vt 0.3870 0.6925 0.0000
vt 0.3765 0.6928 0.0000
vt 0.9034 0.0128 0.0000
vt 0.8998 0.0037 0.0000
vt 0.4015 0.7028 0.0000
vt 0.3910 0.6922 0.0000
vt 0.4093 0.7164 0.0000
vt 0.3475 0.7162 0.0000
vt 0.3648 0.7172 0.0000
vt 0.3863 0.7183 0.0000
vt 0.3944 0.7184 0.0000
vt 0.3914 0.7437 0.0000
vt 0.3993 0.7413 0.0000
vt 0.4097 0.7241 0.0000
vt 0.3624 0.8014 0.0000
vt 0.3685 0.7978 0.0000
vt 0.3826 0.7888 0.0000
vt 0.3946 0.7888 0.0000
vt 0.4047 0.7902 0.0000
vt 0.4137 0.7917 0.0000
vt 0.8619 0.4795 0.0000
vt 0.8589 0.5099 0.0000
vt 0.8636 0.4622 0.0000
vt 0.8566 0.5263 0.0000
vt 0.8543 0.5428 0.0000
vt 0.8543 0.5653 0.0000
vt 0.8587 0.6030 0.0000
vt 0.8587 0.6076 0.0000
vt 0.3732 0.8649 0.0000
vt 0.3748 0.8479 0.0000
vt 0.3813 0.8390 0.0000
vt 0.3838 0.8288 0.0000
vt 0.3924 0.8011 0.0000
vt 0.4028 0.8040 0.0000
vt 0.4111 0.8074 0.0000
vt 0.4157 0.8122 0.0000
vt 0.3694 0.8121 0.0000
vt 0.3624 0.8132 0.0000
vt 0.3879 0.8140 0.0000
vt 0.3971 0.8160 0.0000
vt 0.4049 0.8191 0.0000
vt 0.4094 0.8222 0.0000
vt 0.8577 0.4795 0.0000
vt 0.8547 0.5099 0.0000
vt 0.8595 0.4622 0.0000
vt 0.8501 0.5659 0.0000
vt 0.8539 0.6054 0.0000
vt 0.8539 0.6115 0.0000
vt 0.3774 0.8663 0.0000
vt 0.3791 0.8494 0.0000
vt 0.3858 0.8404 0.0000
vt 0.3905 0.8299 0.0000
vt 0.5808 0.2399 0.0000
vt 0.5741 0.2401 0.0000
vt 0.6231 0.2118 0.0000
vt 0.6282 0.2115 0.0000
vt 0.5545 0.2416 0.0000
vt 0.6001 0.2158 0.0000
vt 0.5335 0.2652 0.0000
vt 0.5252 0.2647 0.0000
vt 0.6511 0.1940 0.0000
vt 0.6558 0.1942 0.0000
vt 0.5040 0.2638 0.0000
vt 0.6324 0.1946 0.0000
vt 0.4666 0.5854 0.0000
vt 0.4655 0.5934 0.0000
vt 0.4977 0.5964 0.0000
vt 0.5029 0.5889 0.0000
vt 0.4616 0.2813 0.0000
vt 0.4520 0.2724 0.0000
vt 0.4780 0.2690 0.0000
vt 0.4934 0.2753 0.0000
vt 0.5300 0.6015 0.0000
vt 0.5384 0.5940 0.0000
vt 0.7334 0.4799 0.0000
vt 0.7338 0.4634 0.0000
vt 0.7223 0.4634 0.0000
vt 0.7218 0.4799 0.0000
vt 0.7148 0.5881 0.0000
vt 0.7235 0.5578 0.0000
vt 0.7126 0.5546 0.0000
vt 0.7049 0.5841 0.0000
vt 0.7059 0.6043 0.0000
vt 0.6993 0.6011 0.0000
vt 0.7283 0.5334 0.0000
vt 0.7313 0.5090 0.0000
vt 0.7198 0.5090 0.0000
vt 0.7171 0.5305 0.0000
vt 0.6904 0.6184 0.0000
vt 0.6886 0.6163 0.0000
vt 0.6853 0.6191 0.0000
vt 0.6856 0.6201 0.0000
vt 0.6808 0.6207 0.0000
vt 0.6807 0.6210 0.0000
vt 0.6378 0.6108 0.0000
vt 0.6629 0.6168 0.0000
vt 0.6630 0.6166 0.0000
vt 0.6250 0.1715 0.0000
vt 0.6354 0.1713 0.0000
vt 0.4677 0.1567 0.0000
vt 0.4654 0.1823 0.0000
vt 0.6204 0.1469 0.0000
vt 0.6414 0.1519 0.0000
vt 0.6462 0.1327 0.0000
vt 0.6314 0.1252 0.0000
vt 0.6710 0.1813 0.0000
vt 0.6755 0.1819 0.0000
vt 0.6104 0.1719 0.0000
vt 0.5908 0.1461 0.0000
vt 0.6154 0.1053 0.0000
vt 0.4880 0.1549 0.0000
vt 0.4893 0.1806 0.0000
vt 0.5073 0.1535 0.0000
vt 0.5093 0.1792 0.0000
vt 0.5489 0.1498 0.0000
vt 0.5593 0.1756 0.0000
vt 0.6498 0.0244 0.0000
vt 0.6490 0.0071 0.0000
vt 0.6284 0.0244 0.0000
vt 0.6276 0.0071 0.0000
vt 0.6057 0.0071 0.0000
vt 0.6065 0.0244 0.0000
vt 0.5867 0.0168 0.0000
vt 0.5859 0.0071 0.0000
vt 0.5609 0.0174 0.0000
vt 0.5594 0.0074 0.0000
vt 0.6369 0.0340 0.0000
vt 0.6240 0.0344 0.0000
vt 0.5783 0.0392 0.0000
vt 0.5826 0.0484 0.0000
vt 0.5987 0.0611 0.0000
vt 0.5281 0.0181 0.0000
vt 0.5258 0.0079 0.0000
vt 0.5540 0.0400 0.0000
vt 0.5576 0.0498 0.0000
vt 0.5711 0.0626 0.0000
vt 0.6007 0.0749 0.0000
vt 0.5728 0.0790 0.0000
vt 0.5793 0.1147 0.0000
vt 0.6068 0.0896 0.0000
vt 0.5424 0.1171 0.0000
vt 0.5378 0.0813 0.0000
vt 0.4670 0.0195 0.0000
vt 0.4656 0.0429 0.0000
vt 0.4667 0.0548 0.0000
vt 0.4709 0.0682 0.0000
vt 0.4704 0.0858 0.0000
vt 0.4975 0.0188 0.0000
vt 0.4945 0.0083 0.0000
vt 0.5065 0.1193 0.0000
vt 0.5041 0.0836 0.0000
vt 0.5231 0.0410 0.0000
vt 0.5258 0.0515 0.0000
vt 0.5361 0.0645 0.0000
vt 0.4823 0.0191 0.0000
vt 0.4800 0.0424 0.0000
vt 0.4815 0.0539 0.0000
vt 0.4872 0.0673 0.0000
vt 0.4873 0.0847 0.0000
vt 0.4631 0.0087 0.0000
vt 0.4707 0.1215 0.0000
vt 0.4788 0.0085 0.0000
vt 0.4886 0.1204 0.0000
vt 0.4943 0.0419 0.0000
vt 0.4963 0.0531 0.0000
vt 0.5035 0.0663 0.0000
vt 0.8873 0.2010 0.0000
vt 0.8874 0.1973 0.0000
vt 0.8878 0.2108 0.0000
vt 0.8874 0.2079 0.0000
vt 0.8880 0.2122 0.0000
vt 0.8916 0.2221 0.0000
vt 0.8892 0.2167 0.0000
vt 0.8930 0.2244 0.0000
vt 0.8951 0.2266 0.0000
vt 0.8941 0.2257 0.0000
vt 0.8986 0.2292 0.0000
vt 0.8981 0.2290 0.0000
vt 0.8958 0.2274 0.0000
vt 0.8873 0.2048 0.0000
vt 0.9019 0.2298 0.0000
vt 0.9002 0.2297 0.0000
vt 0.8883 0.2135 0.0000
vt 0.8291 0.1892 0.0000
vt 0.8352 0.1893 0.0000
vt 0.8352 0.2016 0.0000
vt 0.8291 0.2016 0.0000
vt 0.9028 0.2299 0.0000
vt 0.9095 0.2266 0.0000
vt 0.9057 0.2292 0.0000
vt 0.9126 0.2226 0.0000
vt 0.9150 0.2169 0.0000
vt 0.9166 0.2104 0.0000
vt 0.9172 0.2042 0.0000
vt 0.8777 0.1890 0.0000
vt 0.8797 0.1890 0.0000
vt 0.8797 0.2016 0.0000
vt 0.8777 0.2016 0.0000
vt 0.9172 0.1969 0.0000
vt 0.8759 0.1891 0.0000
vt 0.8759 0.2016 0.0000
vt 0.8723 0.1891 0.0000
vt 0.8723 0.2016 0.0000
vt 0.8650 0.1893 0.0000
vt 0.8650 0.2016 0.0000
vt 0.8584 0.1893 0.0000
vt 0.8584 0.2016 0.0000
vt 0.8866 0.2007 0.0000
vt 0.8866 0.2039 0.0000
vt 0.8869 0.2089 0.0000
vt 0.8886 0.2159 0.0000
vt 0.8910 0.2215 0.0000
vt 0.8931 0.2246 0.0000
vt 0.8953 0.2271 0.0000
vt 0.8976 0.2287 0.0000
vt 0.8998 0.2295 0.0000
vt 0.9015 0.2295 0.0000
vt 0.9024 0.2295 0.0000
vt 0.9054 0.2287 0.0000
vt 0.9090 0.2259 0.0000
vt 0.9119 0.2215 0.0000
vt 0.9143 0.2158 0.0000
vt 0.9158 0.2091 0.0000
vt 0.9165 0.2016 0.0000
vt 0.9167 0.1957 0.0000
vt 0.7701 0.1890 0.0000
vt 0.7721 0.1890 0.0000
vt 0.7721 0.2016 0.0000
vt 0.7701 0.2016 0.0000
vt 0.8866 0.1970 0.0000
vt 0.8867 0.1933 0.0000
vt 0.7749 0.1893 0.0000
vt 0.7749 0.2016 0.0000
vt 0.7806 0.1893 0.0000
vt 0.7863 0.1893 0.0000
vt 0.7863 0.2016 0.0000
vt 0.7806 0.2016 0.0000
vt 0.7916 0.1887 0.0000
vt 0.7916 0.2016 0.0000
vt 0.7985 0.1888 0.0000
vt 0.7985 0.2016 0.0000
vt 0.8239 0.1891 0.0000
vt 0.8239 0.2016 0.0000
vt 0.8074 0.1889 0.0000
vt 0.8074 0.2016 0.0000
vt 0.8198 0.1891 0.0000
vt 0.8198 0.2016 0.0000
vt 0.8157 0.1890 0.0000
vt 0.8157 0.2016 0.0000
vt 0.8352 0.2160 0.0000
vt 0.8291 0.2160 0.0000
vt 0.8291 0.2101 0.0000
vt 0.8352 0.2101 0.0000
vt 0.8797 0.2160 0.0000
vt 0.8777 0.2160 0.0000
vt 0.8777 0.2101 0.0000
vt 0.8797 0.2101 0.0000
vt 0.8759 0.2160 0.0000
vt 0.8759 0.2101 0.0000
vt 0.8723 0.2160 0.0000
vt 0.8723 0.2101 0.0000
vt 0.8650 0.2160 0.0000
vt 0.8650 0.2101 0.0000
vt 0.8584 0.2160 0.0000
vt 0.8584 0.2101 0.0000
vt 0.7721 0.2160 0.0000
vt 0.7701 0.2160 0.0000
vt 0.7701 0.2101 0.0000
vt 0.7721 0.2101 0.0000
vt 0.7749 0.2160 0.0000
vt 0.7749 0.2101 0.0000
vt 0.7863 0.2160 0.0000
vt 0.7806 0.2160 0.0000
vt 0.7806 0.2101 0.0000
vt 0.7863 0.2101 0.0000
vt 0.7916 0.2160 0.0000
vt 0.7916 0.2101 0.0000
vt 0.7985 0.2160 0.0000
vt 0.7985 0.2101 0.0000
vt 0.8239 0.2160 0.0000
vt 0.8239 0.2101 0.0000
vt 0.8074 0.2160 0.0000
vt 0.8074 0.2101 0.0000
vt 0.8198 0.2160 0.0000
vt 0.8198 0.2101 0.0000
vt 0.8157 0.2160 0.0000
vt 0.8157 0.2101 0.0000
vt 0.9247 0.2160 0.0000
vt 0.9247 0.2101 0.0000
vt 0.7248 0.2160 0.0000
vt 0.7248 0.2101 0.0000
vt 0.8352 0.2367 0.0000
vt 0.8291 0.2367 0.0000
vt 0.8291 0.2277 0.0000
vt 0.8352 0.2277 0.0000
vt 0.8291 0.2218 0.0000
vt 0.8352 0.2218 0.0000
vt 0.8352 0.2189 0.0000
vt 0.8291 0.2189 0.0000
vt 0.8352 0.2043 0.0000
vt 0.8291 0.2043 0.0000
vt 0.8797 0.2367 0.0000
vt 0.8777 0.2367 0.0000
vt 0.8777 0.2277 0.0000
vt 0.8797 0.2277 0.0000
vt 0.8777 0.2218 0.0000
vt 0.8797 0.2218 0.0000
vt 0.8797 0.2189 0.0000
vt 0.8777 0.2189 0.0000
vt 0.8797 0.2043 0.0000
vt 0.8777 0.2043 0.0000
vt 0.8759 0.2367 0.0000
vt 0.8759 0.2277 0.0000
vt 0.8759 0.2218 0.0000
vt 0.8759 0.2189 0.0000
vt 0.8759 0.2043 0.0000
vt 0.8723 0.2367 0.0000
vt 0.8723 0.2277 0.0000
vt 0.8723 0.2218 0.0000
vt 0.8723 0.2189 0.0000
vt 0.8723 0.2043 0.0000
vt 0.8650 0.2367 0.0000
vt 0.8650 0.2277 0.0000
vt 0.8650 0.2218 0.0000
vt 0.8650 0.2189 0.0000
vt 0.8650 0.2043 0.0000
vt 0.8584 0.2367 0.0000
vt 0.8584 0.2277 0.0000
vt 0.8584 0.2218 0.0000
vt 0.8584 0.2189 0.0000
vt 0.8584 0.2043 0.0000
vt 0.7721 0.2367 0.0000
vt 0.7701 0.2367 0.0000
vt 0.7701 0.2277 0.0000
vt 0.7721 0.2277 0.0000
vt 0.7701 0.2218 0.0000
vt 0.7721 0.2218 0.0000
vt 0.7721 0.2189 0.0000
vt 0.7701 0.2189 0.0000
vt 0.7721 0.2043 0.0000
vt 0.7701 0.2043 0.0000
vt 0.7749 0.2367 0.0000
vt 0.7749 0.2277 0.0000
vt 0.7749 0.2218 0.0000
vt 0.7749 0.2189 0.0000
vt 0.7749 0.2043 0.0000
vt 0.7863 0.2367 0.0000
vt 0.7806 0.2367 0.0000
vt 0.7806 0.2277 0.0000
vt 0.7863 0.2277 0.0000
vt 0.7806 0.2218 0.0000
vt 0.7863 0.2218 0.0000
vt 0.7863 0.2189 0.0000
vt 0.7806 0.2189 0.0000
vt 0.7863 0.2043 0.0000
vt 0.7806 0.2043 0.0000
vt 0.7916 0.2367 0.0000
vt 0.7916 0.2277 0.0000
vt 0.7916 0.2218 0.0000
vt 0.7916 0.2189 0.0000
vt 0.7916 0.2043 0.0000
vt 0.7985 0.2367 0.0000
vt 0.7985 0.2277 0.0000
vt 0.7985 0.2218 0.0000
vt 0.7985 0.2189 0.0000
vt 0.7985 0.2043 0.0000
vt 0.8239 0.2367 0.0000
vt 0.8239 0.2277 0.0000
vt 0.8239 0.2218 0.0000
vt 0.8239 0.2189 0.0000
vt 0.8239 0.2043 0.0000
vt 0.8074 0.2367 0.0000
vt 0.8074 0.2277 0.0000
vt 0.8074 0.2218 0.0000
vt 0.8074 0.2189 0.0000
vt 0.8074 0.2043 0.0000
vt 0.8198 0.2367 0.0000
vt 0.8198 0.2277 0.0000
vt 0.8198 0.2218 0.0000
vt 0.8198 0.2189 0.0000
vt 0.8198 0.2043 0.0000
vt 0.8157 0.2367 0.0000
vt 0.8157 0.2277 0.0000
vt 0.8157 0.2218 0.0000
vt 0.8157 0.2189 0.0000
vt 0.8157 0.2043 0.0000
vt 0.9247 0.2367 0.0000
vt 0.9247 0.2277 0.0000
vt 0.9247 0.2218 0.0000
vt 0.9247 0.2189 0.0000
vt 0.9247 0.2016 0.0000
vt 0.9247 0.2043 0.0000
vt 0.7248 0.2367 0.0000
vt 0.7248 0.2277 0.0000
vt 0.7248 0.2218 0.0000
vt 0.7248 0.2189 0.0000
vt 0.7248 0.2016 0.0000
vt 0.7248 0.2043 0.0000
vt 0.7219 0.2045 0.0000
vt 0.7220 0.2016 0.0000
vt 0.9274 0.2017 0.0000
vt 0.9276 0.2044 0.0000
vt 0.9277 0.2101 0.0000
vt 0.9278 0.2153 0.0000
vt 0.7217 0.2101 0.0000
vt 0.7216 0.2155 0.0000
vt 0.7216 0.2183 0.0000
vt 0.7215 0.2213 0.0000
vt 0.9280 0.2196 0.0000
vt 0.9280 0.2228 0.0000
vt 0.9280 0.2285 0.0000
vt 0.9280 0.2367 0.0000
vt 0.7213 0.2367 0.0000
vt 0.7213 0.2283 0.0000
vt 0.6998 0.2242 0.0000
vt 0.7006 0.2178 0.0000
vt 0.7052 0.2186 0.0000
vt 0.7046 0.2249 0.0000
vt 0.7042 0.2313 0.0000
vt 0.6994 0.2322 0.0000
vt 0.7203 0.2047 0.0000
vt 0.7205 0.2017 0.0000
vt 0.7200 0.2102 0.0000
vt 0.7199 0.2152 0.0000
vt 0.7198 0.2180 0.0000
vt 0.7197 0.2210 0.0000
vt 0.7195 0.2367 0.0000
vt 0.7195 0.2286 0.0000
vt 0.7214 0.2272 0.0000
vt 0.7196 0.2270 0.0000
vt 0.7145 0.2052 0.0000
vt 0.7151 0.2017 0.0000
vt 0.7140 0.2102 0.0000
vt 0.7137 0.2143 0.0000
vt 0.7135 0.2168 0.0000
vt 0.7132 0.2199 0.0000
vt 0.7126 0.2367 0.0000
vt 0.7127 0.2298 0.0000
vt 0.7221 0.1907 0.0000
vt 0.7248 0.1907 0.0000
vt 0.7211 0.1908 0.0000
vt 0.7199 0.1910 0.0000
vt 0.7128 0.2260 0.0000
vt 0.7074 0.2058 0.0000
vt 0.7083 0.2018 0.0000
vt 0.7065 0.2102 0.0000
vt 0.7060 0.2131 0.0000
vt 0.7056 0.2153 0.0000
vt 0.7042 0.2367 0.0000
vt 0.7033 0.2062 0.0000
vt 0.7045 0.2019 0.0000
vt 0.7021 0.2102 0.0000
vt 0.7015 0.2124 0.0000
vt 0.7011 0.2144 0.0000
vt 0.6993 0.2367 0.0000
vt 0.7159 0.1922 0.0000
vt 0.7142 0.1928 0.0000
vt 0.7088 0.1948 0.0000
vt 0.7060 0.1982 0.0000
vt 0.7075 0.1958 0.0000
vt 0.9297 0.2018 0.0000
vt 0.9299 0.2045 0.0000
vt 0.9302 0.2101 0.0000
vt 0.9304 0.2148 0.0000
vt 0.9306 0.2202 0.0000
vt 0.9307 0.2237 0.0000
vt 0.9307 0.2291 0.0000
vt 0.9308 0.2367 0.0000
vt 0.9341 0.2020 0.0000
vt 0.9344 0.2046 0.0000
vt 0.9351 0.2100 0.0000
vt 0.9353 0.2138 0.0000
vt 0.9359 0.2214 0.0000
vt 0.9360 0.2253 0.0000
vt 0.9361 0.2303 0.0000
vt 0.9361 0.2367 0.0000
vt 0.9247 0.1902 0.0000
vt 0.9273 0.1902 0.0000
vt 0.9295 0.1904 0.0000
vt 0.9283 0.1903 0.0000
vt 0.9392 0.2022 0.0000
vt 0.9398 0.2048 0.0000
vt 0.9407 0.2099 0.0000
vt 0.9412 0.2126 0.0000
vt 0.9420 0.2227 0.0000
vt 0.9422 0.2271 0.0000
vt 0.9423 0.2318 0.0000
vt 0.9424 0.2367 0.0000
vt 0.9334 0.1913 0.0000
vt 0.9382 0.1993 0.0000
vt 0.9364 0.1953 0.0000
vt 0.4713 0.9616 0.0000
vt 0.4769 0.9794 0.0000
vt 0.4562 0.9910 0.0000
vt 0.4556 0.9493 0.0000
vt 0.4045 0.9762 0.0000
vt 0.4068 0.9589 0.0000
vt 0.4231 0.9455 0.0000
vt 0.4142 0.9935 0.0000
vt 0.4324 0.9455 0.0000
vt 0.4259 0.9984 0.0000
vt 0.9234 0.9707 0.0000
vt 0.9184 0.9553 0.0000
vt 0.9034 0.9843 0.0000
vt 0.8797 0.9395 0.0000
vt 0.9027 0.9432 0.0000
vt 0.8612 0.9874 0.0000
vt 0.8515 0.9697 0.0000
vt 0.8732 0.9922 0.0000
vt 0.8698 0.9695 0.0000
vt 0.8625 0.9697 0.0000
vt 0.8807 0.9696 0.0000
vt 0.9049 0.9705 0.0000
vt 0.9213 0.9706 0.0000
vt 0.8728 0.9517 0.0000
vt 0.8665 0.9530 0.0000
vt 0.8820 0.9521 0.0000
vt 0.9008 0.9531 0.0000
vt 0.9158 0.9548 0.0000
vt 0.8705 0.9394 0.0000
vt 0.8534 0.9524 0.0000
vt 0.8235 0.9510 0.0000
vt 0.8235 0.9381 0.0000
vt 0.8235 0.9482 0.0000
vt 0.8235 0.9504 0.0000
vt 0.8235 0.9512 0.0000
vt 0.8534 0.9525 0.0000
vt 0.9463 0.4304 0.0000
vt 0.9463 0.4003 0.0000
vt 0.9971 0.4003 0.0000
vt 0.9971 0.4304 0.0000
vt 0.9463 0.3722 0.0000
vt 0.9971 0.3722 0.0000
vt 0.9463 0.3481 0.0000
vt 0.9971 0.3481 0.0000
vt 0.9463 0.3296 0.0000
vt 0.9971 0.3296 0.0000
vt 0.9463 0.3015 0.0000
vt 0.9971 0.3015 0.0000
vt 0.9463 0.2713 0.0000
vt 0.9971 0.2713 0.0000
vt 0.9463 0.2412 0.0000
vt 0.9971 0.2412 0.0000
vt 0.9463 0.2131 0.0000
vt 0.9971 0.2131 0.0000
vt 0.9463 0.1946 0.0000
vt 0.9971 0.1946 0.0000
vt 0.9463 0.1705 0.0000
vt 0.9971 0.1705 0.0000
vt 0.9463 0.1424 0.0000
vt 0.9971 0.1424 0.0000
vt 0.9463 0.1123 0.0000
vt 0.9971 0.1123 0.0000
vt 0.9463 0.0821 0.0000
vt 0.9971 0.0821 0.0000
vt 0.9463 0.0541 0.0000
vt 0.9971 0.0541 0.0000
vt 0.9463 0.0299 0.0000
vt 0.9971 0.0299 0.0000
vt 0.9463 0.0114 0.0000
vt 0.9971 0.0114 0.0000
vt 0.9463 0.6477 0.0000
vt 0.9463 0.6196 0.0000
vt 0.9971 0.6196 0.0000
vt 0.9971 0.6477 0.0000
vt 0.9463 0.5894 0.0000
vt 0.9971 0.5894 0.0000
vt 0.9463 0.5593 0.0000
vt 0.9971 0.5593 0.0000
vt 0.9463 0.5312 0.0000
vt 0.9971 0.5312 0.0000
vt 0.9463 0.5127 0.0000
vt 0.9971 0.5127 0.0000
vt 0.9463 0.4886 0.0000
vt 0.9971 0.4886 0.0000
vt 0.9463 0.4605 0.0000
vt 0.9971 0.4605 0.0000
vt 0.9758 0.8908 0.0000
vt 0.9665 0.9027 0.0000
vt 0.9544 0.9119 0.0000
vt 0.9836 0.8619 0.0000
vt 0.9402 0.9177 0.0000
vt 0.9251 0.9197 0.0000
vt 0.8958 0.9119 0.0000
vt 0.9099 0.9177 0.0000
vt 0.8837 0.9027 0.0000
vt 0.8744 0.8908 0.0000
vt 0.8665 0.8619 0.0000
vt 0.8685 0.8769 0.0000
vt 0.8685 0.8470 0.0000
vt 0.8744 0.8331 0.0000
vt 0.8958 0.8119 0.0000
vt 0.8837 0.8211 0.0000
vt 0.9099 0.8062 0.0000
vt 0.9251 0.8042 0.0000
vt 0.9544 0.8119 0.0000
vt 0.9402 0.8062 0.0000
vt 0.9665 0.8211 0.0000
vt 0.9758 0.8331 0.0000
vt 0.9817 0.8470 0.0000
vt 0.9817 0.8769 0.0000
vt 0.9940 0.8437 0.0000
vt 0.9868 0.8268 0.0000
vt 0.9755 0.8122 0.0000
vt 0.9940 0.8801 0.0000
vt 0.9607 0.8011 0.0000
vt 0.9435 0.7941 0.0000
vt 0.9066 0.7941 0.0000
vt 0.9251 0.7917 0.0000
vt 0.8894 0.8011 0.0000
vt 0.8747 0.8122 0.0000
vt 0.8562 0.8437 0.0000
vt 0.8633 0.8268 0.0000
vt 0.8538 0.8619 0.0000
vt 0.8562 0.8801 0.0000
vt 0.8747 0.9116 0.0000
vt 0.8633 0.8971 0.0000
vt 0.8894 0.9228 0.0000
vt 0.9066 0.9298 0.0000
vt 0.9435 0.9298 0.0000
vt 0.9251 0.9322 0.0000
vt 0.9607 0.9228 0.0000
vt 0.9755 0.9116 0.0000
vt 0.9868 0.8971 0.0000
vt 0.9964 0.8619 0.0000
vt 0.9975 0.8428 0.0000
vt 1.0001 0.8619 0.0000
vt 0.9975 0.8811 0.0000
vt 0.9901 0.8989 0.0000
vt 0.9781 0.9142 0.0000
vt 0.9626 0.9260 0.0000
vt 0.9445 0.9334 0.0000
vt 0.9251 0.9359 0.0000
vt 0.9057 0.9334 0.0000
vt 0.8876 0.9260 0.0000
vt 0.8720 0.9142 0.0000
vt 0.8601 0.8989 0.0000
vt 0.8526 0.8811 0.0000
vt 0.8501 0.8619 0.0000
vt 0.8526 0.8428 0.0000
vt 0.8601 0.8250 0.0000
vt 0.8720 0.8097 0.0000
vt 0.8876 0.7979 0.0000
vt 0.9057 0.7905 0.0000
vt 0.9251 0.7880 0.0000
vt 0.9445 0.7905 0.0000
vt 0.9626 0.7979 0.0000
vt 0.9781 0.8097 0.0000
vt 0.9901 0.8250 0.0000
vt 0.9464 0.4304 0.0000
vt 0.9464 0.4003 0.0000
vt 0.9972 0.4003 0.0000
vt 0.9972 0.4304 0.0000
vt 0.9464 0.3722 0.0000
vt 0.9972 0.3722 0.0000
vt 0.9464 0.3481 0.0000
vt 0.9972 0.3481 0.0000
vt 0.9464 0.3296 0.0000
vt 0.9972 0.3296 0.0000
vt 0.9464 0.3015 0.0000
vt 0.9972 0.3015 0.0000
vt 0.9464 0.2714 0.0000
vt 0.9972 0.2714 0.0000
vt 0.9464 0.2412 0.0000
vt 0.9972 0.2412 0.0000
vt 0.9464 0.2131 0.0000
vt 0.9972 0.2131 0.0000
vt 0.9464 0.1946 0.0000
vt 0.9972 0.1946 0.0000
vt 0.9464 0.1705 0.0000
vt 0.9972 0.1705 0.0000
vt 0.9464 0.1424 0.0000
vt 0.9972 0.1424 0.0000
vt 0.9464 0.1123 0.0000
vt 0.9972 0.1123 0.0000
vt 0.9464 0.0822 0.0000
vt 0.9972 0.0822 0.0000
vt 0.9464 0.0541 0.0000
vt 0.9972 0.0541 0.0000
vt 0.9464 0.0300 0.0000
vt 0.9972 0.0300 0.0000
vt 0.9464 0.0115 0.0000
vt 0.9972 0.0115 0.0000
vt 0.9464 0.6477 0.0000
vt 0.9464 0.6196 0.0000
vt 0.9972 0.6196 0.0000
vt 0.9972 0.6477 0.0000
vt 0.9464 0.5895 0.0000
vt 0.9972 0.5895 0.0000
vt 0.9464 0.5593 0.0000
vt 0.9972 0.5593 0.0000
vt 0.9464 0.5313 0.0000
vt 0.9972 0.5313 0.0000
vt 0.9464 0.5128 0.0000
vt 0.9972 0.5128 0.0000
vt 0.9464 0.4886 0.0000
vt 0.9972 0.4886 0.0000
vt 0.9464 0.4606 0.0000
vt 0.9972 0.4606 0.0000
vt 0.9837 0.8619 0.0000
vt 0.9403 0.9177 0.0000
vt 0.9251 0.9196 0.0000
vt 0.9403 0.8062 0.0000
vt 0.9436 0.7940 0.0000
vt 0.9066 0.7940 0.0000
vt 0.9251 0.7916 0.0000
vt 0.9436 0.9298 0.0000
vt 0.9976 0.8428 0.0000
vt 0.9976 0.8811 0.0000
vt 0.9445 0.9333 0.0000
vt 0.9057 0.9333 0.0000
vt 0.8721 0.9142 0.0000
vt 0.8721 0.8096 0.0000
vt 0.9781 0.8096 0.0000
vt 0.1897 0.3279 0.0000
vt 0.1484 0.3245 0.0000
vt 0.1481 0.3344 0.0000
vt 0.1892 0.3402 0.0000
vt 0.1036 0.3193 0.0000
vt 0.1036 0.3216 0.0000
vt 0.0625 0.0154 0.0000
vt 0.1087 0.2024 0.0000
vt 0.8391 0.7441 0.0000
vt 0.8324 0.7282 0.0000
vt 0.8218 0.7426 0.0000
vt 0.8273 0.7557 0.0000
vt 0.8046 0.7522 0.0000
vt 0.7615 0.7541 0.0000
vt 0.7664 0.7655 0.0000
vt 0.8113 0.7646 0.0000
vt 0.6602 0.7664 0.0000
vt 0.6793 0.7662 0.0000
vt 0.6780 0.7550 0.0000
vt 0.6596 0.7552 0.0000
vt 0.7519 0.7656 0.0000
vt 0.7476 0.7542 0.0000
vt 0.6780 0.7289 0.0000
vt 0.6596 0.7289 0.0000
vt 0.7564 0.7289 0.0000
vt 0.7441 0.7289 0.0000
vt 0.7813 0.7278 0.0000
vt 0.7899 0.7240 0.0000
vt 0.7941 0.7186 0.0000
vt 0.8319 0.7189 0.0000
vt 0.7981 0.7126 0.0000
vt 0.8277 0.7051 0.0000
vt 0.8021 0.7028 0.0000
vt 0.8214 0.6903 0.0000
vt 0.8042 0.6902 0.0000
vt 0.7918 0.6902 0.0000
vt 0.7897 0.7028 0.0000
vt 0.6817 0.7028 0.0000
vt 0.6838 0.6902 0.0000
vt 0.6637 0.6902 0.0000
vt 0.6617 0.7028 0.0000
vt 0.7563 0.7028 0.0000
vt 0.7584 0.6902 0.0000
vt 0.7466 0.6902 0.0000
vt 0.7446 0.7028 0.0000
vt 0.7783 0.7028 0.0000
vt 0.7804 0.6902 0.0000
vt 0.6800 0.7152 0.0000
vt 0.6997 0.7152 0.0000
vt 0.7010 0.7028 0.0000
vt 0.6607 0.7152 0.0000
vt 0.7563 0.7152 0.0000
vt 0.7798 0.7147 0.0000
vt 0.7890 0.7144 0.0000
vt 0.7443 0.7152 0.0000
vt 0.6983 0.7289 0.0000
vt 0.8312 0.8337 0.0000
vt 0.8191 0.8332 0.0000
vt 0.8211 0.8460 0.0000
vt 0.8332 0.8456 0.0000
vt 0.8069 0.8328 0.0000
vt 0.7979 0.8195 0.0000
vt 0.7976 0.8516 0.0000
vt 0.8089 0.8463 0.0000
vt 0.8229 0.8185 0.0000
vt 0.8104 0.8195 0.0000
vt 0.7623 0.8434 0.0000
vt 0.7726 0.8652 0.0000
vt 0.7926 0.7791 0.0000
vt 0.7962 0.7892 0.0000
vt 0.6602 0.7724 0.0000
vt 0.7005 0.7659 0.0000
vt 0.6793 0.7724 0.0000
vt 0.7005 0.7724 0.0000
vt 0.7831 0.7727 0.0000
vt 0.7664 0.7724 0.0000
vt 0.8502 0.7582 0.0000
vt 0.8419 0.7588 0.0000
vt 0.8407 0.7833 0.0000
vt 0.8490 0.7833 0.0000
vt 0.8389 0.7987 0.0000
vt 0.8457 0.8120 0.0000
vt 0.8467 0.7515 0.0000
vt 0.8417 0.7518 0.0000
vt 0.8229 0.8019 0.0000
vt 0.8104 0.8027 0.0000
vt 0.8352 0.8011 0.0000
vt 0.8352 0.8178 0.0000
vt 0.8359 0.7805 0.0000
vt 0.8230 0.7985 0.0000
vt 0.8102 0.7982 0.0000
vt 0.8329 0.7908 0.0000
vt 0.8432 0.8341 0.0000
vt 0.8452 0.8453 0.0000
vt 0.7972 0.8035 0.0000
vt 0.8330 0.7682 0.0000
vt 0.8263 0.7778 0.0000
vt 0.6602 0.7769 0.0000
vt 0.6793 0.7769 0.0000
vt 0.7005 0.7769 0.0000
vt 0.7831 0.7772 0.0000
vt 0.7909 0.7816 0.0000
vt 0.7664 0.7769 0.0000
vt 0.6602 0.7869 0.0000
vt 0.6793 0.7869 0.0000
vt 0.7005 0.7869 0.0000
vt 0.7680 0.7876 0.0000
vt 0.7841 0.7881 0.0000
vt 0.6793 0.7953 0.0000
vt 0.6602 0.7953 0.0000
vt 0.7538 0.7968 0.0000
vt 0.7529 0.7874 0.0000
vt 0.7005 0.7953 0.0000
vt 0.7694 0.7980 0.0000
vt 0.7850 0.8012 0.0000
vt 0.6793 0.8052 0.0000
vt 0.6602 0.8052 0.0000
vt 0.7005 0.8052 0.0000
vt 0.7561 0.8064 0.0000
vt 0.7709 0.8103 0.0000
vt 0.7861 0.8169 0.0000
vt 0.6983 0.7548 0.0000
vt 0.7031 0.6902 0.0000
vt 0.7519 0.7724 0.0000
vt 0.7519 0.7769 0.0000
vt 0.6602 0.8158 0.0000
vt 0.6793 0.8158 0.0000
vt 0.7005 0.8158 0.0000
vt 0.7451 0.8195 0.0000
vt 0.7534 0.8284 0.0000
vt 0.7583 0.8363 0.0000
vt 0.6602 0.8301 0.0000
vt 0.6793 0.8301 0.0000
vt 0.7005 0.8301 0.0000
vt 0.6793 0.8401 0.0000
vt 0.6602 0.8401 0.0000
vt 0.7451 0.8420 0.0000
vt 0.7451 0.8327 0.0000
vt 0.7005 0.8401 0.0000
vt 0.6793 0.8643 0.0000
vt 0.6602 0.8643 0.0000
vt 0.7005 0.8643 0.0000
vt 0.7451 0.8643 0.0000
vt 0.6602 0.8668 0.0000
vt 0.6793 0.8668 0.0000
vt 0.7005 0.8668 0.0000
vt 0.7451 0.8668 0.0000
vt 0.6602 0.8767 0.0000
vt 0.6793 0.8767 0.0000
vt 0.7005 0.8767 0.0000
vt 0.7685 0.8762 0.0000
vt 0.7956 0.8754 0.0000
vt 0.6793 0.8838 0.0000
vt 0.6602 0.8838 0.0000
vt 0.7451 0.8838 0.0000
vt 0.7451 0.8767 0.0000
vt 0.7005 0.8838 0.0000
vt 0.7619 0.8837 0.0000
vt 0.8378 0.8600 0.0000
vt 0.8466 0.8602 0.0000
vt 0.8415 0.8718 0.0000
vt 0.7982 0.8943 0.0000
vt 0.8088 0.8971 0.0000
vt 0.8477 0.8724 0.0000
vt 0.6602 0.8897 0.0000
vt 0.6602 0.8942 0.0000
vt 0.7005 0.8897 0.0000
vt 0.6793 0.8897 0.0000
vt 0.6793 0.8942 0.0000
vt 0.7005 0.8942 0.0000
vt 0.7451 0.8897 0.0000
vt 0.7451 0.8948 0.0000
vt 0.7553 0.8956 0.0000
vt 0.7565 0.8898 0.0000
vt 0.8255 0.8649 0.0000
vt 0.8135 0.8697 0.0000
vt 0.7992 0.8956 0.0000
vt 0.8099 0.8991 0.0000
vt 0.7970 0.9023 0.0000
vt 0.8076 0.9058 0.0000
vt 0.8110 0.9082 0.0000
vt 0.8051 0.9077 0.0000
vt 0.7908 0.9059 0.0000
vt 0.6602 0.9019 0.0000
vt 0.6793 0.9019 0.0000
vt 0.7005 0.9023 0.0000
vt 0.7451 0.9031 0.0000
vt 0.7553 0.9035 0.0000
vt 0.4937 0.9065 0.0000
vt 0.4734 0.9088 0.0000
vt 0.4706 0.9088 0.0000
vt 0.6607 0.9146 0.0000
vt 0.6807 0.9145 0.0000
vt 0.7024 0.9148 0.0000
vt 0.7536 0.9151 0.0000
vt 0.7825 0.9131 0.0000
vt 0.7421 0.9150 0.0000
vt 0.0926 0.4271 0.0000
vt 0.0926 0.4462 0.0000
vt 0.1476 0.4452 0.0000
vt 0.1476 0.4246 0.0000
vt 0.0934 0.4069 0.0000
vt 0.1476 0.4032 0.0000
vt 0.1476 0.3523 0.0000
vt 0.0995 0.3426 0.0000
vt 0.0961 0.3655 0.0000
vt 0.1476 0.3680 0.0000
vt 0.0953 0.3775 0.0000
vt 0.1476 0.3823 0.0000
vt 0.0903 0.3178 0.0000
vt 0.0766 0.3380 0.0000
vt 0.0626 0.3639 0.0000
vt 0.0592 0.3742 0.0000
vt 0.0519 0.4097 0.0000
vt 0.0501 0.4291 0.0000
vt 0.0498 0.4470 0.0000
vt 0.4024 0.3437 0.0000
vt 0.4221 0.3429 0.0000
vt 0.4211 0.3347 0.0000
vt 0.4024 0.3353 0.0000
vt 0.3132 0.3353 0.0000
vt 0.3132 0.3447 0.0000
vt 0.2631 0.3325 0.0000
vt 0.2629 0.3444 0.0000
vt 0.2198 0.3424 0.0000
vt 0.2202 0.3297 0.0000
vt 0.1688 0.1132 0.0000
vt 0.1695 0.1288 0.0000
vt 0.3088 0.0445 0.0000
vt 0.7277 0.3659 0.0000
vt 0.7328 0.3907 0.0000
vt 0.7571 0.3856 0.0000
vt 0.7516 0.3559 0.0000
vt 0.7854 0.3747 0.0000
vt 0.7883 0.3949 0.0000
vt 0.8352 0.3820 0.0000
vt 0.8244 0.3819 0.0000
vt 0.8268 0.3984 0.0000
vt 0.8375 0.3983 0.0000
vt 0.8675 0.3808 0.0000
vt 0.8697 0.3980 0.0000
vt 0.8905 0.3947 0.0000
vt 0.8875 0.3752 0.0000
vt 0.9045 0.3893 0.0000
vt 0.8984 0.3645 0.0000
vt 0.7359 0.3330 0.0000
vt 0.7183 0.3350 0.0000
vt 0.7287 0.3189 0.0000
vt 0.7087 0.3184 0.0000
vt 0.7248 0.3066 0.0000
vt 0.6918 0.3040 0.0000
vt 0.9081 0.4141 0.0000
vt 0.8934 0.4142 0.0000
vt 0.8965 0.4448 0.0000
vt 0.9118 0.4448 0.0000
vt 0.8720 0.4144 0.0000
vt 0.8750 0.4449 0.0000
vt 0.8672 0.4145 0.0000
vt 0.8702 0.4449 0.0000
vt 0.8292 0.4148 0.0000
vt 0.7909 0.4151 0.0000
vt 0.7934 0.4452 0.0000
vt 0.8321 0.4450 0.0000
vt 0.7601 0.4154 0.0000
vt 0.7607 0.4453 0.0000
vt 0.7362 0.4156 0.0000
vt 0.7384 0.4453 0.0000
vt 0.1610 0.8479 0.0000
vt 0.1610 0.8310 0.0000
vt 0.1338 0.8324 0.0000
vt 0.1338 0.8492 0.0000
vt 0.1946 0.8303 0.0000
vt 0.1946 0.8458 0.0000
vt 0.8649 0.3980 0.0000
vt 0.1016 0.8356 0.0000
vt 0.1066 0.8506 0.0000
vt 0.7298 0.3008 0.0000
vt 0.6931 0.2989 0.0000
vt 0.6858 0.2987 0.0000
vt 0.6866 0.3016 0.0000
vt 0.7854 0.3482 0.0000
vt 0.7573 0.3406 0.0000
vt 0.8626 0.3811 0.0000
vt 0.8675 0.3610 0.0000
vt 0.8626 0.3603 0.0000
vt 0.8244 0.3549 0.0000
vt 0.7364 0.3217 0.0000
vt 0.7854 0.3044 0.0000
vt 0.7573 0.3023 0.0000
vt 0.8739 0.3290 0.0000
vt 0.8683 0.3262 0.0000
vt 0.8244 0.3098 0.0000
vt 0.7391 0.3014 0.0000
vt 0.8911 0.3489 0.0000
vt 0.8501 0.3818 0.0000
vt 0.8459 0.3821 0.0000
vt 0.8483 0.3982 0.0000
vt 0.8524 0.3981 0.0000
vt 0.8428 0.4450 0.0000
vt 0.8536 0.4450 0.0000
vt 0.8506 0.4146 0.0000
vt 0.8399 0.4147 0.0000
vt 0.8459 0.3580 0.0000
vt 0.8352 0.3564 0.0000
vt 0.8491 0.3166 0.0000
vt 0.8368 0.3132 0.0000
vt 0.7298 0.2931 0.0000
vt 0.6987 0.2916 0.0000
vt 0.6801 0.2904 0.0000
vt 0.7854 0.2957 0.0000
vt 0.7573 0.2943 0.0000
vt 0.8491 0.3091 0.0000
vt 0.8368 0.3051 0.0000
vt 0.8244 0.3011 0.0000
vt 0.7391 0.2933 0.0000
vt 0.8683 0.3245 0.0000
vt 0.0895 0.8541 0.0000
vt 0.0861 0.8381 0.0000
vt 0.0664 0.8432 0.0000
vt 0.0677 0.8604 0.0000
vt 0.0458 0.8677 0.0000
vt 0.0440 0.8509 0.0000
vt 0.0357 0.8548 0.0000
vt 0.0414 0.8701 0.0000
vt 0.0613 0.8449 0.0000
vt 0.0627 0.8621 0.0000
vt 0.1338 0.8264 0.0000
vt 0.0999 0.8279 0.0000
vt 0.1946 0.8253 0.0000
vt 0.1610 0.8257 0.0000
vt 0.1063 0.8130 0.0000
vt 0.1030 0.8204 0.0000
vt 0.1338 0.8204 0.0000
vt 0.1338 0.8128 0.0000
vt 0.1610 0.8127 0.0000
vt 0.1610 0.8205 0.0000
vt 0.1946 0.8206 0.0000
vt 0.1946 0.8126 0.0000
vt 0.1169 0.8033 0.0000
vt 0.1338 0.8043 0.0000
vt 0.1610 0.8047 0.0000
vt 0.1946 0.8045 0.0000
vt 0.0843 0.8300 0.0000
vt 0.0604 0.8344 0.0000
vt 0.0372 0.8419 0.0000
vt 0.0310 0.8456 0.0000
vt 0.0552 0.8361 0.0000
vt 0.0964 0.8181 0.0000
vt 0.0650 0.8250 0.0000
vt 0.0302 0.8311 0.0000
vt 0.0250 0.8394 0.0000
vt 0.0572 0.8264 0.0000
vt 0.0278 0.8586 0.0000
vt 0.0370 0.8725 0.0000
vt 0.0280 0.8512 0.0000
vt 0.0226 0.8485 0.0000
vt 0.1010 0.8113 0.0000
vt 0.1137 0.8017 0.0000
vt 0.1031 0.7917 0.0000
vt 0.0697 0.7946 0.0000
vt 0.1061 0.7883 0.0000
vt 0.0778 0.7881 0.0000
vt 0.0843 0.7817 0.0000
vt 0.0720 0.7771 0.0000
vt 0.0677 0.7846 0.0000
vt 0.0446 0.7798 0.0000
vt 0.0636 0.7915 0.0000
vt 0.0491 0.7661 0.0000
vt 0.1109 0.7831 0.0000
vt 0.0402 0.7532 0.0000
vt 0.1338 0.7870 0.0000
vt 0.1169 0.7876 0.0000
vt 0.1946 0.7867 0.0000
vt 0.1610 0.7867 0.0000
vt 0.1338 0.7831 0.0000
vt 0.1195 0.7831 0.0000
vt 0.1946 0.7833 0.0000
vt 0.1610 0.7832 0.0000
vt 0.1338 0.7654 0.0000
vt 0.1195 0.7654 0.0000
vt 0.1946 0.7655 0.0000
vt 0.1610 0.7655 0.0000
vt 0.1109 0.7654 0.0000
vt 0.0935 0.7649 0.0000
vt 0.0845 0.7616 0.0000
vt 0.0685 0.7490 0.0000
vt 0.1195 0.7574 0.0000
vt 0.1338 0.7574 0.0000
vt 0.1610 0.7575 0.0000
vt 0.1946 0.7576 0.0000
vt 0.1109 0.7574 0.0000
vt 0.0977 0.7573 0.0000
vt 0.0773 0.7438 0.0000
vt 0.0901 0.7546 0.0000
vt 0.0325 0.7797 0.0000
vt 0.0329 0.7678 0.0000
vt 0.0194 0.7710 0.0000
vt 0.0224 0.7811 0.0000
vt 0.0109 0.7787 0.0000
vt 0.0134 0.7849 0.0000
vt 0.0083 0.7929 0.0000
vt 0.1338 0.7121 0.0000
vt 0.1195 0.7125 0.0000
vt 0.1946 0.7123 0.0000
vt 0.1610 0.7123 0.0000
vt 0.1109 0.7138 0.0000
vt 0.0977 0.7226 0.0000
vt 0.7540 0.1112 0.0000
vt 0.7111 0.0999 0.0000
vt 0.7283 0.1211 0.0000
vt 0.7543 0.1249 0.0000
vt 0.7543 0.1304 0.0000
vt 0.6814 0.3006 0.0000
vt 0.6769 0.2960 0.0000
vt 0.6620 0.2883 0.0000
vt 0.9059 0.0595 0.0000
vt 0.0650 0.7410 0.0000
vt 0.0395 0.7438 0.0000
vt 0.0727 0.7380 0.0000
vt 0.0915 0.7197 0.0000
vt 0.0944 0.7153 0.0000
vt 0.1338 0.7069 0.0000
vt 0.1195 0.7069 0.0000
vt 0.1946 0.7069 0.0000
vt 0.1610 0.7069 0.0000
vt 0.1109 0.7069 0.0000
vt 0.1338 0.7020 0.0000
vt 0.1195 0.7020 0.0000
vt 0.1946 0.7020 0.0000
vt 0.1610 0.7020 0.0000
vt 0.1109 0.7020 0.0000
vt 0.1338 0.6940 0.0000
vt 0.1195 0.6939 0.0000
vt 0.1946 0.6943 0.0000
vt 0.1610 0.6942 0.0000
vt 0.1109 0.6938 0.0000
vt 0.1017 0.7020 0.0000
vt 0.1017 0.7069 0.0000
vt 0.0845 0.7025 0.0000
vt 0.1017 0.6937 0.0000
vt 0.0845 0.6934 0.0000
vt 0.0664 0.6931 0.0000
vt 0.0612 0.7022 0.0000
vt 0.0422 0.7024 0.0000
vt 0.0510 0.6928 0.0000
vt 0.0405 0.6925 0.0000
vt 0.0312 0.7026 0.0000
vt 0.0365 0.6922 0.0000
vt 0.0260 0.7028 0.0000
vt 0.0181 0.7164 0.0000
vt 0.0627 0.7172 0.0000
vt 0.0800 0.7162 0.0000
vt 0.0411 0.7183 0.0000
vt 0.0331 0.7184 0.0000
vt 0.0361 0.7437 0.0000
vt 0.0178 0.7241 0.0000
vt 0.0282 0.7413 0.0000
vt 0.0651 0.8014 0.0000
vt 0.0590 0.7978 0.0000
vt 0.0449 0.7888 0.0000
vt 0.0328 0.7888 0.0000
vt 0.0227 0.7902 0.0000
vt 0.0138 0.7917 0.0000
vt 0.8619 0.4450 0.0000
vt 0.8589 0.4145 0.0000
vt 0.8566 0.3981 0.0000
vt 0.8543 0.3816 0.0000
vt 0.8543 0.3591 0.0000
vt 0.8587 0.3214 0.0000
vt 0.8587 0.3168 0.0000
vt 0.0527 0.8479 0.0000
vt 0.0543 0.8649 0.0000
vt 0.0462 0.8390 0.0000
vt 0.0437 0.8288 0.0000
vt 0.0351 0.8011 0.0000
vt 0.0247 0.8040 0.0000
vt 0.0163 0.8074 0.0000
vt 0.0118 0.8122 0.0000
vt 0.0651 0.8132 0.0000
vt 0.0581 0.8121 0.0000
vt 0.0304 0.8160 0.0000
vt 0.0396 0.8140 0.0000
vt 0.0225 0.8191 0.0000
vt 0.0181 0.8222 0.0000
vt 0.8577 0.4450 0.0000
vt 0.8547 0.4146 0.0000
vt 0.8501 0.3585 0.0000
vt 0.8539 0.3190 0.0000
vt 0.8539 0.3129 0.0000
vt 0.0483 0.8494 0.0000
vt 0.0500 0.8663 0.0000
vt 0.0417 0.8404 0.0000
vt 0.0370 0.8299 0.0000
vt 0.6281 0.2115 0.0000
vt 0.4666 0.3411 0.0000
vt 0.5029 0.3376 0.0000
vt 0.4977 0.3301 0.0000
vt 0.4655 0.3331 0.0000
vt 0.5300 0.3250 0.0000
vt 0.5384 0.3325 0.0000
vt 0.7334 0.4468 0.0000
vt 0.7218 0.4468 0.0000
vt 0.7148 0.3386 0.0000
vt 0.7049 0.3427 0.0000
vt 0.7126 0.3721 0.0000
vt 0.7235 0.3689 0.0000
vt 0.7059 0.3225 0.0000
vt 0.6993 0.3256 0.0000
vt 0.7283 0.3933 0.0000
vt 0.7171 0.3963 0.0000
vt 0.7198 0.4177 0.0000
vt 0.7313 0.4177 0.0000
vt 0.6904 0.3083 0.0000
vt 0.6886 0.3104 0.0000
vt 0.6856 0.3066 0.0000
vt 0.6853 0.3077 0.0000
vt 0.6807 0.3057 0.0000
vt 0.6808 0.3060 0.0000
vt 0.6378 0.3159 0.0000
vt 0.6630 0.3101 0.0000
vt 0.6629 0.3099 0.0000
vt 0.8291 0.2842 0.0000
vt 0.8291 0.2718 0.0000
vt 0.8352 0.2718 0.0000
vt 0.8352 0.2841 0.0000
vt 0.8777 0.2843 0.0000
vt 0.8777 0.2718 0.0000
vt 0.8797 0.2718 0.0000
vt 0.8797 0.2843 0.0000
vt 0.8759 0.2843 0.0000
vt 0.8759 0.2718 0.0000
vt 0.8723 0.2843 0.0000
vt 0.8723 0.2718 0.0000
vt 0.8650 0.2841 0.0000
vt 0.8650 0.2718 0.0000
vt 0.8584 0.2718 0.0000
vt 0.8584 0.2841 0.0000
vt 0.7701 0.2843 0.0000
vt 0.7701 0.2718 0.0000
vt 0.7721 0.2718 0.0000
vt 0.7721 0.2843 0.0000
vt 0.7749 0.2718 0.0000
vt 0.7749 0.2841 0.0000
vt 0.7806 0.2841 0.0000
vt 0.7806 0.2718 0.0000
vt 0.7863 0.2718 0.0000
vt 0.7863 0.2841 0.0000
vt 0.7916 0.2718 0.0000
vt 0.7916 0.2846 0.0000
vt 0.7985 0.2718 0.0000
vt 0.7985 0.2846 0.0000
vt 0.8239 0.2843 0.0000
vt 0.8239 0.2718 0.0000
vt 0.8074 0.2718 0.0000
vt 0.8074 0.2845 0.0000
vt 0.8198 0.2843 0.0000
vt 0.8198 0.2718 0.0000
vt 0.8157 0.2718 0.0000
vt 0.8157 0.2844 0.0000
vt 0.8352 0.2574 0.0000
vt 0.8352 0.2632 0.0000
vt 0.8291 0.2632 0.0000
vt 0.8291 0.2574 0.0000
vt 0.8797 0.2574 0.0000
vt 0.8797 0.2632 0.0000
vt 0.8777 0.2632 0.0000
vt 0.8777 0.2574 0.0000
vt 0.8759 0.2632 0.0000
vt 0.8759 0.2574 0.0000
vt 0.8723 0.2632 0.0000
vt 0.8723 0.2574 0.0000
vt 0.8650 0.2632 0.0000
vt 0.8650 0.2574 0.0000
vt 0.8584 0.2574 0.0000
vt 0.8584 0.2632 0.0000
vt 0.7721 0.2574 0.0000
vt 0.7721 0.2632 0.0000
vt 0.7701 0.2632 0.0000
vt 0.7701 0.2574 0.0000
vt 0.7749 0.2574 0.0000
vt 0.7749 0.2632 0.0000
vt 0.7863 0.2574 0.0000
vt 0.7863 0.2632 0.0000
vt 0.7806 0.2632 0.0000
vt 0.7806 0.2574 0.0000
vt 0.7916 0.2574 0.0000
vt 0.7916 0.2632 0.0000
vt 0.7985 0.2574 0.0000
vt 0.7985 0.2632 0.0000
vt 0.8239 0.2632 0.0000
vt 0.8239 0.2574 0.0000
vt 0.8074 0.2574 0.0000
vt 0.8074 0.2632 0.0000
vt 0.8198 0.2632 0.0000
vt 0.8198 0.2574 0.0000
vt 0.8157 0.2574 0.0000
vt 0.8157 0.2632 0.0000
vt 0.9247 0.2574 0.0000
vt 0.9247 0.2632 0.0000
vt 0.7248 0.2632 0.0000
vt 0.7248 0.2574 0.0000
vt 0.8352 0.2457 0.0000
vt 0.8291 0.2457 0.0000
vt 0.8352 0.2515 0.0000
vt 0.8291 0.2515 0.0000
vt 0.8352 0.2545 0.0000
vt 0.8291 0.2545 0.0000
vt 0.8291 0.2691 0.0000
vt 0.8352 0.2691 0.0000
vt 0.8797 0.2457 0.0000
vt 0.8777 0.2457 0.0000
vt 0.8797 0.2515 0.0000
vt 0.8777 0.2515 0.0000
vt 0.8797 0.2545 0.0000
vt 0.8777 0.2545 0.0000
vt 0.8777 0.2691 0.0000
vt 0.8797 0.2691 0.0000
vt 0.8759 0.2457 0.0000
vt 0.8759 0.2515 0.0000
vt 0.8759 0.2545 0.0000
vt 0.8759 0.2691 0.0000
vt 0.8723 0.2457 0.0000
vt 0.8723 0.2515 0.0000
vt 0.8723 0.2545 0.0000
vt 0.8723 0.2691 0.0000
vt 0.8650 0.2457 0.0000
vt 0.8650 0.2515 0.0000
vt 0.8650 0.2545 0.0000
vt 0.8650 0.2691 0.0000
vt 0.8584 0.2457 0.0000
vt 0.8584 0.2515 0.0000
vt 0.8584 0.2545 0.0000
vt 0.8584 0.2691 0.0000
vt 0.7721 0.2457 0.0000
vt 0.7701 0.2457 0.0000
vt 0.7721 0.2515 0.0000
vt 0.7701 0.2515 0.0000
vt 0.7721 0.2545 0.0000
vt 0.7701 0.2545 0.0000
vt 0.7701 0.2691 0.0000
vt 0.7721 0.2691 0.0000
vt 0.7749 0.2457 0.0000
vt 0.7749 0.2515 0.0000
vt 0.7749 0.2545 0.0000
vt 0.7749 0.2691 0.0000
vt 0.7863 0.2457 0.0000
vt 0.7806 0.2457 0.0000
vt 0.7863 0.2515 0.0000
vt 0.7806 0.2515 0.0000
vt 0.7863 0.2545 0.0000
vt 0.7806 0.2545 0.0000
vt 0.7806 0.2691 0.0000
vt 0.7863 0.2691 0.0000
vt 0.7916 0.2457 0.0000
vt 0.7916 0.2515 0.0000
vt 0.7916 0.2545 0.0000
vt 0.7916 0.2691 0.0000
vt 0.7985 0.2457 0.0000
vt 0.7985 0.2515 0.0000
vt 0.7985 0.2545 0.0000
vt 0.7985 0.2691 0.0000
vt 0.8239 0.2457 0.0000
vt 0.8239 0.2515 0.0000
vt 0.8239 0.2545 0.0000
vt 0.8239 0.2691 0.0000
vt 0.8074 0.2457 0.0000
vt 0.8074 0.2515 0.0000
vt 0.8074 0.2545 0.0000
vt 0.8074 0.2691 0.0000
vt 0.8198 0.2457 0.0000
vt 0.8198 0.2515 0.0000
vt 0.8198 0.2545 0.0000
vt 0.8198 0.2691 0.0000
vt 0.8157 0.2457 0.0000
vt 0.8157 0.2515 0.0000
vt 0.8157 0.2545 0.0000
vt 0.8157 0.2691 0.0000
vt 0.9247 0.2457 0.0000
vt 0.9247 0.2515 0.0000
vt 0.9247 0.2545 0.0000
vt 0.9247 0.2691 0.0000
vt 0.9247 0.2718 0.0000
vt 0.7248 0.2457 0.0000
vt 0.7248 0.2515 0.0000
vt 0.7248 0.2545 0.0000
vt 0.7248 0.2718 0.0000
vt 0.7248 0.2691 0.0000
vt 0.7220 0.2717 0.0000
vt 0.7219 0.2688 0.0000
vt 0.9276 0.2690 0.0000
vt 0.9274 0.2717 0.0000
vt 0.9277 0.2633 0.0000
vt 0.9278 0.2580 0.0000
vt 0.7217 0.2632 0.0000
vt 0.7216 0.2579 0.0000
vt 0.7216 0.2551 0.0000
vt 0.7215 0.2521 0.0000
vt 0.9280 0.2537 0.0000
vt 0.9280 0.2505 0.0000
vt 0.9280 0.2449 0.0000
vt 0.7213 0.2451 0.0000
vt 0.6998 0.2492 0.0000
vt 0.7046 0.2485 0.0000
vt 0.7052 0.2548 0.0000
vt 0.7006 0.2556 0.0000
vt 0.6994 0.2412 0.0000
vt 0.7042 0.2421 0.0000
vt 0.7205 0.2717 0.0000
vt 0.7203 0.2687 0.0000
vt 0.7200 0.2632 0.0000
vt 0.7199 0.2581 0.0000
vt 0.7198 0.2554 0.0000
vt 0.7197 0.2524 0.0000
vt 0.7195 0.2448 0.0000
vt 0.7214 0.2462 0.0000
vt 0.7196 0.2464 0.0000
vt 0.7151 0.2716 0.0000
vt 0.7145 0.2682 0.0000
vt 0.7140 0.2632 0.0000
vt 0.7137 0.2591 0.0000
vt 0.7135 0.2566 0.0000
vt 0.7132 0.2535 0.0000
vt 0.7127 0.2435 0.0000
vt 0.7248 0.2827 0.0000
vt 0.7221 0.2827 0.0000
vt 0.7211 0.2826 0.0000
vt 0.7199 0.2824 0.0000
vt 0.7128 0.2473 0.0000
vt 0.7083 0.2716 0.0000
vt 0.7074 0.2676 0.0000
vt 0.7065 0.2632 0.0000
vt 0.7060 0.2603 0.0000
vt 0.7056 0.2581 0.0000
vt 0.7045 0.2715 0.0000
vt 0.7033 0.2672 0.0000
vt 0.7021 0.2632 0.0000
vt 0.7015 0.2610 0.0000
vt 0.7011 0.2589 0.0000
vt 0.7159 0.2812 0.0000
vt 0.7142 0.2806 0.0000
vt 0.7088 0.2786 0.0000
vt 0.7060 0.2751 0.0000
vt 0.7075 0.2776 0.0000
vt 0.9297 0.2716 0.0000
vt 0.9299 0.2689 0.0000
vt 0.9302 0.2633 0.0000
vt 0.9304 0.2586 0.0000
vt 0.9306 0.2532 0.0000
vt 0.9307 0.2497 0.0000
vt 0.9307 0.2443 0.0000
vt 0.9341 0.2714 0.0000
vt 0.9344 0.2688 0.0000
vt 0.9351 0.2634 0.0000
vt 0.9353 0.2596 0.0000
vt 0.9359 0.2520 0.0000
vt 0.9360 0.2481 0.0000
vt 0.9361 0.2430 0.0000
vt 0.9273 0.2832 0.0000
vt 0.9247 0.2832 0.0000
vt 0.9295 0.2830 0.0000
vt 0.9283 0.2831 0.0000
vt 0.9392 0.2712 0.0000
vt 0.9398 0.2686 0.0000
vt 0.9407 0.2635 0.0000
vt 0.9412 0.2608 0.0000
vt 0.9420 0.2507 0.0000
vt 0.9422 0.2462 0.0000
vt 0.9423 0.2416 0.0000
vt 0.9334 0.2821 0.0000
vt 0.9382 0.2741 0.0000
vt 0.9364 0.2781 0.0000
vt 0.4769 0.9795 0.0000
vt 0.4232 0.9455 0.0000
vt 0.9233 0.9707 0.0000
vt 0.9183 0.9553 0.0000
vt 0.9033 0.9843 0.0000
vt 0.8796 0.9395 0.0000
vt 0.9026 0.9432 0.0000
vt 0.8611 0.9874 0.0000
vt 0.8514 0.9697 0.0000
vt 0.8624 0.9697 0.0000
vt 0.8697 0.9695 0.0000
vt 0.8806 0.9696 0.0000
vt 0.9048 0.9705 0.0000
vt 0.9212 0.9706 0.0000
vt 0.8664 0.9530 0.0000
vt 0.8727 0.9517 0.0000
vt 0.8819 0.9521 0.0000
vt 0.9007 0.9531 0.0000
vt 0.9157 0.9548 0.0000
vt 0.8533 0.9524 0.0000
vt 0.8234 0.9381 0.0000
vt 0.8234 0.9510 0.0000
vt 0.8234 0.9482 0.0000
vt 0.8234 0.9504 0.0000
vt 0.8533 0.9525 0.0000
vt 0.8234 0.9512 0.0000
vt 0.9972 0.4306 0.0000
vt 0.9464 0.4306 0.0000
vt 0.9464 0.4004 0.0000
vt 0.9972 0.4004 0.0000
vt 0.9464 0.3723 0.0000
vt 0.9972 0.3723 0.0000
vt 0.9464 0.3482 0.0000
vt 0.9972 0.3482 0.0000
vt 0.9464 0.3297 0.0000
vt 0.9972 0.3297 0.0000
vt 0.9464 0.3016 0.0000
vt 0.9972 0.3016 0.0000
vt 0.9464 0.2715 0.0000
vt 0.9972 0.2715 0.0000
vt 0.9464 0.2414 0.0000
vt 0.9972 0.2414 0.0000
vt 0.9464 0.2133 0.0000
vt 0.9972 0.2133 0.0000
vt 0.9464 0.1948 0.0000
vt 0.9972 0.1948 0.0000
vt 0.9464 0.1707 0.0000
vt 0.9972 0.1707 0.0000
vt 0.9464 0.1426 0.0000
vt 0.9972 0.1426 0.0000
vt 0.9464 0.1124 0.0000
vt 0.9972 0.1124 0.0000
vt 0.9464 0.0823 0.0000
vt 0.9972 0.0823 0.0000
vt 0.9464 0.0542 0.0000
vt 0.9972 0.0542 0.0000
vt 0.9464 0.0301 0.0000
vt 0.9972 0.0301 0.0000
vt 0.9464 0.0116 0.0000
vt 0.9972 0.0116 0.0000
vt 0.9972 0.6478 0.0000
vt 0.9464 0.6478 0.0000
vt 0.9464 0.6198 0.0000
vt 0.9972 0.6198 0.0000
vt 0.9464 0.5896 0.0000
vt 0.9972 0.5896 0.0000
vt 0.9464 0.5595 0.0000
vt 0.9972 0.5595 0.0000
vt 0.9464 0.5314 0.0000
vt 0.9972 0.5314 0.0000
vt 0.9464 0.5129 0.0000
vt 0.9972 0.5129 0.0000
vt 0.9464 0.4888 0.0000
vt 0.9972 0.4888 0.0000
vt 0.9464 0.4607 0.0000
vt 0.9972 0.4607 0.0000
vt 0.9436 0.7941 0.0000
vt 0.8721 0.8097 0.0000
vt 0.9971 0.2714 0.0000
vt 0.9464 0.2132 0.0000
vt 0.9971 0.2132 0.0000
vt 0.9464 0.1947 0.0000
vt 0.9971 0.1947 0.0000
vt 0.9464 0.1425 0.0000
vt 0.9971 0.1425 0.0000
vt 0.9971 0.0822 0.0000
vt 0.9971 0.0300 0.0000
vt 0.9971 0.0115 0.0000
vt 0.9971 0.5895 0.0000
vt 0.9464 0.5594 0.0000
vt 0.9971 0.5594 0.0000
vt 0.9971 0.5313 0.0000
vt 0.9971 0.5128 0.0000
vt 0.9464 0.4887 0.0000
vt 0.9971 0.4887 0.0000
vt 0.9971 0.4606 0.0000
vt 0.9435 0.7940 0.0000
vt 0.8720 0.8096 0.0000
vt 0.2141 0.9512 0.0000
vt 0.2344 0.9509 0.0000
vt 0.2333 0.9219 0.0000
vt 0.2141 0.9220 0.0000
vt 0.2606 0.9506 0.0000
vt 0.2621 0.9217 0.0000
vt 0.2841 0.9503 0.0000
vt 0.2855 0.9216 0.0000
vt 0.3085 0.9500 0.0000
vt 0.3108 0.9217 0.0000
vt 0.3371 0.9219 0.0000
vt 0.3294 0.9499 0.0000
vt 0.3547 0.9225 0.0000
vt 0.3460 0.9501 0.0000
vt 0.2141 0.9767 0.0000
vt 0.2356 0.9762 0.0000
vt 0.2327 0.9007 0.0000
vt 0.2141 0.9008 0.0000
vt 0.2593 0.9757 0.0000
vt 0.2633 0.9006 0.0000
vt 0.2830 0.9753 0.0000
vt 0.2867 0.9006 0.0000
vt 0.3067 0.9748 0.0000
vt 0.3126 0.9006 0.0000
vt 0.3424 0.9009 0.0000
vt 0.3225 0.9745 0.0000
vt 0.3606 0.9012 0.0000
vt 0.3382 0.9741 0.0000
vt 0.3540 0.9738 0.0000
vt 0.3643 0.9505 0.0000
vt 0.3745 0.9232 0.0000
vt 0.3814 0.9050 0.0000
vt 0.3858 0.8920 0.0000
vt 0.3644 0.8862 0.0000
vt 0.3840 0.8894 0.0000
vt 0.3810 0.8882 0.0000
vt 0.2322 0.8857 0.0000
vt 0.2141 0.8857 0.0000
vt 0.2640 0.8857 0.0000
vt 0.2874 0.8857 0.0000
vt 0.3137 0.8857 0.0000
vt 0.3458 0.8860 0.0000
vt 0.1950 0.9219 0.0000
vt 0.1938 0.9509 0.0000
vt 0.1661 0.9217 0.0000
vt 0.1677 0.9506 0.0000
vt 0.1427 0.9216 0.0000
vt 0.1442 0.9503 0.0000
vt 0.1174 0.9217 0.0000
vt 0.1198 0.9500 0.0000
vt 0.0911 0.9219 0.0000
vt 0.0989 0.9499 0.0000
vt 0.0736 0.9225 0.0000
vt 0.0823 0.9501 0.0000
vt 0.1926 0.9762 0.0000
vt 0.1956 0.9007 0.0000
vt 0.1690 0.9757 0.0000
vt 0.1650 0.9006 0.0000
vt 0.1453 0.9753 0.0000
vt 0.1416 0.9006 0.0000
vt 0.1216 0.9748 0.0000
vt 0.1156 0.9006 0.0000
vt 0.0859 0.9009 0.0000
vt 0.1058 0.9745 0.0000
vt 0.0677 0.9012 0.0000
vt 0.0900 0.9741 0.0000
vt 0.0640 0.9505 0.0000
vt 0.0743 0.9738 0.0000
vt 0.0537 0.9232 0.0000
vt 0.0638 0.8862 0.0000
vt 0.0425 0.8920 0.0000
vt 0.0469 0.9050 0.0000
vt 0.0473 0.8882 0.0000
vt 0.0442 0.8894 0.0000
vt 0.1961 0.8857 0.0000
vt 0.1643 0.8857 0.0000
vt 0.1409 0.8857 0.0000
vt 0.1146 0.8857 0.0000
vt 0.0824 0.8860 0.0000
vt 0.1892 0.4815 0.0000
vt 0.1892 0.4632 0.0000
vt 0.1892 0.5226 0.0000
vt 0.1892 0.5017 0.0000
vt 0.1892 0.5567 0.0000
vt 0.1892 0.5428 0.0000
vt 0.1892 0.5704 0.0000
vt 0.4237 0.5224 0.0000
vt 0.4024 0.5220 0.0000
vt 0.4024 0.5423 0.0000
vt 0.4237 0.5428 0.0000
vt 0.4237 0.4816 0.0000
vt 0.4024 0.4815 0.0000
vt 0.4024 0.5017 0.0000
vt 0.4237 0.5020 0.0000
vt 0.4024 0.5693 0.0000
vt 0.4226 0.5700 0.0000
vt 0.4231 0.5564 0.0000
vt 0.4024 0.5558 0.0000
vt 0.4237 0.4632 0.0000
vt 0.4024 0.4632 0.0000
vt 0.3132 0.4632 0.0000
vt 0.3132 0.4815 0.0000
vt 0.3132 0.5017 0.0000
vt 0.3132 0.5220 0.0000
vt 0.3132 0.5423 0.0000
vt 0.3132 0.5558 0.0000
vt 0.3132 0.5693 0.0000
vt 0.2629 0.4632 0.0000
vt 0.2629 0.4815 0.0000
vt 0.2629 0.5017 0.0000
vt 0.2629 0.5220 0.0000
vt 0.2629 0.5423 0.0000
vt 0.2629 0.5558 0.0000
vt 0.2629 0.5693 0.0000
vt 0.2281 0.4632 0.0000
vt 0.2198 0.4632 0.0000
vt 0.2316 0.4728 0.0000
vt 0.2198 0.5017 0.0000
vt 0.2198 0.5220 0.0000
vt 0.2198 0.5423 0.0000
vt 0.2198 0.5558 0.0000
vt 0.2198 0.4815 0.0000
vt 0.2198 0.5693 0.0000
vt 0.5454 0.5497 0.0000
vt 0.5483 0.5276 0.0000
vt 0.5122 0.5250 0.0000
vt 0.5103 0.5463 0.0000
vt 0.4707 0.5233 0.0000
vt 0.4698 0.5440 0.0000
vt 0.5521 0.4833 0.0000
vt 0.5148 0.4825 0.0000
vt 0.5141 0.5038 0.0000
vt 0.5512 0.5055 0.0000
vt 0.5079 0.5605 0.0000
vt 0.5054 0.5747 0.0000
vt 0.5407 0.5792 0.0000
vt 0.5431 0.5645 0.0000
vt 0.4721 0.4819 0.0000
vt 0.4717 0.5026 0.0000
vt 0.4687 0.5578 0.0000
vt 0.4677 0.5716 0.0000
vt 0.5530 0.4632 0.0000
vt 0.5155 0.4632 0.0000
vt 0.4725 0.4632 0.0000
vt 0.1892 0.4450 0.0000
vt 0.1892 0.4039 0.0000
vt 0.1892 0.4247 0.0000
vt 0.1892 0.3698 0.0000
vt 0.1892 0.3837 0.0000
vt 0.1892 0.3561 0.0000
vt 0.4237 0.4041 0.0000
vt 0.4237 0.3837 0.0000
vt 0.4024 0.3842 0.0000
vt 0.4024 0.4045 0.0000
vt 0.4237 0.4449 0.0000
vt 0.4237 0.4245 0.0000
vt 0.4024 0.4247 0.0000
vt 0.4024 0.4450 0.0000
vt 0.4024 0.3572 0.0000
vt 0.4024 0.3707 0.0000
vt 0.4231 0.3701 0.0000
vt 0.4226 0.3565 0.0000
vt 0.3132 0.4450 0.0000
vt 0.3132 0.4045 0.0000
vt 0.3132 0.4247 0.0000
vt 0.3132 0.3707 0.0000
vt 0.3132 0.3842 0.0000
vt 0.3132 0.3572 0.0000
vt 0.2629 0.4450 0.0000
vt 0.2629 0.4045 0.0000
vt 0.2629 0.4247 0.0000
vt 0.2629 0.3707 0.0000
vt 0.2629 0.3842 0.0000
vt 0.2629 0.3572 0.0000
vt 0.2316 0.4537 0.0000
vt 0.2198 0.4247 0.0000
vt 0.2198 0.4045 0.0000
vt 0.2198 0.3842 0.0000
vt 0.2198 0.3707 0.0000
vt 0.2198 0.4450 0.0000
vt 0.2198 0.3572 0.0000
vt 0.5454 0.3768 0.0000
vt 0.5103 0.3802 0.0000
vt 0.5122 0.4014 0.0000
vt 0.5483 0.3989 0.0000
vt 0.4698 0.3825 0.0000
vt 0.4707 0.4032 0.0000
vt 0.5521 0.4431 0.0000
vt 0.5512 0.4210 0.0000
vt 0.5141 0.4227 0.0000
vt 0.5148 0.4440 0.0000
vt 0.5079 0.3660 0.0000
vt 0.5431 0.3620 0.0000
vt 0.5407 0.3472 0.0000
vt 0.5054 0.3518 0.0000
vt 0.4717 0.4239 0.0000
vt 0.4721 0.4446 0.0000
vt 0.4687 0.3687 0.0000
vt 0.4677 0.3549 0.0000
vt 0.0427 0.2204 0.0000
vt 0.0410 0.5976 0.0000
vt 0.0865 0.6047 0.0000
vt 0.0799 0.5955 0.0000
vt 0.0350 0.5891 0.0000
vt 0.0551 0.5411 0.0000
vt 0.0172 0.5374 0.0000
vt 0.0227 0.5633 0.0000
vt 0.0633 0.5683 0.0000
vt 0.0485 0.4615 0.0000
vt 0.0112 0.4615 0.0000
vt 0.0122 0.4857 0.0000
vt 0.0484 0.4867 0.0000
vt 0.0142 0.5116 0.0000
vt 0.0499 0.5109 0.0000
vt 0.0290 0.5781 0.0000
vt 0.0728 0.5840 0.0000
vt 0.7971 0.9206 0.0000
vt 0.7875 0.9230 0.0000
vt 0.7880 0.9197 0.0000
vt 0.7942 0.9178 0.0000
vt 0.6699 0.9246 0.0000
vt 0.6423 0.9250 0.0000
vt 0.6423 0.9219 0.0000
vt 0.6699 0.9214 0.0000
vt 0.6993 0.9242 0.0000
vt 0.6993 0.9210 0.0000
vt 0.7287 0.9238 0.0000
vt 0.7287 0.9206 0.0000
vt 0.7581 0.9234 0.0000
vt 0.7581 0.9202 0.0000
vt 0.7750 0.9231 0.0000
vt 0.7753 0.9199 0.0000
vt 0.8053 0.9083 0.0000
vt 0.0740 0.5848 0.0000
vt 0.6423 0.9209 0.0000
vt 0.6710 0.9205 0.0000
vt 0.6984 0.9201 0.0000
vt 0.7329 0.9197 0.0000
vt 0.7638 0.9202 0.0000
vt 0.7745 0.9168 0.0000
vt 0.7826 0.9226 0.0000
vt 0.7816 0.9243 0.0000
vt 0.0410 0.3255 0.0000
vt 0.0350 0.3340 0.0000
vt 0.0799 0.3276 0.0000
vt 0.0865 0.3184 0.0000
vt 0.0551 0.3820 0.0000
vt 0.0633 0.3548 0.0000
vt 0.0227 0.3598 0.0000
vt 0.0172 0.3856 0.0000
vt 0.0484 0.4364 0.0000
vt 0.0122 0.4373 0.0000
vt 0.0499 0.4122 0.0000
vt 0.0142 0.4115 0.0000
vt 0.0290 0.3449 0.0000
vt 0.0728 0.3391 0.0000
vt 0.4875 0.9206 0.0000
vt 0.4905 0.9178 0.0000
vt 0.4966 0.9197 0.0000
vt 0.4971 0.9230 0.0000
vt 0.6148 0.9246 0.0000
vt 0.6148 0.9214 0.0000
vt 0.5854 0.9242 0.0000
vt 0.5854 0.9210 0.0000
vt 0.5560 0.9238 0.0000
vt 0.5560 0.9206 0.0000
vt 0.5265 0.9234 0.0000
vt 0.5265 0.9202 0.0000
vt 0.5093 0.9199 0.0000
vt 0.5096 0.9231 0.0000
vt 0.4793 0.9083 0.0000
vt 0.0740 0.3383 0.0000
vt 0.6137 0.9205 0.0000
vt 0.5862 0.9201 0.0000
vt 0.5518 0.9197 0.0000
vt 0.5208 0.9202 0.0000
vt 0.5101 0.9168 0.0000
vt 0.5020 0.9226 0.0000
vt 0.5030 0.9243 0.0000
# 2713 texture coords

g Plane003
usemtl car_oli
s off
f 4/4/1 3/3/1 2/2/1 1/1/1 
f 6/8/2 5/7/2 4/6/2 1/5/2 
f 8/10/3 7/9/3 3/3/3 4/4/3 
f 5/7/4 9/12/4 8/11/4 4/6/4 
f 13/16/5 12/15/5 11/14/5 10/13/5 
f 17/20/6 16/19/6 15/18/6 14/17/6 
f 21/24/7 20/23/7 19/22/7 18/21/7 
f 21/24/8 23/26/8 22/25/8 20/23/8 
f 27/30/9 26/29/9 25/28/9 24/27/9 
f 27/30/10 29/32/10 28/31/10 26/29/10 
f 33/36/11 32/35/11 31/34/11 30/33/11 
f 37/40/12 36/39/12 35/38/12 34/37/12 
f 37/40/13 34/37/13 39/42/13 38/41/13 
f 42/45/14 41/44/14 18/21/14 40/43/14 
f 46/49/15 45/48/15 44/47/15 43/46/15 
f 38/41/16 32/35/16 48/51/16 47/50/16 
f 33/36/17 29/32/17 50/53/17 49/52/17 
f 24/27/18 52/55/18 51/54/18 27/30/18 
f 54/57/19 53/56/19 52/55/19 24/27/19 
f 18/21/20 41/44/20 55/58/20 21/24/20 
f 38/41/21 47/50/21 56/59/21 37/40/21 
f 45/48/22 58/61/22 57/60/22 44/47/22 
f 47/50/23 48/51/23 60/63/23 59/62/23 
f 50/53/24 62/65/24 61/64/24 49/52/24 
f 52/55/25 64/67/25 63/66/25 51/54/25 
f 53/56/26 65/68/26 64/67/26 52/55/26 
f 41/44/27 67/70/27 66/69/27 55/58/27 
f 47/50/28 59/62/28 68/71/28 56/59/28 
f 58/61/29 70/73/29 69/72/29 57/60/29 
f 60/63/30 72/75/30 71/74/30 59/62/30 
f 62/65/31 74/77/31 73/76/31 61/64/31 
f 64/67/32 76/79/32 75/78/32 63/66/32 
f 65/68/33 77/80/33 76/79/33 64/67/33 
f 67/70/34 79/82/34 78/81/34 66/69/34 
f 59/62/35 71/74/35 80/83/35 68/71/35 
f 41/44/36 42/45/36 81/84/36 67/70/36 
f 67/70/37 81/84/37 82/85/37 79/82/37 
f 18/21/38 19/22/38 83/86/38 40/43/38 
f 84/87/39 42/45/39 40/43/39 17/20/39 
f 85/88/40 81/84/40 42/45/40 84/87/40 
f 86/89/41 82/85/41 81/84/41 85/88/41 
f 43/46/22 88/91/22 87/90/22 46/49/22 
f 46/49/42 36/39/42 89/92/42 45/48/42 
f 45/48/22 89/92/22 90/93/22 58/61/22 
f 90/93/43 91/94/43 70/73/43 58/61/43 
f 40/43/44 83/86/44 16/19/44 17/20/44 
f 92/95/45 84/87/45 17/20/45 14/17/45 
f 93/96/46 85/88/46 84/87/46 92/95/46 
f 94/97/47 86/89/47 85/88/47 93/96/47 
f 98/101/48 97/100/48 96/99/48 95/98/48 
f 100/103/49 99/102/49 12/15/49 13/16/49 
f 102/105/50 101/104/50 99/102/50 100/103/50 
f 106/109/51 105/108/51 104/107/51 103/106/51 
s 1
f 104/107/55 101/104/54 102/105/53 103/106/52 
s 2
f 102/105/59 100/103/58 13/16/57 103/106/56 
s 1
f 80/83/63 71/74/62 105/108/61 106/109/60 
s off
f 73/76/64 108/111/64 107/110/64 72/75/64 
s 2
f 98/101/68 70/73/67 91/94/66 97/100/65 
s off
f 110/113/69 98/101/69 95/98/69 109/112/69 
s 1
f 110/113/73 69/72/72 70/73/71 98/101/70 
f 95/98/77 5/7/76 6/8/75 109/112/74 
s 4
f 111/114/81 9/12/80 5/7/79 95/98/78 
s off
f 96/99/82 111/114/82 95/98/82 
f 113/116/83 112/115/83 78/81/83 79/82/83 
f 113/120/84 115/119/84 114/118/84 112/117/84 
f 119/124/85 118/123/85 117/122/85 116/121/85 
f 114/118/86 115/119/86 116/121/86 117/122/86 
f 123/128/87 122/127/87 121/126/87 120/125/87 
f 118/123/88 119/124/88 125/130/88 124/129/88 
f 127/132/89 126/131/89 121/126/89 122/127/89 
f 119/124/90 129/134/90 128/133/90 125/130/90 
f 130/135/91 129/134/91 119/124/91 116/121/91 
f 82/85/92 131/136/92 113/116/92 79/82/92 
f 86/89/93 132/137/93 131/136/93 82/85/93 
f 94/97/94 133/138/94 132/137/94 86/89/94 
f 115/119/95 134/139/95 130/135/95 116/121/95 
f 113/120/96 135/140/96 134/139/96 115/119/96 
f 131/142/97 136/141/97 135/140/97 113/120/97 
f 132/144/98 137/143/98 136/141/98 131/142/98 
f 133/146/99 138/145/99 137/143/99 132/144/99 
f 138/145/100 140/148/100 139/147/100 137/143/100 
f 144/152/101 143/151/101 142/150/101 141/149/101 
f 148/156/102 147/155/102 146/154/102 145/153/102 
f 150/158/103 148/156/103 145/153/103 149/157/103 
s 1
f 153/161/107 152/160/106 151/159/105 141/149/104 
s 2
f 156/164/111 155/163/110 142/150/109 154/162/108 
s 1
f 158/166/115 157/165/114 149/157/113 145/153/112 
s off
f 140/148/116 150/158/116 149/157/116 139/147/116 
s 2
f 157/165/120 159/167/119 139/147/118 149/157/117 
s 3
f 161/169/123 152/160/106 160/168/122 128/133/121 
s 2
f 153/161/126 155/163/110 126/131/125 127/132/124 
f 158/166/128 161/169/123 128/133/121 129/134/127 
s 1
f 157/165/114 158/166/115 129/134/130 130/135/129 
s 2
f 159/167/119 157/165/120 130/135/132 134/139/131 
s 1
f 134/139/136 135/140/135 136/141/134 159/167/133 
s 4
f 159/167/140 136/141/139 137/143/138 139/147/137 
s off
f 162/170/141 54/57/141 24/27/141 25/28/141 
f 54/57/142 23/26/142 163/171/142 53/56/142 
f 53/56/143 163/171/143 164/172/143 65/68/143 
f 65/68/144 164/172/144 165/173/144 77/80/144 
f 112/115/145 166/174/145 165/173/145 78/81/145 
f 168/176/146 167/175/146 76/79/146 77/80/146 
f 167/175/147 169/177/147 75/78/147 76/79/147 
s 1
f 169/177/151 170/178/150 74/77/149 75/78/148 
s off
f 28/31/152 29/32/152 33/36/152 30/33/152 
f 29/32/153 27/30/153 51/54/153 50/53/153 
f 50/53/154 51/54/154 63/66/154 62/65/154 
f 62/65/155 63/66/155 75/78/155 74/77/155 
s 1
f 170/178/150 108/111/157 73/76/156 74/77/149 
s off
f 172/180/158 171/179/158 170/178/158 169/177/158 
f 176/184/159 175/183/159 174/182/159 173/181/159 
f 180/188/160 179/187/160 178/186/160 177/185/160 
f 173/181/161 182/190/161 181/189/161 176/184/161 
f 171/179/162 183/191/162 108/111/162 170/178/162 
f 185/193/163 184/192/163 179/187/163 180/188/163 
f 187/195/164 186/194/164 117/122/164 
f 190/198/165 189/197/165 188/196/165 120/125/165 
f 123/128/166 193/201/166 192/200/166 191/199/166 
f 117/122/167 194/202/167 187/195/167 
f 117/122/168 118/123/168 195/203/168 194/202/168 
f 197/207/169 196/206/169 167/205/169 168/204/169 
f 196/206/170 198/209/170 169/208/170 167/205/170 
f 168/204/171 166/211/171 199/210/171 197/207/171 
f 201/213/172 200/212/172 181/189/172 182/190/172 
s 2
f 172/215/176 169/208/175 198/209/174 202/214/173 
s off
f 203/216/177 196/206/177 197/207/177 
f 201/213/178 205/218/178 204/217/178 200/212/178 
f 206/219/179 198/209/179 196/206/179 203/216/179 
f 202/214/180 198/209/180 206/219/180 
f 173/181/181 174/182/181 183/221/181 171/220/181 
f 175/183/182 176/184/182 177/185/182 178/186/182 
f 176/184/183 181/189/183 180/188/183 177/185/183 
f 182/190/184 173/181/184 171/220/184 172/215/184 
f 200/212/185 207/222/185 180/188/185 181/189/185 
f 182/190/186 172/215/186 202/214/186 201/213/186 
f 200/212/187 204/217/187 186/194/187 207/222/187 
f 205/218/188 201/213/188 202/214/188 206/219/188 
s 1
f 199/210/192 208/223/191 203/216/190 197/207/189 
s 2
f 208/223/196 209/224/195 206/219/194 203/216/193 
s off
f 23/26/197 54/57/197 162/170/197 22/25/197 
f 23/26/198 21/24/198 55/58/198 163/171/198 
f 163/171/199 55/58/199 66/69/199 164/172/199 
f 164/172/200 66/69/200 78/81/200 165/173/200 
f 166/174/201 168/176/201 77/80/201 165/173/201 
f 166/211/202 112/117/202 199/210/202 
s 1
f 208/223/191 199/210/192 112/117/204 114/118/203 
s 2
f 208/223/196 114/118/206 117/122/205 209/224/195 
s 1
f 117/122/210 186/194/209 204/217/208 209/224/207 
s 4
f 204/217/214 205/218/213 206/219/212 209/224/211 
s off
f 189/197/215 211/226/215 210/225/215 188/196/215 
f 193/201/216 213/228/216 212/227/216 192/200/216 
f 215/230/217 214/229/217 187/195/217 194/202/217 
f 216/231/218 215/230/218 194/202/218 195/203/218 
f 186/194/219 187/195/219 214/229/219 
f 211/226/220 218/233/220 217/232/220 210/225/220 
f 213/228/221 220/235/221 219/234/221 212/227/221 
f 216/231/222 222/237/222 221/236/222 215/230/222 
f 220/235/223 217/232/223 224/239/223 223/238/223 
f 227/242/224 219/234/224 226/241/224 225/240/224 
f 227/242/225 225/240/225 228/243/225 222/237/225 
f 222/237/226 228/243/226 229/244/226 221/236/226 
s 1
f 186/194/209 214/229/229 215/230/228 221/236/227 
s off
f 223/238/223 224/239/223 231/246/223 230/245/223 
f 226/241/230 233/248/230 232/247/230 225/240/230 
f 225/240/231 232/247/231 234/249/231 228/243/231 
f 228/243/232 234/249/232 235/250/232 229/244/232 
s 1
f 180/188/236 207/222/235 229/244/234 235/250/233 
s 2
f 207/222/240 186/194/239 221/236/238 229/244/237 
s off
f 124/129/241 125/130/241 236/251/241 191/199/241 
f 128/133/242 160/168/242 236/251/242 125/130/242 
f 146/154/243 147/155/243 237/252/243 151/159/243 
s 2
f 161/169/123 158/166/128 145/153/245 146/154/244 
s off
f 124/129/246 238/253/246 195/203/246 118/123/246 
f 238/253/247 239/254/247 216/231/247 195/203/247 
f 239/254/248 227/242/248 222/237/248 216/231/248 
f 242/257/249 241/256/249 240/255/249 231/246/249 
f 230/245/250 244/259/250 243/258/250 233/248/250 
f 246/261/251 245/260/251 234/249/251 232/247/251 
f 245/260/252 247/262/252 235/250/252 234/249/252 
s 2
f 247/262/256 185/193/255 180/188/254 235/250/253 
s off
f 241/256/257 249/264/257 248/263/257 240/255/257 
f 244/259/258 251/266/258 250/265/258 243/258/258 
f 251/266/259 248/263/259 253/268/259 252/267/259 
f 256/271/260 250/265/260 255/270/260 254/269/260 
f 252/267/261 253/268/261 258/273/261 257/272/261 
f 255/270/262 260/275/262 259/274/262 254/269/262 
s 1
f 184/192/266 185/193/265 254/269/264 259/274/263 
s 4
f 185/193/270 247/262/269 256/271/268 254/269/267 
s 1
f 247/262/274 245/260/273 246/261/272 256/271/271 
s off
f 263/278/275 262/277/275 261/276/275 258/273/275 
f 265/280/276 264/279/276 260/275/276 257/272/276 
f 266/281/277 184/192/277 259/274/277 
f 262/277/278 268/283/278 267/282/278 261/276/278 
f 265/280/279 270/285/279 269/284/279 264/279/279 
f 272/287/280 271/286/280 179/187/280 184/192/280 
f 270/285/281 267/282/281 274/289/281 273/288/281 
f 277/292/282 269/284/282 276/291/282 275/290/282 
s 2
f 184/192/286 266/281/285 277/292/284 272/287/283 
s off
f 275/290/287 278/293/287 272/287/287 277/292/287 
f 183/191/288 279/294/288 107/110/288 108/111/288 
f 174/182/289 280/296/289 279/295/289 183/221/289 
f 282/298/290 104/107/290 105/108/290 281/297/290 
f 284/302/291 282/301/291 281/300/291 283/299/291 
f 288/306/292 287/305/292 286/304/292 285/303/292 
f 292/310/293 291/309/293 290/308/293 289/307/293 
f 296/314/294 295/313/294 294/312/294 293/311/294 
f 273/288/295 274/289/295 285/303/295 292/310/295 
f 276/291/296 289/307/296 293/311/296 275/290/296 
f 278/293/297 275/290/297 293/311/297 294/312/297 
f 278/293/298 284/302/298 271/286/298 272/287/298 
f 32/35/299 38/41/299 39/42/299 31/34/299 
f 32/35/300 33/36/300 49/52/300 48/51/300 
f 48/51/301 49/52/301 61/64/301 60/63/301 
f 60/63/302 61/64/302 73/76/302 72/75/302 
f 72/75/303 107/110/303 105/108/303 71/74/303 
f 279/294/304 281/297/304 105/108/304 107/110/304 
f 280/296/305 283/299/305 281/300/305 279/295/305 
f 297/315/306 280/296/306 174/182/306 175/183/306 
f 298/316/307 297/315/307 175/183/307 178/186/307 
s 1
f 178/186/311 179/187/310 271/286/309 298/316/308 
s 2
f 298/316/315 284/302/314 283/299/313 297/315/312 
s off
f 280/296/316 297/315/316 283/299/316 
f 271/286/317 284/302/317 298/316/317 
f 299/317/318 101/104/318 104/107/318 282/298/318 
f 300/319/319 299/318/319 282/301/319 284/302/319 
f 300/319/320 284/302/320 278/293/320 
f 301/320/321 99/102/321 101/104/321 299/317/321 
f 302/322/322 301/321/322 299/318/322 300/319/322 
f 294/312/323 302/322/323 300/319/323 278/293/323 
s 1
f 304/324/327 303/323/326 301/321/325 302/322/324 
f 304/324/327 302/322/324 305/325/328 
s off
f 295/313/329 305/325/329 302/322/329 294/312/329 
s 2
f 301/320/333 303/326/332 12/15/331 99/102/330 
s off
f 287/305/334 307/328/334 306/327/334 286/304/334 
f 291/309/335 309/330/335 308/329/335 290/308/335 
f 311/332/336 310/331/336 295/313/336 296/314/336 
f 310/331/337 305/325/337 295/313/337 
f 312/335/338 12/334/338 305/333/338 
f 120/125/339 121/126/339 313/336/339 190/198/339 
f 126/131/340 314/337/340 313/336/340 121/126/340 
f 143/151/341 315/338/341 154/162/341 142/150/341 
s 2
f 155/163/110 153/161/126 141/149/342 142/150/109 
f 155/163/110 156/164/111 314/337/343 126/131/125 
s off
f 120/125/344 188/196/344 193/201/344 123/128/344 
f 188/196/345 210/225/345 213/228/345 193/201/345 
f 210/225/346 217/232/346 220/235/346 213/228/346 
f 224/239/347 217/232/347 218/233/347 316/339/347 
f 231/246/347 224/239/347 316/339/347 242/257/347 
f 231/246/348 240/255/348 244/259/348 230/245/348 
f 240/255/259 248/263/259 251/266/259 244/259/259 
f 253/268/257 248/263/257 249/264/257 317/340/257 
f 258/273/349 253/268/349 317/340/349 263/278/349 
f 258/273/275 261/276/275 265/280/275 257/272/275 
f 261/276/350 267/282/350 270/285/350 265/280/350 
f 274/289/351 267/282/351 268/283/351 318/341/351 
f 285/303/352 286/304/352 291/309/352 292/310/352 
f 285/303/353 274/289/353 318/341/353 288/306/353 
f 286/304/354 306/327/354 309/330/354 291/309/354 
s 1
f 306/327/358 320/343/357 319/342/356 309/330/355 
s 2
f 307/328/362 321/344/361 320/343/360 306/327/359 
s off
f 191/199/363 236/251/363 122/127/363 123/128/363 
f 160/168/364 127/132/364 122/127/364 236/251/364 
f 237/252/365 144/152/365 141/149/365 151/159/365 
s 3
f 152/160/106 161/169/123 146/154/244 151/159/105 
s 1
f 152/160/106 153/161/107 127/132/366 160/168/122 
s off
f 191/199/367 192/200/367 238/253/367 124/129/367 
f 192/200/368 212/227/368 239/254/368 238/253/368 
f 212/227/369 219/234/369 227/242/369 239/254/369 
f 219/234/370 220/235/370 223/238/370 226/241/370 
f 226/241/370 223/238/370 230/245/370 233/248/370 
f 243/258/371 246/261/371 232/247/371 233/248/371 
f 243/258/372 250/265/372 256/271/372 246/261/372 
f 255/270/258 250/265/258 251/266/258 252/267/258 
f 260/275/373 255/270/373 252/267/373 257/272/373 
f 264/279/374 266/281/374 259/274/374 260/275/374 
f 264/279/375 269/284/375 277/292/375 266/281/375 
f 276/291/376 269/284/376 270/285/376 273/288/376 
f 290/308/377 296/314/377 293/311/377 289/307/377 
f 289/307/378 276/291/378 273/288/378 292/310/378 
f 308/329/379 311/332/379 296/314/379 290/308/379 
s 2
f 309/330/383 319/342/382 322/345/381 308/329/380 
s 4
f 310/331/387 324/347/386 323/346/385 305/325/384 
s 1
f 308/329/391 322/345/390 325/348/389 311/332/388 
s 2
f 311/332/395 325/348/394 324/347/393 310/331/392 
s 1
f 329/352/399 328/351/398 327/350/397 326/349/396 
s 2
f 329/352/403 331/354/402 330/353/401 328/351/400 
f 326/349/407 327/350/406 333/356/405 332/355/404 
s 4
f 337/360/411 336/359/410 335/358/409 334/357/408 
s 1
f 332/355/415 333/356/414 339/362/413 338/361/412 
s 2
f 336/359/419 338/361/418 339/362/417 335/358/416 
s off
f 8/10/3 11/363/3 7/9/3 
f 9/12/420 10/13/420 11/14/420 8/11/420 
f 36/39/421 46/49/421 87/90/421 35/38/421 
f 36/39/422 37/40/422 56/59/422 89/92/422 
f 89/92/22 56/59/22 68/71/22 90/93/22 
f 90/93/423 68/71/423 80/83/423 91/94/423 
f 97/100/424 106/109/424 103/106/424 96/99/424 
s 2
f 97/100/65 91/94/66 80/83/426 106/109/425 
s 4
f 9/12/80 111/114/81 13/16/428 10/13/427 
s off
f 111/114/82 96/99/82 103/106/82 13/16/82 
s 1
f 334/357/432 3/3/431 7/9/430 337/360/429 
s 8
f 323/364/435 337/360/434 7/9/430 11/363/433 
s 4
f 324/365/386 336/359/410 337/360/411 323/364/385 
s 2
f 325/366/394 338/361/418 336/359/419 324/365/393 
s 1
f 322/367/390 332/355/415 338/361/412 325/366/389 
s 2
f 319/368/382 326/349/407 332/355/404 322/367/381 
s 1
f 320/369/357 329/352/399 326/349/396 319/368/356 
s 2
f 321/370/361 331/354/402 329/352/403 320/369/360 
s off
f 343/374/436 342/373/436 341/372/436 340/371/436 
f 345/378/437 344/377/437 341/376/437 342/375/437 
f 347/380/438 346/379/438 340/371/438 341/372/438 
f 348/382/439 347/381/439 341/376/439 344/377/439 
f 350/384/440 349/383/440 346/379/440 347/380/440 
f 351/386/441 350/385/441 347/381/441 348/382/441 
f 349/383/442 350/384/442 353/388/442 352/387/442 
f 350/385/443 351/386/443 354/390/443 353/389/443 
f 352/387/444 353/388/444 1/1/444 2/2/444 
f 353/389/445 354/390/445 6/8/445 1/5/445 
f 356/392/446 355/391/446 344/377/446 345/378/446 
f 358/394/447 357/393/447 355/391/447 356/392/447 
f 362/398/448 361/397/448 360/396/448 359/395/448 
f 364/400/449 363/399/449 361/397/449 362/398/449 
f 364/400/450 366/402/450 365/401/450 363/399/450 
f 368/404/451 367/403/451 365/401/451 366/402/451 
f 360/396/452 370/406/452 369/405/452 359/395/452 
f 367/403/453 368/404/453 372/408/453 371/407/453 
s 1
f 357/393/457 358/394/456 371/407/455 372/408/454 
s off
f 374/410/22 88/91/22 43/46/22 373/409/22 
f 378/414/22 377/413/22 376/412/22 375/411/22 
f 380/416/458 379/415/458 377/413/458 378/414/458 
f 382/418/459 381/417/459 379/415/459 380/416/459 
f 384/420/460 383/419/460 381/417/460 382/418/460 
f 386/422/461 385/421/461 383/419/461 384/420/461 
f 388/424/462 387/423/462 385/421/462 386/422/462 
f 386/422/463 384/420/463 390/426/463 389/425/463 
f 382/418/464 391/427/464 390/426/464 384/420/464 
f 380/416/465 392/428/465 391/427/465 382/418/465 
f 378/414/466 393/429/466 392/428/466 380/416/466 
f 375/411/467 394/430/467 393/429/467 378/414/467 
f 373/409/468 395/431/468 394/430/468 375/411/468 
f 390/426/469 397/433/469 396/432/469 389/425/469 
f 391/427/470 398/434/470 397/433/470 390/426/470 
f 392/428/471 399/435/471 398/434/471 391/427/471 
f 393/429/472 400/436/472 399/435/472 392/428/472 
f 394/430/22 401/437/22 400/436/22 393/429/22 
f 395/431/22 402/438/22 401/437/22 394/430/22 
f 397/433/473 404/440/473 403/439/473 396/432/473 
f 398/434/474 405/441/474 404/440/474 397/433/474 
f 399/435/475 406/442/475 405/441/475 398/434/475 
f 400/436/476 407/443/476 406/442/476 399/435/476 
f 401/437/477 408/444/477 407/443/477 400/436/477 
f 409/445/478 408/444/478 401/437/478 402/438/478 
f 375/411/22 376/412/22 374/410/22 373/409/22 
f 44/47/479 395/431/479 373/409/479 43/46/479 
f 57/60/22 402/438/22 395/431/22 44/47/22 
f 69/72/480 409/445/480 402/438/480 57/60/480 
f 386/422/481 411/447/481 410/446/481 388/424/481 
s 1
f 386/422/485 389/425/484 396/432/483 411/447/482 
s off
f 413/449/486 412/448/486 410/446/486 411/447/486 
f 403/439/487 413/449/487 411/447/487 396/432/487 
f 415/451/488 414/450/488 362/398/488 359/395/488 
f 414/450/489 415/451/489 416/452/489 
f 416/452/490 417/453/490 412/448/490 413/449/490 
f 418/454/491 416/452/491 413/449/491 403/439/491 
f 369/405/492 419/455/492 415/451/492 359/395/492 
s 1
f 417/453/496 416/452/495 415/451/494 419/455/493 
s off
f 420/456/497 364/400/497 362/398/497 414/450/497 
s 2
f 416/452/501 418/454/500 420/456/499 414/450/498 
s off
f 421/457/502 366/402/502 364/400/502 420/456/502 
f 422/458/503 421/457/503 420/456/503 418/454/503 
f 403/439/504 422/458/504 418/454/504 
f 357/393/505 424/460/505 423/459/505 355/391/505 
f 428/464/506 427/463/506 426/462/506 425/461/506 
f 430/466/507 429/465/507 427/463/507 428/464/507 
f 429/465/508 430/466/508 110/113/508 109/112/508 
s 1
f 408/444/512 409/445/511 430/466/510 428/464/509 
s 2
f 430/466/510 409/445/515 69/72/514 110/113/513 
f 425/461/519 407/443/518 408/444/517 428/464/516 
s off
f 372/408/520 431/467/520 424/460/520 357/393/520 
s 1
f 432/468/524 406/442/523 407/443/522 425/461/521 
s off
f 368/404/525 433/469/525 431/467/525 372/408/525 
s 2
f 434/470/529 405/441/528 406/442/527 432/468/526 
s off
f 424/460/530 425/461/530 426/462/530 423/459/530 
f 431/467/531 432/468/531 425/461/531 424/460/531 
f 433/469/532 434/470/532 432/468/532 431/467/532 
s 1
f 366/402/536 421/457/535 433/469/534 368/404/533 
s off
f 435/471/537 434/470/537 433/469/537 421/457/537 
f 421/457/538 422/458/538 435/471/538 
s 1
f 435/471/542 404/440/541 405/441/540 434/470/539 
s 2
f 403/439/546 404/440/545 435/471/544 422/458/543 
s 1
f 348/382/549 344/377/547 355/391/548 423/459/547 
s 2
f 351/386/553 348/382/552 423/459/551 426/462/550 
s 1
f 429/465/557 354/390/556 351/386/555 427/463/554 
s off
f 427/463/558 351/386/558 426/462/558 
s 2
f 109/112/562 6/8/561 354/390/560 429/465/559 
s 1
f 439/475/566 438/474/565 437/473/564 436/472/563 
f 437/473/564 438/474/565 441/477/568 440/476/567 
f 445/481/572 444/480/571 443/479/570 442/478/569 
f 449/485/576 448/484/575 447/483/574 446/482/573 
f 448/484/575 451/487/578 450/486/577 447/483/574 
f 440/476/567 441/477/568 444/480/571 445/481/572 
s off
f 437/473/579 453/489/579 452/488/579 436/472/579 
f 453/489/580 455/491/580 454/490/580 452/488/580 
f 455/491/581 457/493/581 456/492/581 454/490/581 
s 1
f 461/497/585 460/496/584 459/495/583 458/494/582 
f 463/499/587 462/498/586 460/496/584 461/497/585 
f 465/501/589 464/500/588 462/498/586 463/499/587 
f 469/505/593 468/504/592 467/503/591 466/502/590 
f 471/507/595 470/506/594 468/504/592 469/505/593 
f 473/509/597 472/508/596 470/506/594 471/507/595 
s off
f 475/513/598 474/512/598 451/511/598 458/510/598 
f 478/517/599 477/516/599 459/515/599 476/514/599 
s 1
f 460/496/584 479/519/601 476/518/600 459/495/583 
f 462/498/586 480/520/602 479/519/601 460/496/584 
f 464/500/588 481/521/603 480/520/602 462/498/586 
f 468/504/592 483/523/605 482/522/604 467/503/591 
f 470/506/594 484/524/606 483/523/605 468/504/592 
f 472/508/596 485/525/607 484/524/606 470/506/594 
s off
f 477/516/608 475/513/608 458/510/608 459/515/608 
s 1
f 439/475/566 473/509/597 471/507/595 438/474/565 
f 438/474/565 471/507/595 469/505/593 441/477/568 
f 486/526/609 465/501/589 463/499/587 449/485/576 
f 449/485/576 463/499/587 461/497/585 448/484/575 
f 451/487/578 448/484/575 461/497/585 458/494/582 
f 441/477/568 469/505/593 466/502/590 444/480/571 
s off
f 474/512/610 487/528/610 450/527/610 451/511/610 
f 489/530/611 488/529/611 456/492/611 457/493/611 
f 491/532/612 490/531/612 456/492/612 488/529/612 
f 493/534/613 492/533/613 437/473/613 440/476/613 
f 446/482/614 496/537/614 495/536/614 494/535/614 
f 497/538/615 493/534/615 440/476/615 445/481/615 
f 492/533/616 498/539/616 453/489/616 437/473/616 
s 2
f 446/482/620 447/483/619 450/486/618 496/537/617 
s 1
f 457/493/624 455/491/623 453/489/622 498/539/621 
s off
f 500/541/625 499/540/625 492/533/625 493/534/625 
f 496/537/626 502/543/626 501/542/626 495/536/626 
f 503/544/627 500/541/627 493/534/627 497/538/627 
f 499/540/628 504/545/628 498/539/628 492/533/628 
f 450/486/629 505/546/629 502/543/629 496/537/629 
s 2
f 489/530/633 457/493/632 498/539/631 504/545/630 
s 1
f 509/550/637 508/549/636 507/548/635 506/547/634 
f 513/554/641 512/553/640 511/552/639 510/551/638 
f 515/556/643 513/554/641 510/551/638 514/555/642 
f 512/553/640 508/549/636 443/479/570 511/552/639 
s off
f 509/550/644 517/558/644 516/557/644 442/478/644 
f 517/558/645 519/560/645 518/559/645 516/557/645 
f 521/562/646 520/561/646 488/529/646 489/530/646 
f 488/529/647 520/561/647 522/563/647 491/532/647 
f 524/565/648 523/564/648 499/540/648 500/541/648 
f 519/560/649 526/567/649 525/566/649 518/559/649 
f 527/568/650 524/565/650 500/541/650 503/544/650 
f 523/564/651 528/569/651 504/545/651 499/540/651 
f 528/569/652 521/562/652 489/530/652 504/545/652 
f 529/570/653 501/542/653 502/543/653 
f 531/574/654 530/573/654 502/572/654 505/571/654 
f 487/528/655 531/574/655 505/571/655 450/527/655 
f 533/578/656 532/577/656 525/576/656 526/575/656 
f 535/582/657 534/581/657 524/580/657 527/579/657 
f 530/573/658 536/584/658 529/583/658 502/572/658 
f 538/588/659 537/587/659 520/586/659 521/585/659 
f 534/581/660 539/590/660 523/589/660 524/580/660 
f 539/590/661 540/592/661 528/591/661 523/589/661 
f 540/592/662 538/588/662 521/585/662 528/591/662 
f 541/594/663 522/593/663 520/586/663 537/587/663 
f 543/596/664 542/595/664 487/528/664 474/512/664 
f 545/598/665 544/597/665 475/513/665 477/516/665 
f 546/599/666 545/598/666 477/516/666 478/517/666 
f 544/597/667 543/596/667 474/512/667 475/513/667 
f 550/603/668 549/602/668 548/601/668 547/600/668 
f 554/607/669 553/606/669 552/605/669 551/604/669 
f 553/606/670 556/609/670 555/608/670 552/605/670 
f 549/602/671 554/607/671 551/604/671 548/601/671 
f 556/609/672 553/606/672 545/598/672 546/599/672 
f 553/606/673 554/607/673 544/597/673 545/598/673 
f 554/607/674 549/602/674 543/596/674 544/597/674 
f 549/602/675 550/603/675 542/595/675 543/596/675 
f 547/600/676 548/601/676 558/611/676 557/610/676 
f 548/601/677 551/604/677 559/612/677 558/611/677 
f 551/604/678 552/605/678 560/613/678 559/612/678 
f 552/605/679 555/608/679 561/614/679 560/613/679 
f 563/616/680 562/615/680 530/573/680 531/574/680 
f 542/595/681 563/616/681 531/574/681 487/528/681 
f 565/618/682 564/617/682 532/577/682 533/578/682 
f 562/615/683 566/619/683 536/584/683 530/573/683 
f 568/621/684 567/620/684 562/615/684 563/616/684 
f 550/603/685 568/621/685 563/616/685 542/595/685 
f 570/623/686 569/622/686 564/617/686 565/618/686 
f 567/620/687 571/624/687 566/619/687 562/615/687 
s 1
f 442/478/569 443/479/570 508/549/636 509/550/637 
f 510/551/638 511/552/639 466/502/590 467/503/591 
f 514/555/642 510/551/638 467/503/591 482/522/604 
f 511/552/639 443/479/570 444/480/571 466/502/590 
s off
f 442/478/688 516/557/688 497/538/688 445/481/688 
f 516/557/689 518/559/689 503/544/689 497/538/689 
f 518/559/690 525/566/690 527/568/690 503/544/690 
f 532/577/691 535/626/691 527/625/691 525/576/691 
f 564/617/692 572/627/692 535/626/692 532/577/692 
f 569/622/693 573/628/693 572/627/693 564/617/693 
f 535/626/694 572/627/694 573/628/694 
f 547/600/695 574/629/695 568/621/695 550/603/695 
f 557/610/696 575/630/696 574/629/696 547/600/696 
f 577/632/697 576/631/697 574/629/697 575/630/697 
f 579/634/698 578/633/698 576/631/698 577/632/698 
f 582/637/699 581/636/699 580/635/699 578/633/699 
f 585/640/700 580/635/700 584/639/700 583/638/700 
f 578/633/701 579/634/701 586/641/701 582/637/701 
f 578/633/702 580/635/702 585/640/702 576/631/702 
f 580/635/703 581/636/703 587/642/703 584/639/703 
f 589/644/704 588/643/704 557/610/704 558/611/704 
f 591/646/705 590/645/705 559/612/705 560/613/705 
f 592/647/706 591/646/706 560/613/706 561/614/706 
f 590/645/707 589/644/707 558/611/707 559/612/707 
f 594/649/708 593/648/708 588/643/708 589/644/708 
f 596/651/709 595/650/709 590/645/709 591/646/709 
f 597/652/710 596/651/710 591/646/710 592/647/710 
f 595/650/711 594/649/711 589/644/711 590/645/711 
s 1
f 593/648/715 586/641/714 579/634/713 588/643/712 
s off
f 588/643/716 579/634/716 577/632/716 
s 2
f 577/632/720 575/630/719 557/610/718 588/643/717 
s off
f 599/654/721 598/653/721 593/648/721 594/649/721 
f 596/651/722 601/656/722 600/655/722 595/650/722 
f 597/652/723 602/657/723 601/656/723 596/651/723 
f 595/650/724 600/655/724 599/654/724 594/649/724 
f 593/648/725 598/653/725 603/658/725 586/641/725 
f 603/658/726 604/659/726 582/637/726 586/641/726 
f 606/661/727 605/660/727 587/642/727 581/636/727 
s 1
f 581/636/731 582/637/730 604/659/729 606/661/728 
s off
f 598/653/721 599/654/721 608/663/721 607/662/721 
f 600/655/722 601/656/722 610/665/722 609/664/722 
f 601/656/723 602/657/723 611/666/723 610/665/723 
f 599/654/724 600/655/724 609/664/724 608/663/724 
f 603/658/725 598/653/725 607/662/725 612/667/725 
f 604/659/732 603/658/732 612/667/732 613/668/732 
f 605/660/733 606/661/733 615/670/733 614/669/733 
s 1
f 606/661/728 604/659/729 613/668/735 615/670/734 
s off
f 619/674/736 618/673/736 617/672/736 616/671/736 
f 618/673/737 621/676/737 620/675/737 617/672/737 
f 616/671/738 583/638/738 584/639/738 619/674/738 
f 621/676/739 622/677/739 620/675/739 
f 624/679/740 623/678/740 607/662/740 608/663/740 
f 626/681/741 625/680/741 609/664/741 610/665/741 
f 627/682/742 626/681/742 610/665/742 611/666/742 
f 625/680/743 624/679/743 608/663/743 609/664/743 
f 623/678/744 628/683/744 612/667/744 607/662/744 
f 628/683/745 629/684/745 613/668/745 612/667/745 
s 2
f 629/684/749 614/669/748 615/670/747 613/668/746 
s off
f 633/688/750 632/687/750 631/686/750 630/685/750 
f 637/692/751 636/691/751 635/690/751 634/689/751 
f 636/691/752 639/694/752 638/693/752 635/690/752 
f 639/694/753 641/696/753 640/695/753 638/693/753 
f 641/696/754 643/698/754 642/697/754 640/695/754 
f 642/697/755 643/698/755 645/700/755 644/699/755 
f 649/704/756 648/703/756 647/702/756 646/701/756 
f 653/708/22 652/707/22 651/706/22 650/705/22 
f 657/712/22 656/711/22 655/710/22 654/709/22 
f 656/711/757 659/714/757 658/713/757 655/710/757 
f 659/714/758 661/716/758 660/715/758 658/713/758 
f 661/716/759 663/718/759 662/717/759 660/715/759 
f 663/718/760 665/720/760 664/719/760 662/717/760 
f 665/720/761 667/722/761 666/721/761 664/719/761 
f 645/700/762 648/703/762 649/704/762 644/699/762 
f 634/689/763 670/725/763 669/724/763 668/723/763 
f 672/727/764 662/717/764 664/719/764 671/726/764 
f 672/727/765 673/728/765 660/715/765 662/717/765 
f 673/728/766 674/729/766 658/713/766 660/715/766 
f 674/729/767 675/730/767 655/710/767 658/713/767 
f 675/730/768 676/731/768 654/709/768 655/710/768 
f 676/731/769 677/732/769 650/705/769 654/709/769 
f 679/734/770 678/733/770 646/701/770 653/708/770 
f 681/736/771 680/735/771 642/697/771 644/699/771 
f 680/735/772 682/737/772 640/695/772 642/697/772 
f 682/737/773 683/738/773 638/693/773 640/695/773 
f 683/738/774 684/739/774 635/690/774 638/693/774 
f 684/739/775 670/725/775 634/689/775 635/690/775 
f 685/740/776 681/736/776 644/699/776 649/704/776 
f 687/742/777 686/741/777 672/727/777 671/726/777 
f 686/741/778 688/743/778 673/728/778 672/727/778 
f 688/743/779 689/744/779 674/729/779 673/728/779 
f 689/744/780 690/745/780 675/730/780 674/729/780 
f 690/745/22 691/746/22 676/731/22 675/730/22 
f 691/746/22 692/747/22 677/732/22 676/731/22 
f 694/749/22 693/748/22 678/733/22 679/734/22 
f 696/751/781 695/750/781 680/735/781 681/736/781 
f 695/750/782 697/752/782 682/737/782 680/735/782 
f 697/752/783 698/753/783 683/738/783 682/737/783 
f 698/753/784 699/754/784 684/739/784 683/738/784 
f 699/754/785 700/755/785 670/725/785 684/739/785 
f 701/756/786 696/751/786 681/736/786 685/740/786 
f 703/758/787 702/757/787 686/741/787 687/742/787 
f 702/757/788 704/759/788 688/743/788 686/741/788 
f 704/759/789 705/760/789 689/744/789 688/743/789 
f 705/760/790 706/761/790 690/745/790 689/744/790 
f 706/761/791 707/762/791 691/746/791 690/745/791 
f 691/746/792 707/762/792 708/763/792 692/747/792 
f 710/765/793 709/764/793 693/748/793 694/749/793 
f 712/767/794 711/766/794 695/750/794 696/751/794 
f 711/766/795 713/768/795 697/752/795 695/750/795 
f 713/768/796 714/769/796 698/753/796 697/752/796 
f 714/769/797 715/770/797 699/754/797 698/753/797 
f 715/770/798 716/771/798 700/755/798 699/754/798 
f 717/772/799 712/767/799 696/751/799 701/756/799 
f 719/774/800 718/773/800 706/761/800 705/760/800 
f 718/773/801 707/762/801 706/761/801 
f 720/775/802 669/724/802 670/725/802 700/755/802 
f 721/776/803 720/775/803 700/755/803 716/771/803 
f 722/777/804 637/692/804 634/689/804 668/723/804 
f 668/723/805 669/724/805 723/778/805 631/686/805 
f 669/724/806 720/775/806 724/779/806 723/778/806 
f 720/775/807 721/776/807 725/780/807 724/779/807 
s 1
f 622/782/811 621/781/810 715/770/809 714/769/808 
f 727/784/815 726/783/814 713/768/813 711/766/812 
f 727/784/815 573/786/817 569/785/816 726/783/814 
s off
f 570/788/818 728/787/818 726/783/818 569/785/818 
f 728/787/819 729/789/819 713/768/819 726/783/819 
s 2
f 622/782/823 714/769/822 713/768/821 729/789/820 
s 1
f 717/772/827 731/791/826 730/790/825 712/767/824 
s off
f 490/531/828 491/532/828 733/793/828 732/792/828 
f 491/532/829 522/563/829 734/794/829 733/793/829 
f 541/594/663 734/795/663 522/593/663 
s 1
f 736/797/833 735/796/832 718/773/831 719/774/830 
s 2
f 737/798/837 735/796/836 541/594/835 537/587/834 
s off
f 651/706/22 657/712/22 654/709/22 650/705/22 
f 650/705/838 677/732/838 679/734/838 653/708/838 
f 677/732/22 692/747/22 694/749/22 679/734/22 
f 692/747/839 708/763/839 710/765/839 694/749/839 
s 1
f 737/798/843 738/799/842 708/763/841 707/762/840 
s 2
f 738/799/847 739/800/846 710/765/845 708/763/844 
s off
f 647/702/22 652/707/22 653/708/22 646/701/22 
f 646/701/848 678/733/848 685/740/848 649/704/848 
f 678/733/22 693/748/22 701/756/22 685/740/22 
f 693/748/849 709/764/849 717/772/849 701/756/849 
s 1
f 739/800/853 740/801/852 709/764/851 710/765/850 
s 2
f 709/764/857 740/801/856 731/791/855 717/772/854 
s 1
f 731/791/826 534/581/859 535/582/858 730/790/825 
f 735/796/832 736/797/833 734/795/861 541/594/860 
s 2
f 735/796/836 737/798/837 707/762/863 718/773/862 
s 1
f 738/799/842 737/798/843 537/587/865 538/588/864 
s 2
f 739/800/846 738/799/847 538/588/867 540/592/866 
s 1
f 740/801/852 739/800/853 540/592/869 539/590/868 
s 2
f 740/801/856 539/590/871 534/581/870 731/791/855 
f 727/784/875 711/766/874 712/767/873 730/790/872 
s 4
f 535/582/879 573/786/878 727/784/877 730/790/876 
s off
f 587/805/880 741/804/880 619/803/880 584/802/880 
f 741/804/881 742/807/881 618/806/881 619/803/881 
s 2
f 742/807/885 715/770/884 621/781/883 618/806/882 
s off
f 721/776/886 744/809/886 743/808/886 725/780/886 
f 745/810/887 744/809/887 721/776/887 716/771/887 
s 4
f 716/771/891 715/770/890 742/807/889 745/810/888 
s off
f 747/812/892 746/811/892 744/809/892 745/810/892 
f 748/813/893 747/812/893 745/810/893 742/807/893 
f 749/814/894 748/813/894 742/807/894 741/804/894 
f 750/815/895 749/814/895 741/804/895 587/805/895 
f 751/817/896 750/816/896 587/642/896 605/660/896 
f 752/818/897 751/817/897 605/660/897 614/669/897 
f 753/819/898 752/818/898 614/669/898 629/684/898 
f 754/820/899 753/819/899 629/684/899 628/683/899 
f 632/687/900 722/777/900 668/723/900 631/686/900 
f 631/686/901 723/778/901 755/821/901 630/685/901 
f 723/778/902 724/779/902 756/822/902 755/821/902 
f 724/779/903 725/780/903 757/823/903 756/822/903 
f 725/780/904 743/808/904 758/824/904 757/823/904 
f 760/826/905 759/825/905 623/678/905 624/679/905 
f 762/828/906 761/827/906 625/680/906 626/681/906 
f 763/829/907 762/828/907 626/681/907 627/682/907 
f 761/827/908 760/826/908 624/679/908 625/680/908 
f 759/825/909 764/830/909 628/683/909 623/678/909 
f 766/832/910 765/831/910 759/825/910 760/826/910 
f 768/834/911 767/833/911 761/827/911 762/828/911 
f 769/835/912 768/834/912 762/828/912 763/829/912 
f 767/833/913 766/832/913 760/826/913 761/827/913 
f 765/831/914 770/836/914 764/830/914 759/825/914 
f 772/838/915 771/837/915 765/831/915 766/832/915 
f 774/840/916 773/839/916 767/833/916 768/834/916 
f 775/841/917 774/840/917 768/834/917 769/835/917 
f 773/839/918 772/838/918 766/832/918 767/833/918 
f 771/837/919 776/842/919 770/836/919 765/831/919 
f 778/844/920 777/843/920 764/830/920 770/836/920 
f 779/845/921 777/843/921 778/844/921 
s 1
f 754/820/925 628/683/924 764/830/923 777/843/922 
s off
f 779/845/926 754/820/926 777/843/926 
f 776/842/927 780/846/927 778/844/927 770/836/927 
f 780/846/928 781/847/928 779/845/928 778/844/928 
f 783/849/929 782/848/929 779/845/929 781/847/929 
s 1
f 787/853/933 786/852/932 785/851/931 784/850/930 
f 789/855/937 758/824/936 743/808/935 788/854/934 
s 2
f 744/809/941 746/811/940 788/854/939 743/808/938 
s 1
f 786/852/932 789/857/937 788/856/934 785/851/931 
s off
f 783/849/942 787/853/942 784/850/942 782/848/942 
f 746/858/943 785/851/943 788/856/943 
s 2
f 791/860/947 790/859/946 779/845/945 782/848/944 
f 792/861/949 791/860/947 782/848/944 784/850/948 
f 785/851/951 793/862/950 792/861/949 784/850/948 
f 790/859/946 791/860/947 751/817/953 752/818/952 
f 791/860/947 792/861/949 750/816/954 751/817/953 
f 793/862/950 749/863/955 750/816/954 792/861/949 
s 1
f 747/865/959 748/864/958 749/863/957 793/862/956 
s 4
f 785/851/963 746/858/962 747/865/961 793/862/960 
f 752/818/967 753/819/966 754/820/965 790/859/964 
s off
f 779/845/968 790/859/968 754/820/968 
f 794/866/969 568/621/969 574/629/969 576/631/969 
f 795/867/970 794/866/970 576/631/970 585/640/970 
f 796/868/971 795/867/971 585/640/971 583/638/971 
f 797/869/972 796/868/972 583/638/972 616/671/972 
f 798/870/973 797/869/973 616/671/973 617/672/973 
f 799/871/974 798/870/974 617/672/974 620/675/974 
f 622/677/975 799/871/975 620/675/975 
s 1
f 464/500/588 465/501/589 801/873/977 800/872/976 
f 481/521/603 464/500/588 800/872/976 802/874/978 
f 465/501/589 486/526/609 803/875/979 801/873/977 
s off
f 494/535/980 495/536/980 805/877/980 804/876/980 
f 495/536/981 501/542/981 806/878/981 805/877/981 
s 1
f 494/535/982 486/526/609 449/485/576 446/482/573 
s off
f 501/542/653 529/570/653 807/879/653 806/878/653 
f 536/584/983 808/881/983 807/880/983 529/583/983 
f 566/619/984 809/882/984 808/881/984 536/584/984 
f 571/624/985 810/883/985 809/882/985 566/619/985 
f 811/884/986 795/867/986 796/868/986 797/869/986 
f 812/885/987 811/884/987 797/869/987 798/870/987 
f 813/886/988 812/885/988 798/870/988 799/871/988 
s 4
f 799/871/992 622/677/991 729/887/990 813/886/989 
s 1
f 815/889/996 814/888/995 571/624/994 567/620/993 
f 815/889/996 794/866/998 795/867/997 814/888/995 
s 2
f 568/621/1001 815/889/1000 567/620/999 
s off
f 817/891/1002 816/890/1002 811/884/1002 812/885/1002 
f 818/892/1003 817/891/1003 812/885/1003 813/886/1003 
s 2
f 816/890/1007 814/888/1006 795/867/1005 811/884/1004 
s 1
f 813/886/1011 729/887/1010 728/893/1009 818/892/1008 
f 804/876/1012 803/875/979 486/526/609 494/535/982 
f 800/872/976 801/873/977 820/895/1014 819/894/1013 
f 802/874/978 800/872/976 819/894/1013 821/896/643 
f 801/873/977 803/875/979 507/548/635 820/895/1014 
s off
f 804/876/1015 805/877/1015 822/897/1015 506/547/1015 
f 805/877/1016 806/878/1016 823/898/1016 822/897/1016 
f 806/878/653 807/879/653 824/899/653 823/898/653 
f 808/881/1017 825/901/1017 824/900/1017 807/880/1017 
f 809/882/1018 826/902/1018 825/901/1018 808/881/1018 
f 810/883/1019 827/903/1019 826/902/1019 809/882/1019 
s 4
f 814/888/1023 816/890/1022 810/883/1021 571/624/1020 
s 1
f 506/547/634 507/548/635 803/875/979 804/876/1012 
f 819/894/1013 820/895/1014 512/553/640 513/554/641 
f 821/896/643 819/894/1013 513/554/641 515/556/643 
f 820/895/1014 507/548/635 508/549/636 512/553/640 
s off
f 506/547/1024 822/897/1024 517/558/1024 509/550/1024 
f 822/897/1025 823/898/1025 519/560/1025 517/558/1025 
f 823/898/653 824/899/653 526/567/653 519/560/653 
f 825/901/1026 533/578/1026 526/575/1026 824/900/1026 
f 826/902/1027 565/618/1027 533/578/1027 825/901/1027 
f 827/903/1028 570/623/1028 565/618/1028 826/902/1028 
s 1
f 816/890/1032 817/891/1031 827/903/1030 810/883/1029 
s 2
f 570/623/1036 827/903/1035 817/891/1034 818/892/1033 
f 570/623/1036 818/892/1033 728/893/1037 
f 568/621/1001 794/866/1038 815/889/1000 
s off
f 831/907/1039 830/906/1039 829/905/1039 828/904/1039 
f 830/906/1040 833/909/1040 832/908/1040 829/905/1040 
f 828/904/1041 829/905/1041 835/911/1041 834/910/1041 
f 830/906/1042 831/907/1042 837/913/1042 836/912/1042 
f 829/905/1043 832/908/1043 838/914/1043 835/911/1043 
f 833/909/1044 830/906/1044 836/912/1044 839/915/1044 
f 843/919/1045 842/918/1045 841/917/1045 840/916/1045 
f 842/923/1046 845/922/1046 844/921/1046 841/920/1046 
f 840/916/1047 841/917/1047 342/373/1047 343/374/1047 
f 842/918/1048 843/919/1048 834/925/1048 835/924/1048 
f 841/920/1049 844/921/1049 345/378/1049 342/375/1049 
f 845/922/1050 842/923/1050 835/911/1050 838/914/1050 
f 847/929/1051 846/928/1051 485/927/1051 472/926/1051 
f 849/933/1052 848/932/1052 436/931/1052 452/930/1052 
f 850/935/1053 849/933/1053 452/930/1053 454/934/1053 
f 852/939/1054 851/938/1054 473/937/1054 439/936/1054 
f 851/938/1055 847/929/1055 472/926/1055 473/937/1055 
f 848/932/1056 852/939/1056 439/936/1056 436/931/1056 
f 853/941/1057 850/935/1057 454/934/1057 456/940/1057 
f 490/943/1058 854/942/1058 853/941/1058 456/940/1058 
f 732/945/1059 855/944/1059 854/942/1059 490/943/1059 
f 856/948/1060 837/947/1060 831/946/1060 
f 734/795/1061 858/950/1061 857/949/1061 839/915/1061 
f 356/392/1062 860/952/1062 859/951/1062 358/394/1062 
f 858/950/1063 862/954/1063 861/953/1063 857/949/1063 
s 2
f 734/795/1067 736/797/1066 862/954/1065 858/950/1064 
s off
f 719/774/1068 863/955/1068 862/954/1068 736/797/1068 
f 863/955/1069 864/956/1069 861/953/1069 862/954/1069 
f 836/912/1070 837/913/1070 732/958/1070 733/957/1070 
f 839/915/1071 836/912/1071 733/957/1071 734/795/1071 
f 732/945/1060 837/947/1060 856/948/1060 855/944/1060 
f 857/949/1072 865/959/1072 833/909/1072 839/915/1072 
f 857/949/1073 861/953/1073 866/960/1073 865/959/1073 
f 864/956/1074 867/961/1074 866/960/1074 861/953/1074 
f 860/952/1075 869/963/1075 868/962/1075 859/951/1075 
s 1
f 345/378/1079 844/921/1078 860/952/1077 356/392/1076 
s off
f 868/962/1080 869/963/1080 871/965/1080 870/964/1080 
s 2
f 844/921/1084 845/922/1083 869/963/1082 860/952/1081 
s off
f 870/964/1085 871/965/1085 873/967/1085 872/966/1085 
s 1
f 845/922/1089 838/914/1088 871/965/1087 869/963/1086 
s off
f 872/966/1090 873/967/1090 865/959/1090 866/960/1090 
s 2
f 838/914/1094 832/908/1093 873/967/1092 871/965/1091 
s 1
f 832/908/1098 833/909/1097 865/959/1096 873/967/1095 
s off
f 875/969/1099 874/968/1099 664/719/1099 666/721/1099 
s 1
f 687/742/1103 671/726/1102 664/719/1101 874/968/1100 
s off
f 874/968/1104 703/758/1104 687/742/1104 
f 877/971/1105 876/970/1105 874/968/1105 875/969/1105 
f 881/975/1106 880/974/1106 879/973/1106 878/972/1106 
f 883/977/1107 882/976/1107 880/974/1107 881/975/1107 
f 879/973/1108 885/979/1108 884/978/1108 876/970/1108 
f 886/980/1109 879/973/1109 880/974/1109 
s 1
f 885/979/1113 879/973/1112 886/980/1111 887/981/1110 
s off
f 876/970/1105 877/971/1105 878/972/1105 879/973/1105 
f 876/970/1114 884/978/1114 703/758/1114 874/968/1114 
s 2
f 887/981/1118 888/982/1117 884/978/1116 885/979/1115 
s off
f 882/976/1119 883/977/1119 890/984/1119 889/983/1119 
f 891/985/1120 886/980/1120 880/974/1120 882/976/1120 
f 891/985/1121 892/986/1121 887/981/1121 886/980/1121 
f 892/986/1122 893/987/1122 888/982/1122 887/981/1122 
s 1
f 893/987/1126 895/989/1125 894/988/1124 888/982/1123 
f 897/991/1130 896/990/1129 866/960/1128 867/961/1127 
f 894/988/1124 895/989/1125 896/990/1129 897/991/1130 
s 2
f 864/956/1134 705/760/1133 704/759/1132 867/961/1131 
s 4
f 867/961/1138 704/759/1137 702/757/1136 897/991/1135 
s 2
f 897/991/1142 702/757/1141 703/758/1140 894/988/1139 
s 4
f 703/758/1146 884/978/1145 888/982/1144 894/988/1143 
f 864/956/1150 863/955/1149 719/774/1148 705/760/1147 
s off
f 899/993/1151 898/992/1151 896/990/1151 895/989/1151 
f 361/397/1152 901/995/1152 900/994/1152 360/396/1152 
f 361/397/1153 363/399/1153 902/996/1153 901/995/1153 
f 363/399/1154 365/401/1154 903/997/1154 902/996/1154 
f 367/403/1155 904/998/1155 903/997/1155 365/401/1155 
f 889/983/1156 890/984/1156 906/1000/1156 905/999/1156 
f 898/992/1157 899/993/1157 908/1002/1157 907/1001/1157 
f 909/1003/1158 891/985/1158 882/976/1158 889/983/1158 
f 909/1003/1159 910/1004/1159 892/986/1159 891/985/1159 
f 910/1004/1160 911/1005/1160 893/987/1160 892/986/1160 
f 911/1005/1161 899/993/1161 895/989/1161 893/987/1161 
s 2
f 898/992/1165 872/966/1164 866/960/1163 896/990/1162 
s off
f 901/995/1166 913/1007/1166 912/1006/1166 900/994/1166 
f 901/995/1167 902/996/1167 914/1008/1167 913/1007/1167 
f 902/996/1168 903/997/1168 915/1009/1168 914/1008/1168 
f 904/998/1169 916/1010/1169 915/1009/1169 903/997/1169 
f 900/994/1170 917/1011/1170 370/406/1170 360/396/1170 
f 904/998/1171 367/403/1171 371/407/1171 918/1012/1171 
s 2
f 358/394/1175 859/951/1174 918/1012/1173 371/407/1172 
s off
f 905/999/1176 906/1000/1176 919/1013/1176 912/1006/1176 
f 908/1002/1177 916/1010/1177 920/1014/1177 907/1001/1177 
f 921/1015/1178 909/1003/1178 889/983/1178 905/999/1178 
f 921/1015/1179 922/1016/1179 910/1004/1179 909/1003/1179 
f 922/1016/1180 923/1017/1180 911/1005/1180 910/1004/1180 
f 923/1017/1181 908/1002/1181 899/993/1181 911/1005/1181 
s 1
f 870/964/1185 872/966/1184 898/992/1183 907/1001/1182 
s off
f 913/1007/1186 921/1015/1186 905/999/1186 912/1006/1186 
f 913/1007/1187 914/1008/1187 922/1016/1187 921/1015/1187 
f 914/1008/1188 915/1009/1188 923/1017/1188 922/1016/1188 
f 916/1010/1189 908/1002/1189 923/1017/1189 915/1009/1189 
f 912/1006/1190 919/1013/1190 917/1011/1190 900/994/1190 
f 916/1010/1191 904/998/1191 918/1012/1191 920/1014/1191 
s 2
f 868/962/1195 870/964/1194 907/1001/1193 920/1014/1192 
s 1
f 859/951/1199 868/962/1198 920/1014/1197 918/1012/1196 
s off
f 925/1018/1200 924/1019/1200 15/1019/1200 16/1018/1200 
f 927/1020/1201 926/1021/1201 19/1021/1201 20/1020/1201 
f 928/1022/1202 927/1020/1202 20/1020/1202 22/1022/1202 
f 930/1023/1203 929/1024/1203 25/1024/1203 26/1023/1203 
f 931/1025/1204 930/1023/1204 26/1023/1204 28/1025/1204 
f 933/1026/1205 932/1027/1205 30/1027/1205 31/1026/1205 
f 935/1028/1206 934/1029/1206 34/1029/1206 35/1028/1206 
f 934/1029/1207 936/1030/1207 39/1030/1207 34/1029/1207 
f 926/1021/1208 937/1031/1208 83/1031/1208 19/1021/1208 
f 939/1032/1209 938/1033/1209 87/1033/1209 88/1032/1209 
f 937/1031/1210 925/1018/1210 16/1018/1210 83/1031/1210 
f 929/1024/1211 940/1034/1211 162/1034/1211 25/1024/1211 
f 932/1027/1212 931/1025/1212 28/1025/1212 30/1027/1212 
f 940/1034/1202 928/1022/1202 22/1022/1202 162/1034/1202 
f 936/1030/1205 933/1026/1205 31/1026/1205 39/1030/1205 
f 938/1033/1206 935/1028/1206 35/1028/1206 87/1033/1206 
f 942/1038/1213 941/1037/1213 369/1036/1213 370/1035/1213 
f 943/1039/1214 939/1032/1214 88/1032/1214 374/1039/1214 
f 945/1040/1215 944/1041/1215 376/1041/1215 377/1040/1215 
f 946/1042/1216 945/1040/1216 377/1040/1216 379/1042/1216 
f 947/1043/1217 946/1042/1217 379/1042/1217 381/1043/1217 
f 948/1044/1218 947/1043/1218 381/1043/1218 383/1044/1218 
f 949/1045/1219 948/1044/1219 383/1044/1219 385/1045/1219 
f 951/1049/1220 950/1048/1220 387/1047/1220 388/1046/1220 
f 950/1050/1221 949/1045/1221 385/1045/1221 387/1050/1221 
f 944/1041/1222 943/1039/1222 374/1039/1222 376/1041/1222 
f 952/1052/1220 951/1049/1220 388/1046/1220 410/1051/1220 
f 953/1054/1223 952/1052/1223 410/1051/1223 412/1053/1223 
f 954/1056/1224 953/1054/1224 412/1053/1224 417/1055/1224 
f 941/1037/1225 955/1058/1225 419/1057/1225 369/1036/1225 
f 955/1058/1226 954/1056/1226 417/1055/1226 419/1057/1226 
f 957/1059/1227 956/1060/1227 637/1060/1227 722/1059/1227 
f 956/1060/1228 958/1061/1228 636/1061/1228 637/1060/1228 
f 958/1061/1229 959/1062/1229 639/1062/1229 636/1061/1229 
f 959/1062/1230 960/1063/1230 641/1063/1230 639/1062/1230 
f 960/1063/1231 961/1064/1231 643/1064/1231 641/1063/1231 
f 963/1065/1232 962/1066/1232 648/1066/1232 645/1065/1232 
f 965/1067/1233 964/1068/1233 652/1068/1233 647/1067/1233 
f 967/1069/1234 966/1070/1234 657/1070/1234 651/1069/1234 
f 966/1070/1235 968/1071/1235 656/1071/1235 657/1070/1235 
f 968/1071/1236 969/1072/1236 659/1072/1236 656/1071/1236 
f 969/1072/1237 970/1073/1237 661/1073/1237 659/1072/1237 
f 970/1073/1238 971/1074/1238 663/1074/1238 661/1073/1238 
f 971/1074/1239 972/1075/1239 665/1075/1239 663/1074/1239 
f 972/1075/1240 973/1076/1240 667/1076/1240 665/1075/1240 
f 973/1080/1220 974/1079/1220 666/1078/1220 667/1077/1220 
f 961/1064/1241 963/1065/1241 645/1065/1241 643/1064/1241 
f 975/1081/1227 957/1059/1227 722/1059/1227 632/1081/1227 
f 964/1068/1242 967/1069/1242 651/1069/1242 652/1068/1242 
f 962/1066/1243 965/1067/1243 647/1067/1243 648/1066/1243 
f 976/1082/1244 975/1081/1244 632/1081/1244 633/1082/1244 
f 974/1079/1220 977/1084/1220 875/1083/1220 666/1078/1220 
f 979/1088/1245 978/1087/1245 878/1086/1245 877/1085/1245 
f 978/1087/1246 980/1090/1246 881/1089/1246 878/1086/1246 
f 977/1084/1245 979/1088/1245 877/1085/1245 875/1083/1245 
f 980/1090/1213 981/1092/1213 883/1091/1213 881/1089/1213 
f 982/1094/1213 942/1038/1213 370/1035/1213 917/1093/1213 
f 981/1092/1213 983/1096/1213 890/1095/1213 883/1091/1213 
f 984/1098/1247 982/1094/1247 917/1093/1247 919/1097/1247 
f 983/1096/1213 985/1100/1213 906/1099/1213 890/1095/1213 
f 985/1100/1213 984/1098/1213 919/1097/1213 906/1099/1213 
s 1
f 950/1050/22 924/1019/22 925/1018/22 949/1045/22 
s 2
f 949/1045/22 925/1018/22 937/1031/22 948/1044/22 
s 1
f 948/1044/22 937/1031/22 926/1021/22 947/1043/22 
s 2
f 947/1043/22 926/1021/22 927/1020/22 946/1042/22 
s 1
f 946/1042/22 927/1020/22 928/1022/22 945/1040/22 
s 2
f 945/1040/22 928/1022/22 940/1034/22 944/1041/22 
s 1
f 944/1041/22 940/1034/22 929/1024/22 943/1039/22 
s 2
f 929/1024/22 930/1023/22 939/1032/22 943/1039/22 
s 1
f 930/1023/22 931/1025/22 938/1033/22 939/1032/22 
s 2
f 938/1033/22 931/1025/22 932/1027/22 935/1028/22 
s 1
f 932/1027/22 933/1026/22 934/1029/22 935/1028/22 
s off
f 934/1029/22 933/1026/22 936/1030/22 
s 1
f 976/1082/22 973/1076/22 972/1075/22 975/1081/22 
s 2
f 975/1081/22 972/1075/22 971/1074/22 957/1059/22 
s 1
f 956/1060/22 957/1059/22 971/1074/22 970/1073/22 
s 2
f 958/1061/22 956/1060/22 970/1073/22 969/1072/22 
s 1
f 968/1071/22 959/1062/22 958/1061/22 969/1072/22 
s 2
f 966/1070/22 960/1063/22 959/1062/22 968/1071/22 
s 1
f 961/1064/22 960/1063/22 966/1070/22 967/1069/22 
s 2
f 964/1068/22 963/1065/22 961/1064/22 967/1069/22 
s 1
f 965/1067/22 962/1066/22 963/1065/22 964/1068/22 
s off
f 989/1104/1247 988/1103/1247 987/1102/1247 986/1101/1247 
f 993/1108/1220 992/1107/1220 991/1106/1220 990/1105/1220 
f 992/1107/1220 995/1110/1220 994/1109/1220 991/1106/1220 
f 995/1110/1223 997/1112/1223 996/1111/1223 994/1109/1223 
f 997/1112/1248 999/1114/1248 998/1113/1248 996/1111/1248 
f 1001/1116/1225 989/1104/1225 986/1101/1225 1000/1115/1225 
f 999/1114/1249 1001/1116/1249 1000/1115/1249 998/1113/1249 
f 1005/1120/1220 1004/1119/1220 1003/1118/1220 1002/1117/1220 
f 1007/1122/1220 1005/1120/1220 1002/1117/1220 1006/1121/1220 
f 1011/1126/1220 1010/1125/1220 1009/1124/1220 1008/1123/1220 
f 1013/1128/1250 1011/1126/1250 1008/1123/1250 1012/1127/1250 
f 1010/1125/1220 1007/1122/1220 1006/1121/1220 1009/1124/1220 
f 1015/1130/1247 1013/1128/1247 1012/1127/1247 1014/1129/1247 
f 988/1103/1247 1017/1132/1247 1016/1131/1247 987/1102/1247 
f 1019/1134/1247 1015/1130/1247 1014/1129/1247 1018/1133/1247 
f 1017/1132/1247 1021/1136/1247 1020/1135/1247 1016/1131/1247 
f 1023/1138/1247 1019/1134/1247 1018/1133/1247 1022/1137/1247 
f 1021/1136/1247 1023/1138/1247 1022/1137/1247 1020/1135/1247 
f 1025/1140/1251 993/1108/1251 990/1105/1251 1024/1139/1251 
f 1004/1119/1252 1027/1142/1252 1026/1141/1252 1003/1118/1252 
f 1031/1146/1247 1030/1145/1247 1029/1144/1247 1028/1143/1247 
f 1033/1148/1247 1032/1147/1247 1030/1145/1247 1031/1146/1247 
f 986/1101/1247 987/1102/1247 1035/1150/1247 1034/1149/1247 
f 1037/1152/1247 1036/1151/1247 941/1037/1247 942/1038/1247 
f 988/1103/1247 989/1104/1247 1036/1151/1247 1037/1152/1247 
f 1041/1156/1220 1040/1155/1220 1039/1154/1220 1038/1153/1220 
f 1043/1158/1220 1042/1157/1220 1040/1155/1220 1041/1156/1220 
f 990/1105/1220 991/1106/1220 1045/1160/1220 1044/1159/1220 
f 1047/1162/1220 1046/1161/1220 950/1048/1220 951/1049/1220 
f 992/1107/1220 993/1108/1220 1046/1161/1220 1047/1162/1220 
f 1040/1155/1220 1049/1164/1220 1048/1163/1220 1039/1154/1220 
f 1042/1157/1220 1050/1165/1220 1049/1164/1220 1040/1155/1220 
f 991/1106/1220 994/1109/1220 1051/1166/1220 1045/1160/1220 
f 1052/1167/1220 1047/1162/1220 951/1049/1220 952/1052/1220 
f 995/1110/1220 992/1107/1220 1047/1162/1220 1052/1167/1220 
f 1049/1164/1223 1054/1169/1223 1053/1168/1223 1048/1163/1223 
f 1050/1165/1223 1055/1170/1223 1054/1169/1223 1049/1164/1223 
f 994/1109/1223 996/1111/1223 1056/1171/1223 1051/1166/1223 
f 1057/1172/1223 1052/1167/1223 952/1052/1223 953/1054/1223 
f 997/1112/1223 995/1110/1223 1052/1167/1223 1057/1172/1223 
f 1054/1169/1248 1059/1174/1248 1058/1173/1248 1053/1168/1248 
f 1055/1170/1248 1060/1175/1248 1059/1174/1248 1054/1169/1248 
f 996/1111/1248 998/1113/1248 1061/1176/1248 1056/1171/1248 
f 1062/1177/1248 1057/1172/1248 953/1054/1248 954/1056/1248 
f 999/1114/1248 997/1112/1248 1057/1172/1248 1062/1177/1248 
f 1064/1179/1225 1031/1146/1225 1028/1143/1225 1063/1178/1225 
f 1065/1180/1225 1033/1148/1225 1031/1146/1225 1064/1179/1225 
f 1000/1115/1225 986/1101/1225 1034/1149/1225 1066/1181/1225 
f 1036/1151/1225 1067/1182/1225 955/1058/1225 941/1037/1225 
f 989/1104/1225 1001/1116/1225 1067/1182/1225 1036/1151/1225 
f 1059/1174/1249 1064/1179/1249 1063/1178/1249 1058/1173/1249 
f 1060/1175/1249 1065/1180/1249 1064/1179/1249 1059/1174/1249 
f 998/1113/1249 1000/1115/1249 1066/1181/1249 1061/1176/1249 
f 1067/1182/1249 1062/1177/1249 954/1056/1249 955/1058/1249 
f 1001/1116/1249 999/1114/1249 1062/1177/1249 1067/1182/1249 
f 1071/1186/1220 1070/1185/1220 1069/1184/1220 1068/1183/1220 
f 1073/1188/1220 1072/1187/1220 1070/1185/1220 1071/1186/1220 
f 1002/1117/1220 1003/1118/1220 1075/1190/1220 1074/1189/1220 
f 1077/1192/1220 1076/1191/1220 974/1079/1220 973/1080/1220 
f 1004/1119/1220 1005/1120/1220 1076/1191/1220 1077/1192/1220 
f 1079/1194/1220 1071/1186/1220 1068/1183/1220 1078/1193/1220 
f 1080/1195/1220 1073/1188/1220 1071/1186/1220 1079/1194/1220 
f 1006/1121/1220 1002/1117/1220 1074/1189/1220 1081/1196/1220 
f 1076/1191/1220 1082/1197/1220 977/1084/1220 974/1079/1220 
f 1005/1120/1220 1007/1122/1220 1082/1197/1220 1076/1191/1220 
f 1086/1201/1220 1085/1200/1220 1084/1199/1220 1083/1198/1220 
f 1088/1203/1220 1087/1202/1220 1085/1200/1220 1086/1201/1220 
f 1008/1123/1220 1009/1124/1220 1090/1205/1220 1089/1204/1220 
f 1092/1207/1220 1091/1206/1220 978/1087/1220 979/1088/1220 
f 1010/1125/1220 1011/1126/1220 1091/1206/1220 1092/1207/1220 
f 1094/1209/1250 1086/1201/1250 1083/1198/1250 1093/1208/1250 
f 1095/1210/1250 1088/1203/1250 1086/1201/1250 1094/1209/1250 
f 1012/1127/1250 1008/1123/1250 1089/1204/1250 1096/1211/1250 
f 1091/1206/1250 1097/1212/1250 980/1090/1250 978/1087/1250 
f 1011/1126/1250 1013/1128/1250 1097/1212/1250 1091/1206/1250 
f 1085/1200/1220 1079/1194/1220 1078/1193/1220 1084/1199/1220 
f 1087/1202/1220 1080/1195/1220 1079/1194/1220 1085/1200/1220 
f 1009/1124/1220 1006/1121/1220 1081/1196/1220 1090/1205/1220 
f 1082/1197/1220 1092/1207/1220 979/1088/1220 977/1084/1220 
f 1007/1122/1220 1010/1125/1220 1092/1207/1220 1082/1197/1220 
f 1099/1214/1247 1094/1209/1247 1093/1208/1247 1098/1213/1247 
f 1100/1215/1247 1095/1210/1247 1094/1209/1247 1099/1214/1247 
f 1014/1129/1247 1012/1127/1247 1096/1211/1247 1101/1216/1247 
f 1097/1212/1247 1102/1217/1247 981/1092/1247 980/1090/1247 
f 1013/1128/1247 1015/1130/1247 1102/1217/1247 1097/1212/1247 
f 1030/1145/1247 1104/1219/1247 1103/1218/1247 1029/1144/1247 
f 1032/1147/1247 1105/1220/1247 1104/1219/1247 1030/1145/1247 
f 987/1102/1247 1016/1131/1247 1106/1221/1247 1035/1150/1247 
f 1107/1222/1247 1037/1152/1247 942/1038/1247 982/1094/1247 
f 1017/1132/1247 988/1103/1247 1037/1152/1247 1107/1222/1247 
f 1109/1224/1247 1099/1214/1247 1098/1213/1247 1108/1223/1247 
f 1110/1225/1247 1100/1215/1247 1099/1214/1247 1109/1224/1247 
f 1018/1133/1247 1014/1129/1247 1101/1216/1247 1111/1226/1247 
f 1102/1217/1247 1112/1227/1247 983/1096/1247 981/1092/1247 
f 1015/1130/1247 1019/1134/1247 1112/1227/1247 1102/1217/1247 
f 1104/1219/1247 1114/1229/1247 1113/1228/1247 1103/1218/1247 
f 1105/1220/1247 1115/1230/1247 1114/1229/1247 1104/1219/1247 
f 1016/1131/1247 1020/1135/1247 1116/1231/1247 1106/1221/1247 
f 1117/1232/1247 1107/1222/1247 982/1094/1247 984/1098/1247 
f 1021/1136/1247 1017/1132/1247 1107/1222/1247 1117/1232/1247 
f 1119/1234/1247 1109/1224/1247 1108/1223/1247 1118/1233/1247 
f 1120/1235/1247 1110/1225/1247 1109/1224/1247 1119/1234/1247 
f 1022/1137/1247 1018/1133/1247 1111/1226/1247 1121/1236/1247 
f 1112/1227/1247 1122/1237/1247 985/1100/1247 983/1096/1247 
f 1019/1134/1247 1023/1138/1247 1122/1237/1247 1112/1227/1247 
f 1114/1229/1247 1119/1234/1247 1118/1233/1247 1113/1228/1247 
f 1115/1230/1247 1120/1235/1247 1119/1234/1247 1114/1229/1247 
f 1020/1135/1247 1022/1137/1247 1121/1236/1247 1116/1231/1247 
f 1122/1237/1247 1117/1232/1247 984/1098/1247 985/1100/1247 
f 1023/1138/1247 1021/1136/1247 1117/1232/1247 1122/1237/1247 
f 1124/1239/1251 1041/1156/1251 1038/1153/1251 1123/1238/1251 
f 1125/1240/1251 1043/1158/1251 1041/1156/1251 1124/1239/1251 
f 1024/1139/1251 990/1105/1251 1044/1159/1251 1126/1241/1251 
f 1046/1161/1251 1127/1243/1251 924/1242/1251 950/1048/1251 
f 993/1108/1251 1025/1140/1251 1127/1243/1251 1046/1161/1251 
f 1070/1185/1252 1129/1245/1252 1128/1244/1252 1069/1184/1252 
f 1072/1187/1252 1130/1246/1252 1129/1245/1252 1070/1185/1252 
f 1003/1118/1253 1026/1141/1253 1131/1247/1253 1075/1190/1253 
f 1132/1249/1252 1077/1192/1252 973/1080/1252 976/1248/1252 
f 1027/1142/1252 1004/1119/1252 1077/1192/1252 1132/1249/1252 
s 2
f 976/1248/1257 1134/1251/1256 1133/1250/1255 1132/1249/1254 
f 1136/1253/1261 1135/1252/1260 924/1242/1259 1127/1243/1258 
s 1
f 1137/1254/1265 1136/1253/1264 1127/1243/1263 1025/1140/1262 
s 2
f 1024/1139/1269 1138/1255/1268 1137/1254/1267 1025/1140/1266 
s 1
f 1132/1249/1273 1133/1250/1272 1139/1256/1271 1027/1142/1270 
s 2
f 1139/1256/1274 1140/1257/1274 1026/1141/1275 1027/1142/1274 
s off
f 1034/1149/1247 1035/1150/1247 1032/1147/1247 1033/1148/1247 
f 1044/1159/1220 1045/1160/1220 1042/1157/1220 1043/1158/1220 
f 1045/1160/1220 1051/1166/1220 1050/1165/1220 1042/1157/1220 
f 1051/1166/1223 1056/1171/1223 1055/1170/1223 1050/1165/1223 
f 1056/1171/1224 1061/1176/1224 1060/1175/1224 1055/1170/1224 
f 1066/1181/1225 1034/1149/1225 1033/1148/1225 1065/1180/1225 
f 1061/1176/1226 1066/1181/1226 1065/1180/1226 1060/1175/1226 
f 1074/1189/1220 1075/1190/1220 1072/1187/1220 1073/1188/1220 
f 1081/1196/1220 1074/1189/1220 1073/1188/1220 1080/1195/1220 
f 1089/1204/1245 1090/1205/1245 1087/1202/1245 1088/1203/1245 
f 1096/1211/1246 1089/1204/1246 1088/1203/1246 1095/1210/1246 
f 1090/1205/1220 1081/1196/1220 1080/1195/1220 1087/1202/1220 
f 1101/1216/1247 1096/1211/1247 1095/1210/1247 1100/1215/1247 
f 1035/1150/1247 1106/1221/1247 1105/1220/1247 1032/1147/1247 
f 1111/1226/1247 1101/1216/1247 1100/1215/1247 1110/1225/1247 
f 1106/1221/1247 1116/1231/1247 1115/1230/1247 1105/1220/1247 
f 1121/1236/1213 1111/1226/1213 1110/1225/1213 1120/1235/1213 
f 1116/1231/1213 1121/1236/1213 1120/1235/1213 1115/1230/1213 
f 1126/1241/1251 1044/1159/1251 1043/1158/1251 1125/1240/1251 
f 1075/1190/1252 1131/1247/1252 1130/1246/1252 1072/1187/1252 
s 1
f 1140/1257/1274 1141/1258/1274 1131/1247/1275 1026/1141/1274 
s 2
f 1141/1258/1279 1142/1259/1278 1130/1246/1277 1131/1247/1276 
s 1
f 1143/1260/1282 1138/1255/1281 1024/1139/1269 1126/1241/1280 
s 2
f 1144/1261/1286 1143/1260/1285 1126/1241/1284 1125/1240/1283 
s 1
f 1145/1262/1289 1144/1261/1288 1125/1240/1288 1124/1239/1287 
s 2
f 1146/1263/1291 1145/1262/1287 1124/1239/1287 1123/1238/1290 
s 1
f 1129/1245/1277 1148/1265/1292 1147/1264/1292 1128/1244/1292 
s 4
f 1150/1269/1292 1149/1268/1277 772/1267/1277 773/1266/1292 
f 774/1271/1292 1151/1270/1292 1150/1269/1292 773/1266/1292 
s 2
f 1134/1251/1256 1153/1273/1294 1152/1272/1293 1133/1250/1255 
s 1
f 1133/1250/1272 1152/1272/1296 1154/1274/1295 1139/1256/1271 
s 2
f 1140/1257/1274 1139/1256/1274 1154/1274/1274 1155/1275/1274 
s 1
f 1141/1258/1274 1140/1257/1274 1155/1275/1274 1156/1276/1274 
s 2
f 1142/1259/1278 1141/1258/1279 1156/1276/1298 1157/1277/1297 
s 1
f 1148/1265/1292 1159/1279/1292 1158/1278/1292 1147/1264/1292 
s 4
f 1142/1259/1277 1160/1280/1277 1129/1245/1277 1130/1246/1277 
f 1148/1265/1292 1129/1245/1277 1160/1280/1277 
f 1157/1277/1277 1161/1281/1292 1160/1280/1277 1142/1259/1277 
f 1159/1279/1292 1148/1265/1292 1160/1280/1277 1161/1281/1292 
s 2
f 1153/1273/1294 1163/1283/1300 1162/1282/1299 1152/1272/1293 
s 1
f 1152/1272/1296 1162/1282/1302 1164/1284/1301 1154/1274/1295 
s 2
f 1155/1275/1274 1154/1274/1274 1164/1284/1274 1165/1285/1274 
s 1
f 1156/1276/1274 1155/1275/1274 1165/1285/1274 1166/1286/1274 
s 2
f 1157/1277/1297 1156/1276/1298 1166/1286/1304 1167/1287/1303 
s 1
f 1159/1279/1292 1169/1289/1292 1168/1288/1292 1158/1278/1292 
s 4
f 633/1291/1277 630/1290/1307 1134/1251/1306 976/1248/1305 
s 1
f 1153/1273/1310 1134/1251/1310 630/1290/1309 755/1292/1308 
f 1153/1273/1310 755/1292/1308 756/1293/1311 
s 4
f 1167/1287/1277 1170/1294/1292 1161/1281/1292 1157/1277/1277 
f 1169/1289/1292 1159/1279/1292 1161/1281/1292 1170/1294/1292 
s 2
f 1163/1283/1300 1172/1296/1313 1171/1295/1312 1162/1282/1299 
s 1
f 1162/1282/1302 1171/1295/1315 1173/1297/1314 1164/1284/1301 
s 2
f 1164/1284/1274 1173/1297/1274 1174/1298/1316 1165/1285/1274 
s 1
f 1166/1286/1274 1165/1285/1274 1174/1298/1274 1175/1299/1274 
s 2
f 1167/1287/1303 1166/1286/1304 1175/1299/1318 1149/1268/1317 
s 1
f 1169/1289/1292 1151/1270/1292 1176/1300/1292 1168/1288/1292 
s 4
f 1149/1268/1277 1150/1269/1292 1170/1294/1292 1167/1287/1277 
f 1151/1270/1292 1169/1289/1292 1170/1294/1292 1150/1269/1292 
s 2
f 1172/1296/1313 783/1302/1320 781/1301/1319 1171/1295/1312 
s 1
f 1171/1295/1315 781/1301/1322 780/1303/1321 1173/1297/1314 
s 2
f 1173/1297/1274 780/1303/1316 776/1304/1316 1174/1298/1316 
s 1
f 1175/1299/1274 1174/1298/1274 776/1304/1316 771/1305/1316 
s 2
f 1149/1268/1317 1175/1299/1318 771/1305/1324 772/1267/1323 
s 1
f 1151/1270/1292 774/1271/1292 775/1306/1277 1176/1300/1292 
s 4
f 756/1293/1328 757/1307/1327 1163/1283/1326 1153/1273/1325 
s 8
f 1172/1296/1332 1163/1283/1331 757/1307/1330 758/1308/1329 
f 1172/1296/1332 758/1308/1329 789/1309/1333 
s 4
f 1172/1296/1336 789/1309/1335 786/1311/1292 787/1310/1334 
f 1172/1296/1336 787/1310/1334 783/1302/1337 
s 2
f 1135/1252/1260 1136/1253/1261 1178/1313/1339 1177/1312/1338 
s 1
f 1136/1253/1264 1137/1254/1265 1179/1314/1341 1178/1313/1340 
s 2
f 1138/1255/1268 1180/1315/1343 1179/1314/1342 1137/1254/1267 
s 1
f 1138/1255/1281 1143/1260/1282 1181/1316/1345 1180/1315/1344 
s 2
f 1143/1260/1285 1144/1261/1286 1182/1317/1347 1181/1316/1346 
s 1
f 1144/1261/1288 1145/1262/1289 1183/1318/1349 1182/1317/1348 
s 2
f 1145/1262/1287 1146/1263/1291 1184/1319/1290 1183/1318/1289 
f 1177/1312/1338 1178/1313/1339 1186/1321/1351 1185/1320/1350 
s 1
f 1178/1313/1340 1179/1314/1341 1187/1322/1353 1186/1321/1352 
s 2
f 1180/1315/1343 1188/1323/1355 1187/1322/1354 1179/1314/1342 
s 1
f 1180/1315/1344 1181/1316/1345 1189/1324/1357 1188/1323/1356 
s 2
f 1181/1316/1346 1182/1317/1347 1190/1325/1359 1189/1324/1358 
s 1
f 1182/1317/1348 1183/1318/1349 1191/1326/1361 1190/1325/1360 
s 2
f 1183/1318/1289 1184/1319/1290 1192/1327/1290 1191/1326/1349 
s 4
f 1135/1252/1365 14/1329/1364 15/1328/1363 924/1242/1362 
s 1
f 92/1331/1369 1135/1252/1368 1177/1312/1367 93/1330/1366 
f 1135/1252/1368 92/1331/1369 14/1329/1369 
s 2
f 1185/1320/1350 1186/1321/1351 150/1333/1371 140/1332/1370 
s 1
f 1186/1321/1352 1187/1322/1353 148/1334/1373 150/1333/1372 
s 2
f 1187/1322/1354 1188/1323/1355 147/1335/1375 148/1334/1374 
s 1
f 1188/1323/1356 1189/1324/1357 237/1336/1377 147/1335/1376 
s 2
f 1189/1324/1358 1190/1325/1359 144/1337/1379 237/1336/1378 
s 1
f 1190/1325/1360 1191/1326/1361 143/1338/1380 144/1337/1380 
s 2
f 1191/1326/1349 1192/1327/1290 315/1339/1382 143/1338/1381 
s 4
f 1185/1320/1386 94/1340/1385 93/1330/1384 1177/1312/1383 
s 1
f 133/1342/1390 1185/1320/1389 140/1332/1388 138/1341/1387 
f 1185/1320/1389 133/1342/1390 94/1340/1391 
s 4
f 1196/1346/1395 1195/1345/1394 1194/1344/1393 1193/1343/1392 
s 122
f 1200/1350/1399 1199/1349/1398 1198/1348/1397 1197/1347/1396 
s 4
f 1202/1352/1400 1201/1351/1399 1199/1349/1399 1200/1350/1400 
s 122
f 1196/1346/1400 1201/1351/1400 1202/1352/1400 1195/1345/1400 
s off
f 1204/1353/1401 1203/1354/1401 1193/1354/1401 1194/1353/1401 
f 1205/1355/1402 1204/1353/1402 1194/1353/1402 1195/1355/1402 
f 1196/1357/1403 1207/1357/1403 1206/1356/1403 1201/1356/1403 
f 1197/1359/1404 1209/1359/1404 1208/1358/1404 1200/1358/1404 
f 1202/1360/1405 1210/1360/1405 1205/1355/1405 1195/1355/1405 
f 1203/1354/1406 1207/1357/1406 1196/1357/1406 1193/1354/1406 
f 1209/1359/1407 1212/1362/1407 1211/1361/1407 1208/1358/1407 
s 1
f 1208/1358/1408 1210/1360/1408 1202/1360/1408 1200/1358/1408 
s 2
f 1211/1361/1412 1213/1363/1411 1210/1360/1410 1208/1358/1409 
s off
f 1210/1360/1413 1213/1363/1413 1214/1364/1413 1205/1355/1413 
f 1214/1364/1414 1215/1365/1414 1204/1353/1414 1205/1355/1414 
f 1212/1362/1415 1217/1367/1415 1216/1366/1415 1211/1361/1415 
f 1211/1361/1416 1216/1366/1416 1218/1368/1416 1213/1363/1416 
f 1213/1363/1417 1218/1368/1417 1219/1369/1417 1214/1364/1417 
f 1219/1369/1418 1220/1370/1418 1215/1365/1418 1214/1364/1418 
s 1
f 1220/1370/1422 1203/1354/1421 1204/1353/1420 1215/1365/1419 
f 1218/1368/1426 1206/1356/1425 1207/1357/1424 1219/1369/1423 
s 2
f 1219/1369/1430 1207/1357/1429 1203/1354/1428 1220/1370/1427 
s 128
f 1201/1356/1433 1206/1356/1431 1221/1371/1432 1199/1371/1431 
s 4
f 1206/1356/1437 1218/1368/1436 1216/1366/1435 1221/1371/1434 
s off
f 1199/1371/1438 1223/1374/1438 1222/1373/1438 1198/1372/1438 
f 1221/1371/1439 1224/1374/1439 1223/1374/1439 1199/1371/1439 
f 1216/1366/1440 1225/1375/1440 1224/1374/1440 1221/1371/1440 
f 1217/1367/1441 1226/1376/1441 1225/1375/1441 1216/1366/1441 
f 1228/1378/1442 1227/1377/1442 1226/1376/1442 1217/1367/1442 
f 1198/1372/1443 1222/1373/1443 1227/1377/1443 1228/1378/1443 
s 1
f 1212/1362/1447 1209/1359/1446 1228/1378/1445 1217/1367/1444 
s 4
f 1209/1359/1451 1197/1359/1450 1198/1372/1449 1228/1378/1448 
s 8
f 1232/1382/1454 1231/1381/1453 1230/1380/1453 1229/1379/1452 
f 1231/1381/1453 1234/1384/1455 1233/1383/1455 1230/1380/1453 
f 1234/1384/1455 1236/1386/1456 1235/1385/1456 1233/1383/1455 
f 1236/1386/1456 1238/1388/1457 1237/1387/1457 1235/1385/1456 
f 1238/1388/1457 1240/1390/1458 1239/1389/1458 1237/1387/1457 
f 1240/1390/1458 1242/1392/1250 1241/1391/1246 1239/1389/1458 
f 1242/1392/1250 1244/1394/1459 1243/1393/1459 1241/1391/1246 
f 1244/1394/1459 1246/1396/1460 1245/1395/1460 1243/1393/1459 
f 1246/1396/1460 1248/1398/1461 1247/1397/1461 1245/1395/1460 
f 1248/1398/1461 1250/1400/1462 1249/1399/1462 1247/1397/1461 
f 1250/1400/1462 1252/1402/1463 1251/1401/1463 1249/1399/1462 
f 1252/1402/1463 1254/1404/1464 1253/1403/1464 1251/1401/1463 
f 1254/1404/1464 1256/1406/1465 1255/1405/1465 1253/1403/1464 
f 1256/1406/1465 1258/1408/1466 1257/1407/1466 1255/1405/1465 
f 1258/1408/1466 1260/1410/1467 1259/1409/1467 1257/1407/1466 
f 1260/1410/1467 1262/1412/1468 1261/1411/1468 1259/1409/1467 
f 1262/1416/1468 1264/1415/1469 1263/1414/1469 1261/1413/1468 
f 1264/1415/1469 1266/1418/1471 1265/1417/1470 1263/1414/1469 
f 1266/1418/1471 1268/1420/1472 1267/1419/1472 1265/1417/1470 
f 1268/1420/1472 1270/1422/1473 1269/1421/1473 1267/1419/1472 
f 1270/1422/1473 1272/1424/1474 1271/1423/1474 1269/1421/1473 
f 1272/1424/1474 1274/1426/1475 1273/1425/1475 1271/1423/1474 
f 1274/1426/1475 1276/1428/1476 1275/1427/1476 1273/1425/1475 
f 1276/1428/1476 1232/1382/1454 1229/1379/1452 1275/1427/1476 
s 1
f 1280/1432/1479 1279/1431/22 1278/1430/1478 1277/1429/1477 
f 1283/1435/1479 1282/1434/22 1281/1433/1477 1279/1431/22 
f 1283/1435/1479 1284/1436/22 1282/1434/22 
f 1287/1439/1479 1286/1438/1479 1285/1437/1479 1283/1435/1479 
f 1287/1439/1479 1288/1440/1479 1286/1438/1479 
f 1291/1443/1478 1290/1442/1477 1289/1441/1477 1287/1439/1479 
f 1291/1443/1478 1292/1444/1478 1290/1442/1477 
f 1280/1432/1479 1291/1443/1478 1287/1439/1479 1283/1435/1479 
f 1295/1447/1479 1294/1446/22 1293/1445/1477 1291/1443/1478 
f 1295/1447/1479 1296/1448/22 1294/1446/22 
f 1280/1432/1479 1298/1450/1479 1297/1449/1479 1295/1447/1479 
f 1280/1432/1479 1299/1451/1479 1298/1450/1479 
f 1280/1432/1479 1295/1447/1479 1291/1443/1478 
f 1280/1432/1479 1283/1435/1479 1279/1431/22 
f 1280/1432/1479 1277/1429/1477 1300/1452/1477 
f 1304/1456/1482 1303/1455/1482 1302/1454/1481 1301/1453/1480 
f 1307/1459/1482 1306/1458/1481 1305/1457/1480 1303/1455/1482 
f 1307/1459/1482 1308/1460/1481 1306/1458/1481 
f 1311/1463/1483 1310/1462/1483 1309/1461/1482 1307/1459/1482 
f 1311/1463/1483 1312/1464/1483 1310/1462/1483 
f 1315/1467/1482 1314/1466/1480 1313/1465/1480 1311/1463/1483 
f 1315/1467/1482 1316/1468/1480 1314/1466/1480 
f 1304/1456/1482 1315/1467/1482 1311/1463/1483 1307/1459/1482 
f 1319/1471/1481 1318/1470/1480 1317/1469/1480 1315/1467/1482 
f 1319/1471/1481 1320/1472/1481 1318/1470/1480 
f 1304/1456/1482 1322/1474/1482 1321/1473/1482 1319/1471/1481 
f 1304/1456/1482 1323/1475/1483 1322/1474/1482 
f 1304/1456/1482 1319/1471/1481 1315/1467/1482 
f 1304/1456/1482 1307/1459/1482 1303/1455/1482 
f 1304/1456/1482 1301/1453/1480 1324/1476/1482 
s off
f 1326/1453/1484 1325/1476/1484 1229/1478/1484 1230/1477/1484 
f 1325/1476/1485 1327/1456/1485 1275/1479/1485 1229/1478/1485 
f 1327/1456/1486 1328/1475/1486 1273/1480/1486 1275/1479/1486 
f 1328/1475/1487 1329/1474/1487 1271/1481/1487 1273/1480/1487 
f 1329/1474/1488 1330/1473/1488 1269/1482/1488 1271/1481/1488 
f 1330/1473/1489 1331/1471/1489 1267/1483/1489 1269/1482/1489 
f 1331/1471/1490 1332/1472/1490 1265/1484/1490 1267/1483/1490 
f 1332/1472/1491 1333/1470/1491 1263/1485/1491 1265/1484/1491 
f 1333/1470/1492 1334/1469/1492 1261/1486/1492 1263/1485/1492 
f 1334/1469/1493 1335/1467/1493 1259/1487/1493 1261/1486/1493 
f 1335/1467/1494 1336/1468/1494 1257/1488/1494 1259/1487/1494 
f 1336/1468/1495 1337/1466/1495 1255/1489/1495 1257/1488/1495 
f 1337/1466/1496 1338/1465/1496 1253/1490/1496 1255/1489/1496 
f 1338/1465/1497 1339/1463/1497 1251/1491/1497 1253/1490/1497 
f 1339/1463/1498 1340/1464/1498 1249/1492/1498 1251/1491/1498 
f 1340/1464/1499 1341/1462/1499 1247/1493/1499 1249/1492/1499 
f 1341/1462/1500 1342/1461/1500 1245/1494/1500 1247/1493/1500 
f 1342/1461/1501 1343/1459/1501 1243/1495/1501 1245/1494/1501 
f 1343/1459/1502 1344/1460/1502 1241/1496/1502 1243/1495/1502 
f 1344/1460/1503 1345/1458/1503 1239/1497/1503 1241/1496/1503 
f 1345/1458/1504 1346/1457/1504 1237/1498/1504 1239/1497/1504 
f 1346/1457/1505 1347/1455/1505 1235/1499/1505 1237/1498/1505 
f 1347/1455/1506 1348/1454/1506 1233/1500/1506 1235/1499/1506 
f 1348/1454/1507 1326/1453/1507 1230/1477/1507 1233/1500/1507 
f 1324/1476/1508 1301/1453/1508 1231/1477/1508 1232/1478/1508 
f 1301/1453/1509 1302/1454/1509 1234/1500/1509 1231/1477/1509 
f 1302/1454/1510 1303/1455/1510 1236/1499/1510 1234/1500/1510 
f 1303/1455/1511 1305/1457/1511 1238/1498/1511 1236/1499/1511 
f 1305/1457/1512 1306/1458/1512 1240/1497/1512 1238/1498/1512 
f 1306/1458/1513 1308/1460/1513 1242/1496/1513 1240/1497/1513 
f 1308/1460/1514 1307/1459/1514 1244/1495/1514 1242/1496/1514 
f 1307/1459/1515 1309/1461/1515 1246/1494/1515 1244/1495/1515 
f 1309/1461/1516 1310/1462/1516 1248/1493/1516 1246/1494/1516 
f 1310/1462/1517 1312/1464/1517 1250/1492/1517 1248/1493/1517 
f 1312/1464/1518 1311/1463/1518 1252/1491/1518 1250/1492/1518 
f 1311/1463/1519 1313/1465/1519 1254/1490/1519 1252/1491/1519 
f 1313/1465/1520 1314/1466/1520 1256/1489/1520 1254/1490/1520 
f 1314/1466/1521 1316/1468/1521 1258/1488/1521 1256/1489/1521 
f 1316/1468/1522 1315/1467/1522 1260/1487/1522 1258/1488/1522 
f 1315/1467/1523 1317/1469/1523 1262/1486/1523 1260/1487/1523 
f 1317/1469/1524 1318/1470/1524 1264/1485/1524 1262/1486/1524 
f 1318/1470/1525 1320/1472/1525 1266/1484/1525 1264/1485/1525 
f 1320/1472/1526 1319/1471/1526 1268/1483/1526 1266/1484/1526 
f 1319/1471/1527 1321/1473/1527 1270/1482/1527 1268/1483/1527 
f 1321/1473/1528 1322/1474/1528 1272/1481/1528 1270/1482/1528 
f 1322/1474/1529 1323/1475/1529 1274/1480/1529 1272/1481/1529 
f 1323/1475/1530 1304/1456/1530 1276/1479/1530 1274/1480/1530 
f 1304/1456/1531 1324/1476/1531 1232/1478/1531 1276/1479/1531 
f 1299/1451/1532 1280/1432/1532 1325/1476/1532 1326/1453/1532 
f 1280/1432/1533 1300/1452/1533 1327/1456/1533 1325/1476/1533 
f 1300/1452/1534 1277/1429/1534 1328/1475/1534 1327/1456/1534 
f 1277/1429/1535 1278/1430/1535 1329/1474/1535 1328/1475/1535 
f 1278/1430/1536 1279/1431/1536 1330/1473/1536 1329/1474/1536 
f 1279/1431/1537 1281/1433/1537 1331/1471/1537 1330/1473/1537 
f 1281/1433/1538 1282/1434/1538 1332/1472/1538 1331/1471/1538 
f 1282/1434/1539 1284/1436/1539 1333/1470/1539 1332/1472/1539 
f 1284/1436/1540 1283/1435/1540 1334/1469/1540 1333/1470/1540 
f 1283/1435/1541 1285/1437/1541 1335/1467/1541 1334/1469/1541 
f 1285/1437/1542 1286/1438/1542 1336/1468/1542 1335/1467/1542 
f 1286/1438/1543 1288/1440/1543 1337/1466/1543 1336/1468/1543 
f 1288/1440/1544 1287/1439/1544 1338/1465/1544 1337/1466/1544 
f 1287/1439/1545 1289/1441/1545 1339/1463/1545 1338/1465/1545 
f 1289/1441/1546 1290/1442/1546 1340/1464/1546 1339/1463/1546 
f 1290/1442/1547 1292/1444/1547 1341/1462/1547 1340/1464/1547 
f 1292/1444/1548 1291/1443/1548 1342/1461/1548 1341/1462/1548 
f 1291/1443/1549 1293/1445/1549 1343/1459/1549 1342/1461/1549 
f 1293/1445/1550 1294/1446/1550 1344/1460/1550 1343/1459/1550 
f 1294/1446/1551 1296/1448/1551 1345/1458/1551 1344/1460/1551 
f 1296/1448/1552 1295/1447/1552 1346/1457/1552 1345/1458/1552 
f 1295/1447/1553 1297/1449/1553 1347/1455/1553 1346/1457/1553 
f 1297/1449/1554 1298/1450/1554 1348/1454/1554 1347/1455/1554 
f 1298/1450/1555 1299/1451/1555 1326/1453/1555 1348/1454/1555 
s 8
f 1352/1504/1454 1351/1503/1557 1350/1502/1557 1349/1501/1556 
f 1351/1503/1557 1354/1506/1558 1353/1505/1455 1350/1502/1557 
f 1354/1506/1558 1356/1508/1456 1355/1507/1456 1353/1505/1455 
f 1356/1508/1456 1358/1510/1457 1357/1509/1457 1355/1507/1456 
f 1358/1510/1457 1360/1512/1458 1359/1511/1458 1357/1509/1457 
f 1360/1512/1458 1362/1514/1220 1361/1513/1246 1359/1511/1458 
f 1362/1514/1220 1364/1516/1459 1363/1515/1459 1361/1513/1246 
f 1364/1516/1459 1366/1518/1460 1365/1517/1559 1363/1515/1459 
f 1366/1518/1460 1368/1520/1560 1367/1519/1461 1365/1517/1559 
f 1368/1520/1560 1370/1522/1462 1369/1521/1462 1367/1519/1461 
f 1370/1522/1462 1372/1524/1463 1371/1523/1463 1369/1521/1462 
f 1372/1524/1463 1374/1526/1464 1373/1525/1561 1371/1523/1463 
f 1374/1526/1464 1376/1528/1562 1375/1527/1562 1373/1525/1561 
f 1376/1528/1562 1378/1530/1563 1377/1529/1563 1375/1527/1562 
f 1378/1530/1563 1380/1532/1564 1379/1531/1564 1377/1529/1563 
f 1380/1532/1564 1382/1534/1565 1381/1533/1565 1379/1531/1564 
f 1382/1538/1565 1384/1537/1566 1383/1536/1469 1381/1535/1565 
f 1384/1537/1566 1386/1540/1470 1385/1539/1471 1383/1536/1469 
f 1386/1540/1470 1388/1542/1472 1387/1541/1472 1385/1539/1471 
f 1388/1542/1472 1390/1544/1473 1389/1543/1473 1387/1541/1472 
f 1390/1544/1473 1392/1546/1474 1391/1545/1474 1389/1543/1473 
f 1392/1546/1474 1394/1548/1475 1393/1547/1475 1391/1545/1474 
f 1394/1548/1475 1396/1550/1476 1395/1549/1476 1393/1547/1475 
f 1396/1550/1476 1352/1504/1454 1349/1501/1556 1395/1549/1476 
s 1
f 1400/1551/1479 1399/1431/22 1398/1430/1478 1397/1429/1477 
f 1403/1435/1479 1402/1553/22 1401/1552/1477 1399/1431/22 
f 1403/1435/1479 1404/1436/22 1402/1553/22 
f 1407/1439/1479 1406/1438/1479 1405/1437/1479 1403/1435/1479 
f 1407/1439/1479 1408/1440/1479 1406/1438/1479 
f 1411/1443/1478 1410/1442/1477 1409/1441/1477 1407/1439/1479 
f 1411/1443/1478 1412/1444/1478 1410/1442/1477 
f 1400/1551/1479 1411/1443/1478 1407/1439/1479 1403/1435/1479 
f 1415/1447/1479 1414/1446/22 1413/1445/1477 1411/1443/1478 
f 1415/1447/1479 1416/1554/22 1414/1446/22 
f 1400/1551/1479 1418/1450/1479 1417/1449/1479 1415/1447/1479 
f 1400/1551/1479 1419/1451/1479 1418/1450/1479 
f 1400/1551/1479 1415/1447/1479 1411/1443/1478 
f 1400/1551/1479 1403/1435/1479 1399/1431/22 
f 1400/1551/1479 1397/1429/1477 1420/1452/1477 
f 1424/1456/1482 1423/1455/1482 1422/1454/1481 1421/1453/1480 
f 1427/1556/1482 1426/1555/1481 1425/1457/1480 1423/1455/1482 
f 1427/1556/1482 1428/1557/1481 1426/1555/1481 
f 1431/1463/1483 1430/1462/1483 1429/1461/1482 1427/1556/1482 
f 1431/1463/1483 1432/1464/1483 1430/1462/1483 
f 1435/1467/1482 1434/1466/1480 1433/1465/1480 1431/1463/1483 
f 1435/1467/1482 1436/1468/1480 1434/1466/1480 
f 1424/1456/1482 1435/1467/1482 1431/1463/1483 1427/1556/1482 
f 1439/1558/1481 1438/1470/1480 1437/1469/1480 1435/1467/1482 
f 1439/1558/1481 1440/1472/1481 1438/1470/1480 
f 1424/1456/1482 1442/1474/1482 1441/1473/1482 1439/1558/1481 
f 1424/1456/1482 1443/1475/1483 1442/1474/1482 
f 1424/1456/1482 1439/1558/1481 1435/1467/1482 
f 1424/1456/1482 1427/1556/1482 1423/1455/1482 
f 1424/1456/1482 1421/1453/1480 1444/1476/1482 
s off
f 1446/1453/1484 1445/1476/1484 1349/1478/1484 1350/1559/1484 
f 1445/1476/1485 1447/1456/1485 1395/1560/1485 1349/1478/1485 
f 1447/1456/1486 1448/1475/1486 1393/1480/1486 1395/1560/1486 
f 1448/1475/1487 1449/1474/1487 1391/1481/1487 1393/1480/1487 
f 1449/1474/1488 1450/1473/1488 1389/1482/1488 1391/1481/1488 
f 1450/1473/1489 1451/1558/1489 1387/1561/1489 1389/1482/1489 
f 1451/1558/1490 1452/1472/1490 1385/1484/1490 1387/1561/1490 
f 1452/1472/1491 1453/1470/1491 1383/1562/1491 1385/1484/1491 
f 1453/1470/1492 1454/1469/1492 1381/1486/1492 1383/1562/1492 
f 1454/1469/1493 1455/1467/1493 1379/1563/1493 1381/1486/1493 
f 1455/1467/1494 1456/1468/1494 1377/1488/1494 1379/1563/1494 
f 1456/1468/1495 1457/1466/1495 1375/1489/1495 1377/1488/1495 
f 1457/1466/1496 1458/1465/1496 1373/1490/1496 1375/1489/1496 
f 1458/1465/1497 1459/1463/1497 1371/1491/1497 1373/1490/1497 
f 1459/1463/1498 1460/1464/1498 1369/1492/1498 1371/1491/1498 
f 1460/1464/1499 1461/1462/1499 1367/1564/1499 1369/1492/1499 
f 1461/1462/1500 1462/1461/1500 1365/1494/1500 1367/1564/1500 
f 1462/1461/1501 1463/1556/1501 1363/1495/1501 1365/1494/1501 
f 1463/1556/1502 1464/1557/1502 1361/1496/1502 1363/1495/1502 
f 1464/1557/1503 1465/1555/1503 1359/1497/1503 1361/1496/1503 
f 1465/1555/1504 1466/1457/1504 1357/1498/1504 1359/1497/1504 
f 1466/1457/1505 1467/1455/1505 1355/1565/1505 1357/1498/1505 
f 1467/1455/1506 1468/1454/1506 1353/1500/1506 1355/1565/1506 
f 1468/1454/1507 1446/1453/1507 1350/1559/1507 1353/1500/1507 
f 1444/1476/1508 1421/1453/1508 1351/1559/1508 1352/1478/1508 
f 1421/1453/1509 1422/1454/1509 1354/1500/1509 1351/1559/1509 
f 1422/1454/1567 1423/1455/1567 1356/1565/1567 1354/1500/1567 
f 1423/1455/1511 1425/1457/1511 1358/1498/1511 1356/1565/1511 
f 1425/1457/1512 1426/1555/1512 1360/1497/1512 1358/1498/1512 
f 1426/1555/1513 1428/1557/1513 1362/1496/1513 1360/1497/1513 
f 1428/1557/1514 1427/1556/1514 1364/1495/1514 1362/1496/1514 
f 1427/1556/1515 1429/1461/1515 1366/1494/1515 1364/1495/1515 
f 1429/1461/1516 1430/1462/1516 1368/1564/1516 1366/1494/1516 
f 1430/1462/1568 1432/1464/1568 1370/1492/1568 1368/1564/1568 
f 1432/1464/1518 1431/1463/1518 1372/1491/1518 1370/1492/1518 
f 1431/1463/1519 1433/1465/1519 1374/1490/1519 1372/1491/1519 
f 1433/1465/1520 1434/1466/1520 1376/1489/1520 1374/1490/1520 
f 1434/1466/1521 1436/1468/1521 1378/1488/1521 1376/1489/1521 
f 1436/1468/1522 1435/1467/1522 1380/1563/1522 1378/1488/1522 
f 1435/1467/1523 1437/1469/1523 1382/1486/1523 1380/1563/1523 
f 1437/1469/1524 1438/1470/1524 1384/1562/1524 1382/1486/1524 
f 1438/1470/1525 1440/1472/1525 1386/1484/1525 1384/1562/1525 
f 1440/1472/1526 1439/1558/1526 1388/1561/1526 1386/1484/1526 
f 1439/1558/1527 1441/1473/1527 1390/1482/1527 1388/1561/1527 
f 1441/1473/1528 1442/1474/1528 1392/1481/1528 1390/1482/1528 
f 1442/1474/1529 1443/1475/1529 1394/1480/1529 1392/1481/1529 
f 1443/1475/1530 1424/1456/1530 1396/1560/1530 1394/1480/1530 
f 1424/1456/1531 1444/1476/1531 1352/1478/1531 1396/1560/1531 
f 1419/1451/1532 1400/1551/1532 1445/1476/1532 1446/1453/1532 
f 1400/1551/1533 1420/1452/1533 1447/1456/1533 1445/1476/1533 
f 1420/1452/1534 1397/1429/1534 1448/1475/1534 1447/1456/1534 
f 1397/1429/1535 1398/1430/1535 1449/1474/1535 1448/1475/1535 
f 1398/1430/1536 1399/1431/1536 1450/1473/1536 1449/1474/1536 
f 1399/1431/1537 1401/1552/1537 1451/1558/1537 1450/1473/1537 
f 1401/1552/1538 1402/1553/1538 1452/1472/1538 1451/1558/1538 
f 1402/1553/1539 1404/1436/1539 1453/1470/1539 1452/1472/1539 
f 1404/1436/1540 1403/1435/1540 1454/1469/1540 1453/1470/1540 
f 1403/1435/1541 1405/1437/1541 1455/1467/1541 1454/1469/1541 
f 1405/1437/1542 1406/1438/1542 1456/1468/1542 1455/1467/1542 
f 1406/1438/1543 1408/1440/1543 1457/1466/1543 1456/1468/1543 
f 1408/1440/1544 1407/1439/1544 1458/1465/1544 1457/1466/1544 
f 1407/1439/1545 1409/1441/1545 1459/1463/1545 1458/1465/1545 
f 1409/1441/1546 1410/1442/1546 1460/1464/1546 1459/1463/1546 
f 1410/1442/1547 1412/1444/1547 1461/1462/1547 1460/1464/1547 
f 1412/1444/1548 1411/1443/1548 1462/1461/1548 1461/1462/1548 
f 1411/1443/1549 1413/1445/1549 1463/1556/1549 1462/1461/1549 
f 1413/1445/1550 1414/1446/1550 1464/1557/1550 1463/1556/1550 
f 1414/1446/1551 1416/1554/1551 1465/1555/1551 1464/1557/1551 
f 1416/1554/1552 1415/1447/1552 1466/1457/1552 1465/1555/1552 
f 1415/1447/1553 1417/1449/1553 1467/1455/1553 1466/1457/1553 
f 1417/1449/1554 1418/1450/1554 1468/1454/1554 1467/1455/1554 
f 1418/1450/1555 1419/1451/1555 1446/1453/1555 1468/1454/1555 
f 1472/1569/1569 1471/1568/1569 1470/1567/1569 1469/1566/1569 
f 1470/6/1570 1474/7/1570 1473/8/1570 1469/5/1570 
f 1471/1568/1571 1476/1571/1571 1475/1570/1571 1470/1567/1571 
f 1475/11/1572 1477/12/1572 1474/7/1572 1470/6/1572 
f 1481/14/1573 1480/15/1573 1479/16/1573 1478/13/1573 
f 1485/18/1574 1484/19/1574 1483/20/1574 1482/17/1574 
f 1489/22/1575 1488/23/1575 1487/24/1575 1486/21/1575 
f 1491/25/1576 1490/26/1576 1487/24/1576 1488/23/1576 
f 1495/28/1577 1494/29/1577 1493/30/1577 1492/27/1577 
f 1497/31/1578 1496/32/1578 1493/30/1578 1494/29/1578 
f 1501/34/1579 1500/35/1579 1499/36/1579 1498/33/1579 
f 1505/38/1580 1504/39/1580 1503/40/1580 1502/37/1580 
f 1507/42/1581 1502/37/1581 1503/40/1581 1506/41/1581 
f 1486/21/1582 1510/44/1582 1509/45/1582 1508/43/1582 
f 1514/47/1583 1513/48/1583 1512/49/1583 1511/46/1583 
f 1516/51/1584 1500/35/1584 1506/41/1584 1515/50/1584 
f 1518/53/1585 1496/32/1585 1499/36/1585 1517/52/1585 
f 1520/54/1586 1519/55/1586 1492/27/1586 1493/30/1586 
f 1519/55/1587 1522/56/1587 1521/57/1587 1492/27/1587 
f 1523/58/1588 1510/44/1588 1486/21/1588 1487/24/1588 
f 1524/59/1589 1515/50/1589 1506/41/1589 1503/40/1589 
f 1526/60/1480 1525/61/1480 1513/48/1480 1514/47/1480 
f 1528/63/1590 1516/51/1590 1515/50/1590 1527/62/1590 
f 1530/64/1591 1529/65/1591 1518/53/1591 1517/52/1591 
f 1532/66/1592 1531/67/1592 1519/55/1592 1520/54/1592 
f 1531/67/1593 1533/68/1593 1522/56/1593 1519/55/1593 
f 1535/69/1594 1534/70/1594 1510/44/1594 1523/58/1594 
f 1536/71/1595 1527/62/1595 1515/50/1595 1524/59/1595 
f 1538/72/1596 1537/73/1596 1525/61/1596 1526/60/1596 
f 1540/74/1597 1539/75/1597 1528/63/1597 1527/62/1597 
f 1542/76/1598 1541/77/1598 1529/65/1598 1530/64/1598 
f 1544/78/1599 1543/79/1599 1531/67/1599 1532/66/1599 
f 1543/79/1600 1545/80/1600 1533/68/1600 1531/67/1600 
f 1547/81/1601 1546/82/1601 1534/70/1601 1535/69/1601 
f 1548/83/1602 1540/74/1602 1527/62/1602 1536/71/1602 
f 1549/84/1603 1509/45/1603 1510/44/1603 1534/70/1603 
f 1550/85/1604 1549/84/1604 1534/70/1604 1546/82/1604 
f 1551/86/1605 1489/22/1605 1486/21/1605 1508/43/1605 
f 1508/43/1606 1509/45/1606 1552/87/1606 1483/20/1606 
f 1509/45/1607 1549/84/1607 1553/88/1607 1552/87/1607 
f 1549/84/1608 1550/85/1608 1554/89/1608 1553/88/1608 
f 1556/90/1480 1555/91/1480 1511/46/1480 1512/49/1480 
f 1557/92/1609 1504/39/1609 1512/49/1609 1513/48/1609 
f 1558/93/1480 1557/92/1480 1513/48/1480 1525/61/1480 
f 1537/73/1610 1559/94/1610 1558/93/1610 1525/61/1610 
f 1484/19/1611 1551/86/1611 1508/43/1611 1483/20/1611 
f 1483/20/1612 1552/87/1612 1560/95/1612 1482/17/1612 
f 1552/87/1613 1553/88/1613 1561/1572/1613 1560/95/1613 
f 1553/88/1614 1554/89/1614 1562/97/1614 1561/1572/1614 
f 1566/99/1615 1565/100/1615 1564/101/1615 1563/98/1615 
f 1480/15/1616 1568/102/1616 1567/103/1616 1479/16/1616 
f 1568/102/1617 1570/104/1617 1569/105/1617 1567/103/1617 
f 1574/107/1618 1573/108/1618 1572/109/1618 1571/1573/1618 
s 1
f 1569/105/1622 1570/104/1621 1574/107/1620 1571/1573/1619 
s 2
f 1479/16/1626 1567/103/1625 1569/105/1624 1571/1573/1623 
s 1
f 1573/108/1630 1540/74/1629 1548/83/1628 1572/109/1627 
s off
f 1576/110/1631 1575/111/1631 1542/76/1631 1539/75/1631 
s 2
f 1559/94/1635 1537/73/1634 1564/101/1633 1565/100/1632 
s off
f 1563/98/1636 1564/101/1636 1578/113/1636 1577/112/1636 
s 1
f 1537/73/1640 1538/72/1639 1578/113/1638 1564/101/1637 
f 1473/8/1644 1474/7/1643 1563/98/1642 1577/112/1641 
s 4
f 1474/7/1648 1477/12/1647 1579/114/1646 1563/98/1645 
s off
f 1579/114/1649 1566/99/1649 1563/98/1649 
f 1547/81/1650 1581/115/1650 1580/116/1650 1546/82/1650 
f 1583/1577/1651 1582/1576/1651 1580/1575/1651 1581/1574/1651 
f 1587/1581/1652 1586/1580/1652 1585/1579/1652 1584/1578/1652 
f 1584/1578/1653 1582/1576/1653 1583/1577/1653 1587/1581/1653 
f 1591/1585/1654 1590/1584/1654 1589/1583/1654 1588/1582/1654 
f 1593/1587/1655 1585/1579/1655 1586/1580/1655 1592/1586/1655 
f 1591/1585/1656 1595/1589/1656 1594/1588/1656 1590/1584/1656 
f 1597/1591/1657 1596/1590/1657 1585/1579/1657 1593/1587/1657 
f 1585/1579/1658 1596/1590/1658 1598/1592/1658 1584/1578/1658 
f 1580/116/1659 1599/136/1659 1550/85/1659 1546/82/1659 
f 1599/136/1660 1600/137/1660 1554/89/1660 1550/85/1660 
f 1600/137/1661 1601/138/1661 1562/97/1661 1554/89/1661 
f 1598/1592/1662 1602/1593/1662 1582/1576/1662 1584/1578/1662 
f 1602/1593/1663 1603/1594/1663 1580/1575/1663 1582/1576/1663 
f 1603/1594/1664 1604/1596/1664 1599/1595/1664 1580/1575/1664 
f 1604/1596/1665 1605/1598/1665 1600/1597/1665 1599/1595/1665 
f 1605/1598/1666 1606/1600/1666 1601/1599/1666 1600/1597/1666 
f 1608/1602/1667 1607/1601/1667 1606/1600/1667 1605/1598/1667 
f 1612/1606/1668 1611/1605/1668 1610/1604/1668 1609/1603/1668 
f 1616/1610/1669 1615/1609/1669 1614/1608/1669 1613/1607/1669 
f 1613/1607/1670 1614/1608/1670 1618/1612/1670 1617/1611/1670 
s 1
f 1621/1615/1674 1620/1614/1673 1619/1613/1672 1609/1603/1671 
s 2
f 1612/1606/1676 1622/1616/1675 156/164/111 154/162/108 
s 1
f 1617/1611/1680 1624/1618/1679 1623/1617/1678 1613/1607/1677 
s off
f 1617/1611/1681 1618/1612/1681 1607/1601/1681 1608/1602/1681 
s 2
f 1608/1602/1685 1625/1619/1684 1624/1618/1683 1617/1611/1682 
s 3
f 1627/1621/1688 1620/1614/1673 1626/1620/1687 1597/1591/1686 
s 2
f 1595/1589/1691 1622/1616/1675 1619/1613/1690 1594/1588/1689 
f 1597/1591/1686 1626/1620/1687 1623/1617/1693 1596/1590/1692 
s 1
f 1596/1590/1695 1623/1617/1678 1624/1618/1679 1598/1592/1694 
s 2
f 1598/1592/1697 1624/1618/1683 1625/1619/1684 1602/1593/1696 
s 1
f 1604/1596/1701 1603/1594/1700 1602/1593/1699 1625/1619/1698 
s 4
f 1605/1598/1705 1604/1596/1704 1625/1619/1703 1608/1602/1702 
s off
f 1492/27/1706 1521/57/1706 1628/170/1706 1495/28/1706 
f 1629/171/1707 1490/26/1707 1521/57/1707 1522/56/1707 
f 1630/172/1708 1629/171/1708 1522/56/1708 1533/68/1708 
f 1631/173/1709 1630/172/1709 1533/68/1709 1545/80/1709 
f 1631/173/1710 1632/174/1710 1581/115/1710 1547/81/1710 
f 1543/79/1711 1634/175/1711 1633/176/1711 1545/80/1711 
f 1544/78/1712 1635/177/1712 1634/175/1712 1543/79/1712 
s 1
f 1541/77/1716 1636/178/1715 1635/177/1714 1544/78/1713 
s off
f 1499/36/1717 1496/32/1717 1497/31/1717 1498/33/1717 
f 1520/54/1718 1493/30/1718 1496/32/1718 1518/53/1718 
f 1532/66/1719 1520/54/1719 1518/53/1719 1529/65/1719 
f 1544/78/1720 1532/66/1720 1529/65/1720 1541/77/1720 
s 1
f 1542/76/1722 1575/111/1721 1636/178/1715 1541/77/1716 
s off
f 1636/178/1723 1638/179/1723 1637/180/1723 1635/177/1723 
f 1642/1625/1724 1641/1624/1724 1640/1623/1724 1639/1622/1724 
f 1646/1629/1725 1645/1628/1725 1644/1627/1725 1643/1626/1725 
f 1648/1631/1726 1647/1630/1726 1639/1622/1726 1640/1623/1726 
f 1575/111/1727 1649/191/1727 1638/179/1727 1636/178/1727 
f 1645/1628/1728 1651/1633/1728 1650/1632/1728 1644/1627/1728 
f 1653/1635/1729 1652/1634/1729 1587/1581/1729 
f 1654/1636/1730 189/197/1730 190/198/1730 1588/1582/1730 
f 1657/1639/1731 1656/1638/1731 1589/1583/1731 1655/1637/1731 
f 1658/1640/1732 1587/1581/1732 1652/1634/1732 
f 1659/1641/1733 1586/1580/1733 1587/1581/1733 1658/1640/1733 
f 1634/1645/1734 1661/1644/1734 1660/1643/1734 1633/1642/1734 
f 1635/1647/1735 1662/1646/1735 1661/1644/1735 1634/1645/1735 
f 1663/1649/1736 1632/1648/1736 1633/1642/1736 1660/1643/1736 
f 1648/1631/1737 1665/1651/1737 1664/1650/1737 1647/1630/1737 
s 2
f 1662/1646/1741 1635/1647/1740 1637/1653/1739 1666/1652/1738 
s off
f 1661/1644/1742 1667/1654/1742 1660/1643/1742 
f 1669/1656/1743 1668/1655/1743 1664/1650/1743 1665/1651/1743 
f 1661/1644/1744 1662/1646/1744 1670/1657/1744 1667/1654/1744 
f 1662/1646/1745 1666/1652/1745 1670/1657/1745 
f 1649/1659/1746 1642/1625/1746 1639/1622/1746 1638/1658/1746 
f 1643/1626/1747 1640/1623/1747 1641/1624/1747 1646/1629/1747 
f 1644/1627/1748 1648/1631/1748 1640/1623/1748 1643/1626/1748 
f 1638/1658/1749 1639/1622/1749 1647/1630/1749 1637/1653/1749 
f 1644/1627/1750 1671/1660/1750 1665/1651/1750 1648/1631/1750 
f 1666/1652/1751 1637/1653/1751 1647/1630/1751 1664/1650/1751 
f 1653/1635/1752 1669/1656/1752 1665/1651/1752 1671/1660/1752 
f 1666/1652/1753 1664/1650/1753 1668/1655/1753 1670/1657/1753 
s 1
f 1667/1654/1757 1672/1661/1756 1663/1649/1755 1660/1643/1754 
s 2
f 1670/1657/1761 1673/1662/1760 1672/1661/1759 1667/1654/1758 
s off
f 1628/170/1762 1521/57/1762 1490/26/1762 1491/25/1762 
f 1523/58/1763 1487/24/1763 1490/26/1763 1629/171/1763 
f 1535/69/1764 1523/58/1764 1629/171/1764 1630/172/1764 
f 1547/81/1765 1535/69/1765 1630/172/1765 1631/173/1765 
f 1545/80/1766 1633/176/1766 1632/174/1766 1631/173/1766 
f 1581/1574/1767 1632/1648/1767 1663/1649/1767 
s 1
f 1581/1574/1769 1663/1649/1755 1672/1661/1756 1583/1577/1768 
s 2
f 1587/1581/1771 1583/1577/1770 1672/1661/1759 1673/1662/1760 
s 1
f 1669/1656/1775 1653/1635/1774 1587/1581/1773 1673/1662/1772 
s 4
f 1670/1657/1779 1668/1655/1778 1669/1656/1777 1673/1662/1776 
s off
f 1674/1663/1780 211/226/1780 189/197/1780 1654/1636/1780 
f 1676/1665/1781 1675/1664/1781 1656/1638/1781 1657/1639/1781 
f 1652/1634/1782 1678/1667/1782 1677/1666/1782 1658/1640/1782 
f 1658/1640/1783 1677/1666/1783 1679/1668/1783 1659/1641/1783 
f 1652/1634/1784 1653/1635/1784 1678/1667/1784 
f 1680/1669/1785 218/233/1785 211/226/1785 1674/1663/1785 
f 1682/1671/1786 1681/1670/1786 1675/1664/1786 1676/1665/1786 
f 1684/1673/1787 1683/1672/1787 1679/1668/1787 1677/1666/1787 
f 1686/1675/1788 1680/1669/1788 1681/1670/1788 1685/1674/1788 
f 1689/1678/1789 1682/1671/1789 1688/1677/1789 1687/1676/1789 
f 1690/1679/1790 1687/1676/1790 1688/1677/1790 1683/1672/1790 
f 1691/1680/1791 1690/1679/1791 1683/1672/1791 1684/1673/1791 
s 1
f 1677/1666/1794 1678/1667/1793 1653/1635/1774 1684/1673/1792 
s off
f 1693/1682/1788 1686/1675/1788 1685/1674/1788 1692/1681/1788 
f 1695/1684/1795 1694/1683/1795 1689/1678/1795 1687/1676/1795 
f 1696/1685/1796 1695/1684/1796 1687/1676/1796 1690/1679/1796 
f 1697/1686/1797 1696/1685/1797 1690/1679/1797 1691/1680/1797 
s 1
f 1691/1680/1801 1671/1660/1800 1644/1627/1799 1697/1686/1798 
s 2
f 1684/1673/1805 1653/1635/1804 1671/1660/1803 1691/1680/1802 
s off
f 1698/1687/1806 1593/1587/1806 1592/1586/1806 1655/1637/1806 
f 1698/1687/1807 1627/1621/1807 1597/1591/1807 1593/1587/1807 
f 1699/1688/1808 1615/1609/1808 1616/1610/1808 1621/1615/1808 
s 2
f 1613/1607/1810 1623/1617/1693 1626/1620/1687 1616/1610/1809 
s off
f 1659/1641/1811 1700/1689/1811 1592/1586/1811 1586/1580/1811 
f 1679/1668/1812 1701/1690/1812 1700/1689/1812 1659/1641/1812 
f 1683/1672/1813 1688/1677/1813 1701/1690/1813 1679/1668/1813 
f 1702/1691/1814 241/256/1814 242/257/1814 1693/1682/1814 
f 1704/1693/1815 1703/1692/1815 1692/1681/1815 1694/1683/1815 
f 1696/1685/1816 1706/1695/1816 1705/1694/1816 1695/1684/1816 
f 1697/1686/1817 1707/1696/1817 1706/1695/1817 1696/1685/1817 
s 2
f 1644/1627/1821 1650/1632/1820 1707/1696/1819 1697/1686/1818 
s off
f 1708/1697/1822 249/264/1822 241/256/1822 1702/1691/1822 
f 1710/1699/1823 1709/1698/1823 1703/1692/1823 1704/1693/1823 
f 1712/1701/1824 1708/1697/1824 1709/1698/1824 1711/1700/1824 
f 1715/1704/1825 1710/1699/1825 1714/1703/1825 1713/1702/1825 
f 1717/1706/1826 1712/1701/1826 1711/1700/1826 1716/1705/1826 
f 1719/1708/1827 1718/1707/1827 1715/1704/1827 1713/1702/1827 
s 1
f 1713/1702/1831 1650/1632/1830 1651/1633/1829 1719/1708/1828 
s 4
f 1714/1703/1835 1707/1696/1834 1650/1632/1833 1713/1702/1832 
s 1
f 1705/1694/1839 1706/1695/1838 1707/1696/1837 1714/1703/1836 
s off
f 1720/1709/1840 262/277/1840 263/278/1840 1717/1706/1840 
f 1718/1707/1841 1722/1711/1841 1721/1710/1841 1716/1705/1841 
f 1651/1633/1842 1723/1712/1842 1719/1708/1842 
f 1724/1713/1843 268/283/1843 262/277/1843 1720/1709/1843 
f 1726/1715/1844 1725/1714/1844 1721/1710/1844 1722/1711/1844 
f 1645/1628/1845 1728/1717/1845 1727/1716/1845 1651/1633/1845 
f 1730/1719/1846 1724/1713/1846 1725/1714/1846 1729/1718/1846 
f 1733/1722/1847 1726/1715/1847 1732/1721/1847 1731/1720/1847 
s 2
f 1732/1721/1851 1723/1712/1850 1651/1633/1849 1727/1716/1848 
s off
f 1727/1716/1852 1734/1723/1852 1731/1720/1852 1732/1721/1852 
f 1576/110/1853 1735/294/1853 1649/191/1853 1575/111/1853 
f 1735/1725/1854 1736/1724/1854 1642/1625/1854 1649/1659/1854 
f 1573/108/1855 1574/107/1855 1738/298/1855 1737/297/1855 
f 1737/1729/1856 1738/1728/1856 1740/1727/1856 1739/1726/1856 
f 1742/1731/1857 287/305/1857 288/306/1857 1741/1730/1857 
f 1746/1735/1858 1745/1734/1858 1744/1733/1858 1743/1732/1858 
f 1750/1739/1859 1749/1738/1859 1748/1737/1859 1747/1736/1859 
f 1741/1730/1860 1730/1719/1860 1729/1718/1860 1744/1733/1860 
f 1747/1736/1861 1743/1732/1861 1733/1722/1861 1731/1720/1861 
f 1747/1736/1862 1731/1720/1862 1734/1723/1862 1750/1739/1862 
f 1728/1717/1863 1740/1727/1863 1734/1723/1863 1727/1716/1863 
f 1507/42/1864 1506/41/1864 1500/35/1864 1501/34/1864 
f 1517/52/1865 1499/36/1865 1500/35/1865 1516/51/1865 
f 1530/64/1866 1517/52/1866 1516/51/1866 1528/63/1866 
f 1542/76/1867 1530/64/1867 1528/63/1867 1539/75/1867 
f 1573/108/1868 1576/110/1868 1539/75/1868 1540/74/1868 
f 1573/108/1869 1737/297/1869 1735/294/1869 1576/110/1869 
f 1737/1729/1870 1739/1726/1870 1736/1724/1870 1735/1725/1870 
f 1642/1625/1871 1736/1724/1871 1751/1740/1871 1641/1624/1871 
f 1641/1624/1872 1751/1740/1872 1752/1741/1872 1646/1629/1872 
s 1
f 1728/1717/1876 1645/1628/1875 1646/1629/1874 1752/1741/1873 
s 2
f 1739/1726/1880 1740/1727/1879 1752/1741/1878 1751/1740/1877 
s off
f 1751/1740/1881 1736/1724/1881 1739/1726/1881 
f 1740/1727/1882 1728/1717/1882 1752/1741/1882 
f 1574/107/1883 1570/104/1883 1753/317/1883 1738/298/1883 
f 1738/1728/1884 1753/1743/1884 1754/1742/1884 1740/1727/1884 
f 1740/1727/1885 1754/1742/1885 1734/1723/1885 
f 1570/104/1886 1568/102/1886 1755/320/1886 1753/317/1886 
f 1753/1743/1887 1755/1745/1887 1756/1744/1887 1754/1742/1887 
f 1754/1742/1888 1756/1744/1888 1750/1739/1888 1734/1723/1888 
s 1
f 1758/1747/1892 1756/1744/1891 1755/1745/1890 1757/1746/1889 
f 1756/1744/1891 1758/1747/1892 1759/1748/1893 
s off
f 1756/1744/1894 1759/1748/1894 1749/1738/1894 1750/1739/1894 
s 2
f 1480/15/1898 1757/326/1897 1755/320/1896 1568/102/1895 
s off
f 1760/1749/1899 307/328/1899 287/305/1899 1742/1731/1899 
f 1762/1751/1900 1761/1750/1900 1745/1734/1900 1746/1735/1900 
f 1749/1738/1901 1764/1753/1901 1763/1752/1901 1748/1737/1901 
f 1759/1748/1902 1764/1753/1902 1749/1738/1902 
f 1480/1756/1903 1765/1755/1903 1759/1754/1903 
f 313/336/1904 1591/1585/1904 1588/1582/1904 190/198/1904 
f 313/336/1905 314/337/1905 1595/1589/1905 1591/1585/1905 
f 154/162/1906 315/338/1906 1611/1605/1906 1612/1606/1906 
s 2
f 1609/1603/1907 1619/1613/1690 1622/1616/1675 1612/1606/1676 
f 314/337/343 156/164/111 1622/1616/1675 1595/1589/1691 
s off
f 1656/1638/1908 1654/1636/1908 1588/1582/1908 1589/1583/1908 
f 1675/1664/1909 1674/1663/1909 1654/1636/1909 1656/1638/1909 
f 1681/1670/1910 1680/1669/1910 1674/1663/1910 1675/1664/1910 
f 218/233/1911 1680/1669/1911 1686/1675/1911 316/339/1911 
f 316/339/1911 1686/1675/1911 1693/1682/1911 242/257/1911 
f 1703/1692/1912 1702/1691/1912 1693/1682/1912 1692/1681/1912 
f 1709/1698/1824 1708/1697/1824 1702/1691/1824 1703/1692/1824 
f 249/264/1822 1708/1697/1822 1712/1701/1822 317/340/1822 
f 317/340/1913 1712/1701/1913 1717/1706/1913 263/278/1913 
f 1721/1710/1840 1720/1709/1840 1717/1706/1840 1716/1705/1840 
f 1725/1714/1914 1724/1713/1914 1720/1709/1914 1721/1710/1914 
f 268/283/1915 1724/1713/1915 1730/1719/1915 318/341/1915 
f 1745/1734/1916 1742/1731/1916 1741/1730/1916 1744/1733/1916 
f 318/341/1917 1730/1719/1917 1741/1730/1917 288/306/1917 
f 1761/1750/1918 1760/1749/1918 1742/1731/1918 1745/1734/1918 
s 1
f 1767/1758/1922 1766/1757/1921 1760/1749/1920 1761/1750/1919 
s 2
f 1766/1757/1924 321/344/361 307/328/362 1760/1749/1923 
s off
f 1590/1584/1925 1698/1687/1925 1655/1637/1925 1589/1583/1925 
f 1590/1584/1926 1594/1588/1926 1627/1621/1926 1698/1687/1926 
f 1609/1603/1927 1610/1604/1927 1699/1688/1927 1621/1615/1927 
s 3
f 1616/1610/1809 1626/1620/1687 1620/1614/1673 1621/1615/1674 
s 1
f 1594/1588/1928 1619/1613/1672 1620/1614/1673 1627/1621/1688 
s off
f 1700/1689/1929 1657/1639/1929 1655/1637/1929 1592/1586/1929 
f 1701/1690/1930 1676/1665/1930 1657/1639/1930 1700/1689/1930 
f 1688/1677/1931 1682/1671/1931 1676/1665/1931 1701/1690/1931 
f 1685/1674/1932 1681/1670/1932 1682/1671/1932 1689/1678/1932 
f 1692/1681/1932 1685/1674/1932 1689/1678/1932 1694/1683/1932 
f 1695/1684/1933 1705/1694/1933 1704/1693/1933 1694/1683/1933 
f 1714/1703/1934 1710/1699/1934 1704/1693/1934 1705/1694/1934 
f 1709/1698/1823 1710/1699/1823 1715/1704/1823 1711/1700/1823 
f 1711/1700/1935 1715/1704/1935 1718/1707/1935 1716/1705/1935 
f 1719/1708/1936 1723/1712/1936 1722/1711/1936 1718/1707/1936 
f 1732/1721/1937 1726/1715/1937 1722/1711/1937 1723/1712/1937 
f 1725/1714/1938 1726/1715/1938 1733/1722/1938 1729/1718/1938 
f 1747/1736/1939 1748/1737/1939 1746/1735/1939 1743/1732/1939 
f 1729/1718/1940 1733/1722/1940 1743/1732/1940 1744/1733/1940 
f 1748/1737/1941 1763/1752/1941 1762/1751/1941 1746/1735/1941 
s 2
f 1768/1759/1945 1767/1758/1944 1761/1750/1943 1762/1751/1942 
s 4
f 1770/1761/1949 1769/1760/1948 1764/1753/1947 1759/1748/1946 
s 1
f 1771/1762/1953 1768/1759/1952 1762/1751/1951 1763/1752/1950 
s 2
f 1769/1760/1957 1771/1762/1956 1763/1752/1955 1764/1753/1954 
s 1
f 1775/1766/1961 1774/1765/1960 1773/1764/1959 1772/1763/1958 
s 2
f 330/353/401 331/354/402 1773/1764/1963 1774/1765/1962 
f 1777/1768/1967 1775/1766/1966 1772/1763/1965 1776/1767/1964 
s 4
f 1781/1772/1971 1780/1771/1970 1779/1770/1969 1778/1769/1968 
s 1
f 1783/1774/1975 1777/1768/1974 1776/1767/1973 1782/1773/1972 
s 2
f 1783/1774/1979 1782/1773/1978 1780/1771/1977 1781/1772/1976 
s off
f 1481/1775/1571 1475/1570/1571 1476/1571/1571 
f 1481/14/1980 1478/13/1980 1477/12/1980 1475/11/1980 
f 1556/90/1981 1512/49/1981 1504/39/1981 1505/38/1981 
f 1524/59/1982 1503/40/1982 1504/39/1982 1557/92/1982 
f 1536/71/1480 1524/59/1480 1557/92/1480 1558/93/1480 
f 1548/83/1983 1536/71/1983 1558/93/1983 1559/94/1983 
f 1571/1573/1984 1572/109/1984 1565/100/1984 1566/99/1984 
s 2
f 1548/83/1986 1559/94/1635 1565/100/1632 1572/109/1985 
s 4
f 1479/16/1988 1579/114/1646 1477/12/1647 1478/13/1987 
s off
f 1571/1573/1649 1566/99/1649 1579/114/1649 1479/16/1649 
s 1
f 1476/1571/1992 1471/1568/1991 1778/1769/1990 1779/1770/1989 
s 8
f 1476/1571/1992 1779/1770/1995 1770/1776/1994 1481/1775/1993 
s 4
f 1779/1770/1969 1780/1771/1970 1769/1777/1948 1770/1776/1949 
s 2
f 1780/1771/1977 1782/1773/1978 1771/1778/1956 1769/1777/1957 
s 1
f 1782/1773/1972 1776/1767/1973 1768/1779/1952 1771/1778/1953 
s 2
f 1776/1767/1964 1772/1763/1965 1767/1780/1944 1768/1779/1945 
s 1
f 1772/1763/1958 1773/1764/1959 1766/1781/1921 1767/1780/1922 
s 2
f 1773/1764/1963 331/354/402 321/370/361 1766/1781/1924 
s off
f 1787/1785/1996 1786/1784/1996 1785/1783/1996 1784/1782/1996 
f 1787/376/1997 1789/377/1997 1788/378/1997 1786/375/1997 
f 1784/1782/1998 1791/1787/1998 1790/1786/1998 1787/1785/1998 
f 1787/376/1999 1790/381/1999 1792/382/1999 1789/377/1999 
f 1791/1787/2000 1794/1789/2000 1793/1788/2000 1790/1786/2000 
f 1790/381/2001 1793/385/2001 1795/386/2001 1792/382/2001 
f 1797/1791/2002 1793/1788/2002 1794/1789/2002 1796/1790/2002 
f 1798/390/2003 1795/386/2003 1793/385/2003 1797/389/2003 
f 1469/1566/2004 1797/1791/2004 1796/1790/2004 1472/1569/2004 
f 1473/8/2005 1798/390/2005 1797/389/2005 1469/5/2005 
f 1789/377/2006 1800/391/2006 1799/392/2006 1788/378/2006 
f 1800/391/2007 1802/393/2007 1801/394/2007 1799/392/2007 
f 1806/396/2008 1805/397/2008 1804/398/2008 1803/395/2008 
f 1805/397/2009 1808/399/2009 1807/400/2009 1804/398/2009 
f 1810/401/2010 1809/402/2010 1807/400/2010 1808/399/2010 
f 1810/401/2011 1812/403/2011 1811/404/2011 1809/402/2011 
f 1814/405/2012 1813/406/2012 1806/396/2012 1803/395/2012 
f 1816/408/2013 1811/404/2013 1812/403/2013 1815/407/2013 
s 1
f 1815/407/2017 1801/394/2016 1802/393/2015 1816/408/2014 
s off
f 1511/46/1480 1555/91/1480 1818/1792/1480 1817/409/1480 
f 1822/412/1480 1821/413/1480 1820/414/1480 1819/411/1480 
f 1821/413/2018 1824/415/2018 1823/416/2018 1820/414/2018 
f 1824/415/2019 1826/417/2019 1825/418/2019 1823/416/2019 
f 1826/417/2020 1828/419/2020 1827/420/2020 1825/418/2020 
f 1828/419/2021 1830/421/2021 1829/422/2021 1827/420/2021 
f 1830/421/2022 1832/423/2022 1831/424/2022 1829/422/2022 
f 1834/426/2023 1827/420/2023 1829/422/2023 1833/425/2023 
f 1834/426/2024 1835/427/2024 1825/418/2024 1827/420/2024 
f 1835/427/2025 1836/428/2025 1823/416/2025 1825/418/2025 
f 1836/428/2026 1837/429/2026 1820/414/2026 1823/416/2026 
f 1837/429/2027 1838/430/2027 1819/411/2027 1820/414/2027 
f 1838/430/2028 1839/1793/2028 1817/409/2028 1819/411/2028 
f 1841/432/2029 1840/433/2029 1834/426/2029 1833/425/2029 
f 1840/433/2030 1842/434/2030 1835/427/2030 1834/426/2030 
f 1842/434/2031 1843/435/2031 1836/428/2031 1835/427/2031 
f 1843/435/2032 1844/436/2032 1837/429/2032 1836/428/2032 
f 1844/436/1480 1845/437/1480 1838/430/1480 1837/429/1480 
f 1845/437/1480 1846/438/1480 1839/1793/1480 1838/430/1480 
f 1848/439/2033 1847/440/2033 1840/433/2033 1841/432/2033 
f 1847/440/2034 1849/441/2034 1842/434/2034 1840/433/2034 
f 1849/441/2035 1850/442/2035 1843/435/2035 1842/434/2035 
f 1850/442/2036 1851/443/2036 1844/436/2036 1843/435/2036 
f 1851/443/2037 1852/444/2037 1845/437/2037 1844/436/2037 
f 1845/437/2038 1852/444/2038 1853/445/2038 1846/438/2038 
f 1818/1792/1480 1822/412/1480 1819/411/1480 1817/409/1480 
f 1817/409/2039 1839/1793/2039 1514/47/2039 1511/46/2039 
f 1839/1793/1480 1846/438/1480 1526/60/1480 1514/47/1480 
f 1846/438/2040 1853/445/2040 1538/72/2040 1526/60/2040 
f 1855/446/2041 1854/447/2041 1829/422/2041 1831/424/2041 
s 1
f 1841/432/2045 1833/425/2044 1829/422/2043 1854/447/2042 
s off
f 1855/446/2046 1857/448/2046 1856/449/2046 1854/447/2046 
f 1854/447/2047 1856/449/2047 1848/439/2047 1841/432/2047 
f 1804/398/2048 1859/450/2048 1858/451/2048 1803/395/2048 
f 1858/451/2049 1859/450/2049 1860/452/2049 
f 1857/448/2050 1861/453/2050 1860/452/2050 1856/449/2050 
f 1856/449/2051 1860/452/2051 1862/1794/2051 1848/439/2051 
f 1858/451/2052 1863/455/2052 1814/405/2052 1803/395/2052 
s 1
f 1858/451/2056 1860/452/2055 1861/453/2054 1863/455/2053 
s off
f 1804/398/2057 1807/400/2057 1864/456/2057 1859/450/2057 
s 2
f 1864/456/2061 1862/1794/2060 1860/452/2059 1859/450/2058 
s off
f 1807/400/2062 1809/402/2062 1865/457/2062 1864/456/2062 
f 1864/456/2063 1865/457/2063 1866/458/2063 1862/1794/2063 
f 1866/458/2064 1848/439/2064 1862/1794/2064 
f 1868/459/2065 1867/460/2065 1802/393/2065 1800/391/2065 
f 1872/462/2066 1871/463/2066 1870/464/2066 1869/461/2066 
f 1871/463/2067 1874/465/2067 1873/466/2067 1870/464/2067 
f 1578/113/2068 1873/466/2068 1874/465/2068 1577/112/2068 
s 1
f 1873/466/2072 1853/445/2071 1852/444/2070 1870/464/2069 
s 2
f 1538/72/2075 1853/445/2074 1873/466/2072 1578/113/2073 
f 1852/444/2079 1851/443/2078 1869/461/2077 1870/464/2076 
s off
f 1867/460/2080 1875/467/2080 1816/408/2080 1802/393/2080 
s 1
f 1851/443/2084 1850/442/2083 1876/468/2082 1869/461/2081 
s off
f 1875/467/2085 1877/469/2085 1811/404/2085 1816/408/2085 
s 2
f 1850/442/2089 1849/441/2088 1878/470/2087 1876/468/2086 
s off
f 1872/462/2090 1869/461/2090 1867/460/2090 1868/459/2090 
f 1869/461/2091 1876/468/2091 1875/467/2091 1867/460/2091 
f 1876/468/2092 1878/470/2092 1877/469/2092 1875/467/2092 
s 1
f 1877/469/2096 1865/457/2095 1809/402/2094 1811/404/2093 
s off
f 1877/469/2097 1878/470/2097 1879/471/2097 1865/457/2097 
f 1866/458/2098 1865/457/2098 1879/471/2098 
s 1
f 1849/441/2102 1847/440/2101 1879/471/2100 1878/470/2099 
s 2
f 1879/471/2106 1847/440/2105 1848/439/2104 1866/458/2103 
s 1
f 1800/391/2109 1789/377/2107 1792/382/2108 1868/459/2107 
s 2
f 1868/459/2113 1792/382/2112 1795/386/2111 1872/462/2110 
s 1
f 1795/386/2117 1798/390/2116 1874/465/2115 1871/463/2114 
s off
f 1795/386/2118 1871/463/2118 1872/462/2118 
s 2
f 1798/390/2122 1473/8/2121 1577/112/2120 1874/465/2119 
s 1
f 1883/1798/2126 1882/1797/2125 1881/1796/2124 1880/1795/2123 
f 1885/1800/2128 1882/1797/2125 1883/1798/2126 1884/1799/2127 
f 1889/1804/2132 1888/1803/2131 1887/1802/2130 1886/1801/2129 
f 1893/1808/2136 1892/1807/2135 1891/1806/2134 1890/1805/2133 
f 1895/1810/2138 1894/1809/2137 1892/1807/2135 1893/1808/2136 
f 1888/1803/2131 1885/1800/2128 1884/1799/2127 1887/1802/2130 
s off
f 1897/1812/2139 1896/1811/2139 1883/1798/2139 1880/1795/2139 
f 1899/1814/2140 1898/1813/2140 1896/1811/2140 1897/1812/2140 
f 1901/1816/2141 1900/1815/2141 1898/1813/2141 1899/1814/2141 
s 1
f 1905/1820/2145 1904/1819/2144 1903/1818/2143 1902/1817/2142 
f 1904/1819/2144 1907/1822/2147 1906/1821/2146 1903/1818/2143 
f 1907/1822/2147 1909/1824/2149 1908/1823/2148 1906/1821/2146 
f 1913/1828/2153 1912/1827/2152 1911/1826/2151 1910/1825/2150 
f 1912/1827/2152 1915/1830/2155 1914/1829/2154 1911/1826/2151 
f 1915/1830/2155 1917/1832/2157 1916/1831/2156 1914/1829/2154 
s off
f 1894/1836/2158 1919/1835/2158 1918/1834/2158 1902/1833/2158 
f 1905/1838/2159 1920/1837/2159 478/517/2159 476/514/2159 
s 1
f 476/518/600 479/519/601 1904/1819/2144 1905/1820/2145 
f 479/519/601 480/520/602 1907/1822/2147 1904/1819/2144 
f 480/520/602 481/521/603 1909/1824/2149 1907/1822/2147 
f 482/522/604 483/523/605 1912/1827/2152 1913/1828/2153 
f 483/523/605 484/524/606 1915/1830/2155 1912/1827/2152 
f 484/524/606 485/525/607 1917/1832/2157 1915/1830/2155 
s off
f 1902/1833/2160 1918/1834/2160 1920/1837/2160 1905/1838/2160 
s 1
f 1914/1829/2154 1916/1831/2156 1881/1796/2124 1882/1797/2125 
f 1911/1826/2151 1914/1829/2154 1882/1797/2125 1885/1800/2128 
f 1906/1821/2146 1908/1823/2148 1921/1839/2161 1891/1806/2134 
f 1903/1818/2143 1906/1821/2146 1891/1806/2134 1892/1807/2135 
f 1903/1818/2143 1892/1807/2135 1894/1809/2137 1902/1817/2142 
f 1910/1825/2150 1911/1826/2151 1885/1800/2128 1888/1803/2131 
s off
f 1895/1841/2162 1922/1840/2162 1919/1835/2162 1894/1836/2162 
f 1901/1816/2163 1924/1843/2163 1923/1842/2163 1900/1815/2163 
f 1901/1816/2164 1926/1845/2164 1925/1844/2164 1924/1843/2164 
f 1883/1798/2165 1928/1847/2165 1927/1846/2165 1884/1799/2165 
f 1931/1850/2166 1930/1849/2166 1890/1805/2166 1929/1848/2166 
f 1884/1799/2167 1927/1846/2167 1932/1851/2167 1887/1802/2167 
f 1896/1811/2168 1933/1852/2168 1928/1847/2168 1883/1798/2168 
s 2
f 1895/1810/2172 1893/1808/2171 1890/1805/2170 1930/1849/2169 
s 1
f 1896/1811/2176 1898/1813/2175 1900/1815/2174 1933/1852/2173 
s off
f 1928/1847/2177 1935/1854/2177 1934/1853/2177 1927/1846/2177 
f 1937/1856/2178 1936/1855/2178 1930/1849/2178 1931/1850/2178 
f 1927/1846/2179 1934/1853/2179 1938/1857/2179 1932/1851/2179 
f 1933/1852/2180 1939/1858/2180 1935/1854/2180 1928/1847/2180 
f 1936/1855/2181 1940/1859/2181 1895/1810/2181 1930/1849/2181 
s 2
f 1933/1852/2185 1900/1815/2184 1923/1842/2183 1939/1858/2182 
s 1
f 1944/1863/2189 1943/1862/2188 1942/1861/2187 1941/1860/2186 
f 1948/1867/2193 1947/1866/2192 1946/1865/2191 1945/1864/2190 
f 1945/1864/2190 1946/1865/2191 515/556/643 514/555/642 
f 1889/1804/2132 1943/1862/2188 1947/1866/2192 1948/1867/2193 
s off
f 1950/1869/2194 1949/1868/2194 1942/1861/2194 1886/1801/2194 
f 1952/1871/2195 1951/1870/2195 1949/1868/2195 1950/1869/2195 
f 1924/1843/2196 1954/1873/2196 1953/1872/2196 1923/1842/2196 
f 1955/1874/2197 1954/1873/2197 1924/1843/2197 1925/1844/2197 
f 1935/1854/2198 1957/1876/2198 1956/1875/2198 1934/1853/2198 
f 1959/1878/2199 1958/1877/2199 1951/1870/2199 1952/1871/2199 
f 1934/1853/2200 1956/1875/2200 1960/1879/2200 1938/1857/2200 
f 1939/1858/2201 1961/1880/2201 1957/1876/2201 1935/1854/2201 
f 1923/1842/2202 1953/1872/2202 1961/1880/2202 1939/1858/2202 
f 1937/1856/2203 1962/1881/2203 1936/1855/2203 
f 1936/1885/2204 1964/1884/2204 1963/1883/2204 1940/1882/2204 
f 1940/1882/2205 1963/1883/2205 1922/1840/2205 1895/1841/2205 
f 1959/1889/2206 1966/1888/2206 1965/1887/2206 1958/1886/2206 
f 1956/580/2207 1968/581/2207 1967/582/2207 1960/579/2207 
f 1962/1891/2208 1969/1890/2208 1964/1884/2208 1936/1885/2208 
f 1954/586/2209 1971/587/2209 1970/588/2209 1953/585/2209 
f 1957/589/2210 1972/590/2210 1968/581/2210 1956/580/2210 
f 1961/591/2211 1973/592/2211 1972/590/2211 1957/589/2211 
f 1953/585/2212 1970/588/2212 1973/592/2212 1961/591/2212 
f 1954/586/2213 1955/593/2213 1974/594/2213 1971/587/2213 
f 1922/1840/2214 1976/1893/2214 1975/1892/2214 1919/1835/2214 
f 1918/1834/2215 1978/1895/2215 1977/1894/2215 1920/1837/2215 
f 1920/1837/2216 1977/1894/2216 546/599/2216 478/517/2216 
f 1919/1835/2217 1975/1892/2217 1978/1895/2217 1918/1834/2217 
f 1982/1899/2218 1981/1898/2218 1980/1897/2218 1979/1896/2218 
f 1986/1903/2219 1985/1902/2219 1984/1901/2219 1983/1900/2219 
f 555/608/2220 556/609/2220 1985/1902/2220 1986/1903/2220 
f 1983/1900/2221 1984/1901/2221 1981/1898/2221 1982/1899/2221 
f 1977/1894/2222 1985/1902/2222 556/609/2222 546/599/2222 
f 1978/1895/2223 1984/1901/2223 1985/1902/2223 1977/1894/2223 
f 1975/1892/2224 1981/1898/2224 1984/1901/2224 1978/1895/2224 
f 1976/1893/2225 1980/1897/2225 1981/1898/2225 1975/1892/2225 
f 1988/1905/2226 1982/1899/2226 1979/1896/2226 1987/1904/2226 
f 1989/1906/2227 1983/1900/2227 1982/1899/2227 1988/1905/2227 
f 1990/1907/2228 1986/1903/2228 1983/1900/2228 1989/1906/2228 
f 561/614/2229 555/608/2229 1986/1903/2229 1990/1907/2229 
f 1964/1884/2230 1992/1909/2230 1991/1908/2230 1963/1883/2230 
f 1963/1883/2231 1991/1908/2231 1976/1893/2231 1922/1840/2231 
f 1966/1888/2232 1994/1911/2232 1993/1910/2232 1965/1887/2232 
f 1969/1890/2233 1995/1912/2233 1992/1909/2233 1964/1884/2233 
f 1992/1909/2234 1997/1914/2234 1996/1913/2234 1991/1908/2234 
f 1991/1908/2235 1996/1913/2235 1980/1897/2235 1976/1893/2235 
f 1994/1911/2236 1999/1916/2236 1998/1915/2236 1993/1910/2236 
f 1995/1912/2237 2000/1917/2237 1997/1914/2237 1992/1909/2237 
s 1
f 1943/1862/2188 1889/1804/2132 1886/1801/2129 1942/1861/2187 
f 1910/1825/2150 1948/1867/2193 1945/1864/2190 1913/1828/2153 
f 1913/1828/2153 1945/1864/2190 514/555/642 482/522/604 
f 1888/1803/2131 1889/1804/2132 1948/1867/2193 1910/1825/2150 
s off
f 1932/1851/2238 1950/1869/2238 1886/1801/2238 1887/1802/2238 
f 1938/1857/2239 1952/1871/2239 1950/1869/2239 1932/1851/2239 
f 1960/1879/2240 1959/1878/2240 1952/1871/2240 1938/1857/2240 
f 1960/1919/2241 1967/1918/2241 1966/1888/2241 1959/1889/2241 
f 1967/1918/2242 2001/1920/2242 1994/1911/2242 1966/1888/2242 
f 2001/1920/2243 2002/1921/2243 1999/1916/2243 1994/1911/2243 
f 2001/1920/2244 1967/1918/2244 2002/1921/2244 
f 1996/1913/2245 2003/1922/2245 1979/1896/2245 1980/1897/2245 
f 2003/1922/2246 2004/1923/2246 1987/1904/2246 1979/1896/2246 
f 2003/1922/2247 2006/1925/2247 2005/1924/2247 2004/1923/2247 
f 2006/1925/2248 2008/1927/2248 2007/1926/2248 2005/1924/2248 
f 2011/1930/2249 2010/1929/2249 2009/1928/2249 2008/1927/2249 
f 2014/1933/2250 2011/1930/2250 2013/1932/2250 2012/1931/2250 
f 2015/1934/2251 2007/1926/2251 2008/1927/2251 2009/1928/2251 
f 2013/1932/2252 2011/1930/2252 2008/1927/2252 2006/1925/2252 
f 2016/1935/2253 2010/1929/2253 2011/1930/2253 2014/1933/2253 
f 1987/1904/2254 2018/1937/2254 2017/1936/2254 1988/1905/2254 
f 1989/1906/2255 2020/1939/2255 2019/1938/2255 1990/1907/2255 
f 1990/1907/2256 2019/1938/2256 592/647/2256 561/614/2256 
f 1988/1905/2257 2017/1936/2257 2020/1939/2257 1989/1906/2257 
f 2018/1937/2258 2022/1941/2258 2021/1940/2258 2017/1936/2258 
f 2020/1939/2259 2024/1943/2259 2023/1942/2259 2019/1938/2259 
f 2019/1938/2260 2023/1942/2260 597/652/2260 592/647/2260 
f 2017/1936/2261 2021/1940/2261 2024/1943/2261 2020/1939/2261 
s 1
f 2007/1926/2265 2015/1934/2264 2022/1941/2263 2018/1937/2262 
s off
f 2007/1926/2266 2018/1937/2266 2005/1924/2266 
s 2
f 1987/1904/2270 2004/1923/2269 2005/1924/2268 2018/1937/2267 
s off
f 2022/1941/2271 2026/1945/2271 2025/1944/2271 2021/1940/2271 
f 2028/1947/2272 2027/1946/2272 2023/1942/2272 2024/1943/2272 
f 2027/1946/2273 602/657/2273 597/652/2273 2023/1942/2273 
f 2025/1944/2274 2028/1947/2274 2024/1943/2274 2021/1940/2274 
f 2029/1948/2275 2026/1945/2275 2022/1941/2275 2015/1934/2275 
f 2009/1928/2276 2030/1949/2276 2029/1948/2276 2015/1934/2276 
f 2016/1935/2277 2032/1951/2277 2031/1950/2277 2010/1929/2277 
s 1
f 2030/1949/2281 2009/1928/2280 2010/1929/2279 2031/1950/2278 
s off
f 2034/1953/2271 2025/1944/2271 2026/1945/2271 2033/1952/2271 
f 2036/1955/2272 2027/1946/2272 2028/1947/2272 2035/1954/2272 
f 611/666/2273 602/657/2273 2027/1946/2273 2036/1955/2273 
f 2035/1954/2274 2028/1947/2274 2025/1944/2274 2034/1953/2274 
f 2033/1952/2275 2026/1945/2275 2029/1948/2275 2037/1956/2275 
f 2037/1956/2282 2029/1948/2282 2030/1949/2282 2038/1957/2282 
f 2040/1959/2283 2031/1950/2283 2032/1951/2283 2039/1958/2283 
s 1
f 2038/1957/2285 2030/1949/2281 2031/1950/2278 2040/1959/2284 
s off
f 2044/1963/2286 2043/1962/2286 2042/1961/2286 2041/1960/2286 
f 2046/1965/2287 2045/1964/2287 2043/1962/2287 2044/1963/2287 
f 2014/1933/2288 2012/1931/2288 2041/1960/2288 2042/1961/2288 
f 2047/1966/2289 2045/1964/2289 2046/1965/2289 
f 2033/1952/2290 2049/1968/2290 2048/1967/2290 2034/1953/2290 
f 2035/1954/2291 2051/1970/2291 2050/1969/2291 2036/1955/2291 
f 2036/1955/2292 2050/1969/2292 627/682/2292 611/666/2292 
f 2034/1953/2293 2048/1967/2293 2051/1970/2293 2035/1954/2293 
f 2037/1956/2294 2052/1971/2294 2049/1968/2294 2033/1952/2294 
f 2038/1957/2295 2053/1972/2295 2052/1971/2295 2037/1956/2295 
s 2
f 2040/1959/2299 2039/1958/2298 2053/1972/2297 2038/1957/2296 
s off
f 2057/686/2300 2056/687/2300 2055/688/2300 2054/685/2300 
f 2061/690/2301 2060/691/2301 2059/692/2301 2058/689/2301 
f 2063/693/2302 2062/694/2302 2060/691/2302 2061/690/2302 
f 2065/695/2303 2064/696/2303 2062/694/2303 2063/693/2303 
f 2067/697/2304 2066/698/2304 2064/696/2304 2065/695/2304 
f 2069/700/2305 2066/698/2305 2067/697/2305 2068/699/2305 
f 2073/702/2306 2072/703/2306 2071/704/2306 2070/701/2306 
f 2077/706/1480 2076/1973/1480 2075/708/1480 2074/705/1480 
f 2081/710/1480 2080/1974/1480 2079/712/1480 2078/709/1480 
f 2083/713/2307 2082/714/2307 2080/1974/2307 2081/710/2307 
f 2085/715/2308 2084/716/2308 2082/714/2308 2083/713/2308 
f 2087/717/2309 2086/718/2309 2084/716/2309 2085/715/2309 
f 2089/719/2310 2088/720/2310 2086/718/2310 2087/717/2310 
f 2091/721/2311 2090/722/2311 2088/720/2311 2089/719/2311 
f 2071/704/2312 2072/703/2312 2069/700/2312 2068/699/2312 
f 2094/724/2313 2093/725/2313 2058/689/2313 2092/723/2313 
f 2089/719/2314 2087/717/2314 2096/727/2314 2095/726/2314 
f 2085/715/2315 2097/728/2315 2096/727/2315 2087/717/2315 
f 2083/713/2316 2098/729/2316 2097/728/2316 2085/715/2316 
f 2081/710/2317 2099/730/2317 2098/729/2317 2083/713/2317 
f 2078/709/2318 2100/1975/2318 2099/730/2318 2081/710/2318 
f 2074/705/2319 2101/732/2319 2100/1975/2319 2078/709/2319 
f 2070/701/2320 2103/733/2320 2102/1976/2320 2075/708/2320 
f 2067/697/2321 2105/735/2321 2104/736/2321 2068/699/2321 
f 2065/695/2322 2106/737/2322 2105/735/2322 2067/697/2322 
f 2063/693/2323 2107/738/2323 2106/737/2323 2065/695/2323 
f 2061/690/2324 2108/739/2324 2107/738/2324 2063/693/2324 
f 2058/689/2325 2093/725/2325 2108/739/2325 2061/690/2325 
f 2068/699/2326 2104/736/2326 2109/740/2326 2071/704/2326 
f 2096/727/2327 2111/741/2327 2110/742/2327 2095/726/2327 
f 2097/728/2328 2112/743/2328 2111/741/2328 2096/727/2328 
f 2098/729/2329 2113/744/2329 2112/743/2329 2097/728/2329 
f 2099/730/2330 2114/745/2330 2113/744/2330 2098/729/2330 
f 2100/1975/1480 2115/746/1480 2114/745/1480 2099/730/1480 
f 2101/732/1480 2116/747/1480 2115/746/1480 2100/1975/1480 
f 2103/733/1480 2118/748/1480 2117/1977/1480 2102/1976/1480 
f 2105/735/2331 2120/750/2331 2119/751/2331 2104/736/2331 
f 2106/737/2332 2121/752/2332 2120/750/2332 2105/735/2332 
f 2107/738/2333 2122/753/2333 2121/752/2333 2106/737/2333 
f 2108/739/2334 2123/754/2334 2122/753/2334 2107/738/2334 
f 2093/725/2335 2124/755/2335 2123/754/2335 2108/739/2335 
f 2104/736/2336 2119/751/2336 2125/756/2336 2109/740/2336 
f 2111/741/2337 2127/757/2337 2126/758/2337 2110/742/2337 
f 2112/743/2338 2128/759/2338 2127/757/2338 2111/741/2338 
f 2113/744/2339 2129/760/2339 2128/759/2339 2112/743/2339 
f 2114/745/2340 2130/761/2340 2129/760/2340 2113/744/2340 
f 2115/746/2341 2131/762/2341 2130/761/2341 2114/745/2341 
f 2132/763/2342 2131/762/2342 2115/746/2342 2116/747/2342 
f 2118/748/2343 2134/764/2343 2133/765/2343 2117/1977/2343 
f 2120/750/2344 2136/766/2344 2135/767/2344 2119/751/2344 
f 2121/752/2345 2137/768/2345 2136/766/2345 2120/750/2345 
f 2122/753/2346 2138/769/2346 2137/768/2346 2121/752/2346 
f 2123/754/2347 2139/770/2347 2138/769/2347 2122/753/2347 
f 2124/755/2348 2140/771/2348 2139/770/2348 2123/754/2348 
f 2119/751/2349 2135/767/2349 2141/772/2349 2125/756/2349 
f 2130/761/2350 2143/773/2350 2142/774/2350 2129/760/2350 
f 2131/762/2351 2143/773/2351 2130/761/2351 
f 2093/725/2352 2094/724/2352 2144/775/2352 2124/755/2352 
f 2124/755/2353 2144/775/2353 2145/776/2353 2140/771/2353 
f 2058/689/2354 2059/692/2354 2146/777/2354 2092/723/2354 
f 2147/778/2355 2094/724/2355 2092/723/2355 2057/686/2355 
f 2148/779/2356 2144/775/2356 2094/724/2356 2147/778/2356 
f 2149/780/2357 2145/776/2357 2144/775/2357 2148/779/2357 
s 1
f 2139/770/2361 2045/781/2360 2047/782/2359 2138/769/2358 
f 2137/768/2365 2151/783/2364 2150/784/2363 2136/766/2362 
f 1999/785/2367 2002/786/2366 2150/784/2363 2151/783/2364 
s off
f 2151/783/2368 2152/787/2368 1998/788/2368 1999/785/2368 
f 2137/768/2369 2153/789/2369 2152/787/2369 2151/783/2369 
s 2
f 2137/768/2373 2138/769/2372 2047/782/2371 2153/789/2370 
s 1
f 2155/790/2377 2154/791/2376 2141/772/2375 2135/767/2374 
s off
f 2157/1979/2378 1925/1844/2378 1926/1845/2378 2156/1978/2378 
f 2158/1980/2379 1955/1874/2379 1925/1844/2379 2157/1979/2379 
f 2158/795/2213 1974/594/2213 1955/593/2213 
s 1
f 2143/773/2383 2160/796/2382 2159/797/2381 2142/774/2380 
s 2
f 1974/594/2387 2160/796/2386 2161/798/2385 1971/587/2384 
s off
f 2078/709/1480 2079/712/1480 2077/706/1480 2074/705/1480 
f 2102/1976/2388 2101/732/2388 2074/705/2388 2075/708/2388 
f 2117/1977/1480 2116/747/1480 2101/732/1480 2102/1976/1480 
f 2133/765/2389 2132/763/2389 2116/747/2389 2117/1977/2389 
s 1
f 2132/763/2393 2162/799/2392 2161/798/2391 2131/762/2390 
s 2
f 2133/765/2397 2163/800/2396 2162/799/2395 2132/763/2394 
s off
f 2075/708/1480 2076/1973/1480 2073/702/1480 2070/701/1480 
f 2109/740/2398 2103/733/2398 2070/701/2398 2071/704/2398 
f 2125/756/1480 2118/748/1480 2103/733/1480 2109/740/1480 
f 2141/772/2399 2134/764/2399 2118/748/2399 2125/756/2399 
s 1
f 2134/764/2403 2164/801/2402 2163/800/2401 2133/765/2400 
s 2
f 2154/791/2407 2164/801/2406 2134/764/2405 2141/772/2404 
s 1
f 1967/582/2409 1968/581/2408 2154/791/2376 2155/790/2377 
f 2158/795/2411 2159/797/2381 2160/796/2382 1974/594/2410 
s 2
f 2131/762/2413 2161/798/2385 2160/796/2386 2143/773/2412 
s 1
f 1971/587/2415 2161/798/2391 2162/799/2392 1970/588/2414 
s 2
f 1970/588/2417 2162/799/2395 2163/800/2396 1973/592/2416 
s 1
f 1973/592/2419 2163/800/2401 2164/801/2402 1972/590/2418 
s 2
f 1968/581/2421 1972/590/2420 2164/801/2406 2154/791/2407 
f 2135/767/2425 2136/766/2424 2150/784/2423 2155/790/2422 
s 4
f 2150/784/2429 2002/786/2428 1967/582/2427 2155/790/2426 
s off
f 2042/803/2430 2165/1981/2430 2016/805/2430 2014/802/2430 
f 2043/806/2431 2166/807/2431 2165/1981/2431 2042/803/2431 
s 2
f 2045/781/2435 2139/770/2434 2166/807/2433 2043/806/2432 
s off
f 2168/808/2436 2167/809/2436 2145/776/2436 2149/780/2436 
f 2145/776/2437 2167/809/2437 2169/810/2437 2140/771/2437 
s 4
f 2166/807/2441 2139/770/2440 2140/771/2439 2169/810/2438 
s off
f 2167/809/2442 2171/811/2442 2170/812/2442 2169/810/2442 
f 2169/810/2443 2170/812/2443 2172/813/2443 2166/807/2443 
f 2166/807/2444 2172/813/2444 2173/814/2444 2165/1981/2444 
f 2165/1981/2445 2173/814/2445 2174/815/2445 2016/805/2445 
f 2016/1935/2446 2174/1983/2446 2175/1982/2446 2032/1951/2446 
f 2032/1951/2447 2175/1982/2447 2176/1984/2447 2039/1958/2447 
f 2039/1958/2448 2176/1984/2448 2177/1985/2448 2053/1972/2448 
f 2053/1972/2449 2177/1985/2449 2178/1986/2449 2052/1971/2449 
f 2092/723/2450 2146/777/2450 2056/687/2450 2057/686/2450 
f 2179/821/2451 2147/778/2451 2057/686/2451 2054/685/2451 
f 2180/822/2452 2148/779/2452 2147/778/2452 2179/821/2452 
f 2181/823/2453 2149/780/2453 2148/779/2453 2180/822/2453 
f 2182/824/2454 2168/808/2454 2149/780/2454 2181/823/2454 
f 2049/1968/2455 2184/1988/2455 2183/1987/2455 2048/1967/2455 
f 2051/1970/2456 2186/1990/2456 2185/1989/2456 2050/1969/2456 
f 2050/1969/2457 2185/1989/2457 763/829/2457 627/682/2457 
f 2048/1967/2458 2183/1987/2458 2186/1990/2458 2051/1970/2458 
f 2052/1971/2459 2187/1991/2459 2184/1988/2459 2049/1968/2459 
f 2184/1988/2460 2189/1993/2460 2188/1992/2460 2183/1987/2460 
f 2186/1990/2461 2191/1995/2461 2190/1994/2461 2185/1989/2461 
f 2185/1989/2462 2190/1994/2462 769/835/2462 763/829/2462 
f 2183/1987/2463 2188/1992/2463 2191/1995/2463 2186/1990/2463 
f 2187/1991/2464 2192/1996/2464 2189/1993/2464 2184/1988/2464 
f 2189/1993/2465 2194/1998/2465 2193/1997/2465 2188/1992/2465 
f 2191/1995/2466 2196/2000/2466 2195/1999/2466 2190/1994/2466 
f 2190/1994/2467 2195/1999/2467 775/841/2467 769/835/2467 
f 2188/1992/2468 2193/1997/2468 2196/2000/2468 2191/1995/2468 
f 2192/1996/2469 2197/2001/2469 2194/1998/2469 2189/1993/2469 
f 2187/1991/2470 2199/2003/2470 2198/2002/2470 2192/1996/2470 
f 2199/2003/2471 2200/2004/2471 2198/2002/2471 
s 1
f 2187/1991/2475 2052/1971/2474 2178/1986/2473 2199/2003/2472 
s off
f 2178/1986/2476 2200/2004/2476 2199/2003/2476 
f 2198/2002/2477 2201/2005/2477 2197/2001/2477 2192/1996/2477 
f 2200/2004/2478 2202/2006/2478 2201/2005/2478 2198/2002/2478 
f 2200/2004/2479 2204/2008/2479 2203/2007/2479 2202/2006/2479 
s 1
f 2208/2012/2483 2207/2011/2482 2206/2010/2481 2205/2009/2480 
f 2168/808/2487 2182/824/2486 2210/855/2485 2209/854/2484 
s 2
f 2209/854/2491 2171/811/2490 2167/809/2489 2168/808/2488 
s 1
f 2209/2014/2484 2210/2013/2485 2207/2011/2482 2208/2012/2483 
s off
f 2205/2009/2492 2206/2010/2492 2203/2007/2492 2204/2008/2492 
f 2208/2012/2493 2171/2015/2493 2209/2014/2493 
s 2
f 2200/2004/2497 2212/2017/2496 2211/2016/2495 2204/2008/2494 
f 2204/2008/2494 2211/2016/2495 2213/2018/2499 2205/2009/2498 
f 2213/2018/2499 2214/2019/2501 2208/2012/2500 2205/2009/2498 
f 2175/1982/2503 2211/2016/2495 2212/2017/2496 2176/1984/2502 
f 2174/1983/2504 2213/2018/2499 2211/2016/2495 2175/1982/2503 
f 2174/1983/2504 2173/2020/2505 2214/2019/2501 2213/2018/2499 
s 1
f 2173/2020/2509 2172/2022/2508 2170/2021/2507 2214/2019/2506 
s 4
f 2170/2021/2513 2171/2015/2512 2208/2012/2511 2214/2019/2510 
f 2178/1986/2517 2177/1985/2516 2176/1984/2515 2212/2017/2514 
s off
f 2212/2017/2518 2200/2004/2518 2178/1986/2518 
f 2003/1922/2519 1996/1913/2519 2215/2023/2519 2006/1925/2519 
f 2006/1925/2520 2215/2023/2520 2216/2024/2520 2013/1932/2520 
f 2013/1932/2521 2216/2024/2521 2217/2025/2521 2012/1931/2521 
f 2012/1931/2522 2217/2025/2522 2218/2026/2522 2041/1960/2522 
f 2041/1960/2523 2218/2026/2523 2219/2027/2523 2044/1963/2523 
f 2044/1963/2524 2219/2027/2524 2220/2028/2524 2046/1965/2524 
f 2220/2028/2525 2047/1966/2525 2046/1965/2525 
s 1
f 2222/2030/2527 1908/1823/2148 1909/1824/2149 2221/2029/2526 
f 2221/2029/2526 1909/1824/2149 481/521/603 802/874/978 
f 2223/2031/2528 1921/1839/2161 1908/1823/2148 2222/2030/2527 
s off
f 2225/2033/2529 1931/1850/2529 1929/1848/2529 2224/2032/2529 
f 2226/2034/2530 1937/1856/2530 1931/1850/2530 2225/2033/2530 
s 1
f 1891/1806/2134 1921/1839/2161 1929/1848/2531 1890/1805/2133 
s off
f 2227/2035/2203 1962/1881/2203 1937/1856/2203 2226/2034/2203 
f 2227/2037/2532 2228/2036/2532 1969/1890/2532 1962/1891/2532 
f 2228/2036/2533 2229/2038/2533 1995/1912/2533 1969/1890/2533 
f 2229/2038/2534 2230/2039/2534 2000/1917/2534 1995/1912/2534 
f 2217/2025/2535 2216/2024/2535 2231/2040/2535 2218/2026/2535 
f 2218/2026/2536 2231/2040/2536 2232/2041/2536 2219/2027/2536 
f 2219/2027/2537 2232/2041/2537 2233/2042/2537 2220/2028/2537 
s 4
f 2153/2043/2541 2047/1966/2540 2220/2028/2539 2233/2042/2538 
s 1
f 2000/1917/2545 2235/2045/2544 2234/2044/2543 1997/1914/2542 
f 2216/2024/2547 2215/2023/2546 2234/2044/2543 2235/2045/2544 
s 2
f 2234/2044/2550 1996/1913/2549 1997/1914/2548 
s off
f 2231/2040/2551 2237/2047/2551 2236/2046/2551 2232/2041/2551 
f 2232/2041/2552 2236/2046/2552 2238/2048/2552 2233/2042/2552 
s 2
f 2216/2024/2556 2235/2045/2555 2237/2047/2554 2231/2040/2553 
s 1
f 2152/2049/2560 2153/2043/2559 2233/2042/2558 2238/2048/2557 
f 1921/1839/2161 2223/2031/2528 2224/2032/2561 1929/1848/2531 
f 2240/2051/2563 2222/2030/2527 2221/2029/2526 2239/2050/2562 
f 2239/2050/2562 2221/2029/2526 802/874/978 821/896/643 
f 1944/1863/2189 2223/2031/2528 2222/2030/2527 2240/2051/2563 
s off
f 2241/2052/2564 2225/2033/2564 2224/2032/2564 1941/1860/2564 
f 2242/2053/2565 2226/2034/2565 2225/2033/2565 2241/2052/2565 
f 2243/2054/2203 2227/2035/2203 2226/2034/2203 2242/2053/2203 
f 2243/2056/2566 2244/2055/2566 2228/2036/2566 2227/2037/2566 
f 2244/2055/2567 2245/2057/2567 2229/2038/2567 2228/2036/2567 
f 2245/2057/2568 2246/2058/2568 2230/2039/2568 2229/2038/2568 
s 4
f 2230/2039/2572 2237/2047/2571 2235/2045/2570 2000/1917/2569 
s 1
f 2223/2031/2528 1944/1863/2189 1941/1860/2186 2224/2032/2561 
f 1947/1866/2192 2240/2051/2563 2239/2050/2562 1946/1865/2191 
f 1946/1865/2191 2239/2050/2562 821/896/643 515/556/643 
f 1943/1862/2188 1944/1863/2189 2240/2051/2563 1947/1866/2192 
s off
f 1949/1868/2573 2241/2052/2573 1941/1860/2573 1942/1861/2573 
f 1951/1870/2574 2242/2053/2574 2241/2052/2574 1949/1868/2574 
f 1958/1877/2203 2243/2054/2203 2242/2053/2203 1951/1870/2203 
f 1958/1886/2575 1965/1887/2575 2244/2055/2575 2243/2056/2575 
f 1965/1887/2576 1993/1910/2576 2245/2057/2576 2244/2055/2576 
f 1993/1910/2577 1998/1915/2577 2246/2058/2577 2245/2057/2577 
s 1
f 2246/2058/2581 2236/2046/2580 2237/2047/2579 2230/2039/2578 
s 2
f 2236/2046/2585 2246/2058/2584 1998/1915/2583 2238/2048/2582 
f 2238/2048/2582 1998/1915/2583 2152/2049/2586 
f 2215/2023/2587 1996/1913/2549 2234/2044/2550 
s off
f 2250/905/2588 2249/906/2588 2248/2059/2588 2247/904/2588 
f 2252/908/2589 2251/909/2589 2249/906/2589 2250/905/2589 
f 2254/911/2590 2250/905/2590 2247/904/2590 2253/910/2590 
f 2256/913/2591 2248/2059/2591 2249/906/2591 2255/912/2591 
f 2257/914/2592 2252/908/2592 2250/905/2592 2254/911/2592 
f 2255/912/2593 2249/906/2593 2251/909/2593 2258/915/2593 
f 2262/2063/2594 2261/2062/2594 2260/2061/2594 2259/2060/2594 
f 2264/921/2595 2263/922/2595 2261/923/2595 2262/920/2595 
f 1786/1784/2596 2262/2063/2596 2259/2060/2596 1785/1783/2596 
f 2253/2065/2597 2260/2061/2597 2261/2062/2597 2254/2064/2597 
f 1788/378/2598 2264/921/2598 2262/920/2598 1786/375/2598 
f 2254/911/2599 2261/923/2599 2263/922/2599 2257/914/2599 
f 485/927/2600 846/928/2600 2265/2067/2600 1917/2066/2600 
f 1880/2071/2601 2267/2070/2601 2266/2069/2601 1897/2068/2601 
f 1897/2068/2602 2266/2069/2602 2268/2073/2602 1899/2072/2602 
f 1916/2077/2603 2270/2076/2603 2269/2075/2603 1881/2074/2603 
f 1917/2066/2604 2265/2067/2604 2270/2076/2604 1916/2077/2604 
f 1881/2074/2605 2269/2075/2605 2267/2070/2605 1880/2071/2605 
f 1899/2072/2606 2268/2073/2606 2271/2079/2606 1901/2078/2606 
f 2271/2079/2607 2272/2081/2607 1926/2080/2607 1901/2078/2607 
f 2272/2081/2608 2273/2083/2608 2156/2082/2608 1926/2080/2608 
f 2256/2086/2609 2274/2085/2609 2248/2084/2609 
f 2276/949/2610 2275/950/2610 2158/795/2610 2258/915/2610 
f 2278/951/2611 2277/952/2611 1799/392/2611 1801/394/2611 
f 2280/953/2612 2279/954/2612 2275/950/2612 2276/949/2612 
s 2
f 2279/954/2616 2159/797/2615 2158/795/2614 2275/950/2613 
s off
f 2279/954/2617 2281/955/2617 2142/774/2617 2159/797/2617 
f 2280/953/2618 2282/956/2618 2281/955/2618 2279/954/2618 
f 2156/958/2619 2256/913/2619 2255/912/2619 2157/957/2619 
f 2157/957/2620 2255/912/2620 2258/915/2620 2158/795/2620 
f 2274/2085/2609 2256/2086/2609 2156/2082/2609 2273/2083/2609 
f 2251/909/2621 2283/959/2621 2276/949/2621 2258/915/2621 
f 2284/960/2622 2280/953/2622 2276/949/2622 2283/959/2622 
f 2284/960/2623 2285/961/2623 2282/956/2623 2280/953/2623 
f 2287/962/2624 2286/963/2624 2277/952/2624 2278/951/2624 
s 1
f 2277/952/2628 2264/921/2627 1788/378/2626 1799/392/2625 
s off
f 2289/965/2629 2286/963/2629 2287/962/2629 2288/964/2629 
s 2
f 2286/963/2633 2263/922/2632 2264/921/2631 2277/952/2630 
s off
f 2291/967/2634 2289/965/2634 2288/964/2634 2290/966/2634 
s 1
f 2289/965/2638 2257/914/2637 2263/922/2636 2286/963/2635 
s off
f 2283/959/2639 2291/967/2639 2290/966/2639 2284/960/2639 
s 2
f 2291/967/2643 2252/908/2642 2257/914/2641 2289/965/2640 
s 1
f 2283/959/2647 2251/909/2646 2252/908/2645 2291/967/2644 
s off
f 2089/719/2648 2293/968/2648 2292/969/2648 2091/721/2648 
s 1
f 2089/719/2652 2095/726/2651 2110/742/2650 2293/968/2649 
s off
f 2126/758/2653 2293/968/2653 2110/742/2653 
f 2293/968/2654 2295/970/2654 2294/971/2654 2292/969/2654 
f 2299/973/2655 2298/974/2655 2297/975/2655 2296/972/2655 
f 2298/974/2656 2301/976/2656 2300/977/2656 2297/975/2656 
f 2303/978/2657 2302/979/2657 2299/973/2657 2295/970/2657 
f 2299/973/2658 2304/980/2658 2298/974/2658 
s 1
f 2304/980/2662 2299/973/2661 2302/979/2660 2305/981/2659 
s off
f 2296/972/2654 2294/971/2654 2295/970/2654 2299/973/2654 
f 2126/758/2663 2303/978/2663 2295/970/2663 2293/968/2663 
s 2
f 2303/978/2667 2306/982/2666 2305/981/2665 2302/979/2664 
s off
f 2308/984/2668 2300/977/2668 2301/976/2668 2307/983/2668 
f 2298/974/2669 2304/980/2669 2309/985/2669 2301/976/2669 
f 2305/981/2670 2310/986/2670 2309/985/2670 2304/980/2670 
f 2306/982/2671 2311/987/2671 2310/986/2671 2305/981/2671 
s 1
f 2313/988/2675 2312/989/2674 2311/987/2673 2306/982/2672 
f 2284/960/2679 2315/990/2678 2314/991/2677 2285/961/2676 
f 2315/990/2678 2312/989/2674 2313/988/2675 2314/991/2677 
s 2
f 2128/759/2683 2129/760/2682 2282/956/2681 2285/961/2680 
s 4
f 2127/757/2687 2128/759/2686 2285/961/2685 2314/991/2684 
s 2
f 2126/758/2691 2127/757/2690 2314/991/2689 2313/988/2688 
s 4
f 2306/982/2695 2303/978/2694 2126/758/2693 2313/988/2692 
f 2142/774/2699 2281/955/2698 2282/956/2697 2129/760/2696 
s off
f 2315/990/2700 2317/992/2700 2316/993/2700 2312/989/2700 
f 2319/994/2701 2318/995/2701 1805/397/2701 1806/396/2701 
f 2320/996/2702 1808/399/2702 1805/397/2702 2318/995/2702 
f 2321/997/2703 1810/401/2703 1808/399/2703 2320/996/2703 
f 2321/997/2704 2322/998/2704 1812/403/2704 1810/401/2704 
f 2324/1000/2705 2308/984/2705 2307/983/2705 2323/999/2705 
f 2326/1002/2706 2316/993/2706 2317/992/2706 2325/1001/2706 
f 2301/976/2707 2309/985/2707 2327/1003/2707 2307/983/2707 
f 2310/986/2708 2328/1004/2708 2327/1003/2708 2309/985/2708 
f 2311/987/2709 2329/1005/2709 2328/1004/2709 2310/986/2709 
f 2312/989/2710 2316/993/2710 2329/1005/2710 2311/987/2710 
s 2
f 2284/960/2714 2290/966/2713 2317/992/2712 2315/990/2711 
s off
f 2331/1006/2715 2330/1007/2715 2318/995/2715 2319/994/2715 
f 2332/1008/2716 2320/996/2716 2318/995/2716 2330/1007/2716 
f 2333/1009/2717 2321/997/2717 2320/996/2717 2332/1008/2717 
f 2333/1009/2718 2334/1010/2718 2322/998/2718 2321/997/2718 
f 1813/406/2719 2335/1011/2719 2319/994/2719 1806/396/2719 
f 1815/407/2720 1812/403/2720 2322/998/2720 2336/1012/2720 
s 2
f 2336/1012/2724 2278/951/2723 1801/394/2722 1815/407/2721 
s off
f 2337/1013/2725 2324/1000/2725 2323/999/2725 2331/1006/2725 
f 2338/1014/2726 2334/1010/2726 2326/1002/2726 2325/1001/2726 
f 2307/983/2727 2327/1003/2727 2339/1015/2727 2323/999/2727 
f 2328/1004/2728 2340/1016/2728 2339/1015/2728 2327/1003/2728 
f 2329/1005/2729 2341/1017/2729 2340/1016/2729 2328/1004/2729 
f 2316/993/2730 2326/1002/2730 2341/1017/2730 2329/1005/2730 
s 1
f 2317/992/2734 2290/966/2733 2288/964/2732 2325/1001/2731 
s off
f 2323/999/2735 2339/1015/2735 2330/1007/2735 2331/1006/2735 
f 2340/1016/2736 2332/1008/2736 2330/1007/2736 2339/1015/2736 
f 2341/1017/2737 2333/1009/2737 2332/1008/2737 2340/1016/2737 
f 2341/1017/2738 2326/1002/2738 2334/1010/2738 2333/1009/2738 
f 2335/1011/2739 2337/1013/2739 2331/1006/2739 2319/994/2739 
f 2336/1012/2740 2322/998/2740 2334/1010/2740 2338/1014/2740 
s 2
f 2325/1001/2744 2288/964/2743 2287/962/2742 2338/1014/2741 
s 1
f 2338/1014/2748 2287/962/2747 2278/951/2746 2336/1012/2745 
s off
f 1485/1019/1200 2343/1019/1200 2342/1018/1200 1484/1018/1200 
f 1489/1021/1201 2345/1021/1201 2344/1020/1201 1488/1020/1201 
f 1488/1020/1202 2344/1020/1202 2346/1022/1202 1491/1022/1202 
f 1495/1024/1203 2348/1024/1203 2347/1023/1203 1494/1023/1203 
f 1494/1023/1204 2347/1023/1204 2349/1025/1204 1497/1025/1204 
f 1498/1027/1205 2351/1027/1205 2350/1026/1205 1501/1026/1205 
f 1502/1029/1206 2353/1029/1206 2352/1028/1206 1505/1028/1206 
f 1507/1030/1207 2354/1030/1207 2353/1029/1207 1502/1029/1207 
f 1551/1031/1208 2355/1031/1208 2345/1021/1208 1489/1021/1208 
f 1556/1033/1209 2357/1033/1209 2356/1032/1209 1555/1032/1209 
f 1484/1018/1210 2342/1018/1210 2355/1031/1210 1551/1031/1210 
f 1628/1034/1211 2358/1034/1211 2348/1024/1211 1495/1024/1211 
f 1497/1025/1212 2349/1025/1212 2351/1027/1212 1498/1027/1212 
f 1491/1022/1202 2346/1022/1202 2358/1034/1202 1628/1034/1202 
f 1501/1026/1205 2350/1026/1205 2354/1030/1205 1507/1030/1205 
f 1505/1028/1206 2352/1028/1206 2357/1033/1206 1556/1033/1206 
f 1814/2090/1247 2360/2089/1247 2359/2088/1247 1813/2087/1247 
f 1555/1032/1214 2356/1032/1214 2361/1039/1214 1818/1039/1214 
f 1822/1041/1215 2363/1041/1215 2362/1040/1215 1821/1040/1215 
f 1821/1040/2749 2362/1040/2749 2364/1042/2749 1824/1042/2749 
f 1824/1042/2750 2364/1042/2750 2365/1043/2750 1826/1043/2750 
f 1826/1043/1218 2365/1043/1218 2366/1044/1218 1828/1044/1218 
f 1828/1044/1219 2366/1044/1219 2367/1045/1219 1830/1045/1219 
f 1832/2094/1220 2369/2093/1220 2368/2092/1220 1831/2091/1220 
f 1830/1045/1221 2367/1045/1221 2369/1050/1221 1832/1050/1221 
f 1818/1039/1222 2361/1039/1222 2363/1041/1222 1822/1041/1222 
f 1831/2091/1220 2368/2092/1220 2370/2096/1220 1855/2095/1220 
f 1855/2095/1223 2370/2096/1223 2371/2098/1223 1857/2097/1223 
f 1857/2097/1248 2371/2098/1248 2372/2100/1248 1861/2099/1248 
f 1863/2102/1225 2373/2101/1225 2360/2089/1225 1814/2090/1225 
f 1861/2099/1249 2372/2100/1249 2373/2101/1249 1863/2102/1249 
f 2059/1060/2751 2375/1060/2751 2374/1059/2751 2146/1059/2751 
f 2060/1061/1228 2376/1061/1228 2375/1060/1228 2059/1060/1228 
f 2062/1062/1229 2377/1062/1229 2376/1061/1229 2060/1061/1229 
f 2064/1063/2752 2378/1063/2752 2377/1062/2752 2062/1062/2752 
f 2066/1064/2753 2379/1064/2753 2378/1063/2753 2064/1063/2753 
f 2072/1066/2754 2381/1066/2754 2380/1065/2754 2069/1065/2754 
f 2076/1068/2755 2383/1068/2755 2382/1067/2755 2073/1067/2755 
f 2079/1070/2756 2385/1070/2756 2384/1069/2756 2077/1069/2756 
f 2080/1071/1235 2386/1071/1235 2385/1070/1235 2079/1070/1235 
f 2082/1072/1236 2387/1072/1236 2386/1071/1236 2080/1071/1236 
f 2084/1073/2757 2388/1073/2757 2387/1072/2757 2082/1072/2757 
f 2086/1074/2758 2389/1074/2758 2388/1073/2758 2084/1073/2758 
f 2088/1075/1239 2390/1075/1239 2389/1074/1239 2086/1074/1239 
f 2090/1076/1240 2391/1076/1240 2390/1075/1240 2088/1075/1240 
f 2091/2106/1220 2392/2105/1220 2391/2104/1220 2090/2103/1220 
f 2069/1065/2759 2380/1065/2759 2379/1064/2759 2066/1064/2759 
f 2146/1059/2751 2374/1059/2751 2393/1081/2751 2056/1081/2751 
f 2077/1069/2760 2384/1069/2760 2383/1068/2760 2076/1068/2760 
f 2073/1067/2761 2382/1067/2761 2381/1066/2761 2072/1066/2761 
f 2056/1081/2762 2393/1081/2762 2394/1082/2762 2055/1082/2762 
f 2292/2108/1220 2395/2107/1220 2392/2105/1220 2091/2106/1220 
f 2296/2112/1220 2397/2111/1220 2396/2110/1220 2294/2109/1220 
f 2297/2114/1250 2398/2113/1250 2397/2111/1250 2296/2112/1250 
f 2294/2109/1220 2396/2110/1220 2395/2107/1220 2292/2108/1220 
f 2300/2116/1247 2399/2115/1247 2398/2113/1247 2297/2114/1247 
f 1813/2087/1247 2359/2088/1247 2400/2118/1247 2335/2117/1247 
f 2308/2120/1247 2401/2119/1247 2399/2115/1247 2300/2116/1247 
f 2335/2117/1247 2400/2118/1247 2402/2122/1247 2337/2121/1247 
f 2324/2124/1247 2403/2123/1247 2401/2119/1247 2308/2120/1247 
f 2337/2121/1247 2402/2122/1247 2403/2123/1247 2324/2124/1247 
s 1
f 2342/1018/1480 2343/1019/1480 2369/1050/1480 2367/1045/1480 
s 2
f 2355/1031/1480 2342/1018/1480 2367/1045/1480 2366/1044/1480 
s 1
f 2345/1021/1480 2355/1031/1480 2366/1044/1480 2365/1043/1480 
s 2
f 2344/1020/1480 2345/1021/1480 2365/1043/1480 2364/1042/1480 
s 1
f 2346/1022/1480 2344/1020/1480 2364/1042/1480 2362/1040/1480 
s 2
f 2358/1034/1480 2346/1022/1480 2362/1040/1480 2363/1041/1480 
s 1
f 2348/1024/1480 2358/1034/1480 2363/1041/1480 2361/1039/1480 
s 2
f 2356/1032/1480 2347/1023/1480 2348/1024/1480 2361/1039/1480 
s 1
f 2357/1033/1480 2349/1025/1480 2347/1023/1480 2356/1032/1480 
s 2
f 2351/1027/1480 2349/1025/1480 2357/1033/1480 2352/1028/1480 
s 1
f 2353/1029/1480 2350/1026/1480 2351/1027/1480 2352/1028/1480 
s off
f 2350/1026/1480 2353/1029/1480 2354/1030/1480 
s 1
f 2390/1075/1480 2391/1076/1480 2394/1082/1480 2393/1081/1480 
s 2
f 2389/1074/1480 2390/1075/1480 2393/1081/1480 2374/1059/1480 
s 1
f 2389/1074/1480 2374/1059/1480 2375/1060/1480 2388/1073/1480 
s 2
f 2388/1073/1480 2375/1060/1480 2376/1061/1480 2387/1072/1480 
s 1
f 2376/1061/1480 2377/1062/1480 2386/1071/1480 2387/1072/1480 
s 2
f 2377/1062/1480 2378/1063/1480 2385/1070/1480 2386/1071/1480 
s 1
f 2385/1070/1480 2378/1063/1480 2379/1064/1480 2384/1069/1480 
s 2
f 2379/1064/1480 2380/1065/1480 2383/1068/1480 2384/1069/1480 
s 1
f 2380/1065/1480 2381/1066/1480 2382/1067/1480 2383/1068/1480 
s off
f 2407/2128/1247 2406/2127/1247 2405/2126/1247 2404/2125/1247 
f 2411/2132/1220 2410/2131/1220 2409/2130/1220 2408/2129/1220 
f 2413/2134/1220 2412/2133/1220 2410/2131/1220 2411/2132/1220 
f 2415/2136/1223 2414/2135/1223 2412/2133/1223 2413/2134/1223 
f 2417/2138/1248 2416/2137/1248 2414/2135/1248 2415/2136/1248 
f 2404/2125/1225 2405/2126/1225 2419/2140/1225 2418/2139/1225 
f 2418/2139/1249 2419/2140/1249 2416/2137/1249 2417/2138/1249 
f 2423/2144/1220 2422/2143/1220 2421/2142/1220 2420/2141/1220 
f 2420/2141/1220 2421/2142/1220 2425/2146/1220 2424/2145/1220 
f 2429/2150/1220 2428/2149/1220 2427/2148/1220 2426/2147/1220 
f 2426/2147/1250 2427/2148/1250 2431/2152/1250 2430/2151/1250 
f 2424/2145/1220 2425/2146/1220 2428/2149/1220 2429/2150/1220 
f 2430/2151/1247 2431/2152/1247 2433/2154/1247 2432/2153/1247 
f 2435/2156/1247 2434/2155/1247 2406/2127/1247 2407/2128/1247 
f 2432/2153/1247 2433/2154/1247 2437/2158/1247 2436/2157/1247 
f 2439/2160/1247 2438/2159/1247 2434/2155/1247 2435/2156/1247 
f 2436/2157/1247 2437/2158/1247 2441/2162/1247 2440/2161/1247 
f 2440/2161/1247 2441/2162/1247 2438/2159/1247 2439/2160/1247 
f 2408/2129/1251 2409/2130/1251 2443/2164/1251 2442/2163/1251 
f 2445/2166/1252 2444/2165/1252 2422/2143/1252 2423/2144/1252 
f 1029/1144/1247 2447/2168/1247 2446/2167/1247 1028/1143/1247 
f 2447/2168/1247 2449/2170/1247 2448/2169/1247 2446/2167/1247 
f 2451/2172/1247 2407/2128/1247 2404/2125/1247 2450/2171/1247 
f 2360/2089/1247 2453/2174/1247 2452/2173/1247 2359/2088/1247 
f 2453/2174/1247 2405/2126/1247 2406/2127/1247 2452/2173/1247 
f 1039/1154/1220 2455/2176/1220 2454/2175/1220 1038/1153/1220 
f 2455/2176/1220 2457/2178/1220 2456/2177/1220 2454/2175/1220 
f 2459/2180/1220 2411/2132/1220 2408/2129/1220 2458/2179/1220 
f 2369/2093/1220 2461/2182/1220 2460/2181/1220 2368/2092/1220 
f 2461/2182/1220 2409/2130/1220 2410/2131/1220 2460/2181/1220 
f 1048/1163/1220 2462/2183/1220 2455/2176/1220 1039/1154/1220 
f 2462/2183/1220 2463/2184/1220 2457/2178/1220 2455/2176/1220 
f 2464/2185/1220 2413/2134/1220 2411/2132/1220 2459/2180/1220 
f 2368/2092/1220 2460/2181/1220 2465/2186/1220 2370/2096/1220 
f 2460/2181/1220 2410/2131/1220 2412/2133/1220 2465/2186/1220 
f 1053/1168/1223 2466/2187/1223 2462/2183/1223 1048/1163/1223 
f 2466/2187/1223 2467/2188/1223 2463/2184/1223 2462/2183/1223 
f 2468/2189/1223 2415/2136/1223 2413/2134/1223 2464/2185/1223 
f 2370/2096/1223 2465/2186/1223 2469/2190/1223 2371/2098/1223 
f 2465/2186/1223 2412/2133/1223 2414/2135/1223 2469/2190/1223 
f 1058/1173/1248 2470/2191/1248 2466/2187/1248 1053/1168/1248 
f 2470/2191/1248 2471/2192/1248 2467/2188/1248 2466/2187/1248 
f 2472/2193/1248 2417/2138/1248 2415/2136/1248 2468/2189/1248 
f 2371/2098/1248 2469/2190/1248 2473/2194/1248 2372/2100/1248 
f 2469/2190/1248 2414/2135/1248 2416/2137/1248 2473/2194/1248 
f 1028/1143/1225 2446/2167/1225 2474/2195/1225 1063/1178/1225 
f 2446/2167/1225 2448/2169/1225 2475/2196/1225 2474/2195/1225 
f 2450/2171/1225 2404/2125/1225 2418/2139/1225 2476/2197/1225 
f 2373/2101/1225 2477/2198/1225 2453/2174/1225 2360/2089/1225 
f 2477/2198/1225 2419/2140/1225 2405/2126/1225 2453/2174/1225 
f 1063/1178/1249 2474/2195/1249 2470/2191/1249 1058/1173/1249 
f 2474/2195/1249 2475/2196/1249 2471/2192/1249 2470/2191/1249 
f 2476/2197/1249 2418/2139/1249 2417/2138/1249 2472/2193/1249 
f 2372/2100/1249 2473/2194/1249 2477/2198/1249 2373/2101/1249 
f 2473/2194/1249 2416/2137/1249 2419/2140/1249 2477/2198/1249 
f 1069/1184/1220 2479/2200/1220 2478/2199/1220 1068/1183/1220 
f 2479/2200/1220 2481/2202/1220 2480/2201/1220 2478/2199/1220 
f 2483/2204/1220 2423/2144/1220 2420/2141/1220 2482/2203/1220 
f 2392/2105/1220 2485/2206/1220 2484/2205/1220 2391/2104/1220 
f 2485/2206/1220 2421/2142/1220 2422/2143/1220 2484/2205/1220 
f 1068/1183/1220 2478/2199/1220 2486/2207/1220 1078/1193/1220 
f 2478/2199/1220 2480/2201/1220 2487/2208/1220 2486/2207/1220 
f 2482/2203/1220 2420/2141/1220 2424/2145/1220 2488/2209/1220 
f 2395/2107/1220 2489/2210/1220 2485/2206/1220 2392/2105/1220 
f 2489/2210/1220 2425/2146/1220 2421/2142/1220 2485/2206/1220 
f 1084/1199/1220 2491/2212/1220 2490/2211/1220 1083/1198/1220 
f 2491/2212/1220 2493/2214/1220 2492/2213/1220 2490/2211/1220 
f 2495/2216/1220 2429/2150/1220 2426/2147/1220 2494/2215/1220 
f 2397/2111/1220 2497/2218/1220 2496/2217/1220 2396/2110/1220 
f 2497/2218/1220 2427/2148/1220 2428/2149/1220 2496/2217/1220 
f 1083/1198/1250 2490/2211/1250 2498/2219/1250 1093/1208/1250 
f 2490/2211/1250 2492/2213/1250 2499/2220/1250 2498/2219/1250 
f 2494/2215/1250 2426/2147/1250 2430/2151/1250 2500/2221/1250 
f 2398/2113/1250 2501/2222/1250 2497/2218/1250 2397/2111/1250 
f 2501/2222/1250 2431/2152/1250 2427/2148/1250 2497/2218/1250 
f 1078/1193/1220 2486/2207/1220 2491/2212/1220 1084/1199/1220 
f 2486/2207/1220 2487/2208/1220 2493/2214/1220 2491/2212/1220 
f 2488/2209/1220 2424/2145/1220 2429/2150/1220 2495/2216/1220 
f 2396/2110/1220 2496/2217/1220 2489/2210/1220 2395/2107/1220 
f 2496/2217/1220 2428/2149/1220 2425/2146/1220 2489/2210/1220 
f 1093/1208/1247 2498/2219/1247 2502/2223/1247 1098/1213/1247 
f 2498/2219/1247 2499/2220/1247 2503/2224/1247 2502/2223/1247 
f 2500/2221/1247 2430/2151/1247 2432/2153/1247 2504/2225/1247 
f 2399/2115/1247 2505/2226/1247 2501/2222/1247 2398/2113/1247 
f 2505/2226/1247 2433/2154/1247 2431/2152/1247 2501/2222/1247 
f 1103/1218/1247 2506/2227/1247 2447/2168/1247 1029/1144/1247 
f 2506/2227/1247 2507/2228/1247 2449/2170/1247 2447/2168/1247 
f 2508/2229/1247 2435/2156/1247 2407/2128/1247 2451/2172/1247 
f 2359/2088/1247 2452/2173/1247 2509/2230/1247 2400/2118/1247 
f 2452/2173/1247 2406/2127/1247 2434/2155/1247 2509/2230/1247 
f 1098/1213/1247 2502/2223/1247 2510/2231/1247 1108/1223/1247 
f 2502/2223/1247 2503/2224/1247 2511/2232/1247 2510/2231/1247 
f 2504/2225/1247 2432/2153/1247 2436/2157/1247 2512/2233/1247 
f 2401/2119/1247 2513/2234/1247 2505/2226/1247 2399/2115/1247 
f 2513/2234/1247 2437/2158/1247 2433/2154/1247 2505/2226/1247 
f 1113/1228/1247 2514/2235/1247 2506/2227/1247 1103/1218/1247 
f 2514/2235/1247 2515/2236/1247 2507/2228/1247 2506/2227/1247 
f 2516/2237/1247 2439/2160/1247 2435/2156/1247 2508/2229/1247 
f 2400/2118/1247 2509/2230/1247 2517/2238/1247 2402/2122/1247 
f 2509/2230/1247 2434/2155/1247 2438/2159/1247 2517/2238/1247 
f 1108/1223/1247 2510/2231/1247 2518/2239/1247 1118/1233/1247 
f 2510/2231/1247 2511/2232/1247 2519/2240/1247 2518/2239/1247 
f 2512/2233/1247 2436/2157/1247 2440/2161/1247 2520/2241/1247 
f 2403/2123/1247 2521/2242/1247 2513/2234/1247 2401/2119/1247 
f 2521/2242/1247 2441/2162/1247 2437/2158/1247 2513/2234/1247 
f 1118/1233/1247 2518/2239/1247 2514/2235/1247 1113/1228/1247 
f 2518/2239/1247 2519/2240/1247 2515/2236/1247 2514/2235/1247 
f 2520/2241/1247 2440/2161/1247 2439/2160/1247 2516/2237/1247 
f 2402/2122/1247 2517/2238/1247 2521/2242/1247 2403/2123/1247 
f 2517/2238/1247 2438/2159/1247 2441/2162/1247 2521/2242/1247 
f 1038/1153/1251 2454/2175/1251 2522/2243/1251 1123/1238/1251 
f 2454/2175/1251 2456/2177/1251 2523/2244/1251 2522/2243/1251 
f 2458/2179/1251 2408/2129/1251 2442/2163/1251 2524/2245/1251 
f 2343/2247/1251 2525/2246/1251 2461/2182/1251 2369/2093/1251 
f 2525/2246/1251 2443/2164/1251 2409/2130/1251 2461/2182/1251 
f 1128/1244/1252 2526/2248/1252 2479/2200/1252 1069/1184/1252 
f 2526/2248/1252 2527/2249/1252 2481/2202/1252 2479/2200/1252 
f 2528/2250/1252 2445/2166/1252 2423/2144/1252 2483/2204/1252 
f 2391/2104/1252 2484/2205/1252 2529/2252/1252 2394/2251/1252 
f 2484/2205/1252 2422/2143/1252 2444/2165/1252 2529/2252/1252 
s 2
f 2531/2254/2766 2530/2253/2765 2394/2251/2764 2529/2252/2763 
f 2343/2247/1259 2533/2256/2769 2532/2255/2768 2525/2246/2767 
s 1
f 2525/2246/1263 2532/2255/2772 2534/2257/2771 2443/2164/2770 
s 2
f 2534/2257/2775 2535/2258/2774 2442/2163/1269 2443/2164/2773 
s 1
f 2536/2259/2779 2531/2254/2778 2529/2252/2777 2444/2165/2776 
s 2
f 2445/2166/1274 2537/2260/1275 2536/2259/1275 2444/2165/1275 
s off
f 2449/2170/1247 2451/2172/1247 2450/2171/1247 2448/2169/1247 
f 2457/2178/1220 2459/2180/1220 2458/2179/1220 2456/2177/1220 
f 2463/2184/1220 2464/2185/1220 2459/2180/1220 2457/2178/1220 
f 2467/2188/1223 2468/2189/1223 2464/2185/1223 2463/2184/1223 
f 2471/2192/1248 2472/2193/1248 2468/2189/1248 2467/2188/1248 
f 2448/2169/1225 2450/2171/1225 2476/2197/1225 2475/2196/1225 
f 2475/2196/1249 2476/2197/1249 2472/2193/1249 2471/2192/1249 
f 2481/2202/1220 2483/2204/1220 2482/2203/1220 2480/2201/1220 
f 2480/2201/1220 2482/2203/1220 2488/2209/1220 2487/2208/1220 
f 2493/2214/1220 2495/2216/1220 2494/2215/1220 2492/2213/1220 
f 2492/2213/1250 2494/2215/1250 2500/2221/1250 2499/2220/1250 
f 2487/2208/1220 2488/2209/1220 2495/2216/1220 2493/2214/1220 
f 2499/2220/1247 2500/2221/1247 2504/2225/1247 2503/2224/1247 
f 2507/2228/1247 2508/2229/1247 2451/2172/1247 2449/2170/1247 
f 2503/2224/1247 2504/2225/1247 2512/2233/1247 2511/2232/1247 
f 2515/2236/1247 2516/2237/1247 2508/2229/1247 2507/2228/1247 
f 2511/2232/1247 2512/2233/1247 2520/2241/1247 2519/2240/1247 
f 2519/2240/1247 2520/2241/1247 2516/2237/1247 2515/2236/1247 
f 2456/2177/1251 2458/2179/1251 2524/2245/1251 2523/2244/1251 
f 2527/2249/1252 2528/2250/1252 2483/2204/1252 2481/2202/1252 
s 1
f 2528/2250/1274 2538/2261/1275 2537/2260/1275 2445/2166/1275 
s 2
f 2527/2249/1292 2539/2262/1296 2538/2261/2781 2528/2250/2780 
s 1
f 2442/2163/1269 2535/2258/2784 2540/2263/2783 2524/2245/2782 
s 2
f 2524/2245/1284 2540/2263/2787 2541/2264/2786 2523/2244/2785 
s 1
f 2523/2244/1288 2541/2264/2790 2542/2265/2789 2522/2243/2788 
s 2
f 2522/2243/1287 2542/2265/2788 1146/1263/1291 1123/1238/1290 
s 1
f 1147/1264/1292 2543/2266/1277 2526/2248/1292 1128/1244/1292 
s 4
f 2193/2270/1292 2545/2269/1292 2544/2268/1277 2196/2267/1277 
f 2544/2268/1277 2546/2272/1277 2195/2271/1277 2196/2267/1277 
s 2
f 2548/2274/2792 2547/2273/2791 2530/2253/2765 2531/2254/2766 
s 1
f 2549/2275/2793 2548/2274/1278 2531/2254/2778 2536/2259/2779 
s 2
f 2549/2275/1275 2536/2259/1275 2537/2260/1275 2550/2276/1275 
s 1
f 2550/2276/1275 2537/2260/1275 2538/2261/1275 2551/2277/1275 
s 2
f 2551/2277/2794 2538/2261/2781 2539/2262/1296 2552/2278/1308 
s 1
f 1158/1278/1292 2553/2279/1277 2543/2266/1277 1147/1264/1292 
s 4
f 2526/2248/1292 2554/2280/1292 2539/2262/1292 2527/2249/1292 
f 2526/2248/1292 2543/2266/1277 2554/2280/1292 
f 2554/2280/1292 2555/2281/1277 2552/2278/1292 2539/2262/1292 
f 2554/2280/1292 2543/2266/1277 2553/2279/1277 2555/2281/1277 
s 2
f 2557/2283/2796 2556/2282/2795 2547/2273/2791 2548/2274/2792 
s 1
f 2558/2284/2798 2557/2283/2797 2548/2274/1278 2549/2275/2793 
s 2
f 2558/2284/1275 2549/2275/1275 2550/2276/1275 2559/2285/1275 
s 1
f 2559/2285/1275 2550/2276/1275 2551/2277/1275 2560/2286/1275 
s 2
f 2560/2286/2800 2551/2277/2794 2552/2278/1308 2561/2287/2799 
s 1
f 1168/1288/1292 2562/2288/1277 2553/2279/1277 1158/1278/1292 
s 4
f 2530/2253/2803 2054/2290/2802 2055/2289/1292 2394/2251/2801 
s 1
f 2054/2290/2805 2530/2253/2804 2547/2273/2804 2179/2291/1297 
f 2179/2291/1297 2547/2273/2804 2180/2292/2806 
s 4
f 2555/2281/1277 2563/2293/1277 2561/2287/1292 2552/2278/1292 
f 2555/2281/1277 2553/2279/1277 2562/2288/1277 2563/2293/1277 
s 2
f 2565/2295/2808 2564/2294/2807 2556/2282/2795 2557/2283/2796 
s 1
f 2566/2296/2810 2565/2295/2809 2557/2283/2797 2558/2284/2798 
s 2
f 2567/2297/2811 2566/2296/1275 2558/2284/1275 2559/2285/1275 
s 1
f 2567/2297/1275 2559/2285/1275 2560/2286/1275 2568/2298/1275 
s 2
f 2568/2298/2813 2560/2286/2800 2561/2287/2799 2545/2269/2812 
s 1
f 1176/1300/1292 2546/2272/1277 2562/2288/1277 1168/1288/1292 
s 4
f 2563/2293/1277 2544/2268/1277 2545/2269/1292 2561/2287/1292 
f 2563/2293/1277 2562/2288/1277 2546/2272/1277 2544/2268/1277 
s 2
f 2202/2300/2815 2203/2299/2814 2564/2294/2807 2565/2295/2808 
s 1
f 2201/2301/2817 2202/2300/2816 2565/2295/2809 2566/2296/2810 
s 2
f 2197/2302/2811 2201/2301/2811 2566/2296/1275 2567/2297/2811 
s 1
f 2197/2302/2811 2567/2297/1275 2568/2298/1275 2194/2303/2811 
s 2
f 2194/2303/2819 2568/2298/2813 2545/2269/2812 2193/2270/2818 
s 1
f 775/1306/1277 2195/2271/1277 2546/2272/1277 1176/1300/1292 
s 4
f 2556/2282/2823 2181/2304/2822 2180/2292/2821 2547/2273/2820 
s 8
f 2181/2304/2827 2556/2282/2826 2564/2294/2825 2182/2305/2824 
f 2182/2305/2824 2564/2294/2825 2210/2306/2828 
s 4
f 2207/2308/1277 2210/2306/2831 2564/2294/2830 2206/2307/2829 
f 2206/2307/2829 2564/2294/2830 2203/2299/2832 
s 2
f 2570/2310/2834 2532/2255/2768 2533/2256/2769 2569/2309/2833 
s 1
f 2571/2311/2836 2534/2257/2771 2532/2255/2772 2570/2310/2835 
s 2
f 2571/2311/2838 2572/2312/2837 2535/2258/2774 2534/2257/2775 
s 1
f 2573/2313/2840 2540/2263/2783 2535/2258/2784 2572/2312/2839 
s 2
f 2574/2314/2842 2541/2264/2786 2540/2263/2787 2573/2313/2841 
s 1
f 2575/2315/2844 2542/2265/2789 2541/2264/2790 2574/2314/2843 
s 2
f 1184/1319/1290 1146/1263/1291 2542/2265/2788 2575/2315/2789 
f 2577/2317/2846 2570/2310/2834 2569/2309/2833 2576/2316/2845 
s 1
f 2578/2318/2848 2571/2311/2836 2570/2310/2835 2577/2317/2847 
s 2
f 2578/2318/2850 2579/2319/2849 2572/2312/2837 2571/2311/2838 
s 1
f 2580/2320/2852 2573/2313/2840 2572/2312/2839 2579/2319/2851 
s 2
f 2581/2321/2854 2574/2314/2842 2573/2313/2841 2580/2320/2853 
s 1
f 2582/2322/2856 2575/2315/2844 2574/2314/2843 2581/2321/2855 
s 2
f 1192/1327/1290 1184/1319/1290 2575/2315/2789 2582/2322/2844 
s 4
f 1485/2324/1363 1482/2323/2859 2533/2256/2858 2343/2247/2857 
s 1
f 2569/2309/2863 2533/2256/2862 1560/2326/2861 1561/2325/2860 
f 1560/2326/2861 2533/2256/2862 1482/2323/2861 
s 2
f 1618/2328/2865 2577/2317/2846 2576/2316/2845 1607/2327/2864 
s 1
f 1614/2329/2867 2578/2318/2848 2577/2317/2847 1618/2328/2866 
s 2
f 1615/2330/2869 2579/2319/2849 2578/2318/2850 1614/2329/2868 
s 1
f 1699/2331/2871 2580/2320/2852 2579/2319/2851 1615/2330/2870 
s 2
f 1610/2332/2873 2581/2321/2854 2580/2320/2853 1699/2331/2872 
s 1
f 1611/2333/2874 2582/2322/2856 2581/2321/2855 1610/2332/2874 
s 2
f 315/1339/1382 1192/1327/1290 2582/2322/2844 1611/2333/2875 
s 4
f 1561/2325/2879 1562/2334/2878 2576/2316/2877 2569/2309/2876 
s 1
f 1607/2327/2883 2576/2316/2882 1601/2336/2881 1606/2335/2880 
f 1601/2336/2881 2576/2316/2882 1562/2334/2884 
s 4
f 2586/2337/2888 2585/1345/2887 2584/1346/2886 2583/1343/2885 
s 122
f 2590/1348/2892 2589/2338/2891 2588/1350/2890 2587/1347/2889 
s 4
f 2589/2338/2890 2592/1351/2890 2591/1352/2893 2588/1350/2893 
s 122
f 2591/1352/2893 2592/1351/2893 2584/1346/2893 2585/1345/2893 
s off
f 2583/2340/2894 2594/2340/2894 2593/2339/2894 2586/2339/2894 
f 2586/2339/2895 2593/2339/2895 2595/2341/2895 2585/2341/2895 
f 2597/2342/2896 2596/2343/2896 2584/2343/2896 2592/2342/2896 
f 2599/2344/2897 2598/2345/2897 2587/2345/2897 2588/2344/2897 
f 2595/2341/2898 2600/1360/2898 2591/1360/2898 2585/2341/2898 
f 2584/2343/2899 2596/2343/2899 2594/2340/2899 2583/2340/2899 
f 2602/2347/2900 2601/2346/2900 2598/2345/2900 2599/2344/2900 
s 1
f 2591/1360/2901 2600/1360/2901 2599/2344/2901 2588/2344/2901 
s 2
f 2600/1360/2905 2603/2348/2904 2602/2347/2903 2599/2344/2902 
s off
f 2604/2349/2906 2603/2348/2906 2600/1360/2906 2595/2341/2906 
f 2593/2339/2907 2605/2350/2907 2604/2349/2907 2595/2341/2907 
f 2607/2352/2908 2606/2351/2908 2601/2346/2908 2602/2347/2908 
f 2608/2353/2909 2607/2352/2909 2602/2347/2909 2603/2348/2909 
f 2609/2354/2910 2608/2353/2910 2603/2348/2910 2604/2349/2910 
f 2605/2350/2911 2610/2355/2911 2609/2354/2911 2604/2349/2911 
s 1
f 2593/2339/2915 2594/2340/2914 2610/2355/2913 2605/2350/2912 
f 2596/2343/2919 2597/2342/2918 2608/2353/2917 2609/2354/2916 
s 2
f 2594/2340/2923 2596/2343/2922 2609/2354/2921 2610/2355/2920 
s 128
f 2611/1371/2926 2597/2342/2924 2592/2342/2925 2589/1371/2924 
s 4
f 2607/2352/2930 2608/2353/2929 2597/2342/2928 2611/1371/2927 
s off
f 2613/2358/2931 2612/2357/2931 2589/1371/2931 2590/2356/2931 
f 2612/2357/2932 2614/2357/2932 2611/1371/2932 2589/1371/2932 
f 2614/2357/2933 2615/2359/2933 2607/2352/2933 2611/1371/2933 
f 2615/2359/2934 2616/2360/2934 2606/2351/2934 2607/2352/2934 
f 2616/2360/2935 2618/2362/2935 2617/2361/2935 2606/2351/2935 
f 2618/2362/2936 2613/2358/2936 2590/2356/2936 2617/2361/2936 
s 1
f 2617/2361/2940 2598/2345/2939 2601/2346/2938 2606/2351/2937 
s 4
f 2590/2356/2944 2587/2345/2943 2598/2345/2942 2617/2361/2941 
s 8
f 2622/2366/1557 2621/2365/1557 2620/2364/1556 2619/2363/2945 
f 2624/2368/1558 2623/2367/1558 2621/2365/1557 2622/2366/1557 
f 2626/2370/2946 2625/2369/2946 2623/2367/1558 2624/2368/1558 
f 2628/2372/2947 2627/2371/2947 2625/2369/2946 2626/2370/2946 
f 2630/2374/2948 2629/2373/2948 2627/2371/2947 2628/2372/2947 
f 2632/2376/1250 2631/2375/1246 2629/2373/2948 2630/2374/2948 
f 2634/2378/2949 2633/2377/2949 2631/2375/1246 2632/2376/1250 
f 2636/2380/1559 2635/2379/1559 2633/2377/2949 2634/2378/2949 
f 2638/2382/1560 2637/2381/1560 2635/2379/1559 2636/2380/1559 
f 2640/2384/2950 2639/2383/2950 2637/2381/1560 2638/2382/1560 
f 2642/2386/2951 2641/2385/2951 2639/2383/2950 2640/2384/2950 
f 2644/2388/2952 2643/2387/2952 2641/2385/2951 2642/2386/2951 
f 2646/2390/1562 2645/2389/1562 2643/2387/2952 2644/2388/2952 
f 2648/2392/1563 2647/2391/1563 2645/2389/1562 2646/2390/1562 
f 2650/2394/1564 2649/2393/1564 2647/2391/1563 2648/2392/1563 
f 2652/2396/1565 2651/2395/1565 2649/2393/1564 2650/2394/1564 
f 2654/2400/1566 2653/2399/1566 2651/2398/1565 2652/2397/1565 
f 2656/2402/1471 2655/2401/1470 2653/2399/1566 2654/2400/1566 
f 2658/2404/2953 2657/2403/2953 2655/2401/1470 2656/2402/1471 
f 2660/2406/2954 2659/2405/2954 2657/2403/2953 2658/2404/2953 
f 2662/2408/2955 2661/2407/2955 2659/2405/2954 2660/2406/2954 
f 2664/2410/2956 2663/2409/2956 2661/2407/2955 2662/2408/2955 
f 2666/2412/2957 2665/2411/2957 2663/2409/2956 2664/2410/2956 
f 2619/2363/2945 2620/2364/1556 2665/2411/2957 2666/2412/2957 
s 1
f 2670/1443/1481 2669/1442/1481 2668/1441/1481 2667/1439/1481 
f 2670/1443/1481 2671/1444/1481 2669/1442/1481 
f 2674/1447/1483 2673/1446/1480 2672/1445/1480 2670/1443/1481 
f 2674/1447/1483 2675/1554/1482 2673/1446/1480 
f 2676/1431/1481 2674/1447/1483 2670/1443/1481 2667/1439/1481 
f 2679/1551/1481 2678/1450/1482 2677/1449/1483 2674/1447/1483 
f 2679/1551/1481 2680/1451/1482 2678/1450/1482 
f 2676/1431/1481 2682/1429/1481 2681/1452/1481 2679/1551/1481 
f 2676/1431/1481 2683/1430/1481 2682/1429/1481 
f 2676/1431/1481 2679/1551/1481 2674/1447/1483 
f 2686/1435/1480 2685/1434/1480 2684/1552/1480 2676/1431/1481 
f 2686/1435/1480 2687/1436/1482 2685/1434/1480 
f 2688/1438/1482 2686/1435/1480 2676/1431/1481 2667/1439/1481 
f 2688/1438/1482 2689/1437/1483 2686/1435/1480 
f 2688/1438/1482 2667/1439/1481 2690/1440/1482 
f 2694/1471/1479 2693/1474/1477 2692/1475/1478 2691/1456/1477 
f 2694/1471/1479 2695/1473/1477 2693/1474/1477 
f 2698/1467/1477 2697/1470/22 2696/1472/1479 2694/1471/1479 
f 2698/1467/1477 2699/1469/22 2697/1470/22 
f 2700/1459/1477 2698/1467/1477 2694/1471/1479 2691/1456/1477 
f 2703/1463/1478 2702/1466/22 2701/1468/22 2698/1467/1477 
f 2703/1463/1478 2704/1465/22 2702/1466/22 
f 2700/1459/1477 2706/1462/1478 2705/1464/1478 2703/1463/1478 
f 2700/1459/1477 2707/1461/1477 2706/1462/1478 
f 2700/1459/1477 2703/1463/1478 2698/1467/1477 
f 2710/1455/1477 2709/1458/1479 2708/1460/1479 2700/1459/1477 
f 2710/1455/1477 2711/1457/22 2709/1458/1479 
f 2712/1453/22 2710/1455/1477 2700/1459/1477 2691/1456/1477 
f 2712/1453/22 2713/1454/1479 2710/1455/1477 
f 2712/1453/22 2691/1456/1477 2714/1476/1477 
s off
f 2619/1490/2958 2716/1465/2958 2715/1463/2958 2622/1491/2958 
f 2666/1489/2959 2717/1466/2959 2716/1465/2959 2619/1490/2959 
f 2664/1488/2960 2718/1468/2960 2717/1466/2960 2666/1489/2960 
f 2662/1563/2961 2719/1467/2961 2718/1468/2961 2664/1488/2961 
f 2660/1486/2962 2720/1469/2962 2719/1467/2962 2662/1563/2962 
f 2658/1485/2963 2721/1470/2963 2720/1469/2963 2660/1486/2963 
f 2656/1484/2964 2722/1472/2964 2721/1470/2964 2658/1485/2964 
f 2654/1483/2965 2723/1558/2965 2722/1472/2965 2656/1484/2965 
f 2652/1482/2966 2724/1473/2966 2723/1558/2966 2654/1483/2966 
f 2650/1481/2967 2725/1474/2967 2724/1473/2967 2652/1482/2967 
f 2648/1480/2968 2726/1475/2968 2725/1474/2968 2650/1481/2968 
f 2646/1560/2969 2727/1456/2969 2726/1475/2969 2648/1480/2969 
f 2644/1478/2970 2728/1476/2970 2727/1456/2970 2646/1560/2970 
f 2642/1559/2971 2729/1453/2971 2728/1476/2971 2644/1478/2971 
f 2640/1500/2972 2730/1454/2972 2729/1453/2972 2642/1559/2972 
f 2638/1499/2973 2731/1455/2973 2730/1454/2973 2640/1500/2973 
f 2636/1498/2974 2732/1457/2974 2731/1455/2974 2638/1499/2974 
f 2634/1497/2975 2733/2413/2975 2732/1457/2975 2636/1498/2975 
f 2632/1496/2976 2734/1460/2976 2733/2413/2976 2634/1497/2976 
f 2630/1495/2977 2735/1459/2977 2734/1460/2977 2632/1496/2977 
f 2628/1494/2978 2736/1461/2978 2735/1459/2978 2630/1495/2978 
f 2626/2414/2979 2737/1462/2979 2736/1461/2979 2628/1494/2979 
f 2624/1492/2980 2738/1464/2980 2737/1462/2980 2626/2414/2980 
f 2622/1491/2981 2715/1463/2981 2738/1464/2981 2624/1492/2981 
f 2621/1477/2982 2712/1453/2982 2714/1476/2982 2620/1478/2982 
f 2623/1500/2983 2713/1454/2983 2712/1453/2983 2621/1477/2983 
f 2625/1499/2984 2710/1455/2984 2713/1454/2984 2623/1500/2984 
f 2627/1498/2985 2711/1457/2985 2710/1455/2985 2625/1499/2985 
f 2629/1497/2986 2709/1458/2986 2711/1457/2986 2627/1498/2986 
f 2631/1496/2987 2708/1460/2987 2709/1458/2987 2629/1497/2987 
f 2633/1495/2988 2700/1459/2988 2708/1460/2988 2631/1496/2988 
f 2635/1494/2989 2707/1461/2989 2700/1459/2989 2633/1495/2989 
f 2637/1493/2990 2706/1462/2990 2707/1461/2990 2635/1494/2990 
f 2639/1492/2991 2705/1464/2991 2706/1462/2991 2637/1493/2991 
f 2641/1491/2992 2703/1463/2992 2705/1464/2992 2639/1492/2992 
f 2643/1490/2993 2704/1465/2993 2703/1463/2993 2641/1491/2993 
f 2645/1489/2994 2702/1466/2994 2704/1465/2994 2643/1490/2994 
f 2647/1488/2995 2701/1468/2995 2702/1466/2995 2645/1489/2995 
f 2649/1487/2996 2698/1467/2996 2701/1468/2996 2647/1488/2996 
f 2651/1486/2997 2699/1469/2997 2698/1467/2997 2649/1487/2997 
f 2653/1485/2998 2697/1470/2998 2699/1469/2998 2651/1486/2998 
f 2655/1484/2999 2696/1472/2999 2697/1470/2999 2653/1485/2999 
f 2657/1483/3000 2694/1471/3000 2696/1472/3000 2655/1484/3000 
f 2659/1482/3001 2695/1473/3001 2694/1471/3001 2657/1483/3001 
f 2661/1481/3002 2693/1474/3002 2695/1473/3002 2659/1482/3002 
f 2663/1480/3003 2692/1475/3003 2693/1474/3003 2661/1481/3003 
f 2665/1479/3004 2691/1456/3004 2692/1475/3004 2663/1480/3004 
f 2620/1478/3005 2714/1476/3005 2691/1456/3005 2665/1479/3005 
f 2716/1465/3006 2667/1439/3006 2668/1441/3006 2715/1463/3006 
f 2717/1466/3007 2690/1440/3007 2667/1439/3007 2716/1465/3007 
f 2718/1468/3008 2688/1438/3008 2690/1440/3008 2717/1466/3008 
f 2719/1467/3009 2689/1437/3009 2688/1438/3009 2718/1468/3009 
f 2720/1469/3010 2686/1435/3010 2689/1437/3010 2719/1467/3010 
f 2721/1470/3011 2687/1436/3011 2686/1435/3011 2720/1469/3011 
f 2722/1472/3012 2685/1434/3012 2687/1436/3012 2721/1470/3012 
f 2723/1558/3013 2684/1552/3013 2685/1434/3013 2722/1472/3013 
f 2724/1473/3014 2676/1431/3014 2684/1552/3014 2723/1558/3014 
f 2725/1474/3015 2683/1430/3015 2676/1431/3015 2724/1473/3015 
f 2726/1475/3016 2682/1429/3016 2683/1430/3016 2725/1474/3016 
f 2727/1456/3017 2681/1452/3017 2682/1429/3017 2726/1475/3017 
f 2728/1476/3018 2679/1551/3018 2681/1452/3018 2727/1456/3018 
f 2729/1453/3019 2680/1451/3019 2679/1551/3019 2728/1476/3019 
f 2730/1454/3020 2678/1450/3020 2680/1451/3020 2729/1453/3020 
f 2731/1455/3021 2677/1449/3021 2678/1450/3021 2730/1454/3021 
f 2732/1457/3022 2674/1447/3022 2677/1449/3022 2731/1455/3022 
f 2733/2413/3023 2675/1554/3023 2674/1447/3023 2732/1457/3023 
f 2734/1460/3024 2673/1446/3024 2675/1554/3024 2733/2413/3024 
f 2735/1459/3025 2672/1445/3025 2673/1446/3025 2734/1460/3025 
f 2736/1461/3026 2670/1443/3026 2672/1445/3026 2735/1459/3026 
f 2737/1462/3027 2671/1444/3027 2670/1443/3027 2736/1461/3027 
f 2738/1464/3028 2669/1442/3028 2671/1444/3028 2737/1462/3028 
f 2715/1463/3029 2668/1441/3029 2669/1442/3029 2738/1464/3029 
s 8
f 2742/1381/1453 2741/1502/1453 2740/1501/1454 2739/1382/1454 
f 2744/1384/1455 2743/1505/1455 2741/1502/1453 2742/1381/1453 
f 2746/1386/1456 2745/1507/1456 2743/1505/1455 2744/1384/1455 
f 2748/1388/1457 2747/1509/1457 2745/1507/1456 2746/1386/1456 
f 2750/1390/1458 2749/1511/1458 2747/1509/1457 2748/1388/1457 
f 2752/2415/1250 2751/1513/1220 2749/1511/1458 2750/1390/1458 
f 2754/1394/2949 2753/1515/2949 2751/1513/1220 2752/2415/1250 
f 2756/2417/1559 2755/2416/1559 2753/1515/2949 2754/1394/2949 
f 2758/2419/1560 2757/2418/1560 2755/2416/1559 2756/2417/1559 
f 2760/1400/2950 2759/1521/2950 2757/2418/1560 2758/2419/1560 
f 2762/2421/2951 2761/2420/2951 2759/1521/2950 2760/1400/2950 
f 2764/1404/3030 2763/1525/2952 2761/2420/2951 2762/2421/2951 
f 2766/2422/1465 2765/1527/1465 2763/1525/2952 2764/1404/3030 
f 2768/1408/1563 2767/1529/1466 2765/1527/1465 2766/2422/1465 
f 2770/2423/1564 2769/1531/1564 2767/1529/1466 2768/1408/1563 
f 2772/2424/1565 2771/1533/1565 2769/1531/1564 2770/2423/1564 
f 2774/1415/1566 2773/1536/1566 2771/1535/1565 2772/1416/1565 
f 2776/2425/1470 2775/1539/1471 2773/1536/1566 2774/1415/1566 
f 2778/2427/1472 2777/2426/2953 2775/1539/1471 2776/2425/1470 
f 2780/2428/1473 2779/1543/1473 2777/2426/2953 2778/2427/1472 
f 2782/2429/2955 2781/1545/1474 2779/1543/1473 2780/2428/1473 
f 2784/2431/2956 2783/2430/2956 2781/1545/1474 2782/2429/2955 
f 2786/2432/1476 2785/1549/2957 2783/2430/2956 2784/2431/2956 
f 2739/1382/1454 2740/1501/1454 2785/1549/2957 2786/2432/1476 
s 1
f 2790/1443/1481 2789/1442/1481 2788/1441/1481 2787/1439/1481 
f 2790/1443/1481 2791/1444/1481 2789/1442/1481 
f 2794/1447/1483 2793/1446/1480 2792/1445/1480 2790/1443/1481 
f 2794/1447/1483 2795/1448/1482 2793/1446/1480 
f 2796/1431/1481 2794/1447/1483 2790/1443/1481 2787/1439/1481 
f 2799/1432/1481 2798/1450/1482 2797/1449/1483 2794/1447/1483 
f 2799/1432/1481 2800/1451/1482 2798/1450/1482 
f 2796/1431/1481 2802/1429/1481 2801/1452/1481 2799/1432/1481 
f 2796/1431/1481 2803/1430/1481 2802/1429/1481 
f 2796/1431/1481 2799/1432/1481 2794/1447/1483 
f 2806/1435/1480 2805/1553/1480 2804/1433/1480 2796/1431/1481 
f 2806/1435/1480 2807/1436/1482 2805/1553/1480 
f 2808/1438/1482 2806/1435/1480 2796/1431/1481 2787/1439/1481 
f 2808/1438/1482 2809/1437/1483 2806/1435/1480 
f 2808/1438/1482 2787/1439/1481 2810/1440/1482 
f 2814/1558/1479 2813/1474/1477 2812/1475/1478 2811/1456/1477 
f 2814/1558/1479 2815/1473/1477 2813/1474/1477 
f 2818/1467/1477 2817/1470/22 2816/1472/1479 2814/1558/1479 
f 2818/1467/1477 2819/1469/22 2817/1470/22 
f 2820/1556/1477 2818/1467/1477 2814/1558/1479 2811/1456/1477 
f 2823/1463/1478 2822/1466/22 2821/1468/22 2818/1467/1477 
f 2823/1463/1478 2824/1465/22 2822/1466/22 
f 2820/1556/1477 2826/1462/1478 2825/1464/1478 2823/1463/1478 
f 2820/1556/1477 2827/1461/1477 2826/1462/1478 
f 2820/1556/1477 2823/1463/1478 2818/1467/1477 
f 2830/1455/1477 2829/1555/1479 2828/1557/1479 2820/1556/1477 
f 2830/1455/1477 2831/1457/22 2829/1555/1479 
f 2832/1453/22 2830/1455/1477 2820/1556/1477 2811/1456/1477 
f 2832/1453/22 2833/1454/1479 2830/1455/1477 
f 2832/1453/22 2811/1456/1477 2834/1476/1477 
s off
f 2739/1490/2958 2836/1465/2958 2835/1463/2958 2742/1491/2958 
f 2786/1489/2959 2837/1466/2959 2836/1465/2959 2739/1490/2959 
f 2784/1488/2960 2838/1468/2960 2837/1466/2960 2786/1489/2960 
f 2782/1487/2961 2839/1467/2961 2838/1468/2961 2784/1488/2961 
f 2780/1486/2962 2840/1469/2962 2839/1467/2962 2782/1487/2962 
f 2778/1562/2963 2841/1470/2963 2840/1469/2963 2780/1486/2963 
f 2776/1484/2964 2842/1472/2964 2841/1470/2964 2778/1562/2964 
f 2774/1561/2965 2843/1471/2965 2842/1472/2965 2776/1484/2965 
f 2772/1482/2966 2844/1473/2966 2843/1471/2966 2774/1561/2966 
f 2770/1481/2967 2845/1474/2967 2844/1473/2967 2772/1482/2967 
f 2768/1480/2968 2846/1475/2968 2845/1474/2968 2770/1481/2968 
f 2766/1479/2969 2847/1456/2969 2846/1475/2969 2768/1480/2969 
f 2764/1478/2970 2848/1476/2970 2847/1456/2970 2766/1479/2970 
f 2762/1477/2971 2849/1453/2971 2848/1476/2971 2764/1478/2971 
f 2760/1500/2972 2850/1454/2972 2849/1453/2972 2762/1477/2972 
f 2758/1565/2973 2851/1455/2973 2850/1454/2973 2760/1500/2973 
f 2756/1498/2974 2852/1457/2974 2851/1455/2974 2758/1565/2974 
f 2754/1497/2975 2853/2433/2975 2852/1457/2975 2756/1498/2975 
f 2752/1496/2976 2854/1557/2976 2853/2433/2976 2754/1497/2976 
f 2750/1495/2977 2855/1556/2977 2854/1557/2977 2752/1496/2977 
f 2748/1494/2978 2856/1461/2978 2855/1556/2978 2750/1495/2978 
f 2746/2434/2979 2857/1462/2979 2856/1461/2979 2748/1494/2979 
f 2744/1492/2980 2858/1464/2980 2857/1462/2980 2746/2434/2980 
f 2742/1491/2981 2835/1463/2981 2858/1464/2981 2744/1492/2981 
f 2741/1559/2982 2832/1453/2982 2834/1476/2982 2740/1478/2982 
f 2743/1500/2983 2833/1454/2983 2832/1453/2983 2741/1559/2983 
f 2745/1565/3031 2830/1455/3031 2833/1454/3031 2743/1500/3031 
f 2747/1498/2985 2831/1457/2985 2830/1455/2985 2745/1565/2985 
f 2749/1497/2986 2829/1555/2986 2831/1457/2986 2747/1498/2986 
f 2751/1496/2987 2828/1557/2987 2829/1555/2987 2749/1497/2987 
f 2753/1495/2988 2820/1556/2988 2828/1557/2988 2751/1496/2988 
f 2755/1494/2989 2827/1461/2989 2820/1556/2989 2753/1495/2989 
f 2757/1564/2990 2826/1462/2990 2827/1461/2990 2755/1494/2990 
f 2759/1492/3032 2825/1464/3032 2826/1462/3032 2757/1564/3032 
f 2761/1491/2992 2823/1463/2992 2825/1464/2992 2759/1492/2992 
f 2763/1490/2993 2824/1465/2993 2823/1463/2993 2761/1491/2993 
f 2765/1489/2994 2822/1466/2994 2824/1465/2994 2763/1490/2994 
f 2767/1488/2995 2821/1468/2995 2822/1466/2995 2765/1489/2995 
f 2769/1563/2996 2818/1467/2996 2821/1468/2996 2767/1488/2996 
f 2771/1486/2997 2819/1469/2997 2818/1467/2997 2769/1563/2997 
f 2773/1562/2998 2817/1470/2998 2819/1469/2998 2771/1486/2998 
f 2775/1484/2999 2816/1472/2999 2817/1470/2999 2773/1562/2999 
f 2777/1561/3000 2814/1558/3000 2816/1472/3000 2775/1484/3000 
f 2779/1482/3001 2815/1473/3001 2814/1558/3001 2777/1561/3001 
f 2781/1481/3002 2813/1474/3002 2815/1473/3002 2779/1482/3002 
f 2783/1480/3003 2812/1475/3003 2813/1474/3003 2781/1481/3003 
f 2785/1560/3004 2811/1456/3004 2812/1475/3004 2783/1480/3004 
f 2740/1478/3005 2834/1476/3005 2811/1456/3005 2785/1560/3005 
f 2836/1465/3006 2787/1439/3006 2788/1441/3006 2835/1463/3006 
f 2837/1466/3007 2810/1440/3007 2787/1439/3007 2836/1465/3007 
f 2838/1468/3008 2808/1438/3008 2810/1440/3008 2837/1466/3008 
f 2839/1467/3009 2809/1437/3009 2808/1438/3009 2838/1468/3009 
f 2840/1469/3010 2806/1435/3010 2809/1437/3010 2839/1467/3010 
f 2841/1470/3011 2807/1436/3011 2806/1435/3011 2840/1469/3011 
f 2842/1472/3012 2805/1553/3012 2807/1436/3012 2841/1470/3012 
f 2843/1471/3013 2804/1433/3013 2805/1553/3013 2842/1472/3013 
f 2844/1473/3014 2796/1431/3014 2804/1433/3014 2843/1471/3014 
f 2845/1474/3015 2803/1430/3015 2796/1431/3015 2844/1473/3015 
f 2846/1475/3016 2802/1429/3016 2803/1430/3016 2845/1474/3016 
f 2847/1456/3017 2801/1452/3017 2802/1429/3017 2846/1475/3017 
f 2848/1476/3018 2799/1432/3018 2801/1452/3018 2847/1456/3018 
f 2849/1453/3019 2800/1451/3019 2799/1432/3019 2848/1476/3019 
f 2850/1454/3020 2798/1450/3020 2800/1451/3020 2849/1453/3020 
f 2851/1455/3021 2797/1449/3021 2798/1450/3021 2850/1454/3021 
f 2852/1457/3022 2794/1447/3022 2797/1449/3022 2851/1455/3022 
f 2853/2433/3023 2795/1448/3023 2794/1447/3023 2852/1457/3023 
f 2854/1557/3024 2793/1446/3024 2795/1448/3024 2853/2433/3024 
f 2855/1556/3025 2792/1445/3025 2793/1446/3025 2854/1557/3025 
f 2856/1461/3026 2790/1443/3026 2792/1445/3026 2855/1556/3026 
f 2857/1462/3027 2791/1444/3027 2790/1443/3027 2856/1461/3027 
f 2858/1464/3028 2789/1442/3028 2791/1444/3028 2857/1462/3028 
f 2835/1463/3029 2788/1441/3029 2789/1442/3029 2858/1464/3029 
s 1
f 2862/2438/3036 2861/2437/3035 2860/2436/3034 2859/2435/3033 
f 2861/2437/3035 2864/2440/3038 2863/2439/3037 2860/2436/3034 
s 2
f 2864/2440/3042 2866/2442/3041 2865/2441/3040 2863/2439/3039 
f 2866/2442/3041 2868/2444/3044 2867/2443/3043 2865/2441/3040 
s 1
f 2870/2446/3048 2867/2443/3047 2868/2444/3046 2869/2445/3045 
s 2
f 2872/2448/3052 2870/2446/3051 2869/2445/3050 2871/2447/3049 
s 1
f 2859/2435/3033 2860/2436/3034 2874/2450/3054 2873/2449/3053 
f 2861/2437/3035 2862/2438/3036 2876/2452/3056 2875/2451/3055 
f 2860/2436/3034 2863/2439/3037 2877/2453/3057 2874/2450/3054 
f 2864/2440/3038 2861/2437/3035 2875/2451/3055 2878/2454/3058 
s 2
f 2863/2439/3039 2865/2441/3040 2879/2455/3060 2877/2453/3059 
f 2866/2442/3041 2864/2440/3042 2878/2454/3062 2880/2456/3061 
f 2865/2441/3040 2867/2443/3043 2881/2457/3063 2879/2455/3060 
f 2868/2444/3044 2866/2442/3041 2880/2456/3061 2882/2458/3064 
s 1
f 2869/2445/3045 2868/2444/3046 2882/2458/3066 2883/2459/3065 
f 2867/2443/3047 2870/2446/3048 2884/2460/3068 2881/2457/3067 
s 2
f 2871/2447/3049 2869/2445/3050 2883/2459/3070 2885/2461/3069 
f 2870/2446/3051 2872/2448/3052 2886/2462/3072 2884/2460/3071 
s 1
f 2872/2448/3076 828/2464/3075 834/2463/3074 2886/2462/3073 
s 4
f 2871/2447/3080 831/2465/3079 828/2464/3078 2872/2448/3077 
s 1
f 850/2468/3084 855/2467/3083 856/2466/3082 2885/2461/3081 
s 4
f 850/2468/3088 853/2470/3087 854/2469/3086 855/2467/3085 
s 1
f 2875/2451/3055 2876/2452/3056 846/2472/3090 847/2471/3089 
f 2878/2454/3058 2875/2451/3055 847/2471/3089 851/2473/3091 
s 2
f 2880/2456/3061 2878/2454/3062 851/2473/3093 852/2474/3092 
f 2882/2458/3064 2880/2456/3061 852/2474/3092 848/2475/3094 
s 1
f 2883/2459/3065 2882/2458/3066 848/2475/3096 849/2476/3095 
s 2
f 2885/2461/3069 2883/2459/3070 849/2476/3098 850/2468/3097 
s 1
f 2885/2461/3081 856/2466/3082 831/2465/3100 2871/2447/3099 
f 2888/2478/3102 2887/2477/3101 2862/2438/3036 2859/2435/3033 
f 2890/2480/3104 2889/2479/3103 2887/2477/3101 2888/2478/3102 
s 2
f 2892/2482/3108 2891/2481/3107 2889/2479/3106 2890/2480/3105 
f 2894/2484/3110 2893/2483/3109 2891/2481/3107 2892/2482/3108 
s 1
f 2893/2483/3114 2894/2484/3113 2896/2486/3112 2895/2485/3111 
s 2
f 2895/2485/3118 2896/2486/3117 2898/2488/3116 2897/2487/3115 
s 1
f 2899/2489/3119 2888/2478/3102 2859/2435/3033 2873/2449/3053 
f 2876/2452/3056 2862/2438/3036 2887/2477/3101 2900/2490/3120 
f 2901/2491/3121 2890/2480/3104 2888/2478/3102 2899/2489/3119 
f 2900/2490/3120 2887/2477/3101 2889/2479/3103 2902/2492/3122 
s 2
f 2903/2493/3124 2892/2482/3108 2890/2480/3105 2901/2491/3123 
f 2902/2492/3126 2889/2479/3106 2891/2481/3107 2904/2494/3125 
f 2905/2495/3127 2894/2484/3110 2892/2482/3108 2903/2493/3124 
f 2904/2494/3125 2891/2481/3107 2893/2483/3109 2906/2496/3128 
s 1
f 2906/2496/3130 2893/2483/3114 2895/2485/3111 2907/2497/3129 
f 2908/2498/3132 2896/2486/3112 2894/2484/3113 2905/2495/3131 
s 2
f 2907/2497/3134 2895/2485/3118 2897/2487/3115 2909/2499/3133 
f 2910/2500/3136 2898/2488/3116 2896/2486/3117 2908/2498/3135 
s 1
f 2253/2502/3140 2247/2501/3139 2898/2488/3138 2910/2500/3137 
s 4
f 2247/2501/3144 2248/2503/3143 2897/2487/3142 2898/2488/3141 
s 1
f 2274/2506/3148 2273/2505/3147 2268/2504/3146 2909/2499/3145 
s 4
f 2272/2508/3152 2271/2507/3151 2268/2504/3150 2273/2505/3149 
s 1
f 846/2472/3090 2876/2452/3056 2900/2490/3120 2265/2509/3153 
f 2265/2509/3153 2900/2490/3120 2902/2492/3122 2270/2510/3154 
s 2
f 2270/2510/3156 2902/2492/3126 2904/2494/3125 2269/2511/3155 
f 2269/2511/3155 2904/2494/3125 2906/2496/3128 2267/2512/3157 
s 1
f 2267/2512/3159 2906/2496/3130 2907/2497/3129 2266/2513/3158 
s 2
f 2266/2513/3161 2907/2497/3134 2909/2499/3133 2268/2504/3160 
s 1
f 2248/2503/3163 2274/2506/3148 2909/2499/3145 2897/2487/3162 
s off
f 328/351/3164 330/353/3164 2912/2515/3164 2911/2514/3164 
f 333/356/3165 327/350/3165 2914/2517/3165 2913/2516/3165 
f 335/358/3166 339/362/3166 2916/2519/3166 2915/2518/3166 
f 327/350/3167 328/351/3167 2911/2514/3167 2914/2517/3167 
f 339/362/3168 333/356/3168 2913/2516/3168 2916/2519/3168 
f 334/357/3169 335/358/3169 2915/2518/3169 2917/2520/3169 
f 3/3/3170 334/357/3170 2917/2520/3170 2/2/3170 
f 2921/2524/3171 2920/2523/3171 2919/2522/3171 2918/2521/3171 
f 2925/2528/3172 2924/2527/3172 2923/2526/3172 2922/2525/3172 
f 2929/2532/3173 2928/2531/3173 2927/2530/3173 2926/2529/3173 
f 2922/2525/3174 2923/2526/3174 2931/2534/3174 2930/2533/3174 
f 2918/2521/3175 2919/2522/3175 2924/2527/3175 2925/2528/3175 
f 2926/2529/3176 2927/2530/3176 343/374/3176 340/371/3176 
f 2928/2531/3177 2929/2532/3177 2920/2523/3177 2921/2524/3177 
f 2933/2536/3178 2932/2535/3178 2931/2534/3178 2923/2526/3178 
f 2935/2538/3179 2934/2537/3179 2924/2527/3179 2919/2522/3179 
f 2937/2540/3180 2936/2539/3180 2920/2523/3180 2929/2532/3180 
f 2934/2537/3181 2933/2536/3181 2923/2526/3181 2924/2527/3181 
f 2936/2539/3179 2935/2538/3179 2919/2522/3179 2920/2523/3179 
f 2938/2541/3180 2937/2540/3180 2929/2532/3180 2926/2529/3180 
f 346/379/3182 2938/2541/3182 2926/2529/3182 340/371/3182 
f 2933/2536/3183 2940/2543/3183 2939/2542/3183 2932/2535/3183 
f 2942/2545/3184 2941/2544/3184 2934/2537/3184 2935/2538/3184 
f 2944/2547/3185 2943/2546/3185 2936/2539/3185 2937/2540/3185 
f 2934/2537/3186 2941/2544/3186 2940/2543/3186 2933/2536/3186 
f 2943/2546/3184 2942/2545/3184 2935/2538/3184 2936/2539/3184 
f 2945/2548/3185 2944/2547/3185 2937/2540/3185 2938/2541/3185 
f 349/383/3187 2945/2548/3187 2938/2541/3187 346/379/3187 
f 2948/2551/3188 2947/2550/3188 2946/2549/3188 
f 2941/2544/3189 2942/2545/3189 2950/2553/3189 2949/2552/3189 
f 2943/2546/3190 2944/2547/3190 2952/2555/3190 2951/2554/3190 
f 2940/2543/3191 2941/2544/3191 2949/2552/3191 2953/2556/3191 
f 2942/2545/3189 2943/2546/3189 2951/2554/3189 2950/2553/3189 
f 2944/2547/3190 2945/2548/3190 2954/2557/3190 2952/2555/3190 
f 2945/2548/3192 349/383/3192 352/387/3192 2954/2557/3192 
f 2947/2550/3193 2953/2556/3193 2911/2514/3193 2912/2515/3193 
f 2949/2552/3194 2950/2553/3194 2913/2516/3194 2914/2517/3194 
f 2951/2554/3195 2952/2555/3195 2915/2518/3195 2916/2519/3195 
f 2953/2556/3196 2949/2552/3196 2914/2517/3196 2911/2514/3196 
f 2950/2553/3197 2951/2554/3197 2916/2519/3197 2913/2516/3197 
f 2952/2555/3198 2954/2557/3198 2917/2520/3198 2915/2518/3198 
f 2954/2557/3199 352/387/3199 2/2/3199 2917/2520/3199 
f 2956/2561/3200 2955/2560/3200 2879/2559/3200 2881/2558/3200 
f 2958/2563/3201 2957/2562/3201 2955/2560/3201 2956/2561/3201 
f 2958/2563/3202 2921/2524/3202 2918/2521/3202 2957/2562/3202 
f 2877/2567/3203 2960/2566/3203 2959/2565/3203 2874/2564/3203 
f 2884/2571/3204 2886/2570/3204 2962/2569/3204 2961/2568/3204 
f 2960/2566/3205 2964/2573/3205 2963/2572/3205 2959/2565/3205 
f 2961/2568/3206 2962/2569/3206 2966/2575/3206 2965/2574/3206 
f 2964/2573/3207 2925/2528/3207 2922/2525/3207 2963/2572/3207 
f 2928/2531/3208 2965/2574/3208 2966/2575/3208 2927/2530/3208 
f 2959/2565/3209 2967/2577/3209 2873/2576/3209 2874/2564/3209 
f 2963/2572/3210 2968/2578/3210 2967/2577/3210 2959/2565/3210 
f 2963/2572/3211 2922/2525/3211 2930/2533/3211 2968/2578/3211 
f 2955/2560/3212 2960/2566/3212 2877/2567/3212 2879/2559/3212 
f 2957/2562/3213 2964/2573/3213 2960/2566/3213 2955/2560/3213 
f 2957/2562/3214 2918/2521/3214 2925/2528/3214 2964/2573/3214 
f 2886/2570/3215 834/925/3215 843/919/3215 2962/2569/3215 
f 2961/2568/3216 2956/2561/3216 2881/2558/3216 2884/2571/3216 
f 2962/2569/3217 843/919/3217 840/916/3217 2966/2575/3217 
f 2965/2574/3218 2958/2563/3218 2956/2561/3218 2961/2568/3218 
f 2927/2530/3219 2966/2575/3219 840/916/3219 343/374/3219 
f 2928/2531/3220 2921/2524/3220 2958/2563/3220 2965/2574/3220 
f 2939/2542/3221 2940/2543/3221 2953/2556/3221 2948/2551/3221 
f 2953/2556/3221 2947/2550/3221 2948/2551/3221 
f 2946/2549/3222 2939/2542/3222 2948/2551/3222 
f 2912/2515/3223 330/353/3223 1774/1765/3223 2969/2579/3223 
f 2971/2581/3224 1775/1766/3224 1777/1768/3224 2970/2580/3224 
f 2973/2583/3225 1783/1774/3225 1781/1772/3225 2972/2582/3225 
f 2969/2579/3226 1774/1765/3226 1775/1766/3226 2971/2581/3226 
f 2970/2580/3227 1777/1768/3227 1783/1774/3227 2973/2583/3227 
f 2972/2582/3228 1781/1772/3228 1778/1769/3228 2974/2584/3228 
f 2974/2584/3229 1778/1769/3229 1471/1568/3229 1472/1569/3229 
f 2978/2588/3230 2977/2587/3230 2976/2586/3230 2975/2585/3230 
f 2982/2592/3231 2981/2591/3231 2980/2590/3231 2979/2589/3231 
f 2986/2596/3232 2985/2595/3232 2984/2594/3232 2983/2593/3232 
f 2931/2534/3233 2982/2592/3233 2979/2589/3233 2930/2533/3233 
f 2981/2591/3234 2978/2588/3234 2975/2585/3234 2980/2590/3234 
f 1785/1783/3235 2986/2596/3235 2983/2593/3235 1784/1782/3235 
f 2977/2587/3236 2984/2594/3236 2985/2595/3236 2976/2586/3236 
f 2931/2534/3237 2932/2535/3237 2987/2597/3237 2982/2592/3237 
f 2981/2591/3238 2989/2599/3238 2988/2598/3238 2978/2588/3238 
f 2977/2587/3239 2991/2601/3239 2990/2600/3239 2984/2594/3239 
f 2982/2592/3240 2987/2597/3240 2989/2599/3240 2981/2591/3240 
f 2978/2588/3238 2988/2598/3238 2991/2601/3238 2977/2587/3238 
f 2984/2594/3239 2990/2600/3239 2992/2602/3239 2983/2593/3239 
f 2983/2593/3241 2992/2602/3241 1791/1787/3241 1784/1782/3241 
f 2939/2542/3242 2993/2603/3242 2987/2597/3242 2932/2535/3242 
f 2989/2599/3243 2995/2605/3243 2994/2604/3243 2988/2598/3243 
f 2991/2601/3244 2997/2607/3244 2996/2606/3244 2990/2600/3244 
f 2993/2603/3245 2995/2605/3245 2989/2599/3245 2987/2597/3245 
f 2988/2598/3243 2994/2604/3243 2997/2607/3243 2991/2601/3243 
f 2990/2600/3244 2996/2606/3244 2998/2608/3244 2992/2602/3244 
f 2992/2602/3246 2998/2608/3246 1794/1789/3246 1791/1787/3246 
f 2947/2550/3247 2999/2609/3247 2946/2549/3247 
f 3001/2611/3248 2994/2604/3248 2995/2605/3248 3000/2610/3248 
f 3003/2613/3249 2996/2606/3249 2997/2607/3249 3002/2612/3249 
f 3000/2610/3250 2995/2605/3250 2993/2603/3250 3004/2614/3250 
f 3002/2612/3248 2997/2607/3248 2994/2604/3248 3001/2611/3248 
f 3005/2615/3249 2998/2608/3249 2996/2606/3249 3003/2613/3249 
f 1796/1790/3251 1794/1789/3251 2998/2608/3251 3005/2615/3251 
f 2969/2579/3252 3004/2614/3252 2947/2550/3252 2912/2515/3252 
f 2970/2580/3253 3001/2611/3253 3000/2610/3253 2971/2581/3253 
f 2972/2582/3254 3003/2613/3254 3002/2612/3254 2973/2583/3254 
f 2971/2581/3255 3000/2610/3255 3004/2614/3255 2969/2579/3255 
f 2973/2583/3256 3002/2612/3256 3001/2611/3256 2970/2580/3256 
f 2974/2584/3257 3005/2615/3257 3003/2613/3257 2972/2582/3257 
f 1472/1569/3258 1796/1790/3258 3005/2615/3258 2974/2584/3258 
f 2903/2619/3259 3007/2618/3259 3006/2617/3259 2905/2616/3259 
f 3007/2618/3260 3009/2621/3260 3008/2620/3260 3006/2617/3260 
f 2975/2585/3261 2976/2586/3261 3008/2620/3261 3009/2621/3261 
f 3011/2625/3262 3010/2624/3262 2901/2623/3262 2899/2622/3262 
f 3013/2629/3263 2910/2628/3263 2908/2627/3263 3012/2626/3263 
f 3015/2631/3264 3014/2630/3264 3010/2624/3264 3011/2625/3264 
f 3017/2633/3265 3013/2629/3265 3012/2626/3265 3016/2632/3265 
f 2979/2589/3266 2980/2590/3266 3014/2630/3266 3015/2631/3266 
f 3017/2633/3267 3016/2632/3267 2985/2595/3267 2986/2596/3267 
f 2873/2576/3268 2967/2577/3268 3011/2625/3268 2899/2622/3268 
f 2967/2577/3269 2968/2578/3269 3015/2631/3269 3011/2625/3269 
f 2930/2533/3270 2979/2589/3270 3015/2631/3270 2968/2578/3270 
f 2901/2623/3271 3010/2624/3271 3007/2618/3271 2903/2619/3271 
f 3010/2624/3272 3014/2630/3272 3009/2621/3272 3007/2618/3272 
f 2980/2590/3273 2975/2585/3273 3009/2621/3273 3014/2630/3273 
f 2260/2061/3274 2253/2065/3274 2910/2628/3274 3013/2629/3274 
f 2905/2616/3275 3006/2617/3275 3012/2626/3275 2908/2627/3275 
f 2259/2060/3276 2260/2061/3276 3013/2629/3276 3017/2633/3276 
f 3006/2617/3277 3008/2620/3277 3016/2632/3277 3012/2626/3277 
f 2259/2060/3278 3017/2633/3278 2986/2596/3278 1785/1783/3278 
f 3008/2620/3279 2976/2586/3279 2985/2595/3279 3016/2632/3279 
f 3004/2614/3280 2993/2603/3280 2939/2542/3280 2999/2609/3280 
f 2947/2550/3280 3004/2614/3280 2999/2609/3280 
f 2939/2542/3281 2946/2549/3281 2999/2609/3281 
f 312/326/3282 3018/2634/3282 11/14/3282 12/15/3282 
f 3020/2638/3283 3019/2637/3283 11/2636/3283 3018/2635/3283 
f 3024/2642/3284 3023/2641/3284 3022/2640/3284 3021/2639/3284 
f 3028/2646/3285 3027/2645/3285 3026/2644/3285 3025/2643/3285 
f 3030/2648/3286 3029/2647/3286 3027/2645/3286 3028/2646/3286 
f 3021/2639/3287 3022/2640/3287 3029/2647/3287 3030/2648/3287 
f 3023/2641/3288 3024/2642/3288 3032/2650/3288 3031/2649/3288 
f 3034/2654/3289 3033/2653/3289 3020/2652/3289 3018/2651/3289 
f 3036/2658/3290 3035/2657/3290 3026/2656/3290 3027/2655/3290 
f 3037/2660/3291 3036/2658/3291 3027/2655/3291 3029/2659/3291 
f 3038/2662/3292 3037/2660/3292 3029/2659/3292 3022/2661/3292 
f 3039/2664/3293 3038/2662/3293 3022/2661/3293 3023/2663/3293 
f 3033/2653/3294 3040/2666/3294 3031/2665/3294 3020/2652/3294 
f 304/2667/3295 3034/2654/3295 3018/2651/3295 312/335/3295 
f 3024/2642/3296 3041/2642/3296 323/2668/3296 3032/2650/3296 
f 3043/2643/3297 3042/2646/3297 3028/2646/3297 3025/2643/3297 
f 3044/2639/3298 3041/2642/3298 3024/2642/3298 3021/2639/3298 
f 3045/2648/3299 3044/2639/3299 3021/2639/3299 3030/2648/3299 
f 3042/2646/3300 3045/2648/3300 3030/2648/3300 3028/2646/3300 
s 1
f 3035/2657/3304 3036/2658/3303 3042/2670/3302 3043/2669/3301 
s 2
f 3036/2658/3308 3037/2660/3307 3045/2671/3306 3042/2670/3305 
s 1
f 3037/2660/3312 3038/2662/3311 3044/2672/3310 3045/2671/3309 
s 2
f 3038/2662/3316 3039/2664/3315 3041/2673/3314 3044/2672/3313 
s off
f 3046/2674/3317 3040/2666/3317 3033/2653/3317 305/333/3317 
f 3033/2653/3318 3034/2654/3318 304/2667/3318 305/333/3318 
f 3031/2649/3319 3032/2650/3319 3019/2637/3319 3020/2638/3319 
f 3040/2666/3320 3039/2664/3320 3023/2663/3320 3031/2665/3320 
f 3046/2674/3321 3039/2664/3321 3040/2666/3321 
s 1
f 3039/2664/3325 3046/2674/3324 323/2675/3323 3041/2673/3322 
f 11/2636/3329 3019/2637/3328 3032/2650/3327 323/2668/3326 
s off
f 3046/2674/3330 323/2675/3330 3032/2676/3330 323/2675/3330 
f 305/333/3331 323/2675/3331 3046/2674/3331 
f 1481/14/3332 3047/2634/3332 1765/326/3332 1480/15/3332 
f 1481/2680/3333 3049/2679/3333 3048/2678/3333 3047/2677/3333 
f 3053/2684/3334 3052/2683/3334 3051/2682/3334 3050/2681/3334 
f 3026/2644/3335 3055/2686/3335 3054/2685/3335 3025/2643/3335 
f 3055/2686/3336 3057/2688/3336 3056/2687/3336 3054/2685/3336 
f 3057/2688/3337 3053/2684/3337 3050/2681/3337 3056/2687/3337 
f 3059/2690/3338 3051/2682/3338 3052/2683/3338 3058/2689/3338 
f 3048/2694/3339 3061/2693/3339 3060/2692/3339 3047/2691/3339 
f 3026/2656/3340 3035/2657/3340 3062/2696/3340 3055/2695/3340 
f 3055/2695/3341 3062/2696/3341 3063/2698/3341 3057/2697/3341 
f 3057/2697/3342 3063/2698/3342 3064/2700/3342 3053/2699/3342 
f 3053/2699/3343 3064/2700/3343 3065/2702/3343 3052/2701/3343 
f 3058/2704/3344 3066/2703/3344 3061/2693/3344 3048/2694/3344 
f 3047/2691/3345 3060/2692/3345 1758/2705/3345 1765/1755/3345 
f 1770/2706/3346 3067/2682/3346 3051/2682/3346 3059/2690/3346 
f 3054/2685/3347 3068/2685/3347 3043/2643/3347 3025/2643/3347 
f 3051/2682/3348 3067/2682/3348 3069/2681/3348 3050/2681/3348 
f 3050/2681/3349 3069/2681/3349 3070/2687/3349 3056/2687/3349 
f 3056/2687/3350 3070/2687/3350 3068/2685/3350 3054/2685/3350 
s 1
f 3068/2707/3352 3062/2696/3351 3035/2657/3304 3043/2669/3301 
s 2
f 3070/2708/3356 3063/2698/3355 3062/2696/3354 3068/2707/3353 
s 1
f 3069/2709/3360 3064/2700/3359 3063/2698/3358 3070/2708/3357 
s 2
f 3067/2710/3364 3065/2702/3363 3064/2700/3362 3069/2709/3361 
s off
f 3061/2693/3365 3066/2703/3365 3071/2711/3365 1759/1754/3365 
f 1758/2705/3366 3060/2692/3366 3061/2693/3366 1759/1754/3366 
f 3049/2679/3367 3059/2690/3367 3058/2689/3367 3048/2678/3367 
f 3052/2701/3368 3065/2702/3368 3066/2703/3368 3058/2704/3368 
f 3065/2702/3369 3071/2711/3369 3066/2703/3369 
s 1
f 1770/2712/3373 3071/2711/3372 3065/2702/3371 3067/2710/3370 
f 3059/2690/3377 3049/2679/3376 1481/2680/3375 1770/2706/3374 
s off
f 1770/2712/3378 1770/2712/3378 1759/1754/3378 3071/2711/3378 
f 1770/2712/3379 3059/2713/3379 1770/2712/3379 
# 2976 polygons - 160 triangles

