solid OpenSCAD_Model
  facet normal -0 0 -1
    outer loop
      vertex 26.2475 8.04013 0
      vertex 24.8007 6.35264 0
      vertex 25.6013 8.54652 0
    endloop
  endfacet
  facet normal 0 0 -1
    outer loop
      vertex 28.7998 4.86461 0
      vertex 27.108 3.25403 0
      vertex 26.826 3.84243 0
    endloop
  endfacet
  facet normal 0 0 -1
    outer loop
      vertex 25.7251 5.44363 0
      vertex 25.2805 5.91543 0
      vertex 26.8522 7.48719 0
    endloop
  endfacet
  facet normal 0 0 -1
    outer loop
      vertex 30 5.19039e-06 0
      vertex 27.779 5.19039e-06 0
      vertex 29.9643 0.867769 0
    endloop
  endfacet
  facet normal 0 0 -1
    outer loop
      vertex 29.9643 -0.867761 0
      vertex 27.7507 -0.685137 0
      vertex 27.779 5.19039e-06 0
    endloop
  endfacet
  facet normal -0 0 -1
    outer loop
      vertex 29.6874 2.54313 0
      vertex 27.5308 2.00828 0
      vertex 29.4517 3.34524 0
    endloop
  endfacet
  facet normal 0 0 -1
    outer loop
      vertex 29.1549 4.11998 0
      vertex 27.3436 2.64192 0
      vertex 27.108 3.25403 0
    endloop
  endfacet
  facet normal -0 0 -1
    outer loop
      vertex 25.6013 8.54652 0
      vertex 24.2881 6.75308 0
      vertex 24.9163 9.00359 0
    endloop
  endfacet
  facet normal 0 0 -1
    outer loop
      vertex 29.4517 -3.34524 0
      vertex 27.3436 -2.64191 0
      vertex 27.5308 -2.00827 0
    endloop
  endfacet
  facet normal 0 0 -1
    outer loop
      vertex 24.2881 6.75308 0
      vertex 23.7448 7.11456 0
      vertex 24.9163 9.00359 0
    endloop
  endfacet
  facet normal -0 0 -1
    outer loop
      vertex 24.9163 9.00359 0
      vertex 23.7448 7.11456 0
      vertex 24.1953 9.40862 0
    endloop
  endfacet
  facet normal -0 0 -1
    outer loop
      vertex 29.4517 -3.34524 0
      vertex 29.1549 -4.11998 0
      vertex 27.3436 -2.64191 0
    endloop
  endfacet
  facet normal 0 0 -1
    outer loop
      vertex 23.4412 9.75887 0
      vertex 23.1732 7.43491 0
      vertex 22.5753 7.71196 0
    endloop
  endfacet
  facet normal 0 0 -1
    outer loop
      vertex 28.3892 -5.57639 0
      vertex 26.5001 -4.40494 0
      vertex 26.826 -3.84242 0
    endloop
  endfacet
  facet normal 0 0 -1
    outer loop
      vertex 9.09333 3.42152 0
      vertex 11.2156 2.68509 0
      vertex 11.1228 2.40164 0
    endloop
  endfacet
  facet normal -0 0 -1
    outer loop
      vertex 28.3892 -5.57639 0
      vertex 27.9258 -6.25257 0
      vertex 26.5001 -4.40494 0
    endloop
  endfacet
  facet normal 0 0 -1
    outer loop
      vertex 11.2156 2.68509 0
      vertex 9.09333 3.42152 0
      vertex 9.22551 3.77563 0
    endloop
  endfacet
  facet normal 0 0 -1
    outer loop
      vertex 25.7251 -5.44362 0
      vertex 26.1324 -4.9394 0
      vertex 27.4126 -6.89042 0
    endloop
  endfacet
  facet normal -0 0 -1
    outer loop
      vertex 26.8522 -7.48719 0
      vertex 26.2475 -8.04013 0
      vertex 25.2805 -5.91543 0
    endloop
  endfacet
  facet normal 0 0 -1
    outer loop
      vertex 11.0402 2.114 0
      vertex 8.97376 3.06151 0
      vertex 11.1228 2.40164 0
    endloop
  endfacet
  facet normal 0 0 -1
    outer loop
      vertex 11.1228 2.40164 0
      vertex 8.97376 3.06151 0
      vertex 9.09333 3.42152 0
    endloop
  endfacet
  facet normal 0 0 -1
    outer loop
      vertex 24.2881 -6.75307 0
      vertex 24.8007 -6.35263 0
      vertex 25.6013 -8.54651 0
    endloop
  endfacet
  facet normal 0 -0 -1
    outer loop
      vertex 15.2279 6.06787 0
      vertex 15.4417 5.76219 0
      vertex 13.5627 4.53431 0
    endloop
  endfacet
  facet normal -0 0 -1
    outer loop
      vertex 24.9163 -9.00359 0
      vertex 24.1953 -9.40862 0
      vertex 23.7448 -7.11455 0
    endloop
  endfacet
  facet normal -0 0 -1
    outer loop
      vertex 11.0402 2.114 0
      vertex 10.9679 1.82235 0
      vertex 8.8671 2.69586 0
    endloop
  endfacet
  facet normal 0 0 -1
    outer loop
      vertex 22.5753 -7.71194 0
      vertex 23.1732 -7.4349 0
      vertex 23.4412 -9.75886 0
    endloop
  endfacet
  facet normal 0 -0 -1
    outer loop
      vertex 8.77367 2.32483 0
      vertex 10.9062 1.52691 0
      vertex 8.69377 1.94868 0
    endloop
  endfacet
  facet normal -0 0 -1
    outer loop
      vertex 22.6568 -10.0516 0
      vertex 21.8447 -10.284 0
      vertex 21.9534 -7.9435 0
    endloop
  endfacet
  facet normal 0 0 -1
    outer loop
      vertex 10.8552 1.22789 0
      vertex 8.69377 1.94868 0
      vertex 10.9062 1.52691 0
    endloop
  endfacet
  facet normal 0 0 -1
    outer loop
      vertex 20.6468 -8.26144 0
      vertex 21.3099 -8.12739 0
      vertex 21.0079 -10.4534 0
    endloop
  endfacet
  facet normal -0 0 -1
    outer loop
      vertex 20.1491 -10.5571 0
      vertex 19.2711 -10.5923 0
      vertex 19.9665 -8.34346 0
    endloop
  endfacet
  facet normal 0 0 -1
    outer loop
      vertex 10.8552 1.22789 0
      vertex 10.8152 0.925478 0
      vertex 8.57578 1.18202 0
    endloop
  endfacet
  facet normal -0 0 -1
    outer loop
      vertex 10.7864 0.619891 0
      vertex 8.51561 0.39794 0
      vertex 8.53832 0.792033 0
    endloop
  endfacet
  facet normal 0 0 -1
    outer loop
      vertex 14.142 3.50816 0
      vertex 14.0106 3.77274 0
      vertex 16.0153 4.80005 0
    endloop
  endfacet
  facet normal 0 -0 -1
    outer loop
      vertex 8.51561 0.39794 0
      vertex 10.769 0.311333 0
      vertex 8.50797 5.19039e-06 0
    endloop
  endfacet
  facet normal -0 0 -1
    outer loop
      vertex 19.0105 -8.36746 0
      vertex 18.9087 -10.5864 0
      vertex 18.7515 -8.35602 0
    endloop
  endfacet
  facet normal 0 0 -1
    outer loop
      vertex 8.51537 -0.397929 0
      vertex 8.50797 5.19039e-06 0
      vertex 10.769 -0.31132 0
    endloop
  endfacet
  facet normal 0 0 -1
    outer loop
      vertex 10.7864 -0.619881 0
      vertex 8.51537 -0.397929 0
      vertex 10.769 -0.31132 0
    endloop
  endfacet
  facet normal 0 0 -1
    outer loop
      vertex 18.4944 -8.33704 0
      vertex 18.7515 -8.35602 0
      vertex 18.5497 -10.5689 0
    endloop
  endfacet
  facet normal 0 -0 -1
    outer loop
      vertex 18.4944 -8.33704 0
      vertex 18.5497 -10.5689 0
      vertex 18.194 -10.54 0
    endloop
  endfacet
  facet normal 0 0 -1
    outer loop
      vertex 18.194 -10.54 0
      vertex 17.842 -10.4999 0
      vertex 18.2392 -8.31061 0
    endloop
  endfacet
  facet normal 0 0 -1
    outer loop
      vertex 17.735 -8.23567 0
      vertex 17.4938 -10.4486 0
      vertex 17.1495 -10.3865 0
    endloop
  endfacet
  facet normal 0 0 -1
    outer loop
      vertex 16.1424 -10.1366 0
      vertex 16.9964 -8.06927 0
      vertex 16.4736 -10.2303 0
    endloop
  endfacet
  facet normal -0 0 -1
    outer loop
      vertex 10.8552 -1.22788 0
      vertex 8.62442 -1.56765 0
      vertex 8.57382 -1.18201 0
    endloop
  endfacet
  facet normal 0 0 -1
    outer loop
      vertex 14.4791 2.68509 0
      vertex 16.6128 3.42152 0
      vertex 14.5719 2.40164 0
    endloop
  endfacet
  facet normal 0 0 -1
    outer loop
      vertex 8.62442 -1.56765 0
      vertex 10.9062 -1.5269 0
      vertex 8.68896 -1.94867 0
    endloop
  endfacet
  facet normal 0 0 -1
    outer loop
      vertex 8.68896 -1.94867 0
      vertex 10.9062 -1.5269 0
      vertex 10.9679 -1.82234 0
    endloop
  endfacet
  facet normal 0 0 -1
    outer loop
      vertex 8.76721 -2.32482 0
      vertex 8.68896 -1.94867 0
      vertex 10.9679 -1.82234 0
    endloop
  endfacet
  facet normal -0 0 -1
    outer loop
      vertex 11.0402 -2.11399 0
      vertex 8.85894 -2.69585 0
      vertex 10.9679 -1.82234 0
    endloop
  endfacet
  facet normal 0 0 -1
    outer loop
      vertex -4.31 -0.79202 0
      vertex -4.33202 -0.397929 0
      vertex -2.06099 -0.619881 0
    endloop
  endfacet
  facet normal 0 0 -1
    outer loop
      vertex -2.06099 -0.619881 0
      vertex -4.33202 -0.397929 0
      vertex -2.07843 -0.31132 0
    endloop
  endfacet
  facet normal 0 0 -1
    outer loop
      vertex 6.06136 -10.5864 0
      vertex 5.70229 -10.5689 0
      vertex 5.89585 -8.35509 0
    endloop
  endfacet
  facet normal -0 0 -1
    outer loop
      vertex 5.89585 -8.35509 0
      vertex 5.70229 -10.5689 0
      vertex 5.63591 -8.33508 0
    endloop
  endfacet
  facet normal 0 0 -1
    outer loop
      vertex -2.03217 -0.925468 0
      vertex -4.31 -0.79202 0
      vertex -2.06099 -0.619881 0
    endloop
  endfacet
  facet normal -0 -0 -1
    outer loop
      vertex -2.08429 5.19039e-06 0
      vertex -2.07843 -0.31132 0
      vertex -4.33942 5.19039e-06 0
    endloop
  endfacet
  facet normal 0 0 -1
    outer loop
      vertex 5.70229 -10.5689 0
      vertex 5.34665 -10.54 0
      vertex 5.63591 -8.33508 0
    endloop
  endfacet
  facet normal 0 0 -1
    outer loop
      vertex 6.06136 -10.5864 0
      vertex 5.89585 -8.35509 0
      vertex 6.15846 -8.36722 0
    endloop
  endfacet
  facet normal 0 0 -1
    outer loop
      vertex 1.52904 2.96413 0
      vertex 3.63468 3.77563 0
      vertex 1.63177 2.68509 0
    endloop
  endfacet
  facet normal 0 0 -1
    outer loop
      vertex 1.29457 3.50816 0
      vertex 3.1679 4.80005 0
      vertex 3.33567 4.46515 0
    endloop
  endfacet
  facet normal 0 0 -1
    outer loop
      vertex 5.34665 -10.54 0
      vertex 5.37868 -8.30733 0
      vertex 5.63591 -8.33508 0
    endloop
  endfacet
  facet normal 0 -0 -1
    outer loop
      vertex -4.33178 0.39794 0
      vertex -2.07843 0.311333 0
      vertex -4.33942 5.19039e-06 0
    endloop
  endfacet
  facet normal 0 -0 -1
    outer loop
      vertex 4.13507 -8.05785 0
      vertex 4.37795 -8.122 0
      vertex 3.62624 -10.2303 0
    endloop
  endfacet
  facet normal 0 0 -1
    outer loop
      vertex 4.64639 -10.4486 0
      vertex 5.12422 -8.27199 0
      vertex 4.99462 -10.4999 0
    endloop
  endfacet
  facet normal 0 0 -1
    outer loop
      vertex 4.64639 -10.4486 0
      vertex 4.30213 -10.3865 0
      vertex 4.87257 -8.22922 0
    endloop
  endfacet
  facet normal -0 0 -1
    outer loop
      vertex 4.87257 -8.22922 0
      vertex 4.30213 -10.3865 0
      vertex 4.6238 -8.17917 0
    endloop
  endfacet
  facet normal 0 0 -1
    outer loop
      vertex 4.6238 -8.17917 0
      vertex 4.30213 -10.3865 0
      vertex 3.96202 -10.3137 0
    endloop
  endfacet
  facet normal 0 -0 -1
    outer loop
      vertex 4.37795 -8.122 0
      vertex 4.6238 -8.17917 0
      vertex 3.96202 -10.3137 0
    endloop
  endfacet
  facet normal -0 0 -1
    outer loop
      vertex 5.12422 -8.27199 0
      vertex 4.64639 -10.4486 0
      vertex 4.87257 -8.22922 0
    endloop
  endfacet
  facet normal 0 0 -1
    outer loop
      vertex 3.96202 -10.3137 0
      vertex 3.62624 -10.2303 0
      vertex 4.37795 -8.122 0
    endloop
  endfacet
  facet normal -0 0 -1
    outer loop
      vertex 4.13507 -8.05785 0
      vertex 3.29497 -10.1366 0
      vertex 3.89521 -7.98689 0
    endloop
  endfacet
  facet normal 0 0 -1
    outer loop
      vertex 4.99462 -10.4999 0
      vertex 5.12422 -8.27199 0
      vertex 5.37868 -8.30733 0
    endloop
  endfacet
  facet normal 0 0 -1
    outer loop
      vertex 3.29497 -10.1366 0
      vertex 4.13507 -8.05785 0
      vertex 3.62624 -10.2303 0
    endloop
  endfacet
  facet normal 0 0 -1
    outer loop
      vertex 3.89521 -7.98689 0
      vertex 3.29497 -10.1366 0
      vertex 2.96839 -10.0327 0
    endloop
  endfacet
  facet normal 0 0 -1
    outer loop
      vertex -4.27357 -1.18201 0
      vertex -1.99217 -1.22788 0
      vertex -4.22297 -1.56765 0
    endloop
  endfacet
  facet normal 0 0 -1
    outer loop
      vertex 5.37868 -8.30733 0
      vertex 5.34665 -10.54 0
      vertex 4.99462 -10.4999 0
    endloop
  endfacet
  facet normal 0 0 -1
    outer loop
      vertex -4.33178 0.39794 0
      vertex -2.06099 0.619891 0
      vertex -2.07843 0.311333 0
    endloop
  endfacet
  facet normal 0 0 -1
    outer loop
      vertex 1.63177 2.68509 0
      vertex 3.76546 3.42152 0
      vertex 1.72455 2.40164 0
    endloop
  endfacet
  facet normal 0 0 -1
    outer loop
      vertex 6.42369 -10.5923 0
      vertex 6.06136 -10.5864 0
      vertex 6.15846 -8.36722 0
    endloop
  endfacet
  facet normal 0 0 -1
    outer loop
      vertex -4.15843 -1.94867 0
      vertex -4.22297 -1.56765 0
      vertex -1.94121 -1.5269 0
    endloop
  endfacet
  facet normal 0 0 -1
    outer loop
      vertex -1.87948 -1.82234 0
      vertex -4.08018 -2.32482 0
      vertex -4.15843 -1.94867 0
    endloop
  endfacet
  facet normal 0 0 -1
    outer loop
      vertex 1.80719 2.114 0
      vertex 3.98844 2.69586 0
      vertex 1.87947 1.82235 0
    endloop
  endfacet
  facet normal 0 0 -1
    outer loop
      vertex -4.33178 0.39794 0
      vertex -4.30907 0.792033 0
      vertex -2.06099 0.619891 0
    endloop
  endfacet
  facet normal -0 0 -1
    outer loop
      vertex -1.8072 -2.11399 0
      vertex -3.98845 -2.69585 0
      vertex -1.87948 -1.82234 0
    endloop
  endfacet
  facet normal 0 0 -1
    outer loop
      vertex 1.87947 1.82235 0
      vertex 4.08017 2.32483 0
      vertex 4.15842 1.94868 0
    endloop
  endfacet
  facet normal 0 0 -1
    outer loop
      vertex -1.99217 1.22789 0
      vertex -2.03217 0.925478 0
      vertex -4.27161 1.18202 0
    endloop
  endfacet
  facet normal 0 0 -1
    outer loop
      vertex -2.52247 -7.4266 0
      vertex -2.30521 -7.31223 0
      vertex -1.43135 -9.36699 0
    endloop
  endfacet
  facet normal 0 0 -1
    outer loop
      vertex -4.6238 -8.17917 0
      vertex -3.98534 -10.3137 0
      vertex -4.32366 -10.3865 0
    endloop
  endfacet
  facet normal 0 0 -1
    outer loop
      vertex -5.12422 -8.27199 0
      vertex -4.87257 -8.22922 0
      vertex -4.66561 -10.4486 0
    endloop
  endfacet
  facet normal 0 0 -1
    outer loop
      vertex -6.42369 -10.5923 0
      vertex -6.68429 -8.36722 0
      vertex -6.42369 -8.37129 0
    endloop
  endfacet
  facet normal 0 0 -1
    outer loop
      vertex -17.1526 5.19039e-06 0
      vertex -17.1452 0.39794 0
      vertex -14.9258 0.311333 0
    endloop
  endfacet
  facet normal 0 0 -1
    outer loop
      vertex -7.13586 -10.5689 0
      vertex -7.20036 -8.33508 0
      vertex -6.94322 -8.35509 0
    endloop
  endfacet
  facet normal 0 0 -1
    outer loop
      vertex -7.48766 -10.54 0
      vertex -7.83636 -10.4999 0
      vertex -7.45558 -8.30733 0
    endloop
  endfacet
  facet normal 0 0 -1
    outer loop
      vertex -11.5528 3.50816 0
      vertex -11.6841 3.77274 0
      vertex -9.5385 4.46515 0
    endloop
  endfacet
  facet normal -0 0 -1
    outer loop
      vertex -7.20036 -8.33508 0
      vertex -7.48766 -10.54 0
      vertex -7.45558 -8.30733 0
    endloop
  endfacet
  facet normal -0 -0 -1
    outer loop
      vertex -14.9317 5.19039e-06 0
      vertex -14.9258 -0.31132 0
      vertex -17.1526 5.19039e-06 0
    endloop
  endfacet
  facet normal 0 0 -1
    outer loop
      vertex -7.83636 -10.4999 0
      vertex -7.70875 -8.27199 0
      vertex -7.45558 -8.30733 0
    endloop
  endfacet
  facet normal 0 0 -1
    outer loop
      vertex -7.48766 -10.54 0
      vertex -7.20036 -8.33508 0
      vertex -7.13586 -10.5689 0
    endloop
  endfacet
  facet normal 0 0 -1
    outer loop
      vertex -7.70875 -8.27199 0
      vertex -7.83636 -10.4999 0
      vertex -8.18177 -10.4486 0
    endloop
  endfacet
  facet normal -0 0 -1
    outer loop
      vertex -9.5385 4.46515 0
      vertex -11.6841 3.77274 0
      vertex -9.70426 4.80005 0
    endloop
  endfacet
  facet normal 0 0 -1
    outer loop
      vertex -14.9084 -0.619881 0
      vertex -17.1452 -0.397929 0
      vertex -14.9258 -0.31132 0
    endloop
  endfacet
  facet normal 0 0 -1
    outer loop
      vertex -14.8795 0.925478 0
      vertex -14.9084 0.619891 0
      vertex -17.1232 0.792033 0
    endloop
  endfacet
  facet normal 0 -0 -1
    outer loop
      vertex -8.45467 -8.122 0
      vertex -8.20842 -8.17917 0
      vertex -8.86204 -10.3137 0
    endloop
  endfacet
  facet normal 0 0 -1
    outer loop
      vertex -8.52373 -10.3865 0
      vertex -8.86204 -10.3137 0
      vertex -8.20842 -8.17917 0
    endloop
  endfacet
  facet normal 0 0 -1
    outer loop
      vertex -17.0869 -1.18201 0
      vertex -14.8795 -0.925468 0
      vertex -14.8395 -1.22788 0
    endloop
  endfacet
  facet normal -0 0 -1
    outer loop
      vertex -7.95974 -8.22922 0
      vertex -8.52373 -10.3865 0
      vertex -8.20842 -8.17917 0
    endloop
  endfacet
  facet normal -0 0 -1
    outer loop
      vertex -14.7886 -1.5269 0
      vertex -17.0364 -1.56765 0
      vertex -14.8395 -1.22788 0
    endloop
  endfacet
  facet normal 0 0 -1
    outer loop
      vertex -11.3183 2.96413 0
      vertex -9.2426 3.77563 0
      vertex -9.11297 3.42152 0
    endloop
  endfacet
  facet normal 0 0 -1
    outer loop
      vertex -11.2156 2.68509 0
      vertex -9.11297 3.42152 0
      vertex -8.9959 3.06151 0
    endloop
  endfacet
  facet normal 0 0 -1
    outer loop
      vertex -7.95974 -8.22922 0
      vertex -8.18177 -10.4486 0
      vertex -8.52373 -10.3865 0
    endloop
  endfacet
  facet normal 0 0 -1
    outer loop
      vertex -8.86204 -10.3137 0
      vertex -9.19654 -10.2303 0
      vertex -8.45467 -8.122 0
    endloop
  endfacet
  facet normal 0 0 -1
    outer loop
      vertex -16.9722 -1.94867 0
      vertex -14.7886 -1.5269 0
      vertex -14.7269 -1.82234 0
    endloop
  endfacet
  facet normal 0 0 -1
    outer loop
      vertex -8.18177 -10.4486 0
      vertex -7.95974 -8.22922 0
      vertex -7.70875 -8.27199 0
    endloop
  endfacet
  facet normal 0 0 -1
    outer loop
      vertex -9.19654 -10.2303 0
      vertex -8.69836 -8.05785 0
      vertex -8.45467 -8.122 0
    endloop
  endfacet
  facet normal 0 -0 -1
    outer loop
      vertex -14.9084 -0.619881 0
      vertex -14.8795 -0.925468 0
      vertex -17.1232 -0.79202 0
    endloop
  endfacet
  facet normal 0 0 -1
    outer loop
      vertex -16.8943 -2.32482 0
      vertex -16.9722 -1.94867 0
      vertex -14.7269 -1.82234 0
    endloop
  endfacet
  facet normal 0 0 -1
    outer loop
      vertex -16.8031 -2.69585 0
      vertex -16.8943 -2.32482 0
      vertex -14.6546 -2.11399 0
    endloop
  endfacet
  facet normal 0 0 -1
    outer loop
      vertex -8.69836 -8.05785 0
      vertex -9.19654 -10.2303 0
      vertex -9.52704 -10.1366 0
    endloop
  endfacet
  facet normal 0 -0 -1
    outer loop
      vertex -8.93935 -7.98689 0
      vertex -8.69836 -8.05785 0
      vertex -9.52704 -10.1366 0
    endloop
  endfacet
  facet normal 0 0 -1
    outer loop
      vertex -16.8943 -2.32482 0
      vertex -14.7269 -1.82234 0
      vertex -14.6546 -2.11399 0
    endloop
  endfacet
  facet normal 0 0 -1
    outer loop
      vertex -9.85336 -10.0327 0
      vertex -8.93935 -7.98689 0
      vertex -9.52704 -10.1366 0
    endloop
  endfacet
  facet normal 0 -0 -1
    outer loop
      vertex -6.94322 -8.35509 0
      vertex -6.78115 -10.5864 0
      vertex -7.13586 -10.5689 0
    endloop
  endfacet
  facet normal 0 0 -1
    outer loop
      vertex -15.8158 10.0327 0
      vertex -16.282 7.83991 0
      vertex -16.5172 7.92323 0
    endloop
  endfacet
  facet normal 0 -0 -1
    outer loop
      vertex -26.8522 7.48719 0
      vertex -25.7251 5.44363 0
      vertex -27.4126 6.89042 0
    endloop
  endfacet
  facet normal -0 0 -1
    outer loop
      vertex -17.4938 10.4486 0
      vertex -17.986 8.2768 0
      vertex -17.842 10.4999 0
    endloop
  endfacet
  facet normal 0 0 -1
    outer loop
      vertex -17.2401 8.13185 0
      vertex -16.4736 10.2303 0
      vertex -16.9964 8.06928 0
    endloop
  endfacet
  facet normal 0 0 -1
    outer loop
      vertex -16.9964 8.06928 0
      vertex -16.4736 10.2303 0
      vertex -16.1424 10.1366 0
    endloop
  endfacet
  facet normal -0 0 -1
    outer loop
      vertex -16.8094 10.3137 0
      vertex -17.4863 8.18734 0
      vertex -17.1495 10.3865 0
    endloop
  endfacet
  facet normal 0 0 -1
    outer loop
      vertex -17.4938 10.4486 0
      vertex -17.735 8.23569 0
      vertex -17.986 8.2768 0
    endloop
  endfacet
  facet normal -0 0 -1
    outer loop
      vertex -17.842 10.4999 0
      vertex -18.2392 8.31062 0
      vertex -18.194 10.54 0
    endloop
  endfacet
  facet normal 0 0 -1
    outer loop
      vertex -18.194 10.54 0
      vertex -18.2392 8.31062 0
      vertex -18.4944 8.33705 0
    endloop
  endfacet
  facet normal 0 -0 -1
    outer loop
      vertex -18.5497 10.5689 0
      vertex -18.4944 8.33705 0
      vertex -18.7515 8.35603 0
    endloop
  endfacet
  facet normal 0 0 -1
    outer loop
      vertex -18.9088 10.5864 0
      vertex -18.5497 10.5689 0
      vertex -18.7515 8.35603 0
    endloop
  endfacet
  facet normal 0 0 -1
    outer loop
      vertex -16.7426 -7.98689 0
      vertex -16.5058 -7.90927 0
      vertex -15.8414 -10.0327 0
    endloop
  endfacet
  facet normal 0 -0 -1
    outer loop
      vertex -17.72 -8.22922 0
      vertex -17.513 -10.4486 0
      vertex -17.9716 -8.27199 0
    endloop
  endfacet
  facet normal 0 0 -1
    outer loop
      vertex -23.4412 9.75887 0
      vertex -22.5753 7.71196 0
      vertex -23.1732 7.43491 0
    endloop
  endfacet
  facet normal 0 0 -1
    outer loop
      vertex -21.3099 -8.12739 0
      vertex -20.6468 -8.26144 0
      vertex -21.0079 -10.4534 0
    endloop
  endfacet
  facet normal 0 -0 -1
    outer loop
      vertex -27.4126 6.89042 0
      vertex -26.1324 4.93941 0
      vertex -27.9258 6.25257 0
    endloop
  endfacet
  facet normal 0 0 -1
    outer loop
      vertex -22.6568 -10.0516 0
      vertex -22.5753 -7.71194 0
      vertex -21.9534 -7.9435 0
    endloop
  endfacet
  facet normal 0 0 -1
    outer loop
      vertex -29.4517 3.34524 0
      vertex -27.3436 2.64192 0
      vertex -27.5308 2.00828 0
    endloop
  endfacet
  facet normal 0 -0 -1
    outer loop
      vertex -26.5001 -4.40494 0
      vertex -26.1324 -4.9394 0
      vertex -27.9258 -6.25257 0
    endloop
  endfacet
  facet normal 0 0 -1
    outer loop
      vertex -15.9905 -4.80004 0
      vertex -14.0106 -3.77274 0
      vertex -13.8702 -4.03209 0
    endloop
  endfacet
  facet normal 0 0 -1
    outer loop
      vertex -10.8152 0.925478 0
      vertex -8.60788 1.18202 0
      vertex -8.57153 0.792033 0
    endloop
  endfacet
  facet normal 0 0 -1
    outer loop
      vertex -29.1549 -4.11998 0
      vertex -27.108 -3.25402 0
      vertex -28.7998 -4.86461 0
    endloop
  endfacet
  facet normal 0 0 -1
    outer loop
      vertex -29.8592 1.71639 0
      vertex -27.6672 1.3553 0
      vertex -27.7507 0.685147 0
    endloop
  endfacet
  facet normal 0 -0 -1
    outer loop
      vertex -26.1324 -4.9394 0
      vertex -25.7251 -5.44362 0
      vertex -27.4126 -6.89042 0
    endloop
  endfacet
  facet normal 0 0 -1
    outer loop
      vertex -29.8592 -1.71638 0
      vertex -27.6672 -1.35529 0
      vertex -29.6874 -2.54312 0
    endloop
  endfacet
  facet normal 0 0 -1
    outer loop
      vertex -29.9643 -0.867761 0
      vertex -27.7507 -0.685137 0
      vertex -29.8592 -1.71638 0
    endloop
  endfacet
  facet normal 0 0 -1
    outer loop
      vertex -29.9643 -0.867761 0
      vertex -27.779 5.19039e-06 0
      vertex -27.7507 -0.685137 0
    endloop
  endfacet
  facet normal 0 0 -1
    outer loop
      vertex -30 5.19039e-06 0
      vertex -29.9643 0.867769 0
      vertex -27.779 5.19039e-06 0
    endloop
  endfacet
  facet normal 0 0 -1
    outer loop
      vertex -29.4517 -3.34524 0
      vertex -27.5308 -2.00827 0
      vertex -27.3436 -2.64191 0
    endloop
  endfacet
  facet normal 0 0 -1
    outer loop
      vertex -28.7998 -4.86461 0
      vertex -26.8261 -3.84242 0
      vertex -28.3892 -5.57639 0
    endloop
  endfacet
  facet normal 0 0 -1
    outer loop
      vertex -29.6874 2.54313 0
      vertex -27.5308 2.00828 0
      vertex -27.6672 1.3553 0
    endloop
  endfacet
  facet normal 0 -0 -1
    outer loop
      vertex -24.8007 -6.35263 0
      vertex -24.2881 -6.75307 0
      vertex -25.6013 -8.54651 0
    endloop
  endfacet
  facet normal 0 -0 -1
    outer loop
      vertex -24.2881 -6.75307 0
      vertex -23.7448 -7.11455 0
      vertex -24.9163 -9.00359 0
    endloop
  endfacet
  facet normal 0 0 -1
    outer loop
      vertex -24.9163 -9.00359 0
      vertex -23.7448 -7.11455 0
      vertex -24.1953 -9.40862 0
    endloop
  endfacet
  facet normal 0 0 -1
    outer loop
      vertex -29.4517 3.34524 0
      vertex -29.1549 4.11998 0
      vertex -27.3436 2.64192 0
    endloop
  endfacet
  facet normal 0 0 -1
    outer loop
      vertex -15.9905 -4.80004 0
      vertex -16.1563 -4.46514 0
      vertex -14.0106 -3.77274 0
    endloop
  endfacet
  facet normal 0 -0 -1
    outer loop
      vertex -27.9258 6.25257 0
      vertex -26.5001 4.40495 0
      vertex -28.3892 5.57639 0
    endloop
  endfacet
  facet normal 0 0 -1
    outer loop
      vertex -22.6568 -10.0516 0
      vertex -21.9534 -7.9435 0
      vertex -21.8447 -10.284 0
    endloop
  endfacet
  facet normal 0 0 -1
    outer loop
      vertex -21.8447 -10.284 0
      vertex -21.9534 -7.9435 0
      vertex -21.3099 -8.12739 0
    endloop
  endfacet
  facet normal 0 0 -1
    outer loop
      vertex -21.0079 -10.4534 0
      vertex -21.8447 -10.284 0
      vertex -21.3099 -8.12739 0
    endloop
  endfacet
  facet normal 0 0 -1
    outer loop
      vertex -26.8522 7.48719 0
      vertex -25.2805 5.91543 0
      vertex -25.7251 5.44363 0
    endloop
  endfacet
  facet normal 0 -0 -1
    outer loop
      vertex -20.6468 -8.26144 0
      vertex -20.1491 -10.5571 0
      vertex -21.0079 -10.4534 0
    endloop
  endfacet
  facet normal 0 0 -1
    outer loop
      vertex -26.2475 8.04013 0
      vertex -24.8007 6.35264 0
      vertex -25.2805 5.91543 0
    endloop
  endfacet
  facet normal 0 0 -1
    outer loop
      vertex -20.1491 -10.5571 0
      vertex -20.6468 -8.26144 0
      vertex -19.9665 -8.34346 0
    endloop
  endfacet
  facet normal 0 0 -1
    outer loop
      vertex -19.2711 -10.5923 0
      vertex -20.1491 -10.5571 0
      vertex -19.9665 -8.34346 0
    endloop
  endfacet
  facet normal 0 0 -1
    outer loop
      vertex -19.9665 -8.34346 0
      vertex -19.2711 -8.37129 0
      vertex -19.2711 -10.5923 0
    endloop
  endfacet
  facet normal 0 0 -1
    outer loop
      vertex -18.4833 -8.33508 0
      vertex -18.5589 -10.5689 0
      vertex -18.7432 -8.35509 0
    endloop
  endfacet
  facet normal 0 0 -1
    outer loop
      vertex -22.6568 10.0516 0
      vertex -21.8447 10.284 0
      vertex -21.9534 7.94351 0
    endloop
  endfacet
  facet normal 0 0 -1
    outer loop
      vertex -18.2261 -8.30733 0
      vertex -17.8584 -10.4999 0
      vertex -18.2071 -10.54 0
    endloop
  endfacet
  facet normal 0 0 -1
    outer loop
      vertex -17.171 -10.3865 0
      vertex -17.4712 -8.17917 0
      vertex -16.8327 -10.3137 0
    endloop
  endfacet
  facet normal 0 -0 -1
    outer loop
      vertex -21.8447 10.284 0
      vertex -21.3099 8.1274 0
      vertex -21.9534 7.94351 0
    endloop
  endfacet
  facet normal 0 0 -1
    outer loop
      vertex -16.4982 -10.2303 0
      vertex -16.9825 -8.05785 0
      vertex -16.1677 -10.1366 0
    endloop
  endfacet
  facet normal -0 0 -1
    outer loop
      vertex -15.202 -9.79517 0
      vertex -15.5194 -9.91886 0
      vertex -16.2722 -7.82514 0
    endloop
  endfacet
  facet normal 0 -0 -1
    outer loop
      vertex -21.0079 10.4534 0
      vertex -20.6468 8.26145 0
      vertex -21.3099 8.1274 0
    endloop
  endfacet
  facet normal 0 0 -1
    outer loop
      vertex -6.42369 -10.5923 0
      vertex -6.78115 -10.5864 0
      vertex -6.68429 -8.36722 0
    endloop
  endfacet
  facet normal 0 0 -1
    outer loop
      vertex -15.8144 -7.63797 0
      vertex -14.8893 -9.66184 0
      vertex -15.202 -9.79517 0
    endloop
  endfacet
  facet normal -0 0 -1
    outer loop
      vertex -14.3764 2.96413 0
      vertex -14.4792 2.68509 0
      vertex -16.5818 3.42152 0
    endloop
  endfacet
  facet normal 0 0 -1
    outer loop
      vertex -15.5905 -7.53523 0
      vertex -14.5815 -9.51905 0
      vertex -14.8893 -9.66184 0
    endloop
  endfacet
  facet normal 0 -0 -1
    outer loop
      vertex -16.8031 2.69586 0
      vertex -14.6546 2.114 0
      vertex -16.8943 2.32483 0
    endloop
  endfacet
  facet normal 0 0 -1
    outer loop
      vertex -21.0079 10.4534 0
      vertex -20.1491 10.5571 0
      vertex -20.6468 8.26145 0
    endloop
  endfacet
  facet normal 0 0 -1
    outer loop
      vertex -14.5815 -9.51905 0
      vertex -15.5905 -7.53523 0
      vertex -15.3698 -7.4266 0
    endloop
  endfacet
  facet normal -0 0 -1
    outer loop
      vertex -2.04191 -9.66184 0
      vertex -2.35463 -9.79517 0
      vertex -2.96706 -7.63797 0
    endloop
  endfacet
  facet normal 0 0 -1
    outer loop
      vertex -14.2787 -9.36699 0
      vertex -15.3698 -7.4266 0
      vertex -15.1526 -7.31223 0
    endloop
  endfacet
  facet normal 0 0 -1
    outer loop
      vertex -19.9665 8.34348 0
      vertex -20.1491 10.5571 0
      vertex -19.2711 10.5923 0
    endloop
  endfacet
  facet normal 0 0 -1
    outer loop
      vertex -2.99402 -10.0327 0
      vertex -3.89522 -7.98689 0
      vertex -3.65844 -7.90927 0
    endloop
  endfacet
  facet normal 0 0 -1
    outer loop
      vertex -15.1526 -7.31223 0
      vertex -13.9812 -9.20583 0
      vertex -14.2787 -9.36699 0
    endloop
  endfacet
  facet normal -0 0 -1
    outer loop
      vertex -3.32035 -10.1366 0
      vertex -3.65084 -10.2303 0
      vertex -4.13507 -8.05785 0
    endloop
  endfacet
  facet normal -0 0 -1
    outer loop
      vertex -19.2711 8.3713 0
      vertex -19.9665 8.34348 0
      vertex -19.2711 10.5923 0
    endloop
  endfacet
  facet normal -0 0 -1
    outer loop
      vertex -14.7269 1.82235 0
      vertex -14.7886 1.52691 0
      vertex -16.9722 1.94868 0
    endloop
  endfacet
  facet normal -0 0 -1
    outer loop
      vertex -5.01102 -10.4999 0
      vertex -5.35972 -10.54 0
      vertex -5.37868 -8.30733 0
    endloop
  endfacet
  facet normal 0 -0 -1
    outer loop
      vertex -18.9088 10.5864 0
      vertex -18.7515 8.35603 0
      vertex -19.0105 8.36747 0
    endloop
  endfacet
  facet normal 0 0 -1
    outer loop
      vertex -16.1424 10.1366 0
      vertex -16.7554 7.99972 0
      vertex -16.9964 8.06928 0
    endloop
  endfacet
  facet normal -0 0 -1
    outer loop
      vertex -10.0701 5.44882 0
      vertex -11.9739 4.28602 0
      vertex -10.2697 5.76219 0
    endloop
  endfacet
  facet normal 0 0 -1
    outer loop
      vertex -11.1731 -6.93621 0
      vertex -12.6563 -5.24329 0
      vertex -10.932 -6.65513 0
    endloop
  endfacet
  facet normal 0 0 -1
    outer loop
      vertex -5.71151 -10.5689 0
      vertex -5.89585 -8.35509 0
      vertex -5.63591 -8.33508 0
    endloop
  endfacet
  facet normal 0 0 -1
    outer loop
      vertex -12.1287 -4.53431 0
      vertex -10.2697 -5.76218 0
      vertex -10.4801 -6.06786 0
    endloop
  endfacet
  facet normal 0 0 -1
    outer loop
      vertex -13.2213 -5.01314 0
      vertex -14.7627 -6.65513 0
      vertex -14.9939 -6.3656 0
    endloop
  endfacet
  facet normal 0 0 -1
    outer loop
      vertex -9.11297 -3.4215 0
      vertex -11.3055 -2.96412 0
      vertex -11.2016 -2.68508 0
    endloop
  endfacet
  facet normal 0 0 -1
    outer loop
      vertex -8.9959 -3.0615 0
      vertex -11.108 -2.40164 0
      vertex -8.89164 -2.69585 0
    endloop
  endfacet
  facet normal 0 0 -1
    outer loop
      vertex -6.94322 -8.35509 0
      vertex -6.68429 -8.36722 0
      vertex -6.78115 -10.5864 0
    endloop
  endfacet
  facet normal -0 0 -1
    outer loop
      vertex -9.70426 4.80005 0
      vertex -11.8246 4.0321 0
      vertex -9.88155 5.12802 0
    endloop
  endfacet
  facet normal -0 0 -1
    outer loop
      vertex -6.06623 -10.5864 0
      vertex -6.42369 -10.5923 0
      vertex -6.15846 -8.36722 0
    endloop
  endfacet
  facet normal -0 0 -1
    outer loop
      vertex -2.35463 -9.79517 0
      vertex -2.67206 -9.91886 0
      vertex -3.42479 -7.82514 0
    endloop
  endfacet
  facet normal 0 0 -1
    outer loop
      vertex -2.7431 -7.53523 0
      vertex -1.73409 -9.51905 0
      vertex -2.04191 -9.66184 0
    endloop
  endfacet
  facet normal 0 0 -1
    outer loop
      vertex -1.73409 -9.51905 0
      vertex -2.7431 -7.53523 0
      vertex -2.52247 -7.4266 0
    endloop
  endfacet
  facet normal 0 -0 -1
    outer loop
      vertex -10.7009 6.36561 0
      vertex -10.4801 6.06787 0
      vertex -12.2986 4.77675 0
    endloop
  endfacet
  facet normal 0 0 -1
    outer loop
      vertex -14.3764 2.96413 0
      vertex -16.5818 3.42152 0
      vertex -16.4522 3.77563 0
    endloop
  endfacet
  facet normal 0 0 -1
    outer loop
      vertex -16.4522 3.77563 0
      vertex -14.264 3.23855 0
      vertex -14.3764 2.96413 0
    endloop
  endfacet
  facet normal 0 0 -1
    outer loop
      vertex -12.4735 5.01314 0
      vertex -10.932 6.65514 0
      vertex -10.7009 6.36561 0
    endloop
  endfacet
  facet normal 0 0 -1
    outer loop
      vertex 7.21147 -8.33508 0
      vertex 7.13586 -10.5689 0
      vertex 6.95152 -8.35509 0
    endloop
  endfacet
  facet normal 0 0 -1
    outer loop
      vertex -12.4735 5.01314 0
      vertex -12.6565 5.24329 0
      vertex -10.932 6.65514 0
    endloop
  endfacet
  facet normal -0 0 -1
    outer loop
      vertex 11.1133 -9.51905 0
      vertex 10.8055 -9.66184 0
      vertex 10.1043 -7.53523 0
    endloop
  endfacet
  facet normal 0 0 -1
    outer loop
      vertex -16.3102 4.12359 0
      vertex -16.1563 4.46515 0
      vertex -14.142 3.50816 0
    endloop
  endfacet
  facet normal 0 0 -1
    outer loop
      vertex 9.88032 -7.63797 0
      vertex 10.8055 -9.66184 0
      vertex 10.4928 -9.79517 0
    endloop
  endfacet
  facet normal -0 0 -1
    outer loop
      vertex 10.4928 -9.79517 0
      vertex 10.1753 -9.91886 0
      vertex 9.42259 -7.82514 0
    endloop
  endfacet
  facet normal 0 0 -1
    outer loop
      vertex -2.30521 -7.31223 0
      vertex -1.13385 -9.20583 0
      vertex -1.43135 -9.36699 0
    endloop
  endfacet
  facet normal 0 0 -1
    outer loop
      vertex 9.85335 -10.0327 0
      vertex 8.95216 -7.98689 0
      vertex 9.18894 -7.90927 0
    endloop
  endfacet
  facet normal -0 0 -1
    outer loop
      vertex -8.22358 8.17918 0
      vertex -8.46943 8.12201 0
      vertex -8.86204 10.3137 0
    endloop
  endfacet
  facet normal 0 -0 -1
    outer loop
      vertex 2.38051 6.06787 0
      vertex 2.59435 5.76219 0
      vertex 0.715348 4.53431 0
    endloop
  endfacet
  facet normal 0 0 -1
    outer loop
      vertex 9.19653 -10.2303 0
      vertex 8.7123 -8.05785 0
      vertex 9.52703 -10.1366 0
    endloop
  endfacet
  facet normal 0 0 -1
    outer loop
      vertex -7.72317 8.272 0
      vertex -8.18177 10.4486 0
      vertex -7.83636 10.4999 0
    endloop
  endfacet
  facet normal 0 0 -1
    outer loop
      vertex -3.98029 2.69586 0
      vertex -1.8072 2.114 0
      vertex -1.87948 1.82235 0
    endloop
  endfacet
  facet normal 0 0 -1
    outer loop
      vertex 1.72455 -2.40164 0
      vertex 1.80719 -2.11399 0
      vertex 3.87362 -3.0615 0
    endloop
  endfacet
  facet normal 0 0 -1
    outer loop
      vertex 8.52372 -10.3865 0
      vertex 8.22357 -8.17917 0
      vertex 8.86204 -10.3137 0
    endloop
  endfacet
  facet normal 0 0 -1
    outer loop
      vertex -7.21147 8.33509 0
      vertex -7.13586 10.5689 0
      vertex -6.95153 8.35511 0
    endloop
  endfacet
  facet normal -0 0 -1
    outer loop
      vertex -0.548767 -4.77675 0
      vertex -2.38051 -6.06786 0
      vertex -0.715355 -4.53431 0
    endloop
  endfacet
  facet normal 0 0 -1
    outer loop
      vertex -6.42369 10.5923 0
      vertex -6.15846 8.36747 0
      vertex -6.42369 8.3713 0
    endloop
  endfacet
  facet normal 0 0 -1
    outer loop
      vertex 7.72316 -8.27199 0
      vertex 7.9748 -8.22922 0
      vertex 8.18177 -10.4486 0
    endloop
  endfacet
  facet normal 0 0 -1
    outer loop
      vertex 0.26981 -8.66956 0
      vertex 1.67425 -6.93621 0
      vertex 0.546112 -8.85693 0
    endloop
  endfacet
  facet normal 0 0 -1
    outer loop
      vertex -1.94121 1.52691 0
      vertex -4.15362 1.94868 0
      vertex -4.07372 2.32483 0
    endloop
  endfacet
  facet normal 0 0 -1
    outer loop
      vertex 1.41657 -3.23854 0
      vertex 1.52904 -2.96412 0
      vertex 3.47738 -4.12358 0
    endloop
  endfacet
  facet normal 0 0 -1
    outer loop
      vertex 7.4687 -8.30733 0
      vertex 7.83635 -10.4999 0
      vertex 7.48766 -10.54 0
    endloop
  endfacet
  facet normal -0 0 -1
    outer loop
      vertex -5.34861 10.54 0
      vertex -5.63591 8.33705 0
      vertex -5.70321 10.5689 0
    endloop
  endfacet
  facet normal 0 -0 -1
    outer loop
      vertex 1.88105 -7.06688 0
      vertex 2.09139 -7.19227 0
      vertex 0.828716 -9.03575 0
    endloop
  endfacet
  facet normal 0 0 -1
    outer loop
      vertex -4.87257 8.23569 0
      vertex -5.12422 8.2768 0
      vertex -4.6512 10.4486 0
    endloop
  endfacet
  facet normal -0 -0 -1
    outer loop
      vertex 6.42369 -8.37129 0
      vertex 6.42369 -10.5923 0
      vertex 6.15846 -8.36722 0
    endloop
  endfacet
  facet normal 0 0 -1
    outer loop
      vertex -4.21969 1.56766 0
      vertex -4.15362 1.94868 0
      vertex -1.99217 1.22789 0
    endloop
  endfacet
  facet normal 0 0 -1
    outer loop
      vertex -1.99217 1.22789 0
      vertex -4.15362 1.94868 0
      vertex -1.94121 1.52691 0
    endloop
  endfacet
  facet normal 0 -0 -1
    outer loop
      vertex 2.15573 6.36561 0
      vertex 2.38051 6.06787 0
      vertex 0.548759 4.77675 0
    endloop
  endfacet
  facet normal 0 0 -1
    outer loop
      vertex -1.63177 2.68509 0
      vertex -3.75406 3.42152 0
      vertex -3.62188 3.77563 0
    endloop
  endfacet
  facet normal -0 0 -1
    outer loop
      vertex -1.63177 2.68509 0
      vertex -1.72456 2.40164 0
      vertex -3.75406 3.42152 0
    endloop
  endfacet
  facet normal 0 -0 -1
    outer loop
      vertex 10.3249 -7.4266 0
      vertex 11.1133 -9.51905 0
      vertex 10.1043 -7.53523 0
    endloop
  endfacet
  facet normal 0 0 -1
    outer loop
      vertex -3.62188 3.77563 0
      vertex -3.47739 4.12359 0
      vertex -1.52905 2.96413 0
    endloop
  endfacet
  facet normal 0 0 -1
    outer loop
      vertex 16.1424 -10.1366 0
      vertex 16.7554 -7.99971 0
      vertex 16.9964 -8.06927 0
    endloop
  endfacet
  facet normal 0 0 -1
    outer loop
      vertex 10.3249 -7.4266 0
      vertex 10.5422 -7.31223 0
      vertex 11.416 -9.36699 0
    endloop
  endfacet
  facet normal 0 0 -1
    outer loop
      vertex 0.373867 5.01314 0
      vertex 0.190877 5.24329 0
      vertex 1.92023 6.65514 0
    endloop
  endfacet
  facet normal -0 -0 -1
    outer loop
      vertex 19.2711 -8.37129 0
      vertex 19.2711 -10.5923 0
      vertex 19.0105 -8.36746 0
    endloop
  endfacet
  facet normal -0 0 -1
    outer loop
      vertex 11.7135 -9.20583 0
      vertex 11.416 -9.36699 0
      vertex 10.5422 -7.31223 0
    endloop
  endfacet
  facet normal 0 0 -1
    outer loop
      vertex 18.9087 -10.5864 0
      vertex 19.0105 -8.36746 0
      vertex 19.2711 -10.5923 0
    endloop
  endfacet
  facet normal -0 0 -1
    outer loop
      vertex -1.29458 3.50816 0
      vertex -1.41658 3.23855 0
      vertex -3.32092 4.46515 0
    endloop
  endfacet
  facet normal 0 0 -1
    outer loop
      vertex 10.769 -0.31132 0
      vertex 8.50797 5.19039e-06 0
      vertex 10.7631 5.19039e-06 0
    endloop
  endfacet
  facet normal 0 -0 -1
    outer loop
      vertex 10.7864 -0.619881 0
      vertex 10.8152 -0.925468 0
      vertex 8.53739 -0.79202 0
    endloop
  endfacet
  facet normal 0 -0 -1
    outer loop
      vertex 14.6546 -2.11399 0
      vertex 16.721 -3.0615 0
      vertex 14.5719 -2.40164 0
    endloop
  endfacet
  facet normal 0 0 -1
    outer loop
      vertex 14.3764 2.96413 0
      vertex 16.4821 3.77563 0
      vertex 14.4791 2.68509 0
    endloop
  endfacet
  facet normal 0 -0 -1
    outer loop
      vertex 3.98534 10.3137 0
      vertex 4.37795 8.12201 0
      vertex 3.65084 10.2303 0
    endloop
  endfacet
  facet normal 0 0 -1
    outer loop
      vertex 16.7554 -7.99971 0
      vertex 16.1424 -10.1366 0
      vertex 15.8158 -10.0327 0
    endloop
  endfacet
  facet normal 0 0 -1
    outer loop
      vertex 10.4669 -6.06786 0
      vertex 12.132 -4.53431 0
      vertex 12.2986 -4.77675 0
    endloop
  endfacet
  facet normal 0 0 -1
    outer loop
      vertex 17.842 -10.4999 0
      vertex 17.986 -8.27679 0
      vertex 18.2392 -8.31061 0
    endloop
  endfacet
  facet normal -0 0 -1
    outer loop
      vertex 5.12422 8.272 0
      vertex 4.87257 8.22923 0
      vertex 4.66561 10.4486 0
    endloop
  endfacet
  facet normal 0 0 -1
    outer loop
      vertex 17.4938 -10.4486 0
      vertex 17.986 -8.27679 0
      vertex 17.842 -10.4999 0
    endloop
  endfacet
  facet normal 0 0 -1
    outer loop
      vertex 12.8474 -8.4738 0
      vertex 12.8474 -5.46697 0
      vertex 14.5216 -6.93621 0
    endloop
  endfacet
  facet normal 0 -0 -1
    outer loop
      vertex 17.735 -8.23567 0
      vertex 17.986 -8.27679 0
      vertex 17.4938 -10.4486 0
    endloop
  endfacet
  facet normal 0 0 -1
    outer loop
      vertex 5.63591 8.33509 0
      vertex 5.35972 10.54 0
      vertex 5.71151 10.5689 0
    endloop
  endfacet
  facet normal 0 -0 -1
    outer loop
      vertex 17.4863 -8.18733 0
      vertex 17.735 -8.23567 0
      vertex 17.1495 -10.3865 0
    endloop
  endfacet
  facet normal 0 0 -1
    outer loop
      vertex 17.4863 -8.18733 0
      vertex 17.1495 -10.3865 0
      vertex 16.8094 -10.3137 0
    endloop
  endfacet
  facet normal 0 0 -1
    outer loop
      vertex 6.15846 8.36723 0
      vertex 6.42369 10.5923 0
      vertex 6.42369 8.3713 0
    endloop
  endfacet
  facet normal -0 0 -1
    outer loop
      vertex 12.6565 -5.24329 0
      vertex 10.9271 -6.65513 0
      vertex 12.4735 -5.01314 0
    endloop
  endfacet
  facet normal -0 0 -1
    outer loop
      vertex 17.4863 -8.18733 0
      vertex 16.8094 -10.3137 0
      vertex 17.2401 -8.13184 0
    endloop
  endfacet
  facet normal 0 -0 -1
    outer loop
      vertex 7.13586 10.5689 0
      vertex 7.21147 8.33705 0
      vertex 6.95152 8.35603 0
    endloop
  endfacet
  facet normal 0 0 -1
    outer loop
      vertex 16.8094 -10.3137 0
      vertex 16.4736 -10.2303 0
      vertex 17.2401 -8.13184 0
    endloop
  endfacet
  facet normal 0 0 -1
    outer loop
      vertex 13.6761 -9.03575 0
      vertex 14.9397 -7.20057 0
      vertex 13.9648 -9.20583 0
    endloop
  endfacet
  facet normal -0 0 -1
    outer loop
      vertex 8.18177 10.4486 0
      vertex 7.72316 8.2768 0
      vertex 7.83635 10.4999 0
    endloop
  endfacet
  facet normal 0 0 -1
    outer loop
      vertex 16.4736 -10.2303 0
      vertex 16.9964 -8.06927 0
      vertex 17.2401 -8.13184 0
    endloop
  endfacet
  facet normal -0 0 -1
    outer loop
      vertex 18.4944 -8.33704 0
      vertex 18.194 -10.54 0
      vertex 18.2392 -8.31061 0
    endloop
  endfacet
  facet normal 0 0 -1
    outer loop
      vertex 18.9087 -10.5864 0
      vertex 18.5497 -10.5689 0
      vertex 18.7515 -8.35602 0
    endloop
  endfacet
  facet normal 0 0 -1
    outer loop
      vertex 8.50797 5.19039e-06 0
      vertex 10.769 0.311333 0
      vertex 10.7631 5.19039e-06 0
    endloop
  endfacet
  facet normal 0 0 -1
    outer loop
      vertex 14.0106 3.77274 0
      vertex 13.8702 4.0321 0
      vertex 15.8357 5.12802 0
    endloop
  endfacet
  facet normal 0 0 -1
    outer loop
      vertex -19.2711 -10.5923 0
      vertex -19.0059 -8.36722 0
      vertex -18.9136 -10.5864 0
    endloop
  endfacet
  facet normal 0 0 -1
    outer loop
      vertex -23.4412 9.75887 0
      vertex -22.6568 10.0516 0
      vertex -22.5753 7.71196 0
    endloop
  endfacet
  facet normal 0 0 -1
    outer loop
      vertex -22.6568 -10.0516 0
      vertex -23.4412 -9.75886 0
      vertex -22.5753 -7.71194 0
    endloop
  endfacet
  facet normal 0 0 -1
    outer loop
      vertex -23.1732 -7.4349 0
      vertex -23.4412 -9.75886 0
      vertex -24.1953 -9.40862 0
    endloop
  endfacet
  facet normal -0 0 -1
    outer loop
      vertex -22.5753 -7.71194 0
      vertex -23.4412 -9.75886 0
      vertex -23.1732 -7.4349 0
    endloop
  endfacet
  facet normal 0 -0 -1
    outer loop
      vertex -23.7448 -7.11455 0
      vertex -23.1732 -7.4349 0
      vertex -24.1953 -9.40862 0
    endloop
  endfacet
  facet normal 0 0 -1
    outer loop
      vertex -11.1731 -6.93621 0
      vertex -12.8474 -5.46697 0
      vertex -12.6563 -5.24329 0
    endloop
  endfacet
  facet normal 0 0 -1
    outer loop
      vertex -24.2881 -6.75307 0
      vertex -24.9163 -9.00359 0
      vertex -25.6013 -8.54651 0
    endloop
  endfacet
  facet normal 0 0 -1
    outer loop
      vertex -16.3102 -4.12358 0
      vertex -14.142 -3.50815 0
      vertex -16.1563 -4.46514 0
    endloop
  endfacet
  facet normal -0 0 -1
    outer loop
      vertex -24.8007 -6.35263 0
      vertex -26.2475 -8.04013 0
      vertex -25.2805 -5.91543 0
    endloop
  endfacet
  facet normal 0 0 -1
    outer loop
      vertex -25.6013 -8.54651 0
      vertex -26.2475 -8.04013 0
      vertex -24.8007 -6.35263 0
    endloop
  endfacet
  facet normal -0 0 -1
    outer loop
      vertex -25.2805 -5.91543 0
      vertex -26.8522 -7.48719 0
      vertex -25.7251 -5.44362 0
    endloop
  endfacet
  facet normal 0 0 -1
    outer loop
      vertex -26.2475 -8.04013 0
      vertex -26.8522 -7.48719 0
      vertex -25.2805 -5.91543 0
    endloop
  endfacet
  facet normal 0 0 -1
    outer loop
      vertex -25.7251 -5.44362 0
      vertex -26.8522 -7.48719 0
      vertex -27.4126 -6.89042 0
    endloop
  endfacet
  facet normal 0 0 -1
    outer loop
      vertex -8.57153 -0.79202 0
      vertex -10.7781 -0.619881 0
      vertex -8.54953 -0.397929 0
    endloop
  endfacet
  facet normal 0 0 -1
    outer loop
      vertex -26.1324 -4.9394 0
      vertex -27.4126 -6.89042 0
      vertex -27.9258 -6.25257 0
    endloop
  endfacet
  facet normal 0 0 -1
    outer loop
      vertex -14.264 -3.23854 0
      vertex -16.3102 -4.12358 0
      vertex -16.4522 -3.77562 0
    endloop
  endfacet
  facet normal 0 0 -1
    outer loop
      vertex -26.5001 -4.40494 0
      vertex -27.9258 -6.25257 0
      vertex -28.3892 -5.57639 0
    endloop
  endfacet
  facet normal 0 0 -1
    outer loop
      vertex -15.8132 -5.12801 0
      vertex -15.9905 -4.80004 0
      vertex -13.8702 -4.03209 0
    endloop
  endfacet
  facet normal 0 -0 -1
    outer loop
      vertex -26.8261 -3.84242 0
      vertex -26.5001 -4.40494 0
      vertex -28.3892 -5.57639 0
    endloop
  endfacet
  facet normal 0 0 -1
    outer loop
      vertex -16.4522 -3.77562 0
      vertex -16.5818 -3.4215 0
      vertex -14.3764 -2.96412 0
    endloop
  endfacet
  facet normal 0 -0 -1
    outer loop
      vertex -27.108 -3.25402 0
      vertex -26.8261 -3.84242 0
      vertex -28.7998 -4.86461 0
    endloop
  endfacet
  facet normal 0 0 -1
    outer loop
      vertex -27.3436 -2.64191 0
      vertex -29.1549 -4.11998 0
      vertex -29.4517 -3.34524 0
    endloop
  endfacet
  facet normal -0 0 -1
    outer loop
      vertex -27.108 -3.25402 0
      vertex -29.1549 -4.11998 0
      vertex -27.3436 -2.64191 0
    endloop
  endfacet
  facet normal 0 0 -1
    outer loop
      vertex -29.4517 -3.34524 0
      vertex -29.6874 -2.54312 0
      vertex -27.5308 -2.00827 0
    endloop
  endfacet
  facet normal 0 -0 -1
    outer loop
      vertex -27.6672 -1.35529 0
      vertex -27.5308 -2.00827 0
      vertex -29.6874 -2.54312 0
    endloop
  endfacet
  facet normal 0 -0 -1
    outer loop
      vertex -27.7507 -0.685137 0
      vertex -27.6672 -1.35529 0
      vertex -29.8592 -1.71638 0
    endloop
  endfacet
  facet normal 0 0 -1
    outer loop
      vertex -29.9643 -0.867761 0
      vertex -30 5.19039e-06 0
      vertex -27.779 5.19039e-06 0
    endloop
  endfacet
  facet normal 0 0 -1
    outer loop
      vertex -27.779 5.19039e-06 0
      vertex -29.9643 0.867769 0
      vertex -27.7507 0.685147 0
    endloop
  endfacet
  facet normal 0 -0 -1
    outer loop
      vertex -29.8592 1.71639 0
      vertex -27.7507 0.685147 0
      vertex -29.9643 0.867769 0
    endloop
  endfacet
  facet normal 0 -0 -1
    outer loop
      vertex -29.6874 2.54313 0
      vertex -27.6672 1.3553 0
      vertex -29.8592 1.71639 0
    endloop
  endfacet
  facet normal 0 -0 -1
    outer loop
      vertex -29.4517 3.34524 0
      vertex -27.5308 2.00828 0
      vertex -29.6874 2.54313 0
    endloop
  endfacet
  facet normal 0 0 -1
    outer loop
      vertex -27.3436 2.64192 0
      vertex -29.1549 4.11998 0
      vertex -27.108 3.25403 0
    endloop
  endfacet
  facet normal -0 0 -1
    outer loop
      vertex -26.8261 3.84243 0
      vertex -27.108 3.25403 0
      vertex -28.7998 4.86461 0
    endloop
  endfacet
  facet normal 0 0 -1
    outer loop
      vertex -27.108 3.25403 0
      vertex -29.1549 4.11998 0
      vertex -28.7998 4.86461 0
    endloop
  endfacet
  facet normal -0 0 -1
    outer loop
      vertex -26.5001 4.40495 0
      vertex -26.8261 3.84243 0
      vertex -28.3892 5.57639 0
    endloop
  endfacet
  facet normal 0 0 -1
    outer loop
      vertex -26.8261 3.84243 0
      vertex -28.7998 4.86461 0
      vertex -28.3892 5.57639 0
    endloop
  endfacet
  facet normal -0 0 -1
    outer loop
      vertex -26.1324 4.93941 0
      vertex -26.5001 4.40495 0
      vertex -27.9258 6.25257 0
    endloop
  endfacet
  facet normal -0 0 -1
    outer loop
      vertex -25.7251 5.44363 0
      vertex -26.1324 4.93941 0
      vertex -27.4126 6.89042 0
    endloop
  endfacet
  facet normal 0 0 -1
    outer loop
      vertex -26.8522 7.48719 0
      vertex -26.2475 8.04013 0
      vertex -25.2805 5.91543 0
    endloop
  endfacet
  facet normal 0 0 -1
    outer loop
      vertex -26.2475 8.04013 0
      vertex -25.6013 8.54652 0
      vertex -24.8007 6.35264 0
    endloop
  endfacet
  facet normal 0 0 -1
    outer loop
      vertex -24.2881 6.75308 0
      vertex -25.6013 8.54652 0
      vertex -24.9163 9.00359 0
    endloop
  endfacet
  facet normal 0 0 -1
    outer loop
      vertex -24.8007 6.35264 0
      vertex -25.6013 8.54652 0
      vertex -24.2881 6.75308 0
    endloop
  endfacet
  facet normal 0 0 -1
    outer loop
      vertex -23.7448 7.11456 0
      vertex -24.9163 9.00359 0
      vertex -24.1953 9.40862 0
    endloop
  endfacet
  facet normal 0 0 -1
    outer loop
      vertex -24.2881 6.75308 0
      vertex -24.9163 9.00359 0
      vertex -23.7448 7.11456 0
    endloop
  endfacet
  facet normal -0 0 -1
    outer loop
      vertex -23.1732 7.43491 0
      vertex -23.7448 7.11456 0
      vertex -24.1953 9.40862 0
    endloop
  endfacet
  facet normal 0 -0 -1
    outer loop
      vertex -23.4412 9.75887 0
      vertex -23.1732 7.43491 0
      vertex -24.1953 9.40862 0
    endloop
  endfacet
  facet normal 0 0 -1
    outer loop
      vertex -22.5753 7.71196 0
      vertex -22.6568 10.0516 0
      vertex -21.9534 7.94351 0
    endloop
  endfacet
  facet normal 0 0 -1
    outer loop
      vertex -21.8447 10.284 0
      vertex -21.0079 10.4534 0
      vertex -21.3099 8.1274 0
    endloop
  endfacet
  facet normal 0 0 -1
    outer loop
      vertex -20.6468 8.26145 0
      vertex -20.1491 10.5571 0
      vertex -19.9665 8.34348 0
    endloop
  endfacet
  facet normal -0 0 -1
    outer loop
      vertex -18.9088 10.5864 0
      vertex -19.0105 8.36747 0
      vertex -19.2711 10.5923 0
    endloop
  endfacet
  facet normal 0 0 -1
    outer loop
      vertex -19.0105 8.36747 0
      vertex -19.2711 8.3713 0
      vertex -19.2711 10.5923 0
    endloop
  endfacet
  facet normal 0 0 -1
    outer loop
      vertex -18.5497 10.5689 0
      vertex -18.194 10.54 0
      vertex -18.4944 8.33705 0
    endloop
  endfacet
  facet normal 0 0 -1
    outer loop
      vertex -17.842 10.4999 0
      vertex -17.986 8.2768 0
      vertex -18.2392 8.31062 0
    endloop
  endfacet
  facet normal 0 0 -1
    outer loop
      vertex -17.1495 10.3865 0
      vertex -17.4863 8.18734 0
      vertex -17.735 8.23569 0
    endloop
  endfacet
  facet normal -0 0 -1
    outer loop
      vertex -17.1495 10.3865 0
      vertex -17.735 8.23569 0
      vertex -17.4938 10.4486 0
    endloop
  endfacet
  facet normal -0 0 -1
    outer loop
      vertex -16.4736 10.2303 0
      vertex -17.2401 8.13185 0
      vertex -16.8094 10.3137 0
    endloop
  endfacet
  facet normal 0 0 -1
    outer loop
      vertex -17.2401 8.13185 0
      vertex -17.4863 8.18734 0
      vertex -16.8094 10.3137 0
    endloop
  endfacet
  facet normal 0 -0 -1
    outer loop
      vertex -16.1424 10.1366 0
      vertex -15.8158 10.0327 0
      vertex -16.7554 7.99972 0
    endloop
  endfacet
  facet normal 0 0 -1
    outer loop
      vertex -16.3102 -4.12358 0
      vertex -14.264 -3.23854 0
      vertex -14.142 -3.50815 0
    endloop
  endfacet
  facet normal 0 0 -1
    outer loop
      vertex -16.7554 7.99972 0
      vertex -15.8158 10.0327 0
      vertex -16.5172 7.92323 0
    endloop
  endfacet
  facet normal 0 -0 -1
    outer loop
      vertex -15.8158 10.0327 0
      vertex -15.4941 9.91887 0
      vertex -16.282 7.83991 0
    endloop
  endfacet
  facet normal 0 0 -1
    outer loop
      vertex -16.282 7.83991 0
      vertex -15.4941 9.91887 0
      vertex -16.0499 7.74982 0
    endloop
  endfacet
  facet normal 0 0 -1
    outer loop
      vertex -16.0499 7.74982 0
      vertex -15.4941 9.91887 0
      vertex -15.1774 9.79517 0
    endloop
  endfacet
  facet normal 0 0 -1
    outer loop
      vertex -15.8209 7.65304 0
      vertex -16.0499 7.74982 0
      vertex -15.1774 9.79517 0
    endloop
  endfacet
  facet normal -0 0 -1
    outer loop
      vertex -14.866 9.66184 0
      vertex -15.8209 7.65304 0
      vertex -15.1774 9.79517 0
    endloop
  endfacet
  facet normal 0 0 -1
    outer loop
      vertex -14.866 9.66184 0
      vertex -15.5953 7.54965 0
      vertex -15.8209 7.65304 0
    endloop
  endfacet
  facet normal 0 -0 -1
    outer loop
      vertex -14.866 9.66184 0
      vertex -14.5599 9.51906 0
      vertex -15.5953 7.54965 0
    endloop
  endfacet
  facet normal 0 0 -1
    outer loop
      vertex -15.5953 7.54965 0
      vertex -14.5599 9.51906 0
      vertex -15.3731 7.43973 0
    endloop
  endfacet
  facet normal 0 0 -1
    outer loop
      vertex -15.3731 7.43973 0
      vertex -14.5599 9.51906 0
      vertex -14.2595 9.36699 0
    endloop
  endfacet
  facet normal 0 0 -1
    outer loop
      vertex -15.1546 7.32335 0
      vertex -15.3731 7.43973 0
      vertex -14.2595 9.36699 0
    endloop
  endfacet
  facet normal -0 0 -1
    outer loop
      vertex -13.9648 9.20583 0
      vertex -15.1546 7.32335 0
      vertex -14.2595 9.36699 0
    endloop
  endfacet
  facet normal 0 0 -1
    outer loop
      vertex -13.9648 9.20583 0
      vertex -14.9397 7.20058 0
      vertex -15.1546 7.32335 0
    endloop
  endfacet
  facet normal 0 -0 -1
    outer loop
      vertex -13.9648 9.20583 0
      vertex -13.6761 9.03575 0
      vertex -14.9397 7.20058 0
    endloop
  endfacet
  facet normal 0 0 -1
    outer loop
      vertex -14.9397 7.20058 0
      vertex -13.6761 9.03575 0
      vertex -14.7287 7.07152 0
    endloop
  endfacet
  facet normal 0 0 -1
    outer loop
      vertex -14.7287 7.07152 0
      vertex -13.6761 9.03575 0
      vertex -13.3935 8.85694 0
    endloop
  endfacet
  facet normal 0 0 -1
    outer loop
      vertex -14.5216 6.93622 0
      vertex -14.7287 7.07152 0
      vertex -13.3935 8.85694 0
    endloop
  endfacet
  facet normal -0 0 -1
    outer loop
      vertex -13.1172 8.66956 0
      vertex -14.5216 6.93622 0
      vertex -13.3935 8.85694 0
    endloop
  endfacet
  facet normal 0 -0 -1
    outer loop
      vertex -13.1172 8.66956 0
      vertex -12.8474 8.4738 0
      vertex -14.5216 6.93622 0
    endloop
  endfacet
  facet normal 0 0 -1
    outer loop
      vertex -16.8031 -2.69585 0
      vertex -14.6546 -2.11399 0
      vertex -14.5719 -2.40164 0
    endloop
  endfacet
  facet normal 0 0 -1
    outer loop
      vertex -8.54953 -0.397929 0
      vertex -10.7643 -0.31132 0
      vertex -8.54214 5.19039e-06 0
    endloop
  endfacet
  facet normal 0 0 -1
    outer loop
      vertex -16.5818 -3.4215 0
      vertex -14.4792 -2.68508 0
      vertex -14.3764 -2.96412 0
    endloop
  endfacet
  facet normal 0 0 -1
    outer loop
      vertex -15.6246 -5.44881 0
      vertex -15.8132 -5.12801 0
      vertex -13.8702 -4.03209 0
    endloop
  endfacet
  facet normal 0 0 -1
    outer loop
      vertex -16.6989 -3.0615 0
      vertex -14.5719 -2.40164 0
      vertex -14.4792 -2.68508 0
    endloop
  endfacet
  facet normal 0 0 -1
    outer loop
      vertex -19.2711 -10.5923 0
      vertex -19.2711 -8.37129 0
      vertex -19.0059 -8.36722 0
    endloop
  endfacet
  facet normal 0 0 -1
    outer loop
      vertex -16.5818 -3.4215 0
      vertex -16.6989 -3.0615 0
      vertex -14.4792 -2.68508 0
    endloop
  endfacet
  facet normal 0 0 -1
    outer loop
      vertex -10.8421 -1.22788 0
      vertex -10.8041 -0.925468 0
      vertex -8.60788 -1.18201 0
    endloop
  endfacet
  facet normal 0 0 -1
    outer loop
      vertex -14.5719 -2.40164 0
      vertex -16.6989 -3.0615 0
      vertex -16.8031 -2.69585 0
    endloop
  endfacet
  facet normal 0 -0 -1
    outer loop
      vertex -10.8421 -1.22788 0
      vertex -8.65832 -1.56765 0
      vertex -10.8917 -1.5269 0
    endloop
  endfacet
  facet normal 0 0 -1
    outer loop
      vertex -15.6246 -5.44881 0
      vertex -13.8702 -4.03209 0
      vertex -13.7208 -4.28602 0
    endloop
  endfacet
  facet normal 0 0 -1
    outer loop
      vertex -12.292 -8.85693 0
      vertex -10.9661 -7.06688 0
      vertex -12.0056 -9.03575 0
    endloop
  endfacet
  facet normal 0 0 -1
    outer loop
      vertex -15.2147 -6.06786 0
      vertex -13.5627 -4.53431 0
      vertex -13.3961 -4.77675 0
    endloop
  endfacet
  facet normal 0 -0 -1
    outer loop
      vertex -13.2213 -5.01314 0
      vertex -13.0383 -5.24329 0
      vertex -14.7627 -6.65513 0
    endloop
  endfacet
  facet normal -0 0 -1
    outer loop
      vertex -9.2426 -3.77562 0
      vertex -9.38452 -4.12358 0
      vertex -11.4194 -3.23854 0
    endloop
  endfacet
  facet normal 0 0 -1
    outer loop
      vertex -12.4726 -5.01314 0
      vertex -12.2967 -4.77675 0
      vertex -10.7009 -6.3656 0
    endloop
  endfacet
  facet normal 0 0 -1
    outer loop
      vertex -12.8474 -8.4738 0
      vertex -12.8474 -5.46697 0
      vertex -11.1731 -6.93621 0
    endloop
  endfacet
  facet normal 0 0 -1
    outer loop
      vertex -15.4251 -5.76218 0
      vertex -13.5627 -4.53431 0
      vertex -15.2147 -6.06786 0
    endloop
  endfacet
  facet normal 0 0 -1
    outer loop
      vertex -11.416 -9.36699 0
      vertex -10.3216 -7.4266 0
      vertex -11.1133 -9.51905 0
    endloop
  endfacet
  facet normal 0 0 -1
    outer loop
      vertex -13.9812 -9.20583 0
      vertex -15.1526 -7.31223 0
      vertex -14.9388 -7.19227 0
    endloop
  endfacet
  facet normal 0 0 -1
    outer loop
      vertex -14.9388 -7.19227 0
      vertex -14.7284 -7.06688 0
      vertex -13.6892 -9.03575 0
    endloop
  endfacet
  facet normal 0 0 -1
    outer loop
      vertex -13.9812 -9.20583 0
      vertex -14.9388 -7.19227 0
      vertex -13.6892 -9.03575 0
    endloop
  endfacet
  facet normal 0 0 -1
    outer loop
      vertex -8.89164 -2.69585 0
      vertex -11.025 -2.11399 0
      vertex -8.80046 -2.32482 0
    endloop
  endfacet
  facet normal 0 0 -1
    outer loop
      vertex -14.7284 -7.06688 0
      vertex -13.4027 -8.85693 0
      vertex -13.6892 -9.03575 0
    endloop
  endfacet
  facet normal 0 -0 -1
    outer loop
      vertex -13.7208 -4.28602 0
      vertex -13.5627 -4.53431 0
      vertex -15.4251 -5.76218 0
    endloop
  endfacet
  facet normal -0 0 -1
    outer loop
      vertex -13.1221 -8.66956 0
      vertex -13.4027 -8.85693 0
      vertex -14.5216 -6.93621 0
    endloop
  endfacet
  facet normal 0 -0 -1
    outer loop
      vertex -14.5216 -6.93621 0
      vertex -13.4027 -8.85693 0
      vertex -14.7284 -7.06688 0
    endloop
  endfacet
  facet normal 0 0 -1
    outer loop
      vertex -8.7226 -1.94867 0
      vertex -10.9528 -1.82234 0
      vertex -10.8917 -1.5269 0
    endloop
  endfacet
  facet normal 0 0 -1
    outer loop
      vertex -15.6246 -5.44881 0
      vertex -13.7208 -4.28602 0
      vertex -15.4251 -5.76218 0
    endloop
  endfacet
  facet normal 0 0 -1
    outer loop
      vertex -13.1221 -8.66956 0
      vertex -14.5216 -6.93621 0
      vertex -12.8474 -8.4738 0
    endloop
  endfacet
  facet normal 0 0 -1
    outer loop
      vertex -6.42369 -10.5923 0
      vertex -6.42369 -8.37129 0
      vertex -6.15846 -8.36722 0
    endloop
  endfacet
  facet normal 0 0 -1
    outer loop
      vertex -14.5815 -9.51905 0
      vertex -15.3698 -7.4266 0
      vertex -14.2787 -9.36699 0
    endloop
  endfacet
  facet normal 0 0 -1
    outer loop
      vertex -15.8144 -7.63797 0
      vertex -15.5905 -7.53523 0
      vertex -14.8893 -9.66184 0
    endloop
  endfacet
  facet normal 0 0 -1
    outer loop
      vertex -16.0417 -7.73465 0
      vertex -15.8144 -7.63797 0
      vertex -15.202 -9.79517 0
    endloop
  endfacet
  facet normal 0 0 -1
    outer loop
      vertex -16.2722 -7.82514 0
      vertex -16.0417 -7.73465 0
      vertex -15.202 -9.79517 0
    endloop
  endfacet
  facet normal 0 0 -1
    outer loop
      vertex -16.5058 -7.90927 0
      vertex -16.2722 -7.82514 0
      vertex -15.5194 -9.91886 0
    endloop
  endfacet
  facet normal 0 0 -1
    outer loop
      vertex -15.8414 -10.0327 0
      vertex -16.5058 -7.90927 0
      vertex -15.5194 -9.91886 0
    endloop
  endfacet
  facet normal 0 0 -1
    outer loop
      vertex -16.1677 -10.1366 0
      vertex -16.7426 -7.98689 0
      vertex -15.8414 -10.0327 0
    endloop
  endfacet
  facet normal 0 0 -1
    outer loop
      vertex -16.1677 -10.1366 0
      vertex -16.9825 -8.05785 0
      vertex -16.7426 -7.98689 0
    endloop
  endfacet
  facet normal 0 0 -1
    outer loop
      vertex -16.4982 -10.2303 0
      vertex -17.2253 -8.122 0
      vertex -16.9825 -8.05785 0
    endloop
  endfacet
  facet normal -0 0 -1
    outer loop
      vertex -16.4982 -10.2303 0
      vertex -16.8327 -10.3137 0
      vertex -17.2253 -8.122 0
    endloop
  endfacet
  facet normal 0 -0 -1
    outer loop
      vertex -17.2253 -8.122 0
      vertex -16.8327 -10.3137 0
      vertex -17.4712 -8.17917 0
    endloop
  endfacet
  facet normal 0 -0 -1
    outer loop
      vertex -17.4712 -8.17917 0
      vertex -17.171 -10.3865 0
      vertex -17.72 -8.22922 0
    endloop
  endfacet
  facet normal 0 0 -1
    outer loop
      vertex -17.72 -8.22922 0
      vertex -17.171 -10.3865 0
      vertex -17.513 -10.4486 0
    endloop
  endfacet
  facet normal 0 0 -1
    outer loop
      vertex -17.9716 -8.27199 0
      vertex -17.513 -10.4486 0
      vertex -17.8584 -10.4999 0
    endloop
  endfacet
  facet normal 0 0 -1
    outer loop
      vertex -18.2261 -8.30733 0
      vertex -17.9716 -8.27199 0
      vertex -17.8584 -10.4999 0
    endloop
  endfacet
  facet normal 0 0 -1
    outer loop
      vertex -18.4833 -8.33508 0
      vertex -18.2261 -8.30733 0
      vertex -18.2071 -10.54 0
    endloop
  endfacet
  facet normal 0 0 -1
    outer loop
      vertex -18.5589 -10.5689 0
      vertex -18.4833 -8.33508 0
      vertex -18.2071 -10.54 0
    endloop
  endfacet
  facet normal 0 0 -1
    outer loop
      vertex -18.9136 -10.5864 0
      vertex -18.7432 -8.35509 0
      vertex -18.5589 -10.5689 0
    endloop
  endfacet
  facet normal 0 0 -1
    outer loop
      vertex -18.9136 -10.5864 0
      vertex -19.0059 -8.36722 0
      vertex -18.7432 -8.35509 0
    endloop
  endfacet
  facet normal -0 0 -1
    outer loop
      vertex -14.7886 1.52691 0
      vertex -14.8395 1.22789 0
      vertex -17.0364 1.56766 0
    endloop
  endfacet
  facet normal 0 0 -1
    outer loop
      vertex -14.8795 0.925478 0
      vertex -17.0869 1.18202 0
      vertex -14.8395 1.22789 0
    endloop
  endfacet
  facet normal -0 0 -1
    outer loop
      vertex -8.93935 -7.98689 0
      vertex -9.85336 -10.0327 0
      vertex -9.17753 -7.90927 0
    endloop
  endfacet
  facet normal 0 0 -1
    outer loop
      vertex -9.17753 -7.90927 0
      vertex -9.85336 -10.0327 0
      vertex -10.1753 -9.91886 0
    endloop
  endfacet
  facet normal 0 -0 -1
    outer loop
      vertex -9.41276 -7.82514 0
      vertex -9.17753 -7.90927 0
      vertex -10.1753 -9.91886 0
    endloop
  endfacet
  facet normal 0 0 -1
    outer loop
      vertex -10.4928 -9.79517 0
      vertex -9.41276 -7.82514 0
      vertex -10.1753 -9.91886 0
    endloop
  endfacet
  facet normal 0 0 -1
    outer loop
      vertex -10.4928 -9.79517 0
      vertex -9.64491 -7.73465 0
      vertex -9.41276 -7.82514 0
    endloop
  endfacet
  facet normal 0 0 -1
    outer loop
      vertex -10.4928 -9.79517 0
      vertex -10.8055 -9.66184 0
      vertex -9.87386 -7.63797 0
    endloop
  endfacet
  facet normal 0 0 -1
    outer loop
      vertex -10.4928 -9.79517 0
      vertex -9.87386 -7.63797 0
      vertex -9.64491 -7.73465 0
    endloop
  endfacet
  facet normal 0 0 -1
    outer loop
      vertex -10.8055 -9.66184 0
      vertex -10.0995 -7.53523 0
      vertex -9.87386 -7.63797 0
    endloop
  endfacet
  facet normal -0 0 -1
    outer loop
      vertex -10.0995 -7.53523 0
      vertex -11.1133 -9.51905 0
      vertex -10.3216 -7.4266 0
    endloop
  endfacet
  facet normal 0 0 -1
    outer loop
      vertex -10.8055 -9.66184 0
      vertex -11.1133 -9.51905 0
      vertex -10.0995 -7.53523 0
    endloop
  endfacet
  facet normal 0 0 -1
    outer loop
      vertex -11.416 -9.36699 0
      vertex -10.5402 -7.31223 0
      vertex -10.3216 -7.4266 0
    endloop
  endfacet
  facet normal -0 0 -1
    outer loop
      vertex -10.5402 -7.31223 0
      vertex -11.7135 -9.20583 0
      vertex -10.7551 -7.19227 0
    endloop
  endfacet
  facet normal 0 0 -1
    outer loop
      vertex -11.416 -9.36699 0
      vertex -11.7135 -9.20583 0
      vertex -10.5402 -7.31223 0
    endloop
  endfacet
  facet normal -0 0 -1
    outer loop
      vertex -10.7551 -7.19227 0
      vertex -12.0056 -9.03575 0
      vertex -10.9661 -7.06688 0
    endloop
  endfacet
  facet normal 0 0 -1
    outer loop
      vertex -11.7135 -9.20583 0
      vertex -12.0056 -9.03575 0
      vertex -10.7551 -7.19227 0
    endloop
  endfacet
  facet normal 0 0 -1
    outer loop
      vertex -12.292 -8.85693 0
      vertex -11.1731 -6.93621 0
      vertex -10.9661 -7.06688 0
    endloop
  endfacet
  facet normal 0 0 -1
    outer loop
      vertex -11.1731 -6.93621 0
      vertex -12.292 -8.85693 0
      vertex -12.5727 -8.66956 0
    endloop
  endfacet
  facet normal 0 0 -1
    outer loop
      vertex -12.8474 -8.4738 0
      vertex -11.1731 -6.93621 0
      vertex -12.5727 -8.66956 0
    endloop
  endfacet
  facet normal 0 0 -1
    outer loop
      vertex -14.5216 -6.93621 0
      vertex -12.8474 -5.46697 0
      vertex -12.8474 -8.4738 0
    endloop
  endfacet
  facet normal 0 0 -1
    outer loop
      vertex -14.5216 -6.93621 0
      vertex -13.0383 -5.24329 0
      vertex -12.8474 -5.46697 0
    endloop
  endfacet
  facet normal 0 0 -1
    outer loop
      vertex -14.7627 -6.65513 0
      vertex -13.0383 -5.24329 0
      vertex -14.5216 -6.93621 0
    endloop
  endfacet
  facet normal 0 0 -1
    outer loop
      vertex -11.9691 -4.28602 0
      vertex -11.8181 -4.03209 0
      vertex -10.0701 -5.44881 0
    endloop
  endfacet
  facet normal 0 0 -1
    outer loop
      vertex -11.676 -3.77274 0
      vertex -9.70426 -4.80004 0
      vertex -9.88155 -5.12801 0
    endloop
  endfacet
  facet normal 0 0 -1
    outer loop
      vertex -15.2147 -6.06786 0
      vertex -13.3961 -4.77675 0
      vertex -14.9939 -6.3656 0
    endloop
  endfacet
  facet normal 0 -0 -1
    outer loop
      vertex -16.6989 3.06151 0
      vertex -14.5719 2.40164 0
      vertex -16.8031 2.69586 0
    endloop
  endfacet
  facet normal 0 0 -1
    outer loop
      vertex -4.37795 8.13185 0
      vertex -4.6238 8.18734 0
      vertex -3.97018 10.3137 0
    endloop
  endfacet
  facet normal 0 0 -1
    outer loop
      vertex -3.63608 10.2303 0
      vertex -4.13507 8.06928 0
      vertex -4.37795 8.13185 0
    endloop
  endfacet
  facet normal 0 0 -1
    outer loop
      vertex -4.30859 10.3865 0
      vertex -4.6238 8.18734 0
      vertex -4.87257 8.23569 0
    endloop
  endfacet
  facet normal 0 0 -1
    outer loop
      vertex -5.12422 8.2768 0
      vertex -4.9979 10.4999 0
      vertex -4.6512 10.4486 0
    endloop
  endfacet
  facet normal 0 -0 -1
    outer loop
      vertex -5.34861 10.54 0
      vertex -4.9979 10.4999 0
      vertex -5.37868 8.31062 0
    endloop
  endfacet
  facet normal 0 0 -1
    outer loop
      vertex -5.63591 8.33705 0
      vertex -5.89585 8.35603 0
      vertex -5.70321 10.5689 0
    endloop
  endfacet
  facet normal 0 0 -1
    outer loop
      vertex -6.15846 8.36747 0
      vertex -6.0616 10.5864 0
      vertex -5.89585 8.35603 0
    endloop
  endfacet
  facet normal 0 -0 -1
    outer loop
      vertex -6.42369 10.5923 0
      vertex -6.42369 8.3713 0
      vertex -6.68891 8.36723 0
    endloop
  endfacet
  facet normal -0 0 -1
    outer loop
      vertex -6.68891 8.36723 0
      vertex -6.95153 8.35511 0
      vertex -6.78115 10.5864 0
    endloop
  endfacet
  facet normal 0 0 -1
    outer loop
      vertex -7.48766 10.54 0
      vertex -7.13586 10.5689 0
      vertex -7.21147 8.33509 0
    endloop
  endfacet
  facet normal 0 -0 -1
    outer loop
      vertex -7.48766 10.54 0
      vertex -7.4687 8.30734 0
      vertex -7.83636 10.4999 0
    endloop
  endfacet
  facet normal 0 0 -1
    outer loop
      vertex -7.97481 8.22923 0
      vertex -8.18177 10.4486 0
      vertex -7.72317 8.272 0
    endloop
  endfacet
  facet normal 0 0 -1
    outer loop
      vertex -8.52373 10.3865 0
      vertex -7.97481 8.22923 0
      vertex -8.22358 8.17918 0
    endloop
  endfacet
  facet normal 0 0 -1
    outer loop
      vertex 2.07842 -0.31132 0
      vertex 4.3394 5.19039e-06 0
      vertex 4.33177 -0.397929 0
    endloop
  endfacet
  facet normal 0 0 -1
    outer loop
      vertex -8.46943 8.12201 0
      vertex -9.19654 10.2303 0
      vertex -8.86204 10.3137 0
    endloop
  endfacet
  facet normal 0 0 -1
    outer loop
      vertex -9.52704 10.1366 0
      vertex -8.71231 8.05787 0
      vertex -8.95217 7.98691 0
    endloop
  endfacet
  facet normal 0 0 -1
    outer loop
      vertex -9.52704 10.1366 0
      vertex -9.19654 10.2303 0
      vertex -8.71231 8.05787 0
    endloop
  endfacet
  facet normal -0 0 -1
    outer loop
      vertex -8.95217 7.98691 0
      vertex -9.18895 7.90929 0
      vertex -9.85336 10.0327 0
    endloop
  endfacet
  facet normal 0 0 -1
    outer loop
      vertex -10.4928 9.79517 0
      vertex -10.1753 9.91887 0
      vertex -9.4226 7.82515 0
    endloop
  endfacet
  facet normal 0 0 -1
    outer loop
      vertex -9.18895 7.90929 0
      vertex -10.1753 9.91887 0
      vertex -9.85336 10.0327 0
    endloop
  endfacet
  facet normal 0 0 -1
    outer loop
      vertex -10.4928 9.79517 0
      vertex -9.4226 7.82515 0
      vertex -9.65308 7.73467 0
    endloop
  endfacet
  facet normal -0 0 -1
    outer loop
      vertex -9.88032 7.63798 0
      vertex -10.1043 7.53524 0
      vertex -10.8055 9.66184 0
    endloop
  endfacet
  facet normal 0 0 -1
    outer loop
      vertex -10.4928 9.79517 0
      vertex -9.65308 7.73467 0
      vertex -9.88032 7.63798 0
    endloop
  endfacet
  facet normal 0 0 -1
    outer loop
      vertex -2.7431 7.54965 0
      vertex -1.72763 9.51906 0
      vertex -2.52247 7.43973 0
    endloop
  endfacet
  facet normal 0 0 -1
    outer loop
      vertex -10.1043 7.53524 0
      vertex -11.1133 9.51906 0
      vertex -10.8055 9.66184 0
    endloop
  endfacet
  facet normal 0 0 -1
    outer loop
      vertex -11.416 9.36699 0
      vertex -10.3249 7.42661 0
      vertex -10.5422 7.31224 0
    endloop
  endfacet
  facet normal 0 0 -1
    outer loop
      vertex -10.3249 7.42661 0
      vertex -11.1133 9.51906 0
      vertex -10.1043 7.53524 0
    endloop
  endfacet
  facet normal 0 0 -1
    outer loop
      vertex -3.65844 7.92323 0
      vertex -2.66064 9.91887 0
      vertex -3.42479 7.83991 0
    endloop
  endfacet
  facet normal 0 -0 -1
    outer loop
      vertex -11.416 9.36699 0
      vertex -10.5422 7.31224 0
      vertex -11.7135 9.20583 0
    endloop
  endfacet
  facet normal 0 0 -1
    outer loop
      vertex -14.0106 3.77274 0
      vertex -16.1563 4.46515 0
      vertex -15.9905 4.80005 0
    endloop
  endfacet
  facet normal 0 0 -1
    outer loop
      vertex -10.756 7.19228 0
      vertex -12.0056 9.03575 0
      vertex -11.7135 9.20583 0
    endloop
  endfacet
  facet normal -0 0 -1
    outer loop
      vertex -10.5422 7.31224 0
      vertex -10.756 7.19228 0
      vertex -11.7135 9.20583 0
    endloop
  endfacet
  facet normal 0 0 -1
    outer loop
      vertex -6.0616 10.5864 0
      vertex -5.70321 10.5689 0
      vertex -5.89585 8.35603 0
    endloop
  endfacet
  facet normal -0 0 -1
    outer loop
      vertex -13.8702 4.0321 0
      vertex -14.0106 3.77274 0
      vertex -15.9905 4.80005 0
    endloop
  endfacet
  facet normal 0 0 -1
    outer loop
      vertex -10.9663 7.06689 0
      vertex -12.0056 9.03575 0
      vertex -10.756 7.19228 0
    endloop
  endfacet
  facet normal 0 0 -1
    outer loop
      vertex -15.8132 5.12802 0
      vertex -15.6246 5.44882 0
      vertex -13.8702 4.0321 0
    endloop
  endfacet
  facet normal 0 0 -1
    outer loop
      vertex -12.292 8.85694 0
      vertex -10.9663 7.06689 0
      vertex -11.1731 6.93622 0
    endloop
  endfacet
  facet normal 0 0 -1
    outer loop
      vertex -12.292 8.85694 0
      vertex -12.0056 9.03575 0
      vertex -10.9663 7.06689 0
    endloop
  endfacet
  facet normal 0 0 -1
    outer loop
      vertex -9.19654 10.2303 0
      vertex -8.46943 8.12201 0
      vertex -8.71231 8.05787 0
    endloop
  endfacet
  facet normal 0 0 -1
    outer loop
      vertex -9.85336 10.0327 0
      vertex -9.52704 10.1366 0
      vertex -8.95217 7.98691 0
    endloop
  endfacet
  facet normal -0 0 -1
    outer loop
      vertex -13.5627 4.53431 0
      vertex -13.7208 4.28602 0
      vertex -15.4251 5.76219 0
    endloop
  endfacet
  facet normal 0 -0 -1
    outer loop
      vertex -12.292 8.85694 0
      vertex -11.1731 6.93622 0
      vertex -12.5727 8.66956 0
    endloop
  endfacet
  facet normal 0 0 -1
    outer loop
      vertex -14.5216 6.93622 0
      vertex -12.8474 5.46697 0
      vertex -13.0383 5.24329 0
    endloop
  endfacet
  facet normal 0 0 -1
    outer loop
      vertex -11.1731 6.93622 0
      vertex -12.8474 8.4738 0
      vertex -12.5727 8.66956 0
    endloop
  endfacet
  facet normal 0 0 -1
    outer loop
      vertex -10.3249 7.42661 0
      vertex -11.416 9.36699 0
      vertex -11.1133 9.51906 0
    endloop
  endfacet
  facet normal 0 0 -1
    outer loop
      vertex -9.88032 7.63798 0
      vertex -10.8055 9.66184 0
      vertex -10.4928 9.79517 0
    endloop
  endfacet
  facet normal 0 0 -1
    outer loop
      vertex -10.1753 9.91887 0
      vertex -9.18895 7.90929 0
      vertex -9.4226 7.82515 0
    endloop
  endfacet
  facet normal 0 0 -1
    outer loop
      vertex -8.86204 10.3137 0
      vertex -8.52373 10.3865 0
      vertex -8.22358 8.17918 0
    endloop
  endfacet
  facet normal 0 0 -1
    outer loop
      vertex -8.52373 10.3865 0
      vertex -8.18177 10.4486 0
      vertex -7.97481 8.22923 0
    endloop
  endfacet
  facet normal 0 0 -1
    outer loop
      vertex -7.83636 10.4999 0
      vertex -7.4687 8.30734 0
      vertex -7.72317 8.272 0
    endloop
  endfacet
  facet normal 0 0 -1
    outer loop
      vertex -7.4687 8.30734 0
      vertex -7.48766 10.54 0
      vertex -7.21147 8.33509 0
    endloop
  endfacet
  facet normal 0 0 -1
    outer loop
      vertex -7.13586 10.5689 0
      vertex -6.78115 10.5864 0
      vertex -6.95153 8.35511 0
    endloop
  endfacet
  facet normal 0 0 -1
    outer loop
      vertex -6.78115 10.5864 0
      vertex -6.42369 10.5923 0
      vertex -6.68891 8.36723 0
    endloop
  endfacet
  facet normal -0 0 -1
    outer loop
      vertex -6.0616 10.5864 0
      vertex -6.15846 8.36747 0
      vertex -6.42369 10.5923 0
    endloop
  endfacet
  facet normal 0 0 -1
    outer loop
      vertex -5.34861 10.54 0
      vertex -5.37868 8.31062 0
      vertex -5.63591 8.33705 0
    endloop
  endfacet
  facet normal 0 0 -1
    outer loop
      vertex -5.37868 8.31062 0
      vertex -4.9979 10.4999 0
      vertex -5.12422 8.2768 0
    endloop
  endfacet
  facet normal 0 -0 -1
    outer loop
      vertex -4.6512 10.4486 0
      vertex -4.30859 10.3865 0
      vertex -4.87257 8.23569 0
    endloop
  endfacet
  facet normal 0 -0 -1
    outer loop
      vertex -4.30859 10.3865 0
      vertex -3.97018 10.3137 0
      vertex -4.6238 8.18734 0
    endloop
  endfacet
  facet normal 0 -0 -1
    outer loop
      vertex -3.97018 10.3137 0
      vertex -3.63608 10.2303 0
      vertex -4.37795 8.13185 0
    endloop
  endfacet
  facet normal 0 0 -1
    outer loop
      vertex -4.13507 8.06928 0
      vertex -3.30639 10.1366 0
      vertex -3.89522 7.99972 0
    endloop
  endfacet
  facet normal 0 -0 -1
    outer loop
      vertex -3.63608 10.2303 0
      vertex -3.30639 10.1366 0
      vertex -4.13507 8.06928 0
    endloop
  endfacet
  facet normal 0 0 -1
    outer loop
      vertex -3.89522 7.99972 0
      vertex -3.30639 10.1366 0
      vertex -2.98121 10.0327 0
    endloop
  endfacet
  facet normal 0 0 -1
    outer loop
      vertex -3.65844 7.92323 0
      vertex -3.89522 7.99972 0
      vertex -2.98121 10.0327 0
    endloop
  endfacet
  facet normal -0 0 -1
    outer loop
      vertex -2.66064 9.91887 0
      vertex -3.65844 7.92323 0
      vertex -2.98121 10.0327 0
    endloop
  endfacet
  facet normal 0 0 -1
    outer loop
      vertex -3.42479 7.83991 0
      vertex -2.66064 9.91887 0
      vertex -3.19431 7.74982 0
    endloop
  endfacet
  facet normal -0 0 -1
    outer loop
      vertex -2.34479 9.79517 0
      vertex -3.19431 7.74982 0
      vertex -2.66064 9.91887 0
    endloop
  endfacet
  facet normal 0 0 -1
    outer loop
      vertex -2.34479 9.79517 0
      vertex -2.96706 7.65304 0
      vertex -3.19431 7.74982 0
    endloop
  endfacet
  facet normal 0 -0 -1
    outer loop
      vertex -2.34479 9.79517 0
      vertex -2.03375 9.66184 0
      vertex -2.96706 7.65304 0
    endloop
  endfacet
  facet normal 0 0 -1
    outer loop
      vertex -2.7431 7.54965 0
      vertex -2.96706 7.65304 0
      vertex -2.03375 9.66184 0
    endloop
  endfacet
  facet normal -0 0 -1
    outer loop
      vertex -1.72763 9.51906 0
      vertex -2.7431 7.54965 0
      vertex -2.03375 9.66184 0
    endloop
  endfacet
  facet normal 0 0 -1
    outer loop
      vertex -2.52247 7.43973 0
      vertex -1.72763 9.51906 0
      vertex -1.42654 9.36699 0
    endloop
  endfacet
  facet normal 0 0 -1
    outer loop
      vertex -1.42654 9.36699 0
      vertex -2.30521 7.32335 0
      vertex -2.52247 7.43973 0
    endloop
  endfacet
  facet normal 0 0 -1
    outer loop
      vertex -2.30521 7.32335 0
      vertex -1.42654 9.36699 0
      vertex -1.13057 9.20583 0
    endloop
  endfacet
  facet normal 0 0 -1
    outer loop
      vertex -2.0914 7.20058 0
      vertex -2.30521 7.32335 0
      vertex -1.13057 9.20583 0
    endloop
  endfacet
  facet normal -0 0 -1
    outer loop
      vertex -0.839834 9.03575 0
      vertex -2.0914 7.20058 0
      vertex -1.13057 9.20583 0
    endloop
  endfacet
  facet normal 0 0 -1
    outer loop
      vertex -0.839834 9.03575 0
      vertex -1.88106 7.07152 0
      vertex -2.0914 7.20058 0
    endloop
  endfacet
  facet normal 0 -0 -1
    outer loop
      vertex -0.839834 9.03575 0
      vertex -0.554422 8.85694 0
      vertex -1.88106 7.07152 0
    endloop
  endfacet
  facet normal 0 0 -1
    outer loop
      vertex -1.88106 7.07152 0
      vertex -0.554422 8.85694 0
      vertex -1.67427 6.93622 0
    endloop
  endfacet
  facet normal 0 0 -1
    outer loop
      vertex -1.67427 6.93622 0
      vertex -0.554422 8.85694 0
      vertex -0.274447 8.66956 0
    endloop
  endfacet
  facet normal -0 0 -1
    outer loop
      vertex -5.19039e-06 8.4738 0
      vertex -1.67427 6.93622 0
      vertex -0.274447 8.66956 0
    endloop
  endfacet
  facet normal 0 0 -1
    outer loop
      vertex -2.59435 -5.76218 0
      vertex -2.79702 -5.44881 0
      vertex -0.873437 -4.28602 0
    endloop
  endfacet
  facet normal -0 0 -1
    outer loop
      vertex -0.715355 -4.53431 0
      vertex -2.59435 -5.76218 0
      vertex -0.873437 -4.28602 0
    endloop
  endfacet
  facet normal 0 0 -1
    outer loop
      vertex -2.59435 -5.76218 0
      vertex -0.715355 -4.53431 0
      vertex -2.38051 -6.06786 0
    endloop
  endfacet
  facet normal 0 0 -1
    outer loop
      vertex -1.67427 -6.93621 0
      vertex -5.19039e-06 -5.46697 0
      vertex -5.19039e-06 -8.4738 0
    endloop
  endfacet
  facet normal 0 0 -1
    outer loop
      vertex -3.33568 -4.46514 0
      vertex -1.41658 -3.23854 0
      vertex -1.29458 -3.50815 0
    endloop
  endfacet
  facet normal 0 0 -1
    outer loop
      vertex -3.16791 -4.80004 0
      vertex -1.29458 -3.50815 0
      vertex -1.16325 -3.77274 0
    endloop
  endfacet
  facet normal -0 0 -1
    outer loop
      vertex 4.21968 -1.56765 0
      vertex 4.15361 -1.94867 0
      vertex 1.99216 -1.22788 0
    endloop
  endfacet
  facet normal 0 0 -1
    outer loop
      vertex -1.0228 -4.03209 0
      vertex -2.79702 -5.44881 0
      vertex -2.98828 -5.12801 0
    endloop
  endfacet
  facet normal 0 0 -1
    outer loop
      vertex 4.2716 -1.18201 0
      vertex 2.03216 -0.925468 0
      vertex 4.30906 -0.79202 0
    endloop
  endfacet
  facet normal -0 0 -1
    outer loop
      vertex -1.0228 -4.03209 0
      vertex -2.98828 -5.12801 0
      vertex -1.16325 -3.77274 0
    endloop
  endfacet
  facet normal 0 0 -1
    outer loop
      vertex 4.33177 -0.397929 0
      vertex 4.30906 -0.79202 0
      vertex 2.06097 -0.619881 0
    endloop
  endfacet
  facet normal 0 0 -1
    outer loop
      vertex -1.16325 -3.77274 0
      vertex -2.98828 -5.12801 0
      vertex -3.16791 -4.80004 0
    endloop
  endfacet
  facet normal 0 0 -1
    outer loop
      vertex -2.79702 -5.44881 0
      vertex -1.0228 -4.03209 0
      vertex -0.873437 -4.28602 0
    endloop
  endfacet
  facet normal 0 0 -1
    outer loop
      vertex 1.67425 -6.93621 0
      vertex -5.19039e-06 -5.46697 0
      vertex 0.190877 -5.24329 0
    endloop
  endfacet
  facet normal -0 0 -1
    outer loop
      vertex 4.15361 -1.94867 0
      vertex 4.07371 -2.32482 0
      vertex 1.9412 -1.5269 0
    endloop
  endfacet
  facet normal 0 -0 -1
    outer loop
      vertex 2.52246 -7.4266 0
      vertex 2.74309 -7.53523 0
      vertex 1.71256 -9.51905 0
    endloop
  endfacet
  facet normal 0 0 -1
    outer loop
      vertex 3.62186 -3.77562 0
      vertex 1.63177 -2.68508 0
      vertex 3.75404 -3.4215 0
    endloop
  endfacet
  facet normal 0 0 -1
    outer loop
      vertex -2.38051 -6.06786 0
      vertex -0.548767 -4.77675 0
      vertex -2.15573 -6.3656 0
    endloop
  endfacet
  facet normal 0 0 -1
    outer loop
      vertex 0.546112 -8.85693 0
      vertex 1.88105 -7.06688 0
      vertex 0.828716 -9.03575 0
    endloop
  endfacet
  facet normal 0 -0 -1
    outer loop
      vertex 2.09139 -7.19227 0
      vertex 2.3052 -7.31223 0
      vertex 1.11744 -9.20583 0
    endloop
  endfacet
  facet normal 0 -0 -1
    outer loop
      vertex 2.3052 -7.31223 0
      vertex 2.52246 -7.4266 0
      vertex 1.41212 -9.36699 0
    endloop
  endfacet
  facet normal 0 -0 -1
    outer loop
      vertex 1.87947 -1.82234 0
      vertex 3.98028 -2.69585 0
      vertex 1.80719 -2.11399 0
    endloop
  endfacet
  facet normal 0 0 -1
    outer loop
      vertex 2.07842 0.311333 0
      vertex 2.06097 0.619891 0
      vertex 4.33201 0.39794 0
    endloop
  endfacet
  facet normal 0 0 -1
    outer loop
      vertex -1.13385 -9.20583 0
      vertex -2.30521 -7.31223 0
      vertex -2.0914 -7.19227 0
    endloop
  endfacet
  facet normal 0 0 -1
    outer loop
      vertex -2.0914 -7.19227 0
      vertex -1.88106 -7.06688 0
      vertex -0.841793 -9.03575 0
    endloop
  endfacet
  facet normal 0 0 -1
    outer loop
      vertex -1.13385 -9.20583 0
      vertex -2.0914 -7.19227 0
      vertex -0.841793 -9.03575 0
    endloop
  endfacet
  facet normal 0 -0 -1
    outer loop
      vertex -1.52905 -2.96412 0
      vertex -1.41658 -3.23854 0
      vertex -3.49134 -4.12358 0
    endloop
  endfacet
  facet normal 0 -0 -1
    outer loop
      vertex -1.63177 -2.68508 0
      vertex -1.52905 -2.96412 0
      vertex -3.63468 -3.77562 0
    endloop
  endfacet
  facet normal 0 0 -1
    outer loop
      vertex -1.88106 -7.06688 0
      vertex -0.555346 -8.85693 0
      vertex -0.841793 -9.03575 0
    endloop
  endfacet
  facet normal 0 -0 -1
    outer loop
      vertex -1.72456 -2.40164 0
      vertex -1.63177 -2.68508 0
      vertex -3.76547 -3.4215 0
    endloop
  endfacet
  facet normal -0 0 -1
    outer loop
      vertex -0.274689 -8.66956 0
      vertex -0.555346 -8.85693 0
      vertex -1.67427 -6.93621 0
    endloop
  endfacet
  facet normal 0 -0 -1
    outer loop
      vertex -1.67427 -6.93621 0
      vertex -0.555346 -8.85693 0
      vertex -1.88106 -7.06688 0
    endloop
  endfacet
  facet normal 0 0 -1
    outer loop
      vertex -3.88347 -3.0615 0
      vertex -1.72456 -2.40164 0
      vertex -3.76547 -3.4215 0
    endloop
  endfacet
  facet normal 0 0 -1
    outer loop
      vertex -3.88347 -3.0615 0
      vertex -1.8072 -2.11399 0
      vertex -1.72456 -2.40164 0
    endloop
  endfacet
  facet normal 0 0 -1
    outer loop
      vertex -0.274689 -8.66956 0
      vertex -1.67427 -6.93621 0
      vertex -5.19039e-06 -8.4738 0
    endloop
  endfacet
  facet normal 0 0 -1
    outer loop
      vertex 6.42369 -10.5923 0
      vertex 6.42369 -8.37129 0
      vertex 6.68891 -8.36722 0
    endloop
  endfacet
  facet normal 0 0 -1
    outer loop
      vertex -1.73409 -9.51905 0
      vertex -2.52247 -7.4266 0
      vertex -1.43135 -9.36699 0
    endloop
  endfacet
  facet normal 0 0 -1
    outer loop
      vertex -2.96706 -7.63797 0
      vertex -2.7431 -7.53523 0
      vertex -2.04191 -9.66184 0
    endloop
  endfacet
  facet normal 0 0 -1
    outer loop
      vertex -3.19431 -7.73465 0
      vertex -2.96706 -7.63797 0
      vertex -2.35463 -9.79517 0
    endloop
  endfacet
  facet normal 0 0 -1
    outer loop
      vertex -3.42479 -7.82514 0
      vertex -3.19431 -7.73465 0
      vertex -2.35463 -9.79517 0
    endloop
  endfacet
  facet normal 0 0 -1
    outer loop
      vertex -3.65844 -7.90927 0
      vertex -3.42479 -7.82514 0
      vertex -2.67206 -9.91886 0
    endloop
  endfacet
  facet normal 0 0 -1
    outer loop
      vertex -2.99402 -10.0327 0
      vertex -3.65844 -7.90927 0
      vertex -2.67206 -9.91886 0
    endloop
  endfacet
  facet normal 0 0 -1
    outer loop
      vertex -3.32035 -10.1366 0
      vertex -3.89522 -7.98689 0
      vertex -2.99402 -10.0327 0
    endloop
  endfacet
  facet normal 0 0 -1
    outer loop
      vertex -3.32035 -10.1366 0
      vertex -4.13507 -8.05785 0
      vertex -3.89522 -7.98689 0
    endloop
  endfacet
  facet normal 0 0 -1
    outer loop
      vertex -3.65084 -10.2303 0
      vertex -4.37795 -8.122 0
      vertex -4.13507 -8.05785 0
    endloop
  endfacet
  facet normal -0 0 -1
    outer loop
      vertex -3.65084 -10.2303 0
      vertex -3.98534 -10.3137 0
      vertex -4.37795 -8.122 0
    endloop
  endfacet
  facet normal 0 -0 -1
    outer loop
      vertex -4.37795 -8.122 0
      vertex -3.98534 -10.3137 0
      vertex -4.6238 -8.17917 0
    endloop
  endfacet
  facet normal 0 -0 -1
    outer loop
      vertex -4.6238 -8.17917 0
      vertex -4.32366 -10.3865 0
      vertex -4.87257 -8.22922 0
    endloop
  endfacet
  facet normal 0 0 -1
    outer loop
      vertex -4.87257 -8.22922 0
      vertex -4.32366 -10.3865 0
      vertex -4.66561 -10.4486 0
    endloop
  endfacet
  facet normal 0 0 -1
    outer loop
      vertex -5.12422 -8.27199 0
      vertex -4.66561 -10.4486 0
      vertex -5.01102 -10.4999 0
    endloop
  endfacet
  facet normal 0 0 -1
    outer loop
      vertex -5.37868 -8.30733 0
      vertex -5.12422 -8.27199 0
      vertex -5.01102 -10.4999 0
    endloop
  endfacet
  facet normal 0 0 -1
    outer loop
      vertex -5.63591 -8.33508 0
      vertex -5.37868 -8.30733 0
      vertex -5.35972 -10.54 0
    endloop
  endfacet
  facet normal 0 0 -1
    outer loop
      vertex -5.71151 -10.5689 0
      vertex -5.63591 -8.33508 0
      vertex -5.35972 -10.54 0
    endloop
  endfacet
  facet normal 0 0 -1
    outer loop
      vertex -6.06623 -10.5864 0
      vertex -5.89585 -8.35509 0
      vertex -5.71151 -10.5689 0
    endloop
  endfacet
  facet normal 0 0 -1
    outer loop
      vertex -6.06623 -10.5864 0
      vertex -6.15846 -8.36722 0
      vertex -5.89585 -8.35509 0
    endloop
  endfacet
  facet normal 0 0 -1
    outer loop
      vertex 1.0228 4.0321 0
      vertex 0.873429 4.28602 0
      vertex 2.79701 5.44882 0
    endloop
  endfacet
  facet normal 0 -0 -1
    outer loop
      vertex 6.68891 -8.36722 0
      vertex 6.78115 -10.5864 0
      vertex 6.42369 -10.5923 0
    endloop
  endfacet
  facet normal -0 0 -1
    outer loop
      vertex 3.89521 -7.98689 0
      vertex 2.96839 -10.0327 0
      vertex 3.65843 -7.90927 0
    endloop
  endfacet
  facet normal 0 0 -1
    outer loop
      vertex 3.65843 -7.90927 0
      vertex 2.96839 -10.0327 0
      vertex 2.64668 -9.91886 0
    endloop
  endfacet
  facet normal 0 -0 -1
    outer loop
      vertex 3.42478 -7.82514 0
      vertex 3.65843 -7.90927 0
      vertex 2.64668 -9.91886 0
    endloop
  endfacet
  facet normal 0 -0 -1
    outer loop
      vertex 3.1943 -7.73465 0
      vertex 3.42478 -7.82514 0
      vertex 2.64668 -9.91886 0
    endloop
  endfacet
  facet normal 0 0 -1
    outer loop
      vertex 2.33002 -9.79517 0
      vertex 3.1943 -7.73465 0
      vertex 2.64668 -9.91886 0
    endloop
  endfacet
  facet normal 0 0 -1
    outer loop
      vertex 2.33002 -9.79517 0
      vertex 2.01859 -9.66184 0
      vertex 2.96706 -7.63797 0
    endloop
  endfacet
  facet normal 0 0 -1
    outer loop
      vertex 2.33002 -9.79517 0
      vertex 2.96706 -7.63797 0
      vertex 3.1943 -7.73465 0
    endloop
  endfacet
  facet normal -0 0 -1
    outer loop
      vertex 2.96706 -7.63797 0
      vertex 2.01859 -9.66184 0
      vertex 2.74309 -7.53523 0
    endloop
  endfacet
  facet normal 0 0 -1
    outer loop
      vertex 2.74309 -7.53523 0
      vertex 2.01859 -9.66184 0
      vertex 1.71256 -9.51905 0
    endloop
  endfacet
  facet normal 0 0 -1
    outer loop
      vertex 2.52246 -7.4266 0
      vertex 1.71256 -9.51905 0
      vertex 1.41212 -9.36699 0
    endloop
  endfacet
  facet normal 0 0 -1
    outer loop
      vertex 2.3052 -7.31223 0
      vertex 1.41212 -9.36699 0
      vertex 1.11744 -9.20583 0
    endloop
  endfacet
  facet normal 0 0 -1
    outer loop
      vertex 2.09139 -7.19227 0
      vertex 1.11744 -9.20583 0
      vertex 0.828716 -9.03575 0
    endloop
  endfacet
  facet normal 0 0 -1
    outer loop
      vertex 0.546112 -8.85693 0
      vertex 1.67425 -6.93621 0
      vertex 1.88105 -7.06688 0
    endloop
  endfacet
  facet normal 0 0 -1
    outer loop
      vertex 0.26981 -8.66956 0
      vertex -5.19039e-06 -8.4738 0
      vertex 1.67425 -6.93621 0
    endloop
  endfacet
  facet normal 0 0 -1
    outer loop
      vertex -5.19039e-06 -5.46697 0
      vertex 1.67425 -6.93621 0
      vertex -5.19039e-06 -8.4738 0
    endloop
  endfacet
  facet normal 0 0 -1
    outer loop
      vertex 0.190877 -5.24329 0
      vertex 1.9156 -6.65513 0
      vertex 1.67425 -6.93621 0
    endloop
  endfacet
  facet normal -0 0 -1
    outer loop
      vertex -5.19039e-06 -5.46697 0
      vertex -1.67427 -6.93621 0
      vertex -0.190887 -5.24329 0
    endloop
  endfacet
  facet normal 0 0 -1
    outer loop
      vertex 2.14742 -6.3656 0
      vertex 0.373867 -5.01314 0
      vertex 0.548759 -4.77675 0
    endloop
  endfacet
  facet normal 0 0 -1
    outer loop
      vertex -1.67427 -6.93621 0
      vertex -1.92024 -6.65513 0
      vertex -0.190887 -5.24329 0
    endloop
  endfacet
  facet normal 0 0 -1
    outer loop
      vertex 2.3694 -6.06786 0
      vertex 0.715348 -4.53431 0
      vertex 2.58123 -5.76218 0
    endloop
  endfacet
  facet normal 0 0 -1
    outer loop
      vertex 0.873429 -4.28602 0
      vertex 1.0228 -4.03209 0
      vertex 2.7826 -5.44881 0
    endloop
  endfacet
  facet normal 0 0 -1
    outer loop
      vertex 2.97321 -5.12801 0
      vertex 1.16325 -3.77274 0
      vertex 3.15275 -4.80004 0
    endloop
  endfacet
  facet normal 0 0 -1
    outer loop
      vertex -1.92024 -6.65513 0
      vertex -0.373874 -5.01314 0
      vertex -0.190887 -5.24329 0
    endloop
  endfacet
  facet normal -0 0 -1
    outer loop
      vertex -0.373874 -5.01314 0
      vertex -2.15573 -6.3656 0
      vertex -0.548767 -4.77675 0
    endloop
  endfacet
  facet normal 0 0 -1
    outer loop
      vertex -3.87363 3.06151 0
      vertex -1.72456 2.40164 0
      vertex -1.8072 2.114 0
    endloop
  endfacet
  facet normal 0 0 -1
    outer loop
      vertex 8.46942 8.13185 0
      vertex 8.22357 8.18734 0
      vertex 8.86204 10.3137 0
    endloop
  endfacet
  facet normal 0 0 -1
    outer loop
      vertex 8.7123 8.06928 0
      vertex 9.52703 10.1366 0
      vertex 8.95216 7.99972 0
    endloop
  endfacet
  facet normal 0 0 -1
    outer loop
      vertex 9.19653 10.2303 0
      vertex 8.7123 8.06928 0
      vertex 8.46942 8.13185 0
    endloop
  endfacet
  facet normal 0 0 -1
    outer loop
      vertex 7.9748 8.23569 0
      vertex 8.52372 10.3865 0
      vertex 8.22357 8.18734 0
    endloop
  endfacet
  facet normal 0 -0 -1
    outer loop
      vertex 8.18177 10.4486 0
      vertex 8.52372 10.3865 0
      vertex 7.9748 8.23569 0
    endloop
  endfacet
  facet normal 0 0 -1
    outer loop
      vertex 7.4687 8.31062 0
      vertex 7.48766 10.54 0
      vertex 7.83635 10.4999 0
    endloop
  endfacet
  facet normal 0 0 -1
    outer loop
      vertex 7.13586 10.5689 0
      vertex 7.48766 10.54 0
      vertex 7.21147 8.33705 0
    endloop
  endfacet
  facet normal 0 0 -1
    outer loop
      vertex 6.95152 8.35603 0
      vertex 6.68891 8.36747 0
      vertex 6.78115 10.5864 0
    endloop
  endfacet
  facet normal 0 0 -1
    outer loop
      vertex 6.42369 8.3713 0
      vertex 6.42369 10.5923 0
      vertex 6.68891 8.36747 0
    endloop
  endfacet
  facet normal 0 -0 -1
    outer loop
      vertex 6.06623 10.5864 0
      vertex 6.15846 8.36723 0
      vertex 5.89585 8.35511 0
    endloop
  endfacet
  facet normal -0 0 -1
    outer loop
      vertex 5.89585 8.35511 0
      vertex 5.63591 8.33509 0
      vertex 5.71151 10.5689 0
    endloop
  endfacet
  facet normal 0 0 -1
    outer loop
      vertex 5.01102 10.4999 0
      vertex 5.35972 10.54 0
      vertex 5.37868 8.30734 0
    endloop
  endfacet
  facet normal 0 -0 -1
    outer loop
      vertex 5.01102 10.4999 0
      vertex 5.12422 8.272 0
      vertex 4.66561 10.4486 0
    endloop
  endfacet
  facet normal 0 0 -1
    outer loop
      vertex 4.6238 8.17918 0
      vertex 4.32366 10.3865 0
      vertex 4.87257 8.22923 0
    endloop
  endfacet
  facet normal 0 0 -1
    outer loop
      vertex 3.98534 10.3137 0
      vertex 4.32366 10.3865 0
      vertex 4.6238 8.17918 0
    endloop
  endfacet
  facet normal 0 0 -1
    outer loop
      vertex 14.9084 -0.619881 0
      vertex 17.1791 -0.397929 0
      vertex 17.1564 -0.79202 0
    endloop
  endfacet
  facet normal 0 0 -1
    outer loop
      vertex 4.13507 8.05787 0
      vertex 3.32034 10.1366 0
      vertex 3.65084 10.2303 0
    endloop
  endfacet
  facet normal 0 0 -1
    outer loop
      vertex 2.99402 10.0327 0
      vertex 3.89521 7.98691 0
      vertex 3.65843 7.90929 0
    endloop
  endfacet
  facet normal 0 0 -1
    outer loop
      vertex 3.89521 7.98691 0
      vertex 3.32034 10.1366 0
      vertex 4.13507 8.05787 0
    endloop
  endfacet
  facet normal 0 -0 -1
    outer loop
      vertex 2.99402 10.0327 0
      vertex 3.65843 7.90929 0
      vertex 2.67205 9.91887 0
    endloop
  endfacet
  facet normal 0 0 -1
    outer loop
      vertex 3.1943 7.73467 0
      vertex 2.35462 9.79517 0
      vertex 3.42478 7.82515 0
    endloop
  endfacet
  facet normal 0 0 -1
    outer loop
      vertex 3.42478 7.82515 0
      vertex 2.35462 9.79517 0
      vertex 2.67205 9.91887 0
    endloop
  endfacet
  facet normal -0 0 -1
    outer loop
      vertex 11.7135 9.20583 0
      vertex 10.5422 7.32335 0
      vertex 11.416 9.36699 0
    endloop
  endfacet
  facet normal 0 0 -1
    outer loop
      vertex 2.96706 7.63798 0
      vertex 2.35462 9.79517 0
      vertex 3.1943 7.73467 0
    endloop
  endfacet
  facet normal 0 -0 -1
    outer loop
      vertex 2.04191 9.66184 0
      vertex 2.74309 7.53524 0
      vertex 1.73408 9.51906 0
    endloop
  endfacet
  facet normal 0 0 -1
    outer loop
      vertex 2.04191 9.66184 0
      vertex 2.96706 7.63798 0
      vertex 2.74309 7.53524 0
    endloop
  endfacet
  facet normal 0 0 -1
    outer loop
      vertex 10.8055 9.66184 0
      vertex 10.1043 7.54965 0
      vertex 9.88032 7.65304 0
    endloop
  endfacet
  facet normal -0 0 -1
    outer loop
      vertex 2.74309 7.53524 0
      vertex 2.52246 7.42661 0
      vertex 1.73408 9.51906 0
    endloop
  endfacet
  facet normal 0 0 -1
    outer loop
      vertex 1.13384 9.20583 0
      vertex 1.43134 9.36699 0
      vertex 2.3052 7.31224 0
    endloop
  endfacet
  facet normal 0 0 -1
    outer loop
      vertex 2.3052 7.31224 0
      vertex 1.43134 9.36699 0
      vertex 2.52246 7.42661 0
    endloop
  endfacet
  facet normal -0 0 -1
    outer loop
      vertex 9.85335 10.0327 0
      vertex 8.95216 7.99972 0
      vertex 9.52703 10.1366 0
    endloop
  endfacet
  facet normal 0 -0 -1
    outer loop
      vertex -2.97322 5.12802 0
      vertex -1.16325 3.77274 0
      vertex -3.15276 4.80005 0
    endloop
  endfacet
  facet normal 0 0 -1
    outer loop
      vertex 1.13384 9.20583 0
      vertex 2.3052 7.31224 0
      vertex 2.09139 7.19228 0
    endloop
  endfacet
  facet normal -0 0 -1
    outer loop
      vertex 2.09139 7.19228 0
      vertex 1.88105 7.06689 0
      vertex 0.841783 9.03575 0
    endloop
  endfacet
  facet normal 0 -0 -1
    outer loop
      vertex 1.13384 9.20583 0
      vertex 2.09139 7.19228 0
      vertex 0.841783 9.03575 0
    endloop
  endfacet
  facet normal 0 0 -1
    outer loop
      vertex -3.15276 4.80005 0
      vertex -1.16325 3.77274 0
      vertex -1.29458 3.50816 0
    endloop
  endfacet
  facet normal 0 0 -1
    outer loop
      vertex 6.15846 8.36723 0
      vertex 6.06623 10.5864 0
      vertex 6.42369 10.5923 0
    endloop
  endfacet
  facet normal -0 0 -1
    outer loop
      vertex 5.63591 8.33509 0
      vertex 5.37868 8.30734 0
      vertex 5.35972 10.54 0
    endloop
  endfacet
  facet normal 0 0 -1
    outer loop
      vertex 1.88105 7.06689 0
      vertex 0.555336 8.85694 0
      vertex 0.841783 9.03575 0
    endloop
  endfacet
  facet normal 0 0 -1
    outer loop
      vertex -1.0228 4.0321 0
      vertex -2.97322 5.12802 0
      vertex -2.78261 5.44882 0
    endloop
  endfacet
  facet normal 0 0 -1
    outer loop
      vertex 0.274678 8.66956 0
      vertex 0.555336 8.85694 0
      vertex 1.67425 6.93622 0
    endloop
  endfacet
  facet normal 0 0 -1
    outer loop
      vertex 1.67425 6.93622 0
      vertex 0.555336 8.85694 0
      vertex 1.88105 7.06689 0
    endloop
  endfacet
  facet normal 0 0 -1
    outer loop
      vertex -5.19039e-06 8.4738 0
      vertex 1.67425 6.93622 0
      vertex -5.19039e-06 5.46697 0
    endloop
  endfacet
  facet normal 0 0 -1
    outer loop
      vertex 3.42478 7.82515 0
      vertex 2.67205 9.91887 0
      vertex 3.65843 7.90929 0
    endloop
  endfacet
  facet normal 0 0 -1
    outer loop
      vertex -2.58124 5.76219 0
      vertex -0.715355 4.53431 0
      vertex -0.873437 4.28602 0
    endloop
  endfacet
  facet normal 0 -0 -1
    outer loop
      vertex 2.35462 9.79517 0
      vertex 2.96706 7.63798 0
      vertex 2.04191 9.66184 0
    endloop
  endfacet
  facet normal 0 -0 -1
    outer loop
      vertex 0.274678 8.66956 0
      vertex 1.67425 6.93622 0
      vertex -5.19039e-06 8.4738 0
    endloop
  endfacet
  facet normal 0 0 -1
    outer loop
      vertex -0.190887 5.24329 0
      vertex -1.67427 6.93622 0
      vertex -5.19039e-06 5.46697 0
    endloop
  endfacet
  facet normal 0 -0 -1
    outer loop
      vertex 1.73408 9.51906 0
      vertex 2.52246 7.42661 0
      vertex 1.43134 9.36699 0
    endloop
  endfacet
  facet normal 0 0 -1
    outer loop
      vertex 3.89521 7.98691 0
      vertex 2.99402 10.0327 0
      vertex 3.32034 10.1366 0
    endloop
  endfacet
  facet normal 0 0 -1
    outer loop
      vertex 4.13507 8.05787 0
      vertex 3.65084 10.2303 0
      vertex 4.37795 8.12201 0
    endloop
  endfacet
  facet normal -0 0 -1
    outer loop
      vertex 4.6238 8.17918 0
      vertex 4.37795 8.12201 0
      vertex 3.98534 10.3137 0
    endloop
  endfacet
  facet normal 0 0 -1
    outer loop
      vertex 4.87257 8.22923 0
      vertex 4.32366 10.3865 0
      vertex 4.66561 10.4486 0
    endloop
  endfacet
  facet normal 0 0 -1
    outer loop
      vertex 5.12422 8.272 0
      vertex 5.01102 10.4999 0
      vertex 5.37868 8.30734 0
    endloop
  endfacet
  facet normal 0 0 -1
    outer loop
      vertex 5.89585 8.35511 0
      vertex 5.71151 10.5689 0
      vertex 6.06623 10.5864 0
    endloop
  endfacet
  facet normal 0 0 -1
    outer loop
      vertex 6.42369 10.5923 0
      vertex 6.78115 10.5864 0
      vertex 6.68891 8.36747 0
    endloop
  endfacet
  facet normal 0 0 -1
    outer loop
      vertex 6.95152 8.35603 0
      vertex 6.78115 10.5864 0
      vertex 7.13586 10.5689 0
    endloop
  endfacet
  facet normal 0 0 -1
    outer loop
      vertex 7.21147 8.33705 0
      vertex 7.48766 10.54 0
      vertex 7.4687 8.31062 0
    endloop
  endfacet
  facet normal 0 0 -1
    outer loop
      vertex 7.72316 8.2768 0
      vertex 7.4687 8.31062 0
      vertex 7.83635 10.4999 0
    endloop
  endfacet
  facet normal 0 0 -1
    outer loop
      vertex 7.9748 8.23569 0
      vertex 7.72316 8.2768 0
      vertex 8.18177 10.4486 0
    endloop
  endfacet
  facet normal 0 0 -1
    outer loop
      vertex 8.22357 8.18734 0
      vertex 8.52372 10.3865 0
      vertex 8.86204 10.3137 0
    endloop
  endfacet
  facet normal 0 0 -1
    outer loop
      vertex 8.46942 8.13185 0
      vertex 8.86204 10.3137 0
      vertex 9.19653 10.2303 0
    endloop
  endfacet
  facet normal 0 0 -1
    outer loop
      vertex 8.7123 8.06928 0
      vertex 9.19653 10.2303 0
      vertex 9.52703 10.1366 0
    endloop
  endfacet
  facet normal 0 0 -1
    outer loop
      vertex 9.85335 10.0327 0
      vertex 9.18894 7.92323 0
      vertex 8.95216 7.99972 0
    endloop
  endfacet
  facet normal 0 -0 -1
    outer loop
      vertex 9.85335 10.0327 0
      vertex 10.1753 9.91887 0
      vertex 9.18894 7.92323 0
    endloop
  endfacet
  facet normal 0 0 -1
    outer loop
      vertex 9.42259 7.83991 0
      vertex 9.18894 7.92323 0
      vertex 10.1753 9.91887 0
    endloop
  endfacet
  facet normal -0 0 -1
    outer loop
      vertex 10.4928 9.79517 0
      vertex 9.42259 7.83991 0
      vertex 10.1753 9.91887 0
    endloop
  endfacet
  facet normal 0 0 -1
    outer loop
      vertex 9.42259 7.83991 0
      vertex 10.4928 9.79517 0
      vertex 9.65307 7.74982 0
    endloop
  endfacet
  facet normal 0 0 -1
    outer loop
      vertex 9.65307 7.74982 0
      vertex 10.4928 9.79517 0
      vertex 9.88032 7.65304 0
    endloop
  endfacet
  facet normal 0 0 -1
    outer loop
      vertex 9.88032 7.65304 0
      vertex 10.4928 9.79517 0
      vertex 10.8055 9.66184 0
    endloop
  endfacet
  facet normal 0 -0 -1
    outer loop
      vertex 10.8055 9.66184 0
      vertex 11.1133 9.51906 0
      vertex 10.1043 7.54965 0
    endloop
  endfacet
  facet normal 0 0 -1
    outer loop
      vertex 10.3249 7.43973 0
      vertex 10.1043 7.54965 0
      vertex 11.1133 9.51906 0
    endloop
  endfacet
  facet normal -0 0 -1
    outer loop
      vertex 11.416 9.36699 0
      vertex 10.3249 7.43973 0
      vertex 11.1133 9.51906 0
    endloop
  endfacet
  facet normal 0 0 -1
    outer loop
      vertex 10.3249 7.43973 0
      vertex 11.416 9.36699 0
      vertex 10.5422 7.32335 0
    endloop
  endfacet
  facet normal 0 0 -1
    outer loop
      vertex 10.5422 7.32335 0
      vertex 11.7135 9.20583 0
      vertex 10.756 7.20058 0
    endloop
  endfacet
  facet normal 0 0 -1
    outer loop
      vertex 10.756 7.20058 0
      vertex 11.7135 9.20583 0
      vertex 12.0056 9.03575 0
    endloop
  endfacet
  facet normal 0 0 -1
    outer loop
      vertex 10.9663 7.07152 0
      vertex 10.756 7.20058 0
      vertex 12.0056 9.03575 0
    endloop
  endfacet
  facet normal -0 0 -1
    outer loop
      vertex 12.292 8.85694 0
      vertex 10.9663 7.07152 0
      vertex 12.0056 9.03575 0
    endloop
  endfacet
  facet normal 0 0 -1
    outer loop
      vertex 12.292 8.85694 0
      vertex 11.1731 6.93622 0
      vertex 10.9663 7.07152 0
    endloop
  endfacet
  facet normal 0 -0 -1
    outer loop
      vertex 12.292 8.85694 0
      vertex 12.5727 8.66956 0
      vertex 11.1731 6.93622 0
    endloop
  endfacet
  facet normal 0 0 -1
    outer loop
      vertex 11.1731 6.93622 0
      vertex 12.5727 8.66956 0
      vertex 12.8474 8.4738 0
    endloop
  endfacet
  facet normal 0 0 -1
    outer loop
      vertex 14.8395 1.22789 0
      vertex 17.0703 1.56766 0
      vertex 17.1209 1.18202 0
    endloop
  endfacet
  facet normal 0 0 -1
    outer loop
      vertex 14.8795 0.925478 0
      vertex 17.1209 1.18202 0
      vertex 17.1574 0.792033 0
    endloop
  endfacet
  facet normal 0 0 -1
    outer loop
      vertex 11.9739 -4.28602 0
      vertex 10.253 -5.76218 0
      vertex 10.0504 -5.44881 0
    endloop
  endfacet
  facet normal 0 -0 -1
    outer loop
      vertex 11.9739 -4.28602 0
      vertex 12.132 -4.53431 0
      vertex 10.253 -5.76218 0
    endloop
  endfacet
  facet normal 0 0 -1
    outer loop
      vertex 10.4669 -6.06786 0
      vertex 10.253 -5.76218 0
      vertex 12.132 -4.53431 0
    endloop
  endfacet
  facet normal 0 0 -1
    outer loop
      vertex 14.5216 -6.93621 0
      vertex 13.0383 -5.24329 0
      vertex 14.763 -6.65513 0
    endloop
  endfacet
  facet normal 0 -0 -1
    outer loop
      vertex 11.4308 -3.23854 0
      vertex 11.5528 -3.50815 0
      vertex 9.51171 -4.46514 0
    endloop
  endfacet
  facet normal 0 -0 -1
    outer loop
      vertex 11.5528 -3.50815 0
      vertex 11.6841 -3.77274 0
      vertex 9.67947 -4.80004 0
    endloop
  endfacet
  facet normal 0 0 -1
    outer loop
      vertex 17.001 -1.94867 0
      vertex 14.8395 -1.22788 0
      vertex 17.0671 -1.56765 0
    endloop
  endfacet
  facet normal 0 0 -1
    outer loop
      vertex 9.8591 -5.12801 0
      vertex 11.8246 -4.03209 0
      vertex 10.0504 -5.44881 0
    endloop
  endfacet
  facet normal 0 0 -1
    outer loop
      vertex 17.1564 -0.79202 0
      vertex 17.119 -1.18201 0
      vertex 14.8795 -0.925468 0
    endloop
  endfacet
  facet normal 0 -0 -1
    outer loop
      vertex 11.6841 -3.77274 0
      vertex 11.8246 -4.03209 0
      vertex 9.8591 -5.12801 0
    endloop
  endfacet
  facet normal 0 0 -1
    outer loop
      vertex 9.67947 -4.80004 0
      vertex 11.6841 -3.77274 0
      vertex 9.8591 -5.12801 0
    endloop
  endfacet
  facet normal 0 0 -1
    outer loop
      vertex 17.1868 5.19039e-06 0
      vertex 17.1791 -0.397929 0
      vertex 14.9258 -0.31132 0
    endloop
  endfacet
  facet normal 0 0 -1
    outer loop
      vertex 10.0504 -5.44881 0
      vertex 11.8246 -4.03209 0
      vertex 11.9739 -4.28602 0
    endloop
  endfacet
  facet normal 0 0 -1
    outer loop
      vertex 14.5216 -6.93621 0
      vertex 12.8474 -5.46697 0
      vertex 13.0383 -5.24329 0
    endloop
  endfacet
  facet normal -0 0 -1
    outer loop
      vertex 17.001 -1.94867 0
      vertex 16.9211 -2.32482 0
      vertex 14.7886 -1.5269 0
    endloop
  endfacet
  facet normal 0 -0 -1
    outer loop
      vertex 15.3731 -7.43972 0
      vertex 15.5953 -7.54965 0
      vertex 14.5599 -9.51905 0
    endloop
  endfacet
  facet normal 0 0 -1
    outer loop
      vertex 16.4692 -3.77562 0
      vertex 14.4791 -2.68508 0
      vertex 16.6014 -3.4215 0
    endloop
  endfacet
  facet normal 0 0 -1
    outer loop
      vertex 13.3935 -8.85693 0
      vertex 14.7287 -7.07151 0
      vertex 13.6761 -9.03575 0
    endloop
  endfacet
  facet normal 0 -0 -1
    outer loop
      vertex 14.9397 -7.20057 0
      vertex 15.1545 -7.32334 0
      vertex 13.9648 -9.20583 0
    endloop
  endfacet
  facet normal 0 -0 -1
    outer loop
      vertex 15.1545 -7.32334 0
      vertex 15.3731 -7.43972 0
      vertex 14.2595 -9.36699 0
    endloop
  endfacet
  facet normal 0 -0 -1
    outer loop
      vertex 14.7268 -1.82234 0
      vertex 16.8277 -2.69585 0
      vertex 14.6546 -2.11399 0
    endloop
  endfacet
  facet normal 0 0 -1
    outer loop
      vertex 10.756 -7.19227 0
      vertex 12.0056 -9.03575 0
      vertex 11.7135 -9.20583 0
    endloop
  endfacet
  facet normal 0 0 -1
    outer loop
      vertex 10.5422 -7.31223 0
      vertex 10.756 -7.19227 0
      vertex 11.7135 -9.20583 0
    endloop
  endfacet
  facet normal -0 0 -1
    outer loop
      vertex 11.4308 -3.23854 0
      vertex 9.35604 -4.12358 0
      vertex 11.3183 -2.96412 0
    endloop
  endfacet
  facet normal 0 -0 -1
    outer loop
      vertex 10.9663 -7.06688 0
      vertex 12.0056 -9.03575 0
      vertex 10.756 -7.19227 0
    endloop
  endfacet
  facet normal -0 0 -1
    outer loop
      vertex 11.3183 -2.96412 0
      vertex 9.2127 -3.77562 0
      vertex 11.2156 -2.68508 0
    endloop
  endfacet
  facet normal 0 0 -1
    outer loop
      vertex 12.292 -8.85693 0
      vertex 10.9663 -7.06688 0
      vertex 11.1731 -6.93621 0
    endloop
  endfacet
  facet normal -0 0 -1
    outer loop
      vertex 12.292 -8.85693 0
      vertex 12.0056 -9.03575 0
      vertex 10.9663 -7.06688 0
    endloop
  endfacet
  facet normal -0 0 -1
    outer loop
      vertex 11.2156 -2.68508 0
      vertex 9.08191 -3.4215 0
      vertex 11.1228 -2.40164 0
    endloop
  endfacet
  facet normal 0 0 -1
    outer loop
      vertex 14.7886 1.52691 0
      vertex 17.0058 1.94868 0
      vertex 17.0703 1.56766 0
    endloop
  endfacet
  facet normal 0 -0 -1
    outer loop
      vertex 11.0402 -2.11399 0
      vertex 11.1228 -2.40164 0
      vertex 8.96392 -3.0615 0
    endloop
  endfacet
  facet normal 0 0 -1
    outer loop
      vertex 12.292 -8.85693 0
      vertex 11.1731 -6.93621 0
      vertex 12.5727 -8.66956 0
    endloop
  endfacet
  facet normal 0 0 -1
    outer loop
      vertex 15.8158 -10.0327 0
      vertex 16.5172 -7.92323 0
      vertex 16.7554 -7.99971 0
    endloop
  endfacet
  facet normal 0 0 -1
    outer loop
      vertex 11.1731 -6.93621 0
      vertex 12.8474 -8.4738 0
      vertex 12.5727 -8.66956 0
    endloop
  endfacet
  facet normal 0 0 -1
    outer loop
      vertex 10.3249 -7.4266 0
      vertex 11.416 -9.36699 0
      vertex 11.1133 -9.51905 0
    endloop
  endfacet
  facet normal 0 0 -1
    outer loop
      vertex 9.88032 -7.63797 0
      vertex 10.1043 -7.53523 0
      vertex 10.8055 -9.66184 0
    endloop
  endfacet
  facet normal 0 0 -1
    outer loop
      vertex 9.65307 -7.73465 0
      vertex 9.88032 -7.63797 0
      vertex 10.4928 -9.79517 0
    endloop
  endfacet
  facet normal 0 0 -1
    outer loop
      vertex 9.42259 -7.82514 0
      vertex 9.65307 -7.73465 0
      vertex 10.4928 -9.79517 0
    endloop
  endfacet
  facet normal 0 0 -1
    outer loop
      vertex 9.18894 -7.90927 0
      vertex 9.42259 -7.82514 0
      vertex 10.1753 -9.91886 0
    endloop
  endfacet
  facet normal 0 0 -1
    outer loop
      vertex 9.85335 -10.0327 0
      vertex 9.18894 -7.90927 0
      vertex 10.1753 -9.91886 0
    endloop
  endfacet
  facet normal 0 0 -1
    outer loop
      vertex 9.52703 -10.1366 0
      vertex 8.95216 -7.98689 0
      vertex 9.85335 -10.0327 0
    endloop
  endfacet
  facet normal 0 0 -1
    outer loop
      vertex 9.52703 -10.1366 0
      vertex 8.7123 -8.05785 0
      vertex 8.95216 -7.98689 0
    endloop
  endfacet
  facet normal 0 0 -1
    outer loop
      vertex 9.19653 -10.2303 0
      vertex 8.46942 -8.122 0
      vertex 8.7123 -8.05785 0
    endloop
  endfacet
  facet normal -0 0 -1
    outer loop
      vertex 9.19653 -10.2303 0
      vertex 8.86204 -10.3137 0
      vertex 8.46942 -8.122 0
    endloop
  endfacet
  facet normal 0 -0 -1
    outer loop
      vertex 8.46942 -8.122 0
      vertex 8.86204 -10.3137 0
      vertex 8.22357 -8.17917 0
    endloop
  endfacet
  facet normal 0 -0 -1
    outer loop
      vertex 8.22357 -8.17917 0
      vertex 8.52372 -10.3865 0
      vertex 7.9748 -8.22922 0
    endloop
  endfacet
  facet normal 0 0 -1
    outer loop
      vertex 7.9748 -8.22922 0
      vertex 8.52372 -10.3865 0
      vertex 8.18177 -10.4486 0
    endloop
  endfacet
  facet normal 0 0 -1
    outer loop
      vertex 7.72316 -8.27199 0
      vertex 8.18177 -10.4486 0
      vertex 7.83635 -10.4999 0
    endloop
  endfacet
  facet normal 0 0 -1
    outer loop
      vertex 7.4687 -8.30733 0
      vertex 7.72316 -8.27199 0
      vertex 7.83635 -10.4999 0
    endloop
  endfacet
  facet normal 0 0 -1
    outer loop
      vertex 7.21147 -8.33508 0
      vertex 7.4687 -8.30733 0
      vertex 7.48766 -10.54 0
    endloop
  endfacet
  facet normal 0 0 -1
    outer loop
      vertex 7.13586 -10.5689 0
      vertex 7.21147 -8.33508 0
      vertex 7.48766 -10.54 0
    endloop
  endfacet
  facet normal 0 0 -1
    outer loop
      vertex 6.78115 -10.5864 0
      vertex 6.95152 -8.35509 0
      vertex 7.13586 -10.5689 0
    endloop
  endfacet
  facet normal 0 0 -1
    outer loop
      vertex 6.78115 -10.5864 0
      vertex 6.68891 -8.36722 0
      vertex 6.95152 -8.35509 0
    endloop
  endfacet
  facet normal 0 -0 -1
    outer loop
      vertex 8.69377 1.94868 0
      vertex 10.8552 1.22789 0
      vertex 8.6277 1.56766 0
    endloop
  endfacet
  facet normal 0 0 -1
    outer loop
      vertex 15.8158 -10.0327 0
      vertex 16.282 -7.8399 0
      vertex 16.5172 -7.92323 0
    endloop
  endfacet
  facet normal 0 0 -1
    outer loop
      vertex 15.8158 -10.0327 0
      vertex 15.4941 -9.91886 0
      vertex 16.282 -7.8399 0
    endloop
  endfacet
  facet normal -0 0 -1
    outer loop
      vertex 16.282 -7.8399 0
      vertex 15.4941 -9.91886 0
      vertex 16.0498 -7.74981 0
    endloop
  endfacet
  facet normal 0 0 -1
    outer loop
      vertex 16.0498 -7.74981 0
      vertex 15.4941 -9.91886 0
      vertex 15.1774 -9.79517 0
    endloop
  endfacet
  facet normal 0 -0 -1
    outer loop
      vertex 15.8209 -7.65304 0
      vertex 16.0498 -7.74981 0
      vertex 15.1774 -9.79517 0
    endloop
  endfacet
  facet normal 0 0 -1
    outer loop
      vertex 14.866 -9.66184 0
      vertex 15.8209 -7.65304 0
      vertex 15.1774 -9.79517 0
    endloop
  endfacet
  facet normal 0 0 -1
    outer loop
      vertex 14.866 -9.66184 0
      vertex 15.5953 -7.54965 0
      vertex 15.8209 -7.65304 0
    endloop
  endfacet
  facet normal 0 0 -1
    outer loop
      vertex 15.5953 -7.54965 0
      vertex 14.866 -9.66184 0
      vertex 14.5599 -9.51905 0
    endloop
  endfacet
  facet normal 0 0 -1
    outer loop
      vertex 15.3731 -7.43972 0
      vertex 14.5599 -9.51905 0
      vertex 14.2595 -9.36699 0
    endloop
  endfacet
  facet normal 0 0 -1
    outer loop
      vertex 15.1545 -7.32334 0
      vertex 14.2595 -9.36699 0
      vertex 13.9648 -9.20583 0
    endloop
  endfacet
  facet normal 0 0 -1
    outer loop
      vertex 13.6761 -9.03575 0
      vertex 14.7287 -7.07151 0
      vertex 14.9397 -7.20057 0
    endloop
  endfacet
  facet normal 0 0 -1
    outer loop
      vertex 13.3935 -8.85693 0
      vertex 14.5216 -6.93621 0
      vertex 14.7287 -7.07151 0
    endloop
  endfacet
  facet normal 0 0 -1
    outer loop
      vertex 14.5216 -6.93621 0
      vertex 13.3935 -8.85693 0
      vertex 13.1172 -8.66956 0
    endloop
  endfacet
  facet normal 0 0 -1
    outer loop
      vertex 12.8474 -8.4738 0
      vertex 14.5216 -6.93621 0
      vertex 13.1172 -8.66956 0
    endloop
  endfacet
  facet normal 0 0 -1
    outer loop
      vertex 12.8474 -8.4738 0
      vertex 11.1731 -6.93621 0
      vertex 12.8474 -5.46697 0
    endloop
  endfacet
  facet normal -0 0 -1
    outer loop
      vertex 12.8474 -5.46697 0
      vertex 11.1731 -6.93621 0
      vertex 12.6565 -5.24329 0
    endloop
  endfacet
  facet normal 0 0 -1
    outer loop
      vertex 14.9948 -6.3656 0
      vertex 13.2213 -5.01314 0
      vertex 13.3961 -4.77675 0
    endloop
  endfacet
  facet normal 0 0 -1
    outer loop
      vertex 11.1731 -6.93621 0
      vertex 10.9271 -6.65513 0
      vertex 12.6565 -5.24329 0
    endloop
  endfacet
  facet normal 0 0 -1
    outer loop
      vertex 15.2168 -6.06786 0
      vertex 13.5627 -4.53431 0
      vertex 15.4286 -5.76218 0
    endloop
  endfacet
  facet normal 0 0 -1
    outer loop
      vertex 15.63 -5.44881 0
      vertex 13.7208 -4.28602 0
      vertex 13.8702 -4.03209 0
    endloop
  endfacet
  facet normal 0 -0 -1
    outer loop
      vertex 14.264 -3.23854 0
      vertex 16.1683 -4.46514 0
      vertex 14.142 -3.50815 0
    endloop
  endfacet
  facet normal 0 0 -1
    outer loop
      vertex 14.0106 -3.77274 0
      vertex 16.0001 -4.80004 0
      vertex 15.8206 -5.12801 0
    endloop
  endfacet
  facet normal 0 0 -1
    outer loop
      vertex 10.4669 -6.06786 0
      vertex 12.2986 -4.77675 0
      vertex 10.6917 -6.3656 0
    endloop
  endfacet
  facet normal 0 0 -1
    outer loop
      vertex 16.3248 -4.12358 0
      vertex 14.264 -3.23854 0
      vertex 14.3764 -2.96412 0
    endloop
  endfacet
  facet normal 0 0 -1
    outer loop
      vertex 10.9062 1.52691 0
      vertex 8.77367 2.32483 0
      vertex 10.9679 1.82235 0
    endloop
  endfacet
  facet normal 0 0 -1
    outer loop
      vertex 21.9534 7.94351 0
      vertex 21.3099 8.1274 0
      vertex 21.8447 10.284 0
    endloop
  endfacet
  facet normal -0 0 -1
    outer loop
      vertex 22.6568 10.0516 0
      vertex 21.9534 7.94351 0
      vertex 21.8447 10.284 0
    endloop
  endfacet
  facet normal 0 0 -1
    outer loop
      vertex 11.3183 2.96413 0
      vertex 9.22551 3.77563 0
      vertex 9.37 4.12359 0
    endloop
  endfacet
  facet normal 0 0 -1
    outer loop
      vertex 18.5589 10.5689 0
      vertex 18.9136 10.5864 0
      vertex 18.7432 8.35511 0
    endloop
  endfacet
  facet normal -0 0 -1
    outer loop
      vertex 19.2711 8.3713 0
      vertex 19.0058 8.36723 0
      vertex 19.2711 10.5923 0
    endloop
  endfacet
  facet normal 0 -0 -1
    outer loop
      vertex 9.52647 4.46515 0
      vertex 11.4308 3.23855 0
      vertex 9.37 4.12359 0
    endloop
  endfacet
  facet normal 0 0 -1
    outer loop
      vertex 18.5589 10.5689 0
      vertex 18.4833 8.33509 0
      vertex 18.2071 10.54 0
    endloop
  endfacet
  facet normal 0 0 -1
    outer loop
      vertex 9.52647 4.46515 0
      vertex 11.5528 3.50816 0
      vertex 11.4308 3.23855 0
    endloop
  endfacet
  facet normal 0 -0 -1
    outer loop
      vertex 17.513 10.4486 0
      vertex 17.72 8.22923 0
      vertex 17.171 10.3865 0
    endloop
  endfacet
  facet normal 0 0 -1
    outer loop
      vertex 17.9716 8.272 0
      vertex 17.8584 10.4999 0
      vertex 18.2261 8.30734 0
    endloop
  endfacet
  facet normal 0 0 -1
    outer loop
      vertex 15.5194 9.91887 0
      vertex 15.8414 10.0327 0
      vertex 16.5058 7.90929 0
    endloop
  endfacet
  facet normal 0 0 -1
    outer loop
      vertex 17.4712 8.17918 0
      vertex 16.8327 10.3137 0
      vertex 17.171 10.3865 0
    endloop
  endfacet
  facet normal 0 -0 -1
    outer loop
      vertex 16.4982 10.2303 0
      vertex 16.9825 8.05787 0
      vertex 16.1677 10.1366 0
    endloop
  endfacet
  facet normal 0 0 -1
    outer loop
      vertex 16.4982 10.2303 0
      vertex 16.8327 10.3137 0
      vertex 17.2253 8.12201 0
    endloop
  endfacet
  facet normal -0 0 -1
    outer loop
      vertex 16.9825 8.05787 0
      vertex 16.7426 7.98691 0
      vertex 16.1677 10.1366 0
    endloop
  endfacet
  facet normal 0 0 -1
    outer loop
      vertex 16.5058 7.90929 0
      vertex 15.8414 10.0327 0
      vertex 16.7426 7.98691 0
    endloop
  endfacet
  facet normal 0 -0 -1
    outer loop
      vertex 15.5194 9.91887 0
      vertex 16.2722 7.82515 0
      vertex 15.202 9.79517 0
    endloop
  endfacet
  facet normal -0 0 -1
    outer loop
      vertex 16.0417 7.73467 0
      vertex 15.8144 7.63798 0
      vertex 15.202 9.79517 0
    endloop
  endfacet
  facet normal -0 0 -1
    outer loop
      vertex 16.2722 7.82515 0
      vertex 16.0417 7.73467 0
      vertex 15.202 9.79517 0
    endloop
  endfacet
  facet normal 0 0 -1
    outer loop
      vertex 15.5905 7.53524 0
      vertex 14.8893 9.66184 0
      vertex 15.8144 7.63798 0
    endloop
  endfacet
  facet normal 0 0 -1
    outer loop
      vertex 14.5815 9.51906 0
      vertex 15.5905 7.53524 0
      vertex 15.3698 7.42661 0
    endloop
  endfacet
  facet normal 0 0 -1
    outer loop
      vertex 14.5815 9.51906 0
      vertex 14.8893 9.66184 0
      vertex 15.5905 7.53524 0
    endloop
  endfacet
  facet normal -0 0 -1
    outer loop
      vertex 15.3698 7.42661 0
      vertex 15.1526 7.31224 0
      vertex 14.2787 9.36699 0
    endloop
  endfacet
  facet normal 0 0 -1
    outer loop
      vertex 14.9388 7.19228 0
      vertex 13.9812 9.20583 0
      vertex 15.1526 7.31224 0
    endloop
  endfacet
  facet normal 0 0 -1
    outer loop
      vertex 15.1526 7.31224 0
      vertex 13.9812 9.20583 0
      vertex 14.2787 9.36699 0
    endloop
  endfacet
  facet normal 0 0 -1
    outer loop
      vertex 21.3099 8.1274 0
      vertex 20.6468 8.26145 0
      vertex 21.0079 10.4534 0
    endloop
  endfacet
  facet normal 0 0 -1
    outer loop
      vertex 19.2711 8.3713 0
      vertex 19.2711 10.5923 0
      vertex 19.9665 8.34348 0
    endloop
  endfacet
  facet normal 0 0 -1
    outer loop
      vertex 13.6892 9.03575 0
      vertex 13.9812 9.20583 0
      vertex 14.9388 7.19228 0
    endloop
  endfacet
  facet normal 0 0 -1
    outer loop
      vertex 11.5528 3.50816 0
      vertex 9.69463 4.80005 0
      vertex 11.6841 3.77274 0
    endloop
  endfacet
  facet normal 0 -0 -1
    outer loop
      vertex 13.6892 9.03575 0
      vertex 14.7284 7.06689 0
      vertex 13.4027 8.85694 0
    endloop
  endfacet
  facet normal 0 0 -1
    outer loop
      vertex 13.6892 9.03575 0
      vertex 14.9388 7.19228 0
      vertex 14.7284 7.06689 0
    endloop
  endfacet
  facet normal 0 0 -1
    outer loop
      vertex 14.5216 6.93622 0
      vertex 13.0383 5.24329 0
      vertex 12.8474 5.46697 0
    endloop
  endfacet
  facet normal 0 0 -1
    outer loop
      vertex 17.513 10.4486 0
      vertex 17.9716 8.272 0
      vertex 17.72 8.22923 0
    endloop
  endfacet
  facet normal 0 0 -1
    outer loop
      vertex 16.8327 10.3137 0
      vertex 17.4712 8.17918 0
      vertex 17.2253 8.12201 0
    endloop
  endfacet
  facet normal 0 -0 -1
    outer loop
      vertex 10.0648 5.44882 0
      vertex 11.8246 4.0321 0
      vertex 9.87417 5.12802 0
    endloop
  endfacet
  facet normal -0 0 -1
    outer loop
      vertex 14.7284 7.06689 0
      vertex 14.5216 6.93622 0
      vertex 13.4027 8.85694 0
    endloop
  endfacet
  facet normal 0 0 -1
    outer loop
      vertex 10.2662 5.76219 0
      vertex 10.478 6.06787 0
      vertex 12.132 4.53431 0
    endloop
  endfacet
  facet normal 0 0 -1
    outer loop
      vertex 11.9739 4.28602 0
      vertex 10.2662 5.76219 0
      vertex 12.132 4.53431 0
    endloop
  endfacet
  facet normal 0 0 -1
    outer loop
      vertex 12.8474 8.4738 0
      vertex 13.1221 8.66956 0
      vertex 14.5216 6.93622 0
    endloop
  endfacet
  facet normal 0 0 -1
    outer loop
      vertex 14.5216 6.93622 0
      vertex 13.1221 8.66956 0
      vertex 13.4027 8.85694 0
    endloop
  endfacet
  facet normal -0 0 -1
    outer loop
      vertex 12.8474 5.46697 0
      vertex 12.6565 5.24329 0
      vertex 11.1731 6.93622 0
    endloop
  endfacet
  facet normal 0 0 -1
    outer loop
      vertex 14.2787 9.36699 0
      vertex 14.5815 9.51906 0
      vertex 15.3698 7.42661 0
    endloop
  endfacet
  facet normal 0 0 -1
    outer loop
      vertex 14.8893 9.66184 0
      vertex 15.202 9.79517 0
      vertex 15.8144 7.63798 0
    endloop
  endfacet
  facet normal -0 0 -1
    outer loop
      vertex 16.5058 7.90929 0
      vertex 16.2722 7.82515 0
      vertex 15.5194 9.91887 0
    endloop
  endfacet
  facet normal 0 -0 -1
    outer loop
      vertex 16.1677 10.1366 0
      vertex 16.7426 7.98691 0
      vertex 15.8414 10.0327 0
    endloop
  endfacet
  facet normal -0 0 -1
    outer loop
      vertex 17.2253 8.12201 0
      vertex 16.9825 8.05787 0
      vertex 16.4982 10.2303 0
    endloop
  endfacet
  facet normal 0 0 -1
    outer loop
      vertex 17.171 10.3865 0
      vertex 17.72 8.22923 0
      vertex 17.4712 8.17918 0
    endloop
  endfacet
  facet normal 0 0 -1
    outer loop
      vertex 17.9716 8.272 0
      vertex 17.513 10.4486 0
      vertex 17.8584 10.4999 0
    endloop
  endfacet
  facet normal 0 0 -1
    outer loop
      vertex 18.2261 8.30734 0
      vertex 17.8584 10.4999 0
      vertex 18.2071 10.54 0
    endloop
  endfacet
  facet normal -0 0 -1
    outer loop
      vertex 18.4833 8.33509 0
      vertex 18.2261 8.30734 0
      vertex 18.2071 10.54 0
    endloop
  endfacet
  facet normal -0 0 -1
    outer loop
      vertex 18.7432 8.35511 0
      vertex 18.4833 8.33509 0
      vertex 18.5589 10.5689 0
    endloop
  endfacet
  facet normal 0 -0 -1
    outer loop
      vertex 18.9136 10.5864 0
      vertex 19.0058 8.36723 0
      vertex 18.7432 8.35511 0
    endloop
  endfacet
  facet normal 0 0 -1
    outer loop
      vertex 18.9136 10.5864 0
      vertex 19.2711 10.5923 0
      vertex 19.0058 8.36723 0
    endloop
  endfacet
  facet normal 0 0 -1
    outer loop
      vertex 19.9665 8.34348 0
      vertex 19.2711 10.5923 0
      vertex 20.1491 10.5571 0
    endloop
  endfacet
  facet normal 0 0 -1
    outer loop
      vertex 20.1491 10.5571 0
      vertex 21.0079 10.4534 0
      vertex 20.6468 8.26145 0
    endloop
  endfacet
  facet normal 0 -0 -1
    outer loop
      vertex 20.1491 10.5571 0
      vertex 20.6468 8.26145 0
      vertex 19.9665 8.34348 0
    endloop
  endfacet
  facet normal 0 0 -1
    outer loop
      vertex 21.3099 8.1274 0
      vertex 21.0079 10.4534 0
      vertex 21.8447 10.284 0
    endloop
  endfacet
  facet normal 0 0 -1
    outer loop
      vertex 22.6568 10.0516 0
      vertex 22.5753 7.71196 0
      vertex 21.9534 7.94351 0
    endloop
  endfacet
  facet normal 0 -0 -1
    outer loop
      vertex 22.6568 10.0516 0
      vertex 23.4412 9.75887 0
      vertex 22.5753 7.71196 0
    endloop
  endfacet
  facet normal 0 -0 -1
    outer loop
      vertex 23.4412 9.75887 0
      vertex 24.1953 9.40862 0
      vertex 23.1732 7.43491 0
    endloop
  endfacet
  facet normal 0 0 -1
    outer loop
      vertex 23.7448 7.11456 0
      vertex 23.1732 7.43491 0
      vertex 24.1953 9.40862 0
    endloop
  endfacet
  facet normal 0 0 -1
    outer loop
      vertex 25.6013 8.54652 0
      vertex 24.8007 6.35264 0
      vertex 24.2881 6.75308 0
    endloop
  endfacet
  facet normal 0 0 -1
    outer loop
      vertex 26.2475 8.04013 0
      vertex 25.2805 5.91543 0
      vertex 24.8007 6.35264 0
    endloop
  endfacet
  facet normal 0 0 -1
    outer loop
      vertex 25.2805 5.91543 0
      vertex 26.2475 8.04013 0
      vertex 26.8522 7.48719 0
    endloop
  endfacet
  facet normal 0 0 -1
    outer loop
      vertex 25.7251 5.44363 0
      vertex 27.4126 6.89042 0
      vertex 26.1324 4.93941 0
    endloop
  endfacet
  facet normal 0 -0 -1
    outer loop
      vertex 26.8522 7.48719 0
      vertex 27.4126 6.89042 0
      vertex 25.7251 5.44363 0
    endloop
  endfacet
  facet normal 0 0 -1
    outer loop
      vertex 26.1324 4.93941 0
      vertex 27.9258 6.25257 0
      vertex 26.5001 4.40495 0
    endloop
  endfacet
  facet normal 0 -0 -1
    outer loop
      vertex 27.4126 6.89042 0
      vertex 27.9258 6.25257 0
      vertex 26.1324 4.93941 0
    endloop
  endfacet
  facet normal 0 -0 -1
    outer loop
      vertex 27.9258 6.25257 0
      vertex 28.3892 5.57639 0
      vertex 26.5001 4.40495 0
    endloop
  endfacet
  facet normal 0 0 -1
    outer loop
      vertex 26.826 3.84243 0
      vertex 28.3892 5.57639 0
      vertex 28.7998 4.86461 0
    endloop
  endfacet
  facet normal 0 0 -1
    outer loop
      vertex 26.5001 4.40495 0
      vertex 28.3892 5.57639 0
      vertex 26.826 3.84243 0
    endloop
  endfacet
  facet normal 0 -0 -1
    outer loop
      vertex 28.7998 4.86461 0
      vertex 29.1549 4.11998 0
      vertex 27.108 3.25403 0
    endloop
  endfacet
  facet normal 0 -0 -1
    outer loop
      vertex 29.1549 4.11998 0
      vertex 29.4517 3.34524 0
      vertex 27.3436 2.64192 0
    endloop
  endfacet
  facet normal 0 0 -1
    outer loop
      vertex 27.5308 2.00828 0
      vertex 27.3436 2.64192 0
      vertex 29.4517 3.34524 0
    endloop
  endfacet
  facet normal 0 0 -1
    outer loop
      vertex 27.6672 1.3553 0
      vertex 29.6874 2.54313 0
      vertex 29.8592 1.71639 0
    endloop
  endfacet
  facet normal 0 0 -1
    outer loop
      vertex 27.5308 2.00828 0
      vertex 29.6874 2.54313 0
      vertex 27.6672 1.3553 0
    endloop
  endfacet
  facet normal 0 0 -1
    outer loop
      vertex 27.7507 0.685147 0
      vertex 29.8592 1.71639 0
      vertex 29.9643 0.867769 0
    endloop
  endfacet
  facet normal 0 0 -1
    outer loop
      vertex 27.6672 1.3553 0
      vertex 29.8592 1.71639 0
      vertex 27.7507 0.685147 0
    endloop
  endfacet
  facet normal 0 0 -1
    outer loop
      vertex 27.779 5.19039e-06 0
      vertex 27.7507 0.685147 0
      vertex 29.9643 0.867769 0
    endloop
  endfacet
  facet normal 0 0 -1
    outer loop
      vertex 29.9643 -0.867761 0
      vertex 27.779 5.19039e-06 0
      vertex 30 5.19039e-06 0
    endloop
  endfacet
  facet normal 0 0 -1
    outer loop
      vertex 27.6672 -1.35529 0
      vertex 27.7507 -0.685137 0
      vertex 29.8592 -1.71638 0
    endloop
  endfacet
  facet normal 0 0 -1
    outer loop
      vertex 27.7507 -0.685137 0
      vertex 29.9643 -0.867761 0
      vertex 29.8592 -1.71638 0
    endloop
  endfacet
  facet normal 0 0 -1
    outer loop
      vertex 27.5308 -2.00827 0
      vertex 27.6672 -1.35529 0
      vertex 29.6874 -2.54312 0
    endloop
  endfacet
  facet normal 0 0 -1
    outer loop
      vertex 27.6672 -1.35529 0
      vertex 29.8592 -1.71638 0
      vertex 29.6874 -2.54312 0
    endloop
  endfacet
  facet normal 0 0 -1
    outer loop
      vertex 29.4517 -3.34524 0
      vertex 27.5308 -2.00827 0
      vertex 29.6874 -2.54312 0
    endloop
  endfacet
  facet normal 0 -0 -1
    outer loop
      vertex 27.3436 -2.64191 0
      vertex 29.1549 -4.11998 0
      vertex 27.108 -3.25402 0
    endloop
  endfacet
  facet normal 0 0 -1
    outer loop
      vertex 26.826 -3.84242 0
      vertex 27.108 -3.25402 0
      vertex 28.7998 -4.86461 0
    endloop
  endfacet
  facet normal 0 0 -1
    outer loop
      vertex 27.108 -3.25402 0
      vertex 29.1549 -4.11998 0
      vertex 28.7998 -4.86461 0
    endloop
  endfacet
  facet normal 0 0 -1
    outer loop
      vertex 28.3892 -5.57639 0
      vertex 26.826 -3.84242 0
      vertex 28.7998 -4.86461 0
    endloop
  endfacet
  facet normal 0 -0 -1
    outer loop
      vertex 26.5001 -4.40494 0
      vertex 27.9258 -6.25257 0
      vertex 26.1324 -4.9394 0
    endloop
  endfacet
  facet normal 0 0 -1
    outer loop
      vertex 26.1324 -4.9394 0
      vertex 27.9258 -6.25257 0
      vertex 27.4126 -6.89042 0
    endloop
  endfacet
  facet normal 0 0 -1
    outer loop
      vertex 25.7251 -5.44362 0
      vertex 27.4126 -6.89042 0
      vertex 26.8522 -7.48719 0
    endloop
  endfacet
  facet normal 0 0 -1
    outer loop
      vertex 25.2805 -5.91543 0
      vertex 25.7251 -5.44362 0
      vertex 26.8522 -7.48719 0
    endloop
  endfacet
  facet normal 0 0 -1
    outer loop
      vertex 24.8007 -6.35263 0
      vertex 25.2805 -5.91543 0
      vertex 26.2475 -8.04013 0
    endloop
  endfacet
  facet normal 0 0 -1
    outer loop
      vertex 25.6013 -8.54651 0
      vertex 24.8007 -6.35263 0
      vertex 26.2475 -8.04013 0
    endloop
  endfacet
  facet normal 0 0 -1
    outer loop
      vertex 24.9163 -9.00359 0
      vertex 24.2881 -6.75307 0
      vertex 25.6013 -8.54651 0
    endloop
  endfacet
  facet normal 0 0 -1
    outer loop
      vertex 24.9163 -9.00359 0
      vertex 23.7448 -7.11455 0
      vertex 24.2881 -6.75307 0
    endloop
  endfacet
  facet normal 0 0 -1
    outer loop
      vertex 24.1953 -9.40862 0
      vertex 23.1732 -7.4349 0
      vertex 23.7448 -7.11455 0
    endloop
  endfacet
  facet normal -0 0 -1
    outer loop
      vertex 24.1953 -9.40862 0
      vertex 23.4412 -9.75886 0
      vertex 23.1732 -7.4349 0
    endloop
  endfacet
  facet normal -0 0 -1
    outer loop
      vertex 23.4412 -9.75886 0
      vertex 22.6568 -10.0516 0
      vertex 22.5753 -7.71194 0
    endloop
  endfacet
  facet normal 0 -0 -1
    outer loop
      vertex 22.5753 -7.71194 0
      vertex 22.6568 -10.0516 0
      vertex 21.9534 -7.9435 0
    endloop
  endfacet
  facet normal 0 0 -1
    outer loop
      vertex 21.9534 -7.9435 0
      vertex 21.8447 -10.284 0
      vertex 21.3099 -8.12739 0
    endloop
  endfacet
  facet normal 0 -0 -1
    outer loop
      vertex 21.3099 -8.12739 0
      vertex 21.8447 -10.284 0
      vertex 21.0079 -10.4534 0
    endloop
  endfacet
  facet normal 0 -0 -1
    outer loop
      vertex 20.6468 -8.26144 0
      vertex 21.0079 -10.4534 0
      vertex 20.1491 -10.5571 0
    endloop
  endfacet
  facet normal 0 0 -1
    outer loop
      vertex 19.2711 -8.37129 0
      vertex 19.9665 -8.34346 0
      vertex 19.2711 -10.5923 0
    endloop
  endfacet
  facet normal 0 0 -1
    outer loop
      vertex 19.9665 -8.34346 0
      vertex 20.6468 -8.26144 0
      vertex 20.1491 -10.5571 0
    endloop
  endfacet
  facet normal 0 0 -1
    outer loop
      vertex 10.6917 -6.3656 0
      vertex 12.2986 -4.77675 0
      vertex 12.4735 -5.01314 0
    endloop
  endfacet
  facet normal 0 0 -1
    outer loop
      vertex 10.6917 -6.3656 0
      vertex 12.4735 -5.01314 0
      vertex 10.9271 -6.65513 0
    endloop
  endfacet
  facet normal 0 0 -1
    outer loop
      vertex 14.9258 0.311333 0
      vertex 17.1868 5.19039e-06 0
      vertex 14.9317 5.19039e-06 0
    endloop
  endfacet
  facet normal 0 0 -1
    outer loop
      vertex 9.67947 -4.80004 0
      vertex 9.51171 -4.46514 0
      vertex 11.5528 -3.50815 0
    endloop
  endfacet
  facet normal 0 0 -1
    outer loop
      vertex 14.9084 0.619891 0
      vertex 17.1794 0.39794 0
      vertex 14.9258 0.311333 0
    endloop
  endfacet
  facet normal 0 0 -1
    outer loop
      vertex 9.51171 -4.46514 0
      vertex 9.35604 -4.12358 0
      vertex 11.4308 -3.23854 0
    endloop
  endfacet
  facet normal 0 0 -1
    outer loop
      vertex 11.3183 -2.96412 0
      vertex 9.35604 -4.12358 0
      vertex 9.2127 -3.77562 0
    endloop
  endfacet
  facet normal 0 -0 -1
    outer loop
      vertex 14.5719 -2.40164 0
      vertex 16.6014 -3.4215 0
      vertex 14.4791 -2.68508 0
    endloop
  endfacet
  facet normal 0 0 -1
    outer loop
      vertex 11.2156 -2.68508 0
      vertex 9.2127 -3.77562 0
      vertex 9.08191 -3.4215 0
    endloop
  endfacet
  facet normal -0 0 -1
    outer loop
      vertex 16.721 -3.0615 0
      vertex 16.6014 -3.4215 0
      vertex 14.5719 -2.40164 0
    endloop
  endfacet
  facet normal 0 0 -1
    outer loop
      vertex 11.1228 -2.40164 0
      vertex 9.08191 -3.4215 0
      vertex 8.96392 -3.0615 0
    endloop
  endfacet
  facet normal -0 0 -1
    outer loop
      vertex 16.8277 -2.69585 0
      vertex 16.721 -3.0615 0
      vertex 14.6546 -2.11399 0
    endloop
  endfacet
  facet normal 0 -0 -1
    outer loop
      vertex 16.9275 2.32483 0
      vertex 17.0058 1.94868 0
      vertex 14.7268 1.82235 0
    endloop
  endfacet
  facet normal 0 0 -1
    outer loop
      vertex 8.96392 -3.0615 0
      vertex 8.85894 -2.69585 0
      vertex 11.0402 -2.11399 0
    endloop
  endfacet
  facet normal 0 0 -1
    outer loop
      vertex 16.8358 2.69586 0
      vertex 14.7268 1.82235 0
      vertex 14.6546 2.114 0
    endloop
  endfacet
  facet normal 0 0 -1
    outer loop
      vertex 8.85894 -2.69585 0
      vertex 8.76721 -2.32482 0
      vertex 10.9679 -1.82234 0
    endloop
  endfacet
  facet normal 0 0 -1
    outer loop
      vertex 14.6546 2.114 0
      vertex 14.5719 2.40164 0
      vertex 16.7308 3.06151 0
    endloop
  endfacet
  facet normal 0 -0 -1
    outer loop
      vertex 10.8552 -1.22788 0
      vertex 10.9062 -1.5269 0
      vertex 8.62442 -1.56765 0
    endloop
  endfacet
  facet normal 0 0 -1
    outer loop
      vertex 17.0671 -1.56765 0
      vertex 14.8395 -1.22788 0
      vertex 17.119 -1.18201 0
    endloop
  endfacet
  facet normal 0 -0 -1
    outer loop
      vertex 10.8152 -0.925468 0
      vertex 10.8552 -1.22788 0
      vertex 8.57382 -1.18201 0
    endloop
  endfacet
  facet normal 0 0 -1
    outer loop
      vertex 14.8395 -1.22788 0
      vertex 14.8795 -0.925468 0
      vertex 17.119 -1.18201 0
    endloop
  endfacet
  facet normal 0 0 -1
    outer loop
      vertex 8.53739 -0.79202 0
      vertex 10.8152 -0.925468 0
      vertex 8.57382 -1.18201 0
    endloop
  endfacet
  facet normal 0 0 -1
    outer loop
      vertex 14.8795 -0.925468 0
      vertex 14.9084 -0.619881 0
      vertex 17.1564 -0.79202 0
    endloop
  endfacet
  facet normal 0 -0 -1
    outer loop
      vertex 16.3387 4.12359 0
      vertex 16.4821 3.77563 0
      vertex 14.3764 2.96413 0
    endloop
  endfacet
  facet normal -0 0 -1
    outer loop
      vertex 10.7864 -0.619881 0
      vertex 8.53739 -0.79202 0
      vertex 8.51537 -0.397929 0
    endloop
  endfacet
  facet normal -0 0 -1
    outer loop
      vertex 16.3387 4.12359 0
      vertex 14.264 3.23855 0
      vertex 16.183 4.46515 0
    endloop
  endfacet
  facet normal -0 0 -1
    outer loop
      vertex 16.183 4.46515 0
      vertex 14.142 3.50816 0
      vertex 16.0153 4.80005 0
    endloop
  endfacet
  facet normal 0 0 -1
    outer loop
      vertex 10.7864 0.619891 0
      vertex 10.769 0.311333 0
      vertex 8.51561 0.39794 0
    endloop
  endfacet
  facet normal 0 0 -1
    outer loop
      vertex 17.1868 5.19039e-06 0
      vertex 14.9258 0.311333 0
      vertex 17.1794 0.39794 0
    endloop
  endfacet
  facet normal 0 0 -1
    outer loop
      vertex 10.8152 0.925478 0
      vertex 10.7864 0.619891 0
      vertex 8.53832 0.792033 0
    endloop
  endfacet
  facet normal 0 0 -1
    outer loop
      vertex 17.1794 0.39794 0
      vertex 14.9084 0.619891 0
      vertex 17.1574 0.792033 0
    endloop
  endfacet
  facet normal 0 -0 -1
    outer loop
      vertex 8.57578 1.18202 0
      vertex 10.8152 0.925478 0
      vertex 8.53832 0.792033 0
    endloop
  endfacet
  facet normal 0 0 -1
    outer loop
      vertex 14.9084 0.619891 0
      vertex 14.8795 0.925478 0
      vertex 17.1574 0.792033 0
    endloop
  endfacet
  facet normal 0 0 -1
    outer loop
      vertex 13.7208 4.28602 0
      vertex 15.6444 5.44882 0
      vertex 13.8702 4.0321 0
    endloop
  endfacet
  facet normal -0 0 -1
    outer loop
      vertex 10.8552 1.22789 0
      vertex 8.57578 1.18202 0
      vertex 8.6277 1.56766 0
    endloop
  endfacet
  facet normal 0 -0 -1
    outer loop
      vertex 15.4417 5.76219 0
      vertex 15.6444 5.44882 0
      vertex 13.7208 4.28602 0
    endloop
  endfacet
  facet normal 0 0 -1
    outer loop
      vertex 10.9679 1.82235 0
      vertex 8.77367 2.32483 0
      vertex 8.8671 2.69586 0
    endloop
  endfacet
  facet normal 0 0 -1
    outer loop
      vertex 13.5627 4.53431 0
      vertex 15.4417 5.76219 0
      vertex 13.7208 4.28602 0
    endloop
  endfacet
  facet normal 0 0 -1
    outer loop
      vertex 8.8671 2.69586 0
      vertex 8.97376 3.06151 0
      vertex 11.0402 2.114 0
    endloop
  endfacet
  facet normal 0 0 -1
    outer loop
      vertex 13.3961 4.77675 0
      vertex 15.0031 6.36561 0
      vertex 15.2279 6.06787 0
    endloop
  endfacet
  facet normal -0 0 -1
    outer loop
      vertex 11.3183 2.96413 0
      vertex 11.2156 2.68509 0
      vertex 9.22551 3.77563 0
    endloop
  endfacet
  facet normal 0 0 -1
    outer loop
      vertex 13.3961 4.77675 0
      vertex 13.2213 5.01314 0
      vertex 15.0031 6.36561 0
    endloop
  endfacet
  facet normal 0 -0 -1
    outer loop
      vertex 14.7676 6.65514 0
      vertex 15.0031 6.36561 0
      vertex 13.2213 5.01314 0
    endloop
  endfacet
  facet normal 0 0 -1
    outer loop
      vertex 9.37 4.12359 0
      vertex 11.4308 3.23855 0
      vertex 11.3183 2.96413 0
    endloop
  endfacet
  facet normal 0 -0 -1
    outer loop
      vertex 9.69463 4.80005 0
      vertex 11.5528 3.50816 0
      vertex 9.52647 4.46515 0
    endloop
  endfacet
  facet normal 0 0 -1
    outer loop
      vertex 14.7676 6.65514 0
      vertex 13.2213 5.01314 0
      vertex 13.0383 5.24329 0
    endloop
  endfacet
  facet normal 0 0 -1
    outer loop
      vertex 9.69463 4.80005 0
      vertex 9.87417 5.12802 0
      vertex 11.6841 3.77274 0
    endloop
  endfacet
  facet normal 0 0 -1
    outer loop
      vertex 13.0383 5.24329 0
      vertex 14.5216 6.93622 0
      vertex 14.7676 6.65514 0
    endloop
  endfacet
  facet normal 0 0 -1
    outer loop
      vertex 11.6841 3.77274 0
      vertex 9.87417 5.12802 0
      vertex 11.8246 4.0321 0
    endloop
  endfacet
  facet normal -0 0 -1
    outer loop
      vertex 11.9739 4.28602 0
      vertex 11.8246 4.0321 0
      vertex 10.0648 5.44882 0
    endloop
  endfacet
  facet normal 0 0 -1
    outer loop
      vertex 14.264 3.23855 0
      vertex 14.142 3.50816 0
      vertex 16.183 4.46515 0
    endloop
  endfacet
  facet normal 0 -0 -1
    outer loop
      vertex 10.2662 5.76219 0
      vertex 11.9739 4.28602 0
      vertex 10.0648 5.44882 0
    endloop
  endfacet
  facet normal 0 0 -1
    outer loop
      vertex 12.132 4.53431 0
      vertex 10.478 6.06787 0
      vertex 12.2986 4.77675 0
    endloop
  endfacet
  facet normal 0 0 -1
    outer loop
      vertex 12.2986 4.77675 0
      vertex 10.478 6.06787 0
      vertex 10.7 6.36561 0
    endloop
  endfacet
  facet normal -0 0 -1
    outer loop
      vertex 12.4735 5.01314 0
      vertex 12.2986 4.77675 0
      vertex 10.7 6.36561 0
    endloop
  endfacet
  facet normal 0 -0 -1
    outer loop
      vertex 10.9318 6.65514 0
      vertex 12.4735 5.01314 0
      vertex 10.7 6.36561 0
    endloop
  endfacet
  facet normal 0 0 -1
    outer loop
      vertex 10.9318 6.65514 0
      vertex 12.6565 5.24329 0
      vertex 12.4735 5.01314 0
    endloop
  endfacet
  facet normal 0 0 -1
    outer loop
      vertex 10.9318 6.65514 0
      vertex 11.1731 6.93622 0
      vertex 12.6565 5.24329 0
    endloop
  endfacet
  facet normal 0 0 -1
    outer loop
      vertex 11.1731 6.93622 0
      vertex 12.8474 8.4738 0
      vertex 12.8474 5.46697 0
    endloop
  endfacet
  facet normal 0 0 -1
    outer loop
      vertex 12.8474 5.46697 0
      vertex 12.8474 8.4738 0
      vertex 14.5216 6.93622 0
    endloop
  endfacet
  facet normal 0 0 -1
    outer loop
      vertex 13.5627 4.53431 0
      vertex 13.3961 4.77675 0
      vertex 15.2279 6.06787 0
    endloop
  endfacet
  facet normal 0 -0 -1
    outer loop
      vertex 15.6444 5.44882 0
      vertex 15.8357 5.12802 0
      vertex 13.8702 4.0321 0
    endloop
  endfacet
  facet normal 0 -0 -1
    outer loop
      vertex 15.8357 5.12802 0
      vertex 16.0153 4.80005 0
      vertex 14.0106 3.77274 0
    endloop
  endfacet
  facet normal 0 0 -1
    outer loop
      vertex 14.264 3.23855 0
      vertex 16.3387 4.12359 0
      vertex 14.3764 2.96413 0
    endloop
  endfacet
  facet normal -0 0 -1
    outer loop
      vertex 16.6128 3.42152 0
      vertex 14.4791 2.68509 0
      vertex 16.4821 3.77563 0
    endloop
  endfacet
  facet normal 0 -0 -1
    outer loop
      vertex 16.6128 3.42152 0
      vertex 16.7308 3.06151 0
      vertex 14.5719 2.40164 0
    endloop
  endfacet
  facet normal -0 0 -1
    outer loop
      vertex 16.8358 2.69586 0
      vertex 14.6546 2.114 0
      vertex 16.7308 3.06151 0
    endloop
  endfacet
  facet normal -0 0 -1
    outer loop
      vertex 16.9275 2.32483 0
      vertex 14.7268 1.82235 0
      vertex 16.8358 2.69586 0
    endloop
  endfacet
  facet normal 0 0 -1
    outer loop
      vertex 17.0058 1.94868 0
      vertex 14.7886 1.52691 0
      vertex 14.7268 1.82235 0
    endloop
  endfacet
  facet normal 0 0 -1
    outer loop
      vertex 17.0703 1.56766 0
      vertex 14.8395 1.22789 0
      vertex 14.7886 1.52691 0
    endloop
  endfacet
  facet normal -0 0 -1
    outer loop
      vertex 17.1209 1.18202 0
      vertex 14.8795 0.925478 0
      vertex 14.8395 1.22789 0
    endloop
  endfacet
  facet normal -0 0 -1
    outer loop
      vertex 17.1868 5.19039e-06 0
      vertex 14.9258 -0.31132 0
      vertex 14.9317 5.19039e-06 0
    endloop
  endfacet
  facet normal 0 -0 -1
    outer loop
      vertex 14.9258 -0.31132 0
      vertex 17.1791 -0.397929 0
      vertex 14.9084 -0.619881 0
    endloop
  endfacet
  facet normal 0 -0 -1
    outer loop
      vertex 14.8395 -1.22788 0
      vertex 17.001 -1.94867 0
      vertex 14.7886 -1.5269 0
    endloop
  endfacet
  facet normal 0 0 -1
    outer loop
      vertex 14.7268 -1.82234 0
      vertex 14.7886 -1.5269 0
      vertex 16.9211 -2.32482 0
    endloop
  endfacet
  facet normal 0 0 -1
    outer loop
      vertex 16.8277 -2.69585 0
      vertex 14.7268 -1.82234 0
      vertex 16.9211 -2.32482 0
    endloop
  endfacet
  facet normal 0 -0 -1
    outer loop
      vertex 14.4791 -2.68508 0
      vertex 16.4692 -3.77562 0
      vertex 14.3764 -2.96412 0
    endloop
  endfacet
  facet normal -0 0 -1
    outer loop
      vertex 16.4692 -3.77562 0
      vertex 16.3248 -4.12358 0
      vertex 14.3764 -2.96412 0
    endloop
  endfacet
  facet normal -0 0 -1
    outer loop
      vertex 16.3248 -4.12358 0
      vertex 16.1683 -4.46514 0
      vertex 14.264 -3.23854 0
    endloop
  endfacet
  facet normal -0 0 -1
    outer loop
      vertex 16.1683 -4.46514 0
      vertex 16.0001 -4.80004 0
      vertex 14.142 -3.50815 0
    endloop
  endfacet
  facet normal 0 -0 -1
    outer loop
      vertex 14.142 -3.50815 0
      vertex 16.0001 -4.80004 0
      vertex 14.0106 -3.77274 0
    endloop
  endfacet
  facet normal 0 -0 -1
    outer loop
      vertex 14.0106 -3.77274 0
      vertex 15.8206 -5.12801 0
      vertex 13.8702 -4.03209 0
    endloop
  endfacet
  facet normal 0 0 -1
    outer loop
      vertex 13.8702 -4.03209 0
      vertex 15.8206 -5.12801 0
      vertex 15.63 -5.44881 0
    endloop
  endfacet
  facet normal 0 0 -1
    outer loop
      vertex 13.7208 -4.28602 0
      vertex 15.63 -5.44881 0
      vertex 15.4286 -5.76218 0
    endloop
  endfacet
  facet normal 0 0 -1
    outer loop
      vertex 13.5627 -4.53431 0
      vertex 13.7208 -4.28602 0
      vertex 15.4286 -5.76218 0
    endloop
  endfacet
  facet normal 0 0 -1
    outer loop
      vertex 13.3961 -4.77675 0
      vertex 13.5627 -4.53431 0
      vertex 15.2168 -6.06786 0
    endloop
  endfacet
  facet normal 0 0 -1
    outer loop
      vertex 14.9948 -6.3656 0
      vertex 13.3961 -4.77675 0
      vertex 15.2168 -6.06786 0
    endloop
  endfacet
  facet normal 0 0 -1
    outer loop
      vertex 14.763 -6.65513 0
      vertex 13.2213 -5.01314 0
      vertex 14.9948 -6.3656 0
    endloop
  endfacet
  facet normal 0 0 -1
    outer loop
      vertex 14.763 -6.65513 0
      vertex 13.0383 -5.24329 0
      vertex 13.2213 -5.01314 0
    endloop
  endfacet
  facet normal 0 0 -1
    outer loop
      vertex -1.92024 -6.65513 0
      vertex -2.15573 -6.3656 0
      vertex -0.373874 -5.01314 0
    endloop
  endfacet
  facet normal 0 0 -1
    outer loop
      vertex 1.29457 -3.50815 0
      vertex 1.41657 -3.23854 0
      vertex 3.32091 -4.46514 0
    endloop
  endfacet
  facet normal 0 0 -1
    outer loop
      vertex 2.07842 0.311333 0
      vertex 4.3394 5.19039e-06 0
      vertex 2.08428 5.19039e-06 0
    endloop
  endfacet
  facet normal 0 0 -1
    outer loop
      vertex -3.16791 -4.80004 0
      vertex -3.33568 -4.46514 0
      vertex -1.29458 -3.50815 0
    endloop
  endfacet
  facet normal 0 0 -1
    outer loop
      vertex -1.41658 -3.23854 0
      vertex -3.33568 -4.46514 0
      vertex -3.49134 -4.12358 0
    endloop
  endfacet
  facet normal 0 0 -1
    outer loop
      vertex 1.52904 -2.96412 0
      vertex 3.62186 -3.77562 0
      vertex 3.47738 -4.12358 0
    endloop
  endfacet
  facet normal 0 -0 -1
    outer loop
      vertex 4.27356 1.18202 0
      vertex 4.30998 0.792033 0
      vertex 2.03216 0.925478 0
    endloop
  endfacet
  facet normal 0 0 -1
    outer loop
      vertex -3.49134 -4.12358 0
      vertex -3.63468 -3.77562 0
      vertex -1.52905 -2.96412 0
    endloop
  endfacet
  facet normal 0 -0 -1
    outer loop
      vertex 4.22296 1.56766 0
      vertex 4.27356 1.18202 0
      vertex 1.99216 1.22789 0
    endloop
  endfacet
  facet normal 0 0 -1
    outer loop
      vertex -3.63468 -3.77562 0
      vertex -3.76547 -3.4215 0
      vertex -1.63177 -2.68508 0
    endloop
  endfacet
  facet normal -0 0 -1
    outer loop
      vertex 4.22296 1.56766 0
      vertex 1.9412 1.52691 0
      vertex 4.15842 1.94868 0
    endloop
  endfacet
  facet normal 0 0 -1
    outer loop
      vertex -1.8072 -2.11399 0
      vertex -3.88347 -3.0615 0
      vertex -3.98845 -2.69585 0
    endloop
  endfacet
  facet normal -0 0 -1
    outer loop
      vertex 4.07371 -2.32482 0
      vertex 3.98028 -2.69585 0
      vertex 1.87947 -1.82234 0
    endloop
  endfacet
  facet normal 0 0 -1
    outer loop
      vertex -1.87948 -1.82234 0
      vertex -3.98845 -2.69585 0
      vertex -4.08018 -2.32482 0
    endloop
  endfacet
  facet normal 0 0 -1
    outer loop
      vertex 4.07371 -2.32482 0
      vertex 1.87947 -1.82234 0
      vertex 1.9412 -1.5269 0
    endloop
  endfacet
  facet normal 0 0 -1
    outer loop
      vertex 3.88346 3.06151 0
      vertex 1.80719 2.114 0
      vertex 1.72455 2.40164 0
    endloop
  endfacet
  facet normal -0 0 -1
    outer loop
      vertex -1.87948 -1.82234 0
      vertex -4.15843 -1.94867 0
      vertex -1.94121 -1.5269 0
    endloop
  endfacet
  facet normal 0 -0 -1
    outer loop
      vertex -1.99217 -1.22788 0
      vertex -1.94121 -1.5269 0
      vertex -4.22297 -1.56765 0
    endloop
  endfacet
  facet normal 0 0 -1
    outer loop
      vertex 4.21968 -1.56765 0
      vertex 1.99216 -1.22788 0
      vertex 4.2716 -1.18201 0
    endloop
  endfacet
  facet normal 0 -0 -1
    outer loop
      vertex -2.03217 -0.925468 0
      vertex -1.99217 -1.22788 0
      vertex -4.27357 -1.18201 0
    endloop
  endfacet
  facet normal 0 0 -1
    outer loop
      vertex 1.99216 -1.22788 0
      vertex 2.03216 -0.925468 0
      vertex 4.2716 -1.18201 0
    endloop
  endfacet
  facet normal 0 0 -1
    outer loop
      vertex -4.31 -0.79202 0
      vertex -2.03217 -0.925468 0
      vertex -4.27357 -1.18201 0
    endloop
  endfacet
  facet normal 0 0 -1
    outer loop
      vertex 2.03216 -0.925468 0
      vertex 2.06097 -0.619881 0
      vertex 4.30906 -0.79202 0
    endloop
  endfacet
  facet normal -0 0 -1
    outer loop
      vertex 3.63468 3.77563 0
      vertex 1.52904 2.96413 0
      vertex 3.49134 4.12359 0
    endloop
  endfacet
  facet normal 0 -0 -1
    outer loop
      vertex 3.33567 4.46515 0
      vertex 3.49134 4.12359 0
      vertex 1.41657 3.23855 0
    endloop
  endfacet
  facet normal -0 0 -1
    outer loop
      vertex -2.07843 -0.31132 0
      vertex -4.33202 -0.397929 0
      vertex -4.33942 5.19039e-06 0
    endloop
  endfacet
  facet normal 0 0 -1
    outer loop
      vertex -2.07843 0.311333 0
      vertex -2.08429 5.19039e-06 0
      vertex -4.33942 5.19039e-06 0
    endloop
  endfacet
  facet normal 0 0 -1
    outer loop
      vertex 2.07842 -0.31132 0
      vertex 2.08428 5.19039e-06 0
      vertex 4.3394 5.19039e-06 0
    endloop
  endfacet
  facet normal 0 0 -1
    outer loop
      vertex 3.1679 4.80005 0
      vertex 1.29457 3.50816 0
      vertex 1.16325 3.77274 0
    endloop
  endfacet
  facet normal 0 0 -1
    outer loop
      vertex -2.06099 0.619891 0
      vertex -4.30907 0.792033 0
      vertex -2.03217 0.925478 0
    endloop
  endfacet
  facet normal 0 0 -1
    outer loop
      vertex 1.0228 4.0321 0
      vertex 2.98828 5.12802 0
      vertex 1.16325 3.77274 0
    endloop
  endfacet
  facet normal -0 0 -1
    outer loop
      vertex -2.03217 0.925478 0
      vertex -4.30907 0.792033 0
      vertex -4.27161 1.18202 0
    endloop
  endfacet
  facet normal 0 -0 -1
    outer loop
      vertex -4.21969 1.56766 0
      vertex -1.99217 1.22789 0
      vertex -4.27161 1.18202 0
    endloop
  endfacet
  facet normal 0 -0 -1
    outer loop
      vertex 2.59435 5.76219 0
      vertex 2.79701 5.44882 0
      vertex 0.873429 4.28602 0
    endloop
  endfacet
  facet normal -0 0 -1
    outer loop
      vertex -1.87948 1.82235 0
      vertex -1.94121 1.52691 0
      vertex -4.07372 2.32483 0
    endloop
  endfacet
  facet normal 0 0 -1
    outer loop
      vertex 0.873429 4.28602 0
      vertex 0.715348 4.53431 0
      vertex 2.59435 5.76219 0
    endloop
  endfacet
  facet normal 0 -0 -1
    outer loop
      vertex -3.98029 2.69586 0
      vertex -1.87948 1.82235 0
      vertex -4.07372 2.32483 0
    endloop
  endfacet
  facet normal 0 0 -1
    outer loop
      vertex -3.98029 2.69586 0
      vertex -3.87363 3.06151 0
      vertex -1.8072 2.114 0
    endloop
  endfacet
  facet normal 0 0 -1
    outer loop
      vertex -3.87363 3.06151 0
      vertex -3.75406 3.42152 0
      vertex -1.72456 2.40164 0
    endloop
  endfacet
  facet normal 0 0 -1
    outer loop
      vertex 1.87947 1.82235 0
      vertex 3.98844 2.69586 0
      vertex 4.08017 2.32483 0
    endloop
  endfacet
  facet normal -0 0 -1
    outer loop
      vertex -1.52905 2.96413 0
      vertex -1.63177 2.68509 0
      vertex -3.62188 3.77563 0
    endloop
  endfacet
  facet normal 0 0 -1
    outer loop
      vertex 0.548759 4.77675 0
      vertex 0.373867 5.01314 0
      vertex 2.15573 6.36561 0
    endloop
  endfacet
  facet normal 0 -0 -1
    outer loop
      vertex 1.92023 6.65514 0
      vertex 2.15573 6.36561 0
      vertex 0.373867 5.01314 0
    endloop
  endfacet
  facet normal 0 0 -1
    outer loop
      vertex -3.47739 4.12359 0
      vertex -1.41658 3.23855 0
      vertex -1.52905 2.96413 0
    endloop
  endfacet
  facet normal 0 0 -1
    outer loop
      vertex -1.41658 3.23855 0
      vertex -3.47739 4.12359 0
      vertex -3.32092 4.46515 0
    endloop
  endfacet
  facet normal 0 0 -1
    outer loop
      vertex 1.63177 2.68509 0
      vertex 3.63468 3.77563 0
      vertex 3.76546 3.42152 0
    endloop
  endfacet
  facet normal 0 0 -1
    outer loop
      vertex -1.29458 3.50816 0
      vertex -3.32092 4.46515 0
      vertex -3.15276 4.80005 0
    endloop
  endfacet
  facet normal 0 0 -1
    outer loop
      vertex -2.97322 5.12802 0
      vertex -1.0228 4.0321 0
      vertex -1.16325 3.77274 0
    endloop
  endfacet
  facet normal 0 -0 -1
    outer loop
      vertex 1.67425 6.93622 0
      vertex 1.92023 6.65514 0
      vertex 0.190877 5.24329 0
    endloop
  endfacet
  facet normal 0 0 -1
    outer loop
      vertex -1.0228 4.0321 0
      vertex -2.78261 5.44882 0
      vertex -0.873437 4.28602 0
    endloop
  endfacet
  facet normal 0 0 -1
    outer loop
      vertex 0.190877 5.24329 0
      vertex -5.19039e-06 5.46697 0
      vertex 1.67425 6.93622 0
    endloop
  endfacet
  facet normal 0 0 -1
    outer loop
      vertex -0.873437 4.28602 0
      vertex -2.78261 5.44882 0
      vertex -2.58124 5.76219 0
    endloop
  endfacet
  facet normal 0 -0 -1
    outer loop
      vertex -2.36941 6.06787 0
      vertex -0.715355 4.53431 0
      vertex -2.58124 5.76219 0
    endloop
  endfacet
  facet normal -0 0 -1
    outer loop
      vertex 3.1679 4.80005 0
      vertex 1.16325 3.77274 0
      vertex 2.98828 5.12802 0
    endloop
  endfacet
  facet normal 0 0 -1
    outer loop
      vertex -2.36941 6.06787 0
      vertex -0.548767 4.77675 0
      vertex -0.715355 4.53431 0
    endloop
  endfacet
  facet normal 0 0 -1
    outer loop
      vertex -2.36941 6.06787 0
      vertex -2.14743 6.36561 0
      vertex -0.548767 4.77675 0
    endloop
  endfacet
  facet normal 0 0 -1
    outer loop
      vertex -0.548767 4.77675 0
      vertex -2.14743 6.36561 0
      vertex -0.373874 5.01314 0
    endloop
  endfacet
  facet normal -0 0 -1
    outer loop
      vertex 2.98828 5.12802 0
      vertex 1.0228 4.0321 0
      vertex 2.79701 5.44882 0
    endloop
  endfacet
  facet normal 0 0 -1
    outer loop
      vertex -0.373874 5.01314 0
      vertex -2.14743 6.36561 0
      vertex -1.91562 6.65514 0
    endloop
  endfacet
  facet normal -0 0 -1
    outer loop
      vertex -0.190887 5.24329 0
      vertex -0.373874 5.01314 0
      vertex -1.91562 6.65514 0
    endloop
  endfacet
  facet normal 0 -0 -1
    outer loop
      vertex -1.67427 6.93622 0
      vertex -0.190887 5.24329 0
      vertex -1.91562 6.65514 0
    endloop
  endfacet
  facet normal 0 -0 -1
    outer loop
      vertex -5.19039e-06 8.4738 0
      vertex -5.19039e-06 5.46697 0
      vertex -1.67427 6.93622 0
    endloop
  endfacet
  facet normal 0 0 -1
    outer loop
      vertex 0.548759 4.77675 0
      vertex 2.38051 6.06787 0
      vertex 0.715348 4.53431 0
    endloop
  endfacet
  facet normal 0 0 -1
    outer loop
      vertex 1.29457 3.50816 0
      vertex 3.33567 4.46515 0
      vertex 1.41657 3.23855 0
    endloop
  endfacet
  facet normal 0 0 -1
    outer loop
      vertex 3.49134 4.12359 0
      vertex 1.52904 2.96413 0
      vertex 1.41657 3.23855 0
    endloop
  endfacet
  facet normal 0 -0 -1
    outer loop
      vertex 3.76546 3.42152 0
      vertex 3.88346 3.06151 0
      vertex 1.72455 2.40164 0
    endloop
  endfacet
  facet normal -0 0 -1
    outer loop
      vertex 3.98844 2.69586 0
      vertex 1.80719 2.114 0
      vertex 3.88346 3.06151 0
    endloop
  endfacet
  facet normal 0 0 -1
    outer loop
      vertex 1.87947 1.82235 0
      vertex 4.15842 1.94868 0
      vertex 1.9412 1.52691 0
    endloop
  endfacet
  facet normal 0 0 -1
    outer loop
      vertex 1.9412 1.52691 0
      vertex 4.22296 1.56766 0
      vertex 1.99216 1.22789 0
    endloop
  endfacet
  facet normal -0 0 -1
    outer loop
      vertex 4.27356 1.18202 0
      vertex 2.03216 0.925478 0
      vertex 1.99216 1.22789 0
    endloop
  endfacet
  facet normal 0 0 -1
    outer loop
      vertex 2.03216 0.925478 0
      vertex 4.30998 0.792033 0
      vertex 2.06097 0.619891 0
    endloop
  endfacet
  facet normal 0 0 -1
    outer loop
      vertex 2.06097 0.619891 0
      vertex 4.30998 0.792033 0
      vertex 4.33201 0.39794 0
    endloop
  endfacet
  facet normal 0 -0 -1
    outer loop
      vertex 4.33201 0.39794 0
      vertex 4.3394 5.19039e-06 0
      vertex 2.07842 0.311333 0
    endloop
  endfacet
  facet normal -0 0 -1
    outer loop
      vertex 4.33177 -0.397929 0
      vertex 2.06097 -0.619881 0
      vertex 2.07842 -0.31132 0
    endloop
  endfacet
  facet normal 0 0 -1
    outer loop
      vertex 1.9412 -1.5269 0
      vertex 1.99216 -1.22788 0
      vertex 4.15361 -1.94867 0
    endloop
  endfacet
  facet normal 0 0 -1
    outer loop
      vertex 1.80719 -2.11399 0
      vertex 3.98028 -2.69585 0
      vertex 3.87362 -3.0615 0
    endloop
  endfacet
  facet normal 0 0 -1
    outer loop
      vertex 3.75404 -3.4215 0
      vertex 1.72455 -2.40164 0
      vertex 3.87362 -3.0615 0
    endloop
  endfacet
  facet normal 0 0 -1
    outer loop
      vertex 3.75404 -3.4215 0
      vertex 1.63177 -2.68508 0
      vertex 1.72455 -2.40164 0
    endloop
  endfacet
  facet normal 0 0 -1
    outer loop
      vertex 3.62186 -3.77562 0
      vertex 1.52904 -2.96412 0
      vertex 1.63177 -2.68508 0
    endloop
  endfacet
  facet normal -0 0 -1
    outer loop
      vertex 3.47738 -4.12358 0
      vertex 3.32091 -4.46514 0
      vertex 1.41657 -3.23854 0
    endloop
  endfacet
  facet normal -0 0 -1
    outer loop
      vertex 3.32091 -4.46514 0
      vertex 3.15275 -4.80004 0
      vertex 1.29457 -3.50815 0
    endloop
  endfacet
  facet normal 0 -0 -1
    outer loop
      vertex 1.29457 -3.50815 0
      vertex 3.15275 -4.80004 0
      vertex 1.16325 -3.77274 0
    endloop
  endfacet
  facet normal 0 -0 -1
    outer loop
      vertex 1.16325 -3.77274 0
      vertex 2.97321 -5.12801 0
      vertex 1.0228 -4.03209 0
    endloop
  endfacet
  facet normal 0 0 -1
    outer loop
      vertex 1.0228 -4.03209 0
      vertex 2.97321 -5.12801 0
      vertex 2.7826 -5.44881 0
    endloop
  endfacet
  facet normal 0 0 -1
    outer loop
      vertex 0.873429 -4.28602 0
      vertex 2.7826 -5.44881 0
      vertex 2.58123 -5.76218 0
    endloop
  endfacet
  facet normal 0 0 -1
    outer loop
      vertex 0.715348 -4.53431 0
      vertex 0.873429 -4.28602 0
      vertex 2.58123 -5.76218 0
    endloop
  endfacet
  facet normal 0 0 -1
    outer loop
      vertex 0.548759 -4.77675 0
      vertex 0.715348 -4.53431 0
      vertex 2.3694 -6.06786 0
    endloop
  endfacet
  facet normal 0 0 -1
    outer loop
      vertex 2.14742 -6.3656 0
      vertex 0.548759 -4.77675 0
      vertex 2.3694 -6.06786 0
    endloop
  endfacet
  facet normal 0 0 -1
    outer loop
      vertex 1.9156 -6.65513 0
      vertex 0.373867 -5.01314 0
      vertex 2.14742 -6.3656 0
    endloop
  endfacet
  facet normal 0 0 -1
    outer loop
      vertex 1.9156 -6.65513 0
      vertex 0.190877 -5.24329 0
      vertex 0.373867 -5.01314 0
    endloop
  endfacet
  facet normal 0 0 -1
    outer loop
      vertex -9.5385 -4.46514 0
      vertex -11.676 -3.77274 0
      vertex -11.5429 -3.50815 0
    endloop
  endfacet
  facet normal 0 -0 -1
    outer loop
      vertex -13.3961 -4.77675 0
      vertex -13.2213 -5.01314 0
      vertex -14.9939 -6.3656 0
    endloop
  endfacet
  facet normal 0 0 -1
    outer loop
      vertex -10.769 0.311333 0
      vertex -8.54214 5.19039e-06 0
      vertex -10.7631 5.19039e-06 0
    endloop
  endfacet
  facet normal -0 0 -1
    outer loop
      vertex -14.0106 -3.77274 0
      vertex -16.1563 -4.46514 0
      vertex -14.142 -3.50815 0
    endloop
  endfacet
  facet normal -0 0 -1
    outer loop
      vertex -8.54953 0.39794 0
      vertex -10.769 0.311333 0
      vertex -10.7864 0.619891 0
    endloop
  endfacet
  facet normal 0 -0 -1
    outer loop
      vertex -14.3764 -2.96412 0
      vertex -14.264 -3.23854 0
      vertex -16.4522 -3.77562 0
    endloop
  endfacet
  facet normal -0 0 -1
    outer loop
      vertex -8.9959 -3.0615 0
      vertex -9.11297 -3.4215 0
      vertex -11.2016 -2.68508 0
    endloop
  endfacet
  facet normal 0 0 -1
    outer loop
      vertex -8.60788 1.18202 0
      vertex -10.8552 1.22789 0
      vertex -8.65832 1.56766 0
    endloop
  endfacet
  facet normal -0 0 -1
    outer loop
      vertex -8.65832 1.56766 0
      vertex -10.9062 1.52691 0
      vertex -8.7226 1.94868 0
    endloop
  endfacet
  facet normal -0 0 -1
    outer loop
      vertex -8.7226 1.94868 0
      vertex -10.9679 1.82235 0
      vertex -8.80046 2.32483 0
    endloop
  endfacet
  facet normal -0 0 -1
    outer loop
      vertex -8.80046 2.32483 0
      vertex -11.0402 2.114 0
      vertex -8.89164 2.69586 0
    endloop
  endfacet
  facet normal 0 0 -1
    outer loop
      vertex -16.9722 -1.94867 0
      vertex -17.0364 -1.56765 0
      vertex -14.7886 -1.5269 0
    endloop
  endfacet
  facet normal -0 0 -1
    outer loop
      vertex -8.89164 2.69586 0
      vertex -11.1228 2.40164 0
      vertex -8.9959 3.06151 0
    endloop
  endfacet
  facet normal 0 0 -1
    outer loop
      vertex -17.0869 -1.18201 0
      vertex -14.8395 -1.22788 0
      vertex -17.0364 -1.56765 0
    endloop
  endfacet
  facet normal 0 0 -1
    outer loop
      vertex -8.60788 -1.18201 0
      vertex -10.8041 -0.925468 0
      vertex -8.57153 -0.79202 0
    endloop
  endfacet
  facet normal 0 0 -1
    outer loop
      vertex -17.1232 -0.79202 0
      vertex -14.8795 -0.925468 0
      vertex -17.0869 -1.18201 0
    endloop
  endfacet
  facet normal 0 0 -1
    outer loop
      vertex -10.8041 -0.925468 0
      vertex -10.7781 -0.619881 0
      vertex -8.57153 -0.79202 0
    endloop
  endfacet
  facet normal 0 0 -1
    outer loop
      vertex -11.4308 3.23855 0
      vertex -9.2426 3.77563 0
      vertex -11.3183 2.96413 0
    endloop
  endfacet
  facet normal -0 0 -1
    outer loop
      vertex -14.9084 -0.619881 0
      vertex -17.1232 -0.79202 0
      vertex -17.1452 -0.397929 0
    endloop
  endfacet
  facet normal 0 0 -1
    outer loop
      vertex -11.5528 3.50816 0
      vertex -9.38452 4.12359 0
      vertex -11.4308 3.23855 0
    endloop
  endfacet
  facet normal -0 0 -1
    outer loop
      vertex -14.9258 -0.31132 0
      vertex -17.1452 -0.397929 0
      vertex -17.1526 5.19039e-06 0
    endloop
  endfacet
  facet normal 0 0 -1
    outer loop
      vertex -14.9258 0.311333 0
      vertex -14.9317 5.19039e-06 0
      vertex -17.1526 5.19039e-06 0
    endloop
  endfacet
  facet normal 0 0 -1
    outer loop
      vertex -10.7643 -0.31132 0
      vertex -10.7631 5.19039e-06 0
      vertex -8.54214 5.19039e-06 0
    endloop
  endfacet
  facet normal 0 0 -1
    outer loop
      vertex -14.9084 0.619891 0
      vertex -14.9258 0.311333 0
      vertex -17.1452 0.39794 0
    endloop
  endfacet
  facet normal 0 0 -1
    outer loop
      vertex -8.54214 5.19039e-06 0
      vertex -10.769 0.311333 0
      vertex -8.54953 0.39794 0
    endloop
  endfacet
  facet normal 0 -0 -1
    outer loop
      vertex -17.1232 0.792033 0
      vertex -14.9084 0.619891 0
      vertex -17.1452 0.39794 0
    endloop
  endfacet
  facet normal 0 0 -1
    outer loop
      vertex -8.54953 0.39794 0
      vertex -10.7864 0.619891 0
      vertex -8.57153 0.792033 0
    endloop
  endfacet
  facet normal 0 -0 -1
    outer loop
      vertex -17.0869 1.18202 0
      vertex -14.8795 0.925478 0
      vertex -17.1232 0.792033 0
    endloop
  endfacet
  facet normal 0 0 -1
    outer loop
      vertex -10.7864 0.619891 0
      vertex -10.8152 0.925478 0
      vertex -8.57153 0.792033 0
    endloop
  endfacet
  facet normal 0 0 -1
    outer loop
      vertex -11.9739 4.28602 0
      vertex -10.0701 5.44882 0
      vertex -11.8246 4.0321 0
    endloop
  endfacet
  facet normal -0 0 -1
    outer loop
      vertex -14.8395 1.22789 0
      vertex -17.0869 1.18202 0
      vertex -17.0364 1.56766 0
    endloop
  endfacet
  facet normal 0 -0 -1
    outer loop
      vertex -16.9722 1.94868 0
      vertex -14.7886 1.52691 0
      vertex -17.0364 1.56766 0
    endloop
  endfacet
  facet normal 0 0 -1
    outer loop
      vertex -10.8152 0.925478 0
      vertex -10.8552 1.22789 0
      vertex -8.60788 1.18202 0
    endloop
  endfacet
  facet normal 0 0 -1
    outer loop
      vertex -14.7269 1.82235 0
      vertex -16.9722 1.94868 0
      vertex -16.8943 2.32483 0
    endloop
  endfacet
  facet normal 0 0 -1
    outer loop
      vertex -11.9739 4.28602 0
      vertex -12.132 4.53431 0
      vertex -10.2697 5.76219 0
    endloop
  endfacet
  facet normal -0 0 -1
    outer loop
      vertex -14.6546 2.114 0
      vertex -14.7269 1.82235 0
      vertex -16.8943 2.32483 0
    endloop
  endfacet
  facet normal -0 0 -1
    outer loop
      vertex -10.2697 5.76219 0
      vertex -12.132 4.53431 0
      vertex -10.4801 6.06787 0
    endloop
  endfacet
  facet normal -0 0 -1
    outer loop
      vertex -14.5719 2.40164 0
      vertex -14.6546 2.114 0
      vertex -16.8031 2.69586 0
    endloop
  endfacet
  facet normal 0 0 -1
    outer loop
      vertex -16.6989 3.06151 0
      vertex -14.4792 2.68509 0
      vertex -14.5719 2.40164 0
    endloop
  endfacet
  facet normal 0 0 -1
    outer loop
      vertex -10.9679 1.82235 0
      vertex -11.0402 2.114 0
      vertex -8.80046 2.32483 0
    endloop
  endfacet
  facet normal 0 0 -1
    outer loop
      vertex -16.6989 3.06151 0
      vertex -16.5818 3.42152 0
      vertex -14.4792 2.68509 0
    endloop
  endfacet
  facet normal 0 0 -1
    outer loop
      vertex -11.0402 2.114 0
      vertex -11.1228 2.40164 0
      vertex -8.89164 2.69586 0
    endloop
  endfacet
  facet normal 0 0 -1
    outer loop
      vertex -12.2986 4.77675 0
      vertex -12.4735 5.01314 0
      vertex -10.7009 6.36561 0
    endloop
  endfacet
  facet normal 0 0 -1
    outer loop
      vertex -16.4522 3.77563 0
      vertex -16.3102 4.12359 0
      vertex -14.264 3.23855 0
    endloop
  endfacet
  facet normal 0 0 -1
    outer loop
      vertex -11.1228 2.40164 0
      vertex -11.2156 2.68509 0
      vertex -8.9959 3.06151 0
    endloop
  endfacet
  facet normal 0 0 -1
    outer loop
      vertex -14.264 3.23855 0
      vertex -16.3102 4.12359 0
      vertex -14.142 3.50816 0
    endloop
  endfacet
  facet normal 0 0 -1
    outer loop
      vertex -11.2156 2.68509 0
      vertex -11.3183 2.96413 0
      vertex -9.11297 3.42152 0
    endloop
  endfacet
  facet normal 0 0 -1
    outer loop
      vertex -14.142 3.50816 0
      vertex -16.1563 4.46515 0
      vertex -14.0106 3.77274 0
    endloop
  endfacet
  facet normal 0 -0 -1
    outer loop
      vertex -15.8132 5.12802 0
      vertex -13.8702 4.0321 0
      vertex -15.9905 4.80005 0
    endloop
  endfacet
  facet normal 0 -0 -1
    outer loop
      vertex -11.1731 6.93622 0
      vertex -10.932 6.65514 0
      vertex -12.6565 5.24329 0
    endloop
  endfacet
  facet normal 0 0 -1
    outer loop
      vertex -13.8702 4.0321 0
      vertex -15.6246 5.44882 0
      vertex -13.7208 4.28602 0
    endloop
  endfacet
  facet normal 0 0 -1
    outer loop
      vertex -12.6565 5.24329 0
      vertex -12.8474 5.46697 0
      vertex -11.1731 6.93622 0
    endloop
  endfacet
  facet normal 0 0 -1
    outer loop
      vertex -13.7208 4.28602 0
      vertex -15.6246 5.44882 0
      vertex -15.4251 5.76219 0
    endloop
  endfacet
  facet normal 0 0 -1
    outer loop
      vertex -13.5627 4.53431 0
      vertex -15.4251 5.76219 0
      vertex -15.2147 6.06787 0
    endloop
  endfacet
  facet normal -0 0 -1
    outer loop
      vertex -13.3961 4.77675 0
      vertex -13.5627 4.53431 0
      vertex -15.2147 6.06787 0
    endloop
  endfacet
  facet normal 0 -0 -1
    outer loop
      vertex -14.9939 6.36561 0
      vertex -13.3961 4.77675 0
      vertex -15.2147 6.06787 0
    endloop
  endfacet
  facet normal 0 0 -1
    outer loop
      vertex -14.9939 6.36561 0
      vertex -13.2213 5.01314 0
      vertex -13.3961 4.77675 0
    endloop
  endfacet
  facet normal 0 0 -1
    outer loop
      vertex -14.9939 6.36561 0
      vertex -14.7627 6.65514 0
      vertex -13.2213 5.01314 0
    endloop
  endfacet
  facet normal 0 0 -1
    outer loop
      vertex -13.2213 5.01314 0
      vertex -14.7627 6.65514 0
      vertex -13.0383 5.24329 0
    endloop
  endfacet
  facet normal 0 0 -1
    outer loop
      vertex -13.0383 5.24329 0
      vertex -14.7627 6.65514 0
      vertex -14.5216 6.93622 0
    endloop
  endfacet
  facet normal -0 0 -1
    outer loop
      vertex -11.1731 6.93622 0
      vertex -12.8474 5.46697 0
      vertex -12.8474 8.4738 0
    endloop
  endfacet
  facet normal 0 0 -1
    outer loop
      vertex -12.8474 5.46697 0
      vertex -14.5216 6.93622 0
      vertex -12.8474 8.4738 0
    endloop
  endfacet
  facet normal 0 0 -1
    outer loop
      vertex -10.4801 6.06787 0
      vertex -12.132 4.53431 0
      vertex -12.2986 4.77675 0
    endloop
  endfacet
  facet normal 0 0 -1
    outer loop
      vertex -11.8246 4.0321 0
      vertex -10.0701 5.44882 0
      vertex -9.88155 5.12802 0
    endloop
  endfacet
  facet normal 0 0 -1
    outer loop
      vertex -11.6841 3.77274 0
      vertex -11.8246 4.0321 0
      vertex -9.70426 4.80005 0
    endloop
  endfacet
  facet normal 0 0 -1
    outer loop
      vertex -11.5528 3.50816 0
      vertex -9.5385 4.46515 0
      vertex -9.38452 4.12359 0
    endloop
  endfacet
  facet normal 0 -0 -1
    outer loop
      vertex -9.38452 4.12359 0
      vertex -9.2426 3.77563 0
      vertex -11.4308 3.23855 0
    endloop
  endfacet
  facet normal 0 0 -1
    outer loop
      vertex -10.9679 1.82235 0
      vertex -8.7226 1.94868 0
      vertex -10.9062 1.52691 0
    endloop
  endfacet
  facet normal 0 0 -1
    outer loop
      vertex -10.9062 1.52691 0
      vertex -8.65832 1.56766 0
      vertex -10.8552 1.22789 0
    endloop
  endfacet
  facet normal 0 -0 -1
    outer loop
      vertex -10.7643 -0.31132 0
      vertex -8.54953 -0.397929 0
      vertex -10.7781 -0.619881 0
    endloop
  endfacet
  facet normal 0 0 -1
    outer loop
      vertex -8.60788 -1.18201 0
      vertex -8.65832 -1.56765 0
      vertex -10.8421 -1.22788 0
    endloop
  endfacet
  facet normal -0 0 -1
    outer loop
      vertex -8.65832 -1.56765 0
      vertex -8.7226 -1.94867 0
      vertex -10.8917 -1.5269 0
    endloop
  endfacet
  facet normal -0 0 -1
    outer loop
      vertex -8.7226 -1.94867 0
      vertex -8.80046 -2.32482 0
      vertex -10.9528 -1.82234 0
    endloop
  endfacet
  facet normal 0 -0 -1
    outer loop
      vertex -10.9528 -1.82234 0
      vertex -8.80046 -2.32482 0
      vertex -11.025 -2.11399 0
    endloop
  endfacet
  facet normal 0 -0 -1
    outer loop
      vertex -11.025 -2.11399 0
      vertex -8.89164 -2.69585 0
      vertex -11.108 -2.40164 0
    endloop
  endfacet
  facet normal 0 -0 -1
    outer loop
      vertex -11.108 -2.40164 0
      vertex -8.9959 -3.0615 0
      vertex -11.2016 -2.68508 0
    endloop
  endfacet
  facet normal -0 0 -1
    outer loop
      vertex -9.11297 -3.4215 0
      vertex -9.2426 -3.77562 0
      vertex -11.3055 -2.96412 0
    endloop
  endfacet
  facet normal 0 0 -1
    outer loop
      vertex -11.4194 -3.23854 0
      vertex -11.3055 -2.96412 0
      vertex -9.2426 -3.77562 0
    endloop
  endfacet
  facet normal 0 0 -1
    outer loop
      vertex -9.38452 -4.12358 0
      vertex -11.5429 -3.50815 0
      vertex -11.4194 -3.23854 0
    endloop
  endfacet
  facet normal -0 0 -1
    outer loop
      vertex -9.38452 -4.12358 0
      vertex -9.5385 -4.46514 0
      vertex -11.5429 -3.50815 0
    endloop
  endfacet
  facet normal -0 0 -1
    outer loop
      vertex -9.5385 -4.46514 0
      vertex -9.70426 -4.80004 0
      vertex -11.676 -3.77274 0
    endloop
  endfacet
  facet normal 0 -0 -1
    outer loop
      vertex -11.676 -3.77274 0
      vertex -9.88155 -5.12801 0
      vertex -11.8181 -4.03209 0
    endloop
  endfacet
  facet normal 0 0 -1
    outer loop
      vertex -11.8181 -4.03209 0
      vertex -9.88155 -5.12801 0
      vertex -10.0701 -5.44881 0
    endloop
  endfacet
  facet normal 0 0 -1
    outer loop
      vertex -11.9691 -4.28602 0
      vertex -10.0701 -5.44881 0
      vertex -10.2697 -5.76218 0
    endloop
  endfacet
  facet normal 0 0 -1
    outer loop
      vertex -12.1287 -4.53431 0
      vertex -11.9691 -4.28602 0
      vertex -10.2697 -5.76218 0
    endloop
  endfacet
  facet normal 0 0 -1
    outer loop
      vertex -12.2967 -4.77675 0
      vertex -12.1287 -4.53431 0
      vertex -10.4801 -6.06786 0
    endloop
  endfacet
  facet normal 0 0 -1
    outer loop
      vertex -10.7009 -6.3656 0
      vertex -12.2967 -4.77675 0
      vertex -10.4801 -6.06786 0
    endloop
  endfacet
  facet normal 0 0 -1
    outer loop
      vertex -10.932 -6.65513 0
      vertex -12.4726 -5.01314 0
      vertex -10.7009 -6.3656 0
    endloop
  endfacet
  facet normal 0 0 -1
    outer loop
      vertex -10.932 -6.65513 0
      vertex -12.6563 -5.24329 0
      vertex -12.4726 -5.01314 0
    endloop
  endfacet
  facet normal 0 0 1
    outer loop
      vertex 25.6013 8.54652 2.4
      vertex 24.8007 6.35264 2.4
      vertex 26.2475 8.04013 2.4
    endloop
  endfacet
  facet normal -0 0 1
    outer loop
      vertex 26.826 3.84243 2.4
      vertex 27.108 3.25403 2.4
      vertex 28.7998 4.86461 2.4
    endloop
  endfacet
  facet normal 0 0 1
    outer loop
      vertex 26.8522 7.48719 2.4
      vertex 25.2805 5.91543 2.4
      vertex 25.7251 5.44363 2.4
    endloop
  endfacet
  facet normal 0 0 1
    outer loop
      vertex 29.9643 0.867769 2.4
      vertex 27.779 5.19039e-06 2.4
      vertex 30 5.19039e-06 2.4
    endloop
  endfacet
  facet normal 0 0 1
    outer loop
      vertex 27.779 5.19039e-06 2.4
      vertex 27.7507 -0.685137 2.4
      vertex 29.9643 -0.867761 2.4
    endloop
  endfacet
  facet normal 0 0 1
    outer loop
      vertex 29.4517 3.34524 2.4
      vertex 27.5308 2.00828 2.4
      vertex 29.6874 2.54313 2.4
    endloop
  endfacet
  facet normal -0 0 1
    outer loop
      vertex 27.108 3.25403 2.4
      vertex 27.3436 2.64192 2.4
      vertex 29.1549 4.11998 2.4
    endloop
  endfacet
  facet normal 0 0 1
    outer loop
      vertex 24.9163 9.00359 2.4
      vertex 24.2881 6.75308 2.4
      vertex 25.6013 8.54652 2.4
    endloop
  endfacet
  facet normal 0 0 1
    outer loop
      vertex 27.5308 -2.00827 2.4
      vertex 27.3436 -2.64191 2.4
      vertex 29.4517 -3.34524 2.4
    endloop
  endfacet
  facet normal 0 0 1
    outer loop
      vertex 24.9163 9.00359 2.4
      vertex 23.7448 7.11456 2.4
      vertex 24.2881 6.75308 2.4
    endloop
  endfacet
  facet normal 0 0 1
    outer loop
      vertex 24.1953 9.40862 2.4
      vertex 23.7448 7.11456 2.4
      vertex 24.9163 9.00359 2.4
    endloop
  endfacet
  facet normal 0 0 1
    outer loop
      vertex 27.3436 -2.64191 2.4
      vertex 29.1549 -4.11998 2.4
      vertex 29.4517 -3.34524 2.4
    endloop
  endfacet
  facet normal -0 0 1
    outer loop
      vertex 22.5753 7.71196 2.4
      vertex 23.1732 7.43491 2.4
      vertex 23.4412 9.75887 2.4
    endloop
  endfacet
  facet normal 0 0 1
    outer loop
      vertex 26.826 -3.84242 2.4
      vertex 26.5001 -4.40494 2.4
      vertex 28.3892 -5.57639 2.4
    endloop
  endfacet
  facet normal 0 -0 1
    outer loop
      vertex 11.1228 2.40164 2.4
      vertex 11.2156 2.68509 2.4
      vertex 9.09333 3.42152 2.4
    endloop
  endfacet
  facet normal 0 0 1
    outer loop
      vertex 26.5001 -4.40494 2.4
      vertex 27.9258 -6.25257 2.4
      vertex 28.3892 -5.57639 2.4
    endloop
  endfacet
  facet normal 0 0 1
    outer loop
      vertex 9.22551 3.77563 2.4
      vertex 9.09333 3.42152 2.4
      vertex 11.2156 2.68509 2.4
    endloop
  endfacet
  facet normal 0 0 1
    outer loop
      vertex 27.4126 -6.89042 2.4
      vertex 26.1324 -4.9394 2.4
      vertex 25.7251 -5.44362 2.4
    endloop
  endfacet
  facet normal 0 0 1
    outer loop
      vertex 25.2805 -5.91543 2.4
      vertex 26.2475 -8.04013 2.4
      vertex 26.8522 -7.48719 2.4
    endloop
  endfacet
  facet normal 0 0 1
    outer loop
      vertex 11.1228 2.40164 2.4
      vertex 8.97376 3.06151 2.4
      vertex 11.0402 2.114 2.4
    endloop
  endfacet
  facet normal 0 0 1
    outer loop
      vertex 9.09333 3.42152 2.4
      vertex 8.97376 3.06151 2.4
      vertex 11.1228 2.40164 2.4
    endloop
  endfacet
  facet normal 0 0 1
    outer loop
      vertex 25.6013 -8.54651 2.4
      vertex 24.8007 -6.35263 2.4
      vertex 24.2881 -6.75307 2.4
    endloop
  endfacet
  facet normal 0 0 1
    outer loop
      vertex 13.5627 4.53431 2.4
      vertex 15.4417 5.76219 2.4
      vertex 15.2279 6.06787 2.4
    endloop
  endfacet
  facet normal 0 0 1
    outer loop
      vertex 23.7448 -7.11455 2.4
      vertex 24.1953 -9.40862 2.4
      vertex 24.9163 -9.00359 2.4
    endloop
  endfacet
  facet normal 0 0 1
    outer loop
      vertex 8.8671 2.69586 2.4
      vertex 10.9679 1.82235 2.4
      vertex 11.0402 2.114 2.4
    endloop
  endfacet
  facet normal 0 0 1
    outer loop
      vertex 23.4412 -9.75886 2.4
      vertex 23.1732 -7.4349 2.4
      vertex 22.5753 -7.71194 2.4
    endloop
  endfacet
  facet normal -0 0 1
    outer loop
      vertex 8.69377 1.94868 2.4
      vertex 10.9062 1.52691 2.4
      vertex 8.77367 2.32483 2.4
    endloop
  endfacet
  facet normal 0 0 1
    outer loop
      vertex 21.9534 -7.9435 2.4
      vertex 21.8447 -10.284 2.4
      vertex 22.6568 -10.0516 2.4
    endloop
  endfacet
  facet normal 0 0 1
    outer loop
      vertex 10.9062 1.52691 2.4
      vertex 8.69377 1.94868 2.4
      vertex 10.8552 1.22789 2.4
    endloop
  endfacet
  facet normal 0 -0 1
    outer loop
      vertex 21.0079 -10.4534 2.4
      vertex 21.3099 -8.12739 2.4
      vertex 20.6468 -8.26144 2.4
    endloop
  endfacet
  facet normal 0 0 1
    outer loop
      vertex 19.9665 -8.34346 2.4
      vertex 19.2711 -10.5923 2.4
      vertex 20.1491 -10.5571 2.4
    endloop
  endfacet
  facet normal -0 0 1
    outer loop
      vertex 8.57578 1.18202 2.4
      vertex 10.8152 0.925478 2.4
      vertex 10.8552 1.22789 2.4
    endloop
  endfacet
  facet normal 0 0 1
    outer loop
      vertex 8.53832 0.792033 2.4
      vertex 8.51561 0.39794 2.4
      vertex 10.7864 0.619891 2.4
    endloop
  endfacet
  facet normal 0 0 1
    outer loop
      vertex 16.0153 4.80005 2.4
      vertex 14.0106 3.77274 2.4
      vertex 14.142 3.50816 2.4
    endloop
  endfacet
  facet normal 0 0 1
    outer loop
      vertex 8.50797 5.19039e-06 2.4
      vertex 10.769 0.311333 2.4
      vertex 8.51561 0.39794 2.4
    endloop
  endfacet
  facet normal 0 0 1
    outer loop
      vertex 18.7515 -8.35602 2.4
      vertex 18.9087 -10.5864 2.4
      vertex 19.0105 -8.36746 2.4
    endloop
  endfacet
  facet normal 0 0 1
    outer loop
      vertex 10.769 -0.31132 2.4
      vertex 8.50797 5.19039e-06 2.4
      vertex 8.51537 -0.397929 2.4
    endloop
  endfacet
  facet normal 0 0 1
    outer loop
      vertex 10.769 -0.31132 2.4
      vertex 8.51537 -0.397929 2.4
      vertex 10.7864 -0.619881 2.4
    endloop
  endfacet
  facet normal 0 -0 1
    outer loop
      vertex 18.5497 -10.5689 2.4
      vertex 18.7515 -8.35602 2.4
      vertex 18.4944 -8.33704 2.4
    endloop
  endfacet
  facet normal -0 0 1
    outer loop
      vertex 18.194 -10.54 2.4
      vertex 18.5497 -10.5689 2.4
      vertex 18.4944 -8.33704 2.4
    endloop
  endfacet
  facet normal 0 0 1
    outer loop
      vertex 18.2392 -8.31061 2.4
      vertex 17.842 -10.4999 2.4
      vertex 18.194 -10.54 2.4
    endloop
  endfacet
  facet normal -0 0 1
    outer loop
      vertex 17.1495 -10.3865 2.4
      vertex 17.4938 -10.4486 2.4
      vertex 17.735 -8.23567 2.4
    endloop
  endfacet
  facet normal 0 -0 1
    outer loop
      vertex 16.4736 -10.2303 2.4
      vertex 16.9964 -8.06927 2.4
      vertex 16.1424 -10.1366 2.4
    endloop
  endfacet
  facet normal 0 0 1
    outer loop
      vertex 8.57382 -1.18201 2.4
      vertex 8.62442 -1.56765 2.4
      vertex 10.8552 -1.22788 2.4
    endloop
  endfacet
  facet normal 0 -0 1
    outer loop
      vertex 14.5719 2.40164 2.4
      vertex 16.6128 3.42152 2.4
      vertex 14.4791 2.68509 2.4
    endloop
  endfacet
  facet normal 0 -0 1
    outer loop
      vertex 8.68896 -1.94867 2.4
      vertex 10.9062 -1.5269 2.4
      vertex 8.62442 -1.56765 2.4
    endloop
  endfacet
  facet normal 0 0 1
    outer loop
      vertex 10.9679 -1.82234 2.4
      vertex 10.9062 -1.5269 2.4
      vertex 8.68896 -1.94867 2.4
    endloop
  endfacet
  facet normal 0 0 1
    outer loop
      vertex 10.9679 -1.82234 2.4
      vertex 8.68896 -1.94867 2.4
      vertex 8.76721 -2.32482 2.4
    endloop
  endfacet
  facet normal 0 0 1
    outer loop
      vertex 10.9679 -1.82234 2.4
      vertex 8.85894 -2.69585 2.4
      vertex 11.0402 -2.11399 2.4
    endloop
  endfacet
  facet normal 0 0 1
    outer loop
      vertex -2.06099 -0.619881 2.4
      vertex -4.33202 -0.397929 2.4
      vertex -4.31 -0.79202 2.4
    endloop
  endfacet
  facet normal 0 0 1
    outer loop
      vertex -2.07843 -0.31132 2.4
      vertex -4.33202 -0.397929 2.4
      vertex -2.06099 -0.619881 2.4
    endloop
  endfacet
  facet normal 0 0 1
    outer loop
      vertex 5.89585 -8.35509 2.4
      vertex 5.70229 -10.5689 2.4
      vertex 6.06136 -10.5864 2.4
    endloop
  endfacet
  facet normal 0 0 1
    outer loop
      vertex 5.63591 -8.33508 2.4
      vertex 5.70229 -10.5689 2.4
      vertex 5.89585 -8.35509 2.4
    endloop
  endfacet
  facet normal 0 0 1
    outer loop
      vertex -2.06099 -0.619881 2.4
      vertex -4.31 -0.79202 2.4
      vertex -2.03217 -0.925468 2.4
    endloop
  endfacet
  facet normal -0 0 1
    outer loop
      vertex -4.33942 5.19039e-06 2.4
      vertex -2.07843 -0.31132 2.4
      vertex -2.08429 5.19039e-06 2.4
    endloop
  endfacet
  facet normal 0 0 1
    outer loop
      vertex 5.63591 -8.33508 2.4
      vertex 5.34665 -10.54 2.4
      vertex 5.70229 -10.5689 2.4
    endloop
  endfacet
  facet normal 0 0 1
    outer loop
      vertex 6.15846 -8.36722 2.4
      vertex 5.89585 -8.35509 2.4
      vertex 6.06136 -10.5864 2.4
    endloop
  endfacet
  facet normal 0 -0 1
    outer loop
      vertex 1.63177 2.68509 2.4
      vertex 3.63468 3.77563 2.4
      vertex 1.52904 2.96413 2.4
    endloop
  endfacet
  facet normal 0 0 1
    outer loop
      vertex 3.33567 4.46515 2.4
      vertex 3.1679 4.80005 2.4
      vertex 1.29457 3.50816 2.4
    endloop
  endfacet
  facet normal 0 0 1
    outer loop
      vertex 5.63591 -8.33508 2.4
      vertex 5.37868 -8.30733 2.4
      vertex 5.34665 -10.54 2.4
    endloop
  endfacet
  facet normal 0 0 1
    outer loop
      vertex -4.33942 5.19039e-06 2.4
      vertex -2.07843 0.311333 2.4
      vertex -4.33178 0.39794 2.4
    endloop
  endfacet
  facet normal 0 0 1
    outer loop
      vertex 3.62624 -10.2303 2.4
      vertex 4.37795 -8.122 2.4
      vertex 4.13507 -8.05785 2.4
    endloop
  endfacet
  facet normal 0 -0 1
    outer loop
      vertex 4.99462 -10.4999 2.4
      vertex 5.12422 -8.27199 2.4
      vertex 4.64639 -10.4486 2.4
    endloop
  endfacet
  facet normal 0 0 1
    outer loop
      vertex 4.87257 -8.22922 2.4
      vertex 4.30213 -10.3865 2.4
      vertex 4.64639 -10.4486 2.4
    endloop
  endfacet
  facet normal 0 0 1
    outer loop
      vertex 4.6238 -8.17917 2.4
      vertex 4.30213 -10.3865 2.4
      vertex 4.87257 -8.22922 2.4
    endloop
  endfacet
  facet normal -0 0 1
    outer loop
      vertex 3.96202 -10.3137 2.4
      vertex 4.30213 -10.3865 2.4
      vertex 4.6238 -8.17917 2.4
    endloop
  endfacet
  facet normal 0 0 1
    outer loop
      vertex 3.96202 -10.3137 2.4
      vertex 4.6238 -8.17917 2.4
      vertex 4.37795 -8.122 2.4
    endloop
  endfacet
  facet normal 0 0 1
    outer loop
      vertex 4.87257 -8.22922 2.4
      vertex 4.64639 -10.4486 2.4
      vertex 5.12422 -8.27199 2.4
    endloop
  endfacet
  facet normal 0 0 1
    outer loop
      vertex 4.37795 -8.122 2.4
      vertex 3.62624 -10.2303 2.4
      vertex 3.96202 -10.3137 2.4
    endloop
  endfacet
  facet normal 0 0 1
    outer loop
      vertex 3.89521 -7.98689 2.4
      vertex 3.29497 -10.1366 2.4
      vertex 4.13507 -8.05785 2.4
    endloop
  endfacet
  facet normal 0 0 1
    outer loop
      vertex 5.37868 -8.30733 2.4
      vertex 5.12422 -8.27199 2.4
      vertex 4.99462 -10.4999 2.4
    endloop
  endfacet
  facet normal 0 -0 1
    outer loop
      vertex 3.62624 -10.2303 2.4
      vertex 4.13507 -8.05785 2.4
      vertex 3.29497 -10.1366 2.4
    endloop
  endfacet
  facet normal -0 0 1
    outer loop
      vertex 2.96839 -10.0327 2.4
      vertex 3.29497 -10.1366 2.4
      vertex 3.89521 -7.98689 2.4
    endloop
  endfacet
  facet normal 0 -0 1
    outer loop
      vertex -4.22297 -1.56765 2.4
      vertex -1.99217 -1.22788 2.4
      vertex -4.27357 -1.18201 2.4
    endloop
  endfacet
  facet normal -0 0 1
    outer loop
      vertex 4.99462 -10.4999 2.4
      vertex 5.34665 -10.54 2.4
      vertex 5.37868 -8.30733 2.4
    endloop
  endfacet
  facet normal 0 -0 1
    outer loop
      vertex -2.07843 0.311333 2.4
      vertex -2.06099 0.619891 2.4
      vertex -4.33178 0.39794 2.4
    endloop
  endfacet
  facet normal 0 -0 1
    outer loop
      vertex 1.72455 2.40164 2.4
      vertex 3.76546 3.42152 2.4
      vertex 1.63177 2.68509 2.4
    endloop
  endfacet
  facet normal 0 0 1
    outer loop
      vertex 6.15846 -8.36722 2.4
      vertex 6.06136 -10.5864 2.4
      vertex 6.42369 -10.5923 2.4
    endloop
  endfacet
  facet normal 0 0 1
    outer loop
      vertex -1.94121 -1.5269 2.4
      vertex -4.22297 -1.56765 2.4
      vertex -4.15843 -1.94867 2.4
    endloop
  endfacet
  facet normal -0 0 1
    outer loop
      vertex -4.15843 -1.94867 2.4
      vertex -4.08018 -2.32482 2.4
      vertex -1.87948 -1.82234 2.4
    endloop
  endfacet
  facet normal 0 -0 1
    outer loop
      vertex 1.87947 1.82235 2.4
      vertex 3.98844 2.69586 2.4
      vertex 1.80719 2.114 2.4
    endloop
  endfacet
  facet normal 0 0 1
    outer loop
      vertex -2.06099 0.619891 2.4
      vertex -4.30907 0.792033 2.4
      vertex -4.33178 0.39794 2.4
    endloop
  endfacet
  facet normal 0 0 1
    outer loop
      vertex -1.87948 -1.82234 2.4
      vertex -3.98845 -2.69585 2.4
      vertex -1.8072 -2.11399 2.4
    endloop
  endfacet
  facet normal 0 0 1
    outer loop
      vertex 4.15842 1.94868 2.4
      vertex 4.08017 2.32483 2.4
      vertex 1.87947 1.82235 2.4
    endloop
  endfacet
  facet normal -0 0 1
    outer loop
      vertex -4.27161 1.18202 2.4
      vertex -2.03217 0.925478 2.4
      vertex -1.99217 1.22789 2.4
    endloop
  endfacet
  facet normal 0 0 1
    outer loop
      vertex -1.43135 -9.36699 2.4
      vertex -2.30521 -7.31223 2.4
      vertex -2.52247 -7.4266 2.4
    endloop
  endfacet
  facet normal 0 -0 1
    outer loop
      vertex -4.32366 -10.3865 2.4
      vertex -3.98534 -10.3137 2.4
      vertex -4.6238 -8.17917 2.4
    endloop
  endfacet
  facet normal 0 0 1
    outer loop
      vertex -4.66561 -10.4486 2.4
      vertex -4.87257 -8.22922 2.4
      vertex -5.12422 -8.27199 2.4
    endloop
  endfacet
  facet normal 0 0 1
    outer loop
      vertex -6.42369 -8.37129 2.4
      vertex -6.68429 -8.36722 2.4
      vertex -6.42369 -10.5923 2.4
    endloop
  endfacet
  facet normal 0 0 1
    outer loop
      vertex -14.9258 0.311333 2.4
      vertex -17.1452 0.39794 2.4
      vertex -17.1526 5.19039e-06 2.4
    endloop
  endfacet
  facet normal 0 0 1
    outer loop
      vertex -6.94322 -8.35509 2.4
      vertex -7.20036 -8.33508 2.4
      vertex -7.13586 -10.5689 2.4
    endloop
  endfacet
  facet normal 0 0 1
    outer loop
      vertex -7.45558 -8.30733 2.4
      vertex -7.83636 -10.4999 2.4
      vertex -7.48766 -10.54 2.4
    endloop
  endfacet
  facet normal 0 0 1
    outer loop
      vertex -9.5385 4.46515 2.4
      vertex -11.6841 3.77274 2.4
      vertex -11.5528 3.50816 2.4
    endloop
  endfacet
  facet normal 0 0 1
    outer loop
      vertex -7.45558 -8.30733 2.4
      vertex -7.48766 -10.54 2.4
      vertex -7.20036 -8.33508 2.4
    endloop
  endfacet
  facet normal -0 0 1
    outer loop
      vertex -17.1526 5.19039e-06 2.4
      vertex -14.9258 -0.31132 2.4
      vertex -14.9317 5.19039e-06 2.4
    endloop
  endfacet
  facet normal 0 0 1
    outer loop
      vertex -7.45558 -8.30733 2.4
      vertex -7.70875 -8.27199 2.4
      vertex -7.83636 -10.4999 2.4
    endloop
  endfacet
  facet normal 0 0 1
    outer loop
      vertex -7.13586 -10.5689 2.4
      vertex -7.20036 -8.33508 2.4
      vertex -7.48766 -10.54 2.4
    endloop
  endfacet
  facet normal -0 0 1
    outer loop
      vertex -8.18177 -10.4486 2.4
      vertex -7.83636 -10.4999 2.4
      vertex -7.70875 -8.27199 2.4
    endloop
  endfacet
  facet normal 0 0 1
    outer loop
      vertex -9.70426 4.80005 2.4
      vertex -11.6841 3.77274 2.4
      vertex -9.5385 4.46515 2.4
    endloop
  endfacet
  facet normal 0 0 1
    outer loop
      vertex -14.9258 -0.31132 2.4
      vertex -17.1452 -0.397929 2.4
      vertex -14.9084 -0.619881 2.4
    endloop
  endfacet
  facet normal -0 0 1
    outer loop
      vertex -17.1232 0.792033 2.4
      vertex -14.9084 0.619891 2.4
      vertex -14.8795 0.925478 2.4
    endloop
  endfacet
  facet normal 0 0 1
    outer loop
      vertex -8.86204 -10.3137 2.4
      vertex -8.20842 -8.17917 2.4
      vertex -8.45467 -8.122 2.4
    endloop
  endfacet
  facet normal 0 0 1
    outer loop
      vertex -8.20842 -8.17917 2.4
      vertex -8.86204 -10.3137 2.4
      vertex -8.52373 -10.3865 2.4
    endloop
  endfacet
  facet normal 0 0 1
    outer loop
      vertex -14.8395 -1.22788 2.4
      vertex -14.8795 -0.925468 2.4
      vertex -17.0869 -1.18201 2.4
    endloop
  endfacet
  facet normal 0 0 1
    outer loop
      vertex -8.20842 -8.17917 2.4
      vertex -8.52373 -10.3865 2.4
      vertex -7.95974 -8.22922 2.4
    endloop
  endfacet
  facet normal 0 0 1
    outer loop
      vertex -14.8395 -1.22788 2.4
      vertex -17.0364 -1.56765 2.4
      vertex -14.7886 -1.5269 2.4
    endloop
  endfacet
  facet normal 0 0 1
    outer loop
      vertex -9.11297 3.42152 2.4
      vertex -9.2426 3.77563 2.4
      vertex -11.3183 2.96413 2.4
    endloop
  endfacet
  facet normal 0 0 1
    outer loop
      vertex -8.9959 3.06151 2.4
      vertex -9.11297 3.42152 2.4
      vertex -11.2156 2.68509 2.4
    endloop
  endfacet
  facet normal -0 0 1
    outer loop
      vertex -8.52373 -10.3865 2.4
      vertex -8.18177 -10.4486 2.4
      vertex -7.95974 -8.22922 2.4
    endloop
  endfacet
  facet normal 0 0 1
    outer loop
      vertex -8.45467 -8.122 2.4
      vertex -9.19654 -10.2303 2.4
      vertex -8.86204 -10.3137 2.4
    endloop
  endfacet
  facet normal 0 0 1
    outer loop
      vertex -14.7269 -1.82234 2.4
      vertex -14.7886 -1.5269 2.4
      vertex -16.9722 -1.94867 2.4
    endloop
  endfacet
  facet normal 0 0 1
    outer loop
      vertex -7.70875 -8.27199 2.4
      vertex -7.95974 -8.22922 2.4
      vertex -8.18177 -10.4486 2.4
    endloop
  endfacet
  facet normal 0 0 1
    outer loop
      vertex -8.45467 -8.122 2.4
      vertex -8.69836 -8.05785 2.4
      vertex -9.19654 -10.2303 2.4
    endloop
  endfacet
  facet normal -0 0 1
    outer loop
      vertex -17.1232 -0.79202 2.4
      vertex -14.8795 -0.925468 2.4
      vertex -14.9084 -0.619881 2.4
    endloop
  endfacet
  facet normal 0 0 1
    outer loop
      vertex -14.7269 -1.82234 2.4
      vertex -16.9722 -1.94867 2.4
      vertex -16.8943 -2.32482 2.4
    endloop
  endfacet
  facet normal 0 0 1
    outer loop
      vertex -14.6546 -2.11399 2.4
      vertex -16.8943 -2.32482 2.4
      vertex -16.8031 -2.69585 2.4
    endloop
  endfacet
  facet normal -0 0 1
    outer loop
      vertex -9.52704 -10.1366 2.4
      vertex -9.19654 -10.2303 2.4
      vertex -8.69836 -8.05785 2.4
    endloop
  endfacet
  facet normal 0 0 1
    outer loop
      vertex -9.52704 -10.1366 2.4
      vertex -8.69836 -8.05785 2.4
      vertex -8.93935 -7.98689 2.4
    endloop
  endfacet
  facet normal 0 0 1
    outer loop
      vertex -14.6546 -2.11399 2.4
      vertex -14.7269 -1.82234 2.4
      vertex -16.8943 -2.32482 2.4
    endloop
  endfacet
  facet normal 0 -0 1
    outer loop
      vertex -9.52704 -10.1366 2.4
      vertex -8.93935 -7.98689 2.4
      vertex -9.85336 -10.0327 2.4
    endloop
  endfacet
  facet normal -0 0 1
    outer loop
      vertex -7.13586 -10.5689 2.4
      vertex -6.78115 -10.5864 2.4
      vertex -6.94322 -8.35509 2.4
    endloop
  endfacet
  facet normal -0 0 1
    outer loop
      vertex -16.5172 7.92323 2.4
      vertex -16.282 7.83991 2.4
      vertex -15.8158 10.0327 2.4
    endloop
  endfacet
  facet normal -0 0 1
    outer loop
      vertex -27.4126 6.89042 2.4
      vertex -25.7251 5.44363 2.4
      vertex -26.8522 7.48719 2.4
    endloop
  endfacet
  facet normal 0 0 1
    outer loop
      vertex -17.842 10.4999 2.4
      vertex -17.986 8.2768 2.4
      vertex -17.4938 10.4486 2.4
    endloop
  endfacet
  facet normal 0 -0 1
    outer loop
      vertex -16.9964 8.06928 2.4
      vertex -16.4736 10.2303 2.4
      vertex -17.2401 8.13185 2.4
    endloop
  endfacet
  facet normal 0 0 1
    outer loop
      vertex -16.1424 10.1366 2.4
      vertex -16.4736 10.2303 2.4
      vertex -16.9964 8.06928 2.4
    endloop
  endfacet
  facet normal 0 0 1
    outer loop
      vertex -17.1495 10.3865 2.4
      vertex -17.4863 8.18734 2.4
      vertex -16.8094 10.3137 2.4
    endloop
  endfacet
  facet normal -0 0 1
    outer loop
      vertex -17.986 8.2768 2.4
      vertex -17.735 8.23569 2.4
      vertex -17.4938 10.4486 2.4
    endloop
  endfacet
  facet normal 0 0 1
    outer loop
      vertex -18.194 10.54 2.4
      vertex -18.2392 8.31062 2.4
      vertex -17.842 10.4999 2.4
    endloop
  endfacet
  facet normal -0 0 1
    outer loop
      vertex -18.4944 8.33705 2.4
      vertex -18.2392 8.31062 2.4
      vertex -18.194 10.54 2.4
    endloop
  endfacet
  facet normal -0 0 1
    outer loop
      vertex -18.7515 8.35603 2.4
      vertex -18.4944 8.33705 2.4
      vertex -18.5497 10.5689 2.4
    endloop
  endfacet
  facet normal 0 -0 1
    outer loop
      vertex -18.7515 8.35603 2.4
      vertex -18.5497 10.5689 2.4
      vertex -18.9088 10.5864 2.4
    endloop
  endfacet
  facet normal 0 0 1
    outer loop
      vertex -15.8414 -10.0327 2.4
      vertex -16.5058 -7.90927 2.4
      vertex -16.7426 -7.98689 2.4
    endloop
  endfacet
  facet normal -0 0 1
    outer loop
      vertex -17.9716 -8.27199 2.4
      vertex -17.513 -10.4486 2.4
      vertex -17.72 -8.22922 2.4
    endloop
  endfacet
  facet normal 0 -0 1
    outer loop
      vertex -23.1732 7.43491 2.4
      vertex -22.5753 7.71196 2.4
      vertex -23.4412 9.75887 2.4
    endloop
  endfacet
  facet normal 0 -0 1
    outer loop
      vertex -21.0079 -10.4534 2.4
      vertex -20.6468 -8.26144 2.4
      vertex -21.3099 -8.12739 2.4
    endloop
  endfacet
  facet normal -0 0 1
    outer loop
      vertex -27.9258 6.25257 2.4
      vertex -26.1324 4.93941 2.4
      vertex -27.4126 6.89042 2.4
    endloop
  endfacet
  facet normal 0 0 1
    outer loop
      vertex -21.9534 -7.9435 2.4
      vertex -22.5753 -7.71194 2.4
      vertex -22.6568 -10.0516 2.4
    endloop
  endfacet
  facet normal 0 -0 1
    outer loop
      vertex -27.5308 2.00828 2.4
      vertex -27.3436 2.64192 2.4
      vertex -29.4517 3.34524 2.4
    endloop
  endfacet
  facet normal 0 0 1
    outer loop
      vertex -27.9258 -6.25257 2.4
      vertex -26.1324 -4.9394 2.4
      vertex -26.5001 -4.40494 2.4
    endloop
  endfacet
  facet normal 0 0 1
    outer loop
      vertex -13.8702 -4.03209 2.4
      vertex -14.0106 -3.77274 2.4
      vertex -15.9905 -4.80004 2.4
    endloop
  endfacet
  facet normal 0 0 1
    outer loop
      vertex -8.57153 0.792033 2.4
      vertex -8.60788 1.18202 2.4
      vertex -10.8152 0.925478 2.4
    endloop
  endfacet
  facet normal 0 -0 1
    outer loop
      vertex -28.7998 -4.86461 2.4
      vertex -27.108 -3.25402 2.4
      vertex -29.1549 -4.11998 2.4
    endloop
  endfacet
  facet normal 0 -0 1
    outer loop
      vertex -27.7507 0.685147 2.4
      vertex -27.6672 1.3553 2.4
      vertex -29.8592 1.71639 2.4
    endloop
  endfacet
  facet normal 0 0 1
    outer loop
      vertex -27.4126 -6.89042 2.4
      vertex -25.7251 -5.44362 2.4
      vertex -26.1324 -4.9394 2.4
    endloop
  endfacet
  facet normal 0 -0 1
    outer loop
      vertex -29.6874 -2.54312 2.4
      vertex -27.6672 -1.35529 2.4
      vertex -29.8592 -1.71638 2.4
    endloop
  endfacet
  facet normal 0 -0 1
    outer loop
      vertex -29.8592 -1.71638 2.4
      vertex -27.7507 -0.685137 2.4
      vertex -29.9643 -0.867761 2.4
    endloop
  endfacet
  facet normal 0 0 1
    outer loop
      vertex -27.7507 -0.685137 2.4
      vertex -27.779 5.19039e-06 2.4
      vertex -29.9643 -0.867761 2.4
    endloop
  endfacet
  facet normal 0 0 1
    outer loop
      vertex -27.779 5.19039e-06 2.4
      vertex -29.9643 0.867769 2.4
      vertex -30 5.19039e-06 2.4
    endloop
  endfacet
  facet normal 0 0 1
    outer loop
      vertex -27.3436 -2.64191 2.4
      vertex -27.5308 -2.00827 2.4
      vertex -29.4517 -3.34524 2.4
    endloop
  endfacet
  facet normal 0 -0 1
    outer loop
      vertex -28.3892 -5.57639 2.4
      vertex -26.8261 -3.84242 2.4
      vertex -28.7998 -4.86461 2.4
    endloop
  endfacet
  facet normal 0 -0 1
    outer loop
      vertex -27.6672 1.3553 2.4
      vertex -27.5308 2.00828 2.4
      vertex -29.6874 2.54313 2.4
    endloop
  endfacet
  facet normal 0 0 1
    outer loop
      vertex -25.6013 -8.54651 2.4
      vertex -24.2881 -6.75307 2.4
      vertex -24.8007 -6.35263 2.4
    endloop
  endfacet
  facet normal 0 0 1
    outer loop
      vertex -24.9163 -9.00359 2.4
      vertex -23.7448 -7.11455 2.4
      vertex -24.2881 -6.75307 2.4
    endloop
  endfacet
  facet normal 0 -0 1
    outer loop
      vertex -24.1953 -9.40862 2.4
      vertex -23.7448 -7.11455 2.4
      vertex -24.9163 -9.00359 2.4
    endloop
  endfacet
  facet normal 0 0 1
    outer loop
      vertex -27.3436 2.64192 2.4
      vertex -29.1549 4.11998 2.4
      vertex -29.4517 3.34524 2.4
    endloop
  endfacet
  facet normal 0 0 1
    outer loop
      vertex -14.0106 -3.77274 2.4
      vertex -16.1563 -4.46514 2.4
      vertex -15.9905 -4.80004 2.4
    endloop
  endfacet
  facet normal -0 0 1
    outer loop
      vertex -28.3892 5.57639 2.4
      vertex -26.5001 4.40495 2.4
      vertex -27.9258 6.25257 2.4
    endloop
  endfacet
  facet normal 0 0 1
    outer loop
      vertex -21.8447 -10.284 2.4
      vertex -21.9534 -7.9435 2.4
      vertex -22.6568 -10.0516 2.4
    endloop
  endfacet
  facet normal 0 0 1
    outer loop
      vertex -21.3099 -8.12739 2.4
      vertex -21.9534 -7.9435 2.4
      vertex -21.8447 -10.284 2.4
    endloop
  endfacet
  facet normal 0 0 1
    outer loop
      vertex -21.3099 -8.12739 2.4
      vertex -21.8447 -10.284 2.4
      vertex -21.0079 -10.4534 2.4
    endloop
  endfacet
  facet normal 0 -0 1
    outer loop
      vertex -25.7251 5.44363 2.4
      vertex -25.2805 5.91543 2.4
      vertex -26.8522 7.48719 2.4
    endloop
  endfacet
  facet normal -0 0 1
    outer loop
      vertex -21.0079 -10.4534 2.4
      vertex -20.1491 -10.5571 2.4
      vertex -20.6468 -8.26144 2.4
    endloop
  endfacet
  facet normal 0 -0 1
    outer loop
      vertex -25.2805 5.91543 2.4
      vertex -24.8007 6.35264 2.4
      vertex -26.2475 8.04013 2.4
    endloop
  endfacet
  facet normal 0 0 1
    outer loop
      vertex -19.9665 -8.34346 2.4
      vertex -20.6468 -8.26144 2.4
      vertex -20.1491 -10.5571 2.4
    endloop
  endfacet
  facet normal 0 0 1
    outer loop
      vertex -19.9665 -8.34346 2.4
      vertex -20.1491 -10.5571 2.4
      vertex -19.2711 -10.5923 2.4
    endloop
  endfacet
  facet normal 0 -0 1
    outer loop
      vertex -19.2711 -10.5923 2.4
      vertex -19.2711 -8.37129 2.4
      vertex -19.9665 -8.34346 2.4
    endloop
  endfacet
  facet normal -0 0 1
    outer loop
      vertex -18.7432 -8.35509 2.4
      vertex -18.5589 -10.5689 2.4
      vertex -18.4833 -8.33508 2.4
    endloop
  endfacet
  facet normal 0 -0 1
    outer loop
      vertex -21.9534 7.94351 2.4
      vertex -21.8447 10.284 2.4
      vertex -22.6568 10.0516 2.4
    endloop
  endfacet
  facet normal 0 -0 1
    outer loop
      vertex -18.2071 -10.54 2.4
      vertex -17.8584 -10.4999 2.4
      vertex -18.2261 -8.30733 2.4
    endloop
  endfacet
  facet normal 0 0 1
    outer loop
      vertex -16.8327 -10.3137 2.4
      vertex -17.4712 -8.17917 2.4
      vertex -17.171 -10.3865 2.4
    endloop
  endfacet
  facet normal 0 0 1
    outer loop
      vertex -21.9534 7.94351 2.4
      vertex -21.3099 8.1274 2.4
      vertex -21.8447 10.284 2.4
    endloop
  endfacet
  facet normal 0 0 1
    outer loop
      vertex -16.1677 -10.1366 2.4
      vertex -16.9825 -8.05785 2.4
      vertex -16.4982 -10.2303 2.4
    endloop
  endfacet
  facet normal 0 0 1
    outer loop
      vertex -16.2722 -7.82514 2.4
      vertex -15.5194 -9.91886 2.4
      vertex -15.202 -9.79517 2.4
    endloop
  endfacet
  facet normal 0 0 1
    outer loop
      vertex -21.3099 8.1274 2.4
      vertex -20.6468 8.26145 2.4
      vertex -21.0079 10.4534 2.4
    endloop
  endfacet
  facet normal 0 0 1
    outer loop
      vertex -6.68429 -8.36722 2.4
      vertex -6.78115 -10.5864 2.4
      vertex -6.42369 -10.5923 2.4
    endloop
  endfacet
  facet normal 0 -0 1
    outer loop
      vertex -15.202 -9.79517 2.4
      vertex -14.8893 -9.66184 2.4
      vertex -15.8144 -7.63797 2.4
    endloop
  endfacet
  facet normal 0 0 1
    outer loop
      vertex -16.5818 3.42152 2.4
      vertex -14.4792 2.68509 2.4
      vertex -14.3764 2.96413 2.4
    endloop
  endfacet
  facet normal 0 -0 1
    outer loop
      vertex -14.8893 -9.66184 2.4
      vertex -14.5815 -9.51905 2.4
      vertex -15.5905 -7.53523 2.4
    endloop
  endfacet
  facet normal -0 0 1
    outer loop
      vertex -16.8943 2.32483 2.4
      vertex -14.6546 2.114 2.4
      vertex -16.8031 2.69586 2.4
    endloop
  endfacet
  facet normal 0 -0 1
    outer loop
      vertex -20.6468 8.26145 2.4
      vertex -20.1491 10.5571 2.4
      vertex -21.0079 10.4534 2.4
    endloop
  endfacet
  facet normal 0 0 1
    outer loop
      vertex -15.3698 -7.4266 2.4
      vertex -15.5905 -7.53523 2.4
      vertex -14.5815 -9.51905 2.4
    endloop
  endfacet
  facet normal 0 0 1
    outer loop
      vertex -2.96706 -7.63797 2.4
      vertex -2.35463 -9.79517 2.4
      vertex -2.04191 -9.66184 2.4
    endloop
  endfacet
  facet normal 0 0 1
    outer loop
      vertex -15.1526 -7.31223 2.4
      vertex -15.3698 -7.4266 2.4
      vertex -14.2787 -9.36699 2.4
    endloop
  endfacet
  facet normal 0 0 1
    outer loop
      vertex -19.2711 10.5923 2.4
      vertex -20.1491 10.5571 2.4
      vertex -19.9665 8.34348 2.4
    endloop
  endfacet
  facet normal 0 0 1
    outer loop
      vertex -3.65844 -7.90927 2.4
      vertex -3.89522 -7.98689 2.4
      vertex -2.99402 -10.0327 2.4
    endloop
  endfacet
  facet normal 0 -0 1
    outer loop
      vertex -14.2787 -9.36699 2.4
      vertex -13.9812 -9.20583 2.4
      vertex -15.1526 -7.31223 2.4
    endloop
  endfacet
  facet normal 0 0 1
    outer loop
      vertex -4.13507 -8.05785 2.4
      vertex -3.65084 -10.2303 2.4
      vertex -3.32035 -10.1366 2.4
    endloop
  endfacet
  facet normal 0 0 1
    outer loop
      vertex -19.2711 10.5923 2.4
      vertex -19.9665 8.34348 2.4
      vertex -19.2711 8.3713 2.4
    endloop
  endfacet
  facet normal 0 0 1
    outer loop
      vertex -16.9722 1.94868 2.4
      vertex -14.7886 1.52691 2.4
      vertex -14.7269 1.82235 2.4
    endloop
  endfacet
  facet normal 0 0 1
    outer loop
      vertex -5.37868 -8.30733 2.4
      vertex -5.35972 -10.54 2.4
      vertex -5.01102 -10.4999 2.4
    endloop
  endfacet
  facet normal -0 0 1
    outer loop
      vertex -19.0105 8.36747 2.4
      vertex -18.7515 8.35603 2.4
      vertex -18.9088 10.5864 2.4
    endloop
  endfacet
  facet normal -0 0 1
    outer loop
      vertex -16.9964 8.06928 2.4
      vertex -16.7554 7.99972 2.4
      vertex -16.1424 10.1366 2.4
    endloop
  endfacet
  facet normal 0 0 1
    outer loop
      vertex -10.2697 5.76219 2.4
      vertex -11.9739 4.28602 2.4
      vertex -10.0701 5.44882 2.4
    endloop
  endfacet
  facet normal 0 0 1
    outer loop
      vertex -10.932 -6.65513 2.4
      vertex -12.6563 -5.24329 2.4
      vertex -11.1731 -6.93621 2.4
    endloop
  endfacet
  facet normal 0 0 1
    outer loop
      vertex -5.63591 -8.33508 2.4
      vertex -5.89585 -8.35509 2.4
      vertex -5.71151 -10.5689 2.4
    endloop
  endfacet
  facet normal 0 -0 1
    outer loop
      vertex -10.4801 -6.06786 2.4
      vertex -10.2697 -5.76218 2.4
      vertex -12.1287 -4.53431 2.4
    endloop
  endfacet
  facet normal -0 0 1
    outer loop
      vertex -14.9939 -6.3656 2.4
      vertex -14.7627 -6.65513 2.4
      vertex -13.2213 -5.01314 2.4
    endloop
  endfacet
  facet normal 0 0 1
    outer loop
      vertex -11.2016 -2.68508 2.4
      vertex -11.3055 -2.96412 2.4
      vertex -9.11297 -3.4215 2.4
    endloop
  endfacet
  facet normal 0 0 1
    outer loop
      vertex -8.89164 -2.69585 2.4
      vertex -11.108 -2.40164 2.4
      vertex -8.9959 -3.0615 2.4
    endloop
  endfacet
  facet normal 0 -0 1
    outer loop
      vertex -6.78115 -10.5864 2.4
      vertex -6.68429 -8.36722 2.4
      vertex -6.94322 -8.35509 2.4
    endloop
  endfacet
  facet normal 0 0 1
    outer loop
      vertex -9.88155 5.12802 2.4
      vertex -11.8246 4.0321 2.4
      vertex -9.70426 4.80005 2.4
    endloop
  endfacet
  facet normal 0 0 1
    outer loop
      vertex -6.15846 -8.36722 2.4
      vertex -6.42369 -10.5923 2.4
      vertex -6.06623 -10.5864 2.4
    endloop
  endfacet
  facet normal 0 0 1
    outer loop
      vertex -3.42479 -7.82514 2.4
      vertex -2.67206 -9.91886 2.4
      vertex -2.35463 -9.79517 2.4
    endloop
  endfacet
  facet normal 0 -0 1
    outer loop
      vertex -2.04191 -9.66184 2.4
      vertex -1.73409 -9.51905 2.4
      vertex -2.7431 -7.53523 2.4
    endloop
  endfacet
  facet normal 0 0 1
    outer loop
      vertex -2.52247 -7.4266 2.4
      vertex -2.7431 -7.53523 2.4
      vertex -1.73409 -9.51905 2.4
    endloop
  endfacet
  facet normal 0 0 1
    outer loop
      vertex -12.2986 4.77675 2.4
      vertex -10.4801 6.06787 2.4
      vertex -10.7009 6.36561 2.4
    endloop
  endfacet
  facet normal 0 0 1
    outer loop
      vertex -16.4522 3.77563 2.4
      vertex -16.5818 3.42152 2.4
      vertex -14.3764 2.96413 2.4
    endloop
  endfacet
  facet normal 0 -0 1
    outer loop
      vertex -14.3764 2.96413 2.4
      vertex -14.264 3.23855 2.4
      vertex -16.4522 3.77563 2.4
    endloop
  endfacet
  facet normal 0 0 1
    outer loop
      vertex -10.7009 6.36561 2.4
      vertex -10.932 6.65514 2.4
      vertex -12.4735 5.01314 2.4
    endloop
  endfacet
  facet normal -0 0 1
    outer loop
      vertex 6.95152 -8.35509 2.4
      vertex 7.13586 -10.5689 2.4
      vertex 7.21147 -8.33508 2.4
    endloop
  endfacet
  facet normal 0 0 1
    outer loop
      vertex -10.932 6.65514 2.4
      vertex -12.6565 5.24329 2.4
      vertex -12.4735 5.01314 2.4
    endloop
  endfacet
  facet normal 0 0 1
    outer loop
      vertex 10.1043 -7.53523 2.4
      vertex 10.8055 -9.66184 2.4
      vertex 11.1133 -9.51905 2.4
    endloop
  endfacet
  facet normal 0 0 1
    outer loop
      vertex -14.142 3.50816 2.4
      vertex -16.1563 4.46515 2.4
      vertex -16.3102 4.12359 2.4
    endloop
  endfacet
  facet normal 0 -0 1
    outer loop
      vertex 10.4928 -9.79517 2.4
      vertex 10.8055 -9.66184 2.4
      vertex 9.88032 -7.63797 2.4
    endloop
  endfacet
  facet normal 0 0 1
    outer loop
      vertex 9.42259 -7.82514 2.4
      vertex 10.1753 -9.91886 2.4
      vertex 10.4928 -9.79517 2.4
    endloop
  endfacet
  facet normal 0 -0 1
    outer loop
      vertex -1.43135 -9.36699 2.4
      vertex -1.13385 -9.20583 2.4
      vertex -2.30521 -7.31223 2.4
    endloop
  endfacet
  facet normal 0 0 1
    outer loop
      vertex 9.18894 -7.90927 2.4
      vertex 8.95216 -7.98689 2.4
      vertex 9.85335 -10.0327 2.4
    endloop
  endfacet
  facet normal 0 0 1
    outer loop
      vertex -8.86204 10.3137 2.4
      vertex -8.46943 8.12201 2.4
      vertex -8.22358 8.17918 2.4
    endloop
  endfacet
  facet normal 0 0 1
    outer loop
      vertex 0.715348 4.53431 2.4
      vertex 2.59435 5.76219 2.4
      vertex 2.38051 6.06787 2.4
    endloop
  endfacet
  facet normal 0 0 1
    outer loop
      vertex 9.52703 -10.1366 2.4
      vertex 8.7123 -8.05785 2.4
      vertex 9.19653 -10.2303 2.4
    endloop
  endfacet
  facet normal 0 0 1
    outer loop
      vertex -7.83636 10.4999 2.4
      vertex -8.18177 10.4486 2.4
      vertex -7.72317 8.272 2.4
    endloop
  endfacet
  facet normal 0 -0 1
    outer loop
      vertex -1.87948 1.82235 2.4
      vertex -1.8072 2.114 2.4
      vertex -3.98029 2.69586 2.4
    endloop
  endfacet
  facet normal 0 0 1
    outer loop
      vertex 3.87362 -3.0615 2.4
      vertex 1.80719 -2.11399 2.4
      vertex 1.72455 -2.40164 2.4
    endloop
  endfacet
  facet normal 0 0 1
    outer loop
      vertex 8.86204 -10.3137 2.4
      vertex 8.22357 -8.17917 2.4
      vertex 8.52372 -10.3865 2.4
    endloop
  endfacet
  facet normal 0 0 1
    outer loop
      vertex -6.95153 8.35511 2.4
      vertex -7.13586 10.5689 2.4
      vertex -7.21147 8.33509 2.4
    endloop
  endfacet
  facet normal 0 0 1
    outer loop
      vertex -0.715355 -4.53431 2.4
      vertex -2.38051 -6.06786 2.4
      vertex -0.548767 -4.77675 2.4
    endloop
  endfacet
  facet normal -0 0 1
    outer loop
      vertex -6.42369 8.3713 2.4
      vertex -6.15846 8.36747 2.4
      vertex -6.42369 10.5923 2.4
    endloop
  endfacet
  facet normal 0 0 1
    outer loop
      vertex 8.18177 -10.4486 2.4
      vertex 7.9748 -8.22922 2.4
      vertex 7.72316 -8.27199 2.4
    endloop
  endfacet
  facet normal 0 -0 1
    outer loop
      vertex 0.546112 -8.85693 2.4
      vertex 1.67425 -6.93621 2.4
      vertex 0.26981 -8.66956 2.4
    endloop
  endfacet
  facet normal 0 0 1
    outer loop
      vertex -4.07372 2.32483 2.4
      vertex -4.15362 1.94868 2.4
      vertex -1.94121 1.52691 2.4
    endloop
  endfacet
  facet normal 0 0 1
    outer loop
      vertex 3.47738 -4.12358 2.4
      vertex 1.52904 -2.96412 2.4
      vertex 1.41657 -3.23854 2.4
    endloop
  endfacet
  facet normal 0 -0 1
    outer loop
      vertex 7.48766 -10.54 2.4
      vertex 7.83635 -10.4999 2.4
      vertex 7.4687 -8.30733 2.4
    endloop
  endfacet
  facet normal 0 0 1
    outer loop
      vertex -5.70321 10.5689 2.4
      vertex -5.63591 8.33705 2.4
      vertex -5.34861 10.54 2.4
    endloop
  endfacet
  facet normal 0 0 1
    outer loop
      vertex 0.828716 -9.03575 2.4
      vertex 2.09139 -7.19227 2.4
      vertex 1.88105 -7.06688 2.4
    endloop
  endfacet
  facet normal 0 0 1
    outer loop
      vertex -4.6512 10.4486 2.4
      vertex -5.12422 8.2768 2.4
      vertex -4.87257 8.23569 2.4
    endloop
  endfacet
  facet normal 0 0 1
    outer loop
      vertex 6.15846 -8.36722 2.4
      vertex 6.42369 -10.5923 2.4
      vertex 6.42369 -8.37129 2.4
    endloop
  endfacet
  facet normal 0 0 1
    outer loop
      vertex -1.99217 1.22789 2.4
      vertex -4.15362 1.94868 2.4
      vertex -4.21969 1.56766 2.4
    endloop
  endfacet
  facet normal 0 0 1
    outer loop
      vertex -1.94121 1.52691 2.4
      vertex -4.15362 1.94868 2.4
      vertex -1.99217 1.22789 2.4
    endloop
  endfacet
  facet normal 0 0 1
    outer loop
      vertex 0.548759 4.77675 2.4
      vertex 2.38051 6.06787 2.4
      vertex 2.15573 6.36561 2.4
    endloop
  endfacet
  facet normal 0 0 1
    outer loop
      vertex -3.62188 3.77563 2.4
      vertex -3.75406 3.42152 2.4
      vertex -1.63177 2.68509 2.4
    endloop
  endfacet
  facet normal 0 0 1
    outer loop
      vertex -3.75406 3.42152 2.4
      vertex -1.72456 2.40164 2.4
      vertex -1.63177 2.68509 2.4
    endloop
  endfacet
  facet normal -0 0 1
    outer loop
      vertex 10.1043 -7.53523 2.4
      vertex 11.1133 -9.51905 2.4
      vertex 10.3249 -7.4266 2.4
    endloop
  endfacet
  facet normal 0 0 1
    outer loop
      vertex -1.52905 2.96413 2.4
      vertex -3.47739 4.12359 2.4
      vertex -3.62188 3.77563 2.4
    endloop
  endfacet
  facet normal 0 0 1
    outer loop
      vertex 16.9964 -8.06927 2.4
      vertex 16.7554 -7.99971 2.4
      vertex 16.1424 -10.1366 2.4
    endloop
  endfacet
  facet normal 0 0 1
    outer loop
      vertex 11.416 -9.36699 2.4
      vertex 10.5422 -7.31223 2.4
      vertex 10.3249 -7.4266 2.4
    endloop
  endfacet
  facet normal 0 0 1
    outer loop
      vertex 1.92023 6.65514 2.4
      vertex 0.190877 5.24329 2.4
      vertex 0.373867 5.01314 2.4
    endloop
  endfacet
  facet normal 0 0 1
    outer loop
      vertex 19.0105 -8.36746 2.4
      vertex 19.2711 -10.5923 2.4
      vertex 19.2711 -8.37129 2.4
    endloop
  endfacet
  facet normal 0 0 1
    outer loop
      vertex 10.5422 -7.31223 2.4
      vertex 11.416 -9.36699 2.4
      vertex 11.7135 -9.20583 2.4
    endloop
  endfacet
  facet normal 0 0 1
    outer loop
      vertex 19.2711 -10.5923 2.4
      vertex 19.0105 -8.36746 2.4
      vertex 18.9087 -10.5864 2.4
    endloop
  endfacet
  facet normal 0 0 1
    outer loop
      vertex -3.32092 4.46515 2.4
      vertex -1.41658 3.23855 2.4
      vertex -1.29458 3.50816 2.4
    endloop
  endfacet
  facet normal 0 0 1
    outer loop
      vertex 10.7631 5.19039e-06 2.4
      vertex 8.50797 5.19039e-06 2.4
      vertex 10.769 -0.31132 2.4
    endloop
  endfacet
  facet normal -0 0 1
    outer loop
      vertex 8.53739 -0.79202 2.4
      vertex 10.8152 -0.925468 2.4
      vertex 10.7864 -0.619881 2.4
    endloop
  endfacet
  facet normal -0 0 1
    outer loop
      vertex 14.5719 -2.40164 2.4
      vertex 16.721 -3.0615 2.4
      vertex 14.6546 -2.11399 2.4
    endloop
  endfacet
  facet normal 0 -0 1
    outer loop
      vertex 14.4791 2.68509 2.4
      vertex 16.4821 3.77563 2.4
      vertex 14.3764 2.96413 2.4
    endloop
  endfacet
  facet normal -0 0 1
    outer loop
      vertex 3.65084 10.2303 2.4
      vertex 4.37795 8.12201 2.4
      vertex 3.98534 10.3137 2.4
    endloop
  endfacet
  facet normal -0 0 1
    outer loop
      vertex 15.8158 -10.0327 2.4
      vertex 16.1424 -10.1366 2.4
      vertex 16.7554 -7.99971 2.4
    endloop
  endfacet
  facet normal 0 0 1
    outer loop
      vertex 12.2986 -4.77675 2.4
      vertex 12.132 -4.53431 2.4
      vertex 10.4669 -6.06786 2.4
    endloop
  endfacet
  facet normal 0 0 1
    outer loop
      vertex 18.2392 -8.31061 2.4
      vertex 17.986 -8.27679 2.4
      vertex 17.842 -10.4999 2.4
    endloop
  endfacet
  facet normal 0 0 1
    outer loop
      vertex 4.66561 10.4486 2.4
      vertex 4.87257 8.22923 2.4
      vertex 5.12422 8.272 2.4
    endloop
  endfacet
  facet normal 0 -0 1
    outer loop
      vertex 17.842 -10.4999 2.4
      vertex 17.986 -8.27679 2.4
      vertex 17.4938 -10.4486 2.4
    endloop
  endfacet
  facet normal 0 0 1
    outer loop
      vertex 14.5216 -6.93621 2.4
      vertex 12.8474 -5.46697 2.4
      vertex 12.8474 -8.4738 2.4
    endloop
  endfacet
  facet normal 0 0 1
    outer loop
      vertex 17.4938 -10.4486 2.4
      vertex 17.986 -8.27679 2.4
      vertex 17.735 -8.23567 2.4
    endloop
  endfacet
  facet normal 0 0 1
    outer loop
      vertex 5.71151 10.5689 2.4
      vertex 5.35972 10.54 2.4
      vertex 5.63591 8.33509 2.4
    endloop
  endfacet
  facet normal 0 0 1
    outer loop
      vertex 17.1495 -10.3865 2.4
      vertex 17.735 -8.23567 2.4
      vertex 17.4863 -8.18733 2.4
    endloop
  endfacet
  facet normal -0 0 1
    outer loop
      vertex 16.8094 -10.3137 2.4
      vertex 17.1495 -10.3865 2.4
      vertex 17.4863 -8.18733 2.4
    endloop
  endfacet
  facet normal 0 -0 1
    outer loop
      vertex 6.42369 8.3713 2.4
      vertex 6.42369 10.5923 2.4
      vertex 6.15846 8.36723 2.4
    endloop
  endfacet
  facet normal 0 0 1
    outer loop
      vertex 12.4735 -5.01314 2.4
      vertex 10.9271 -6.65513 2.4
      vertex 12.6565 -5.24329 2.4
    endloop
  endfacet
  facet normal 0 0 1
    outer loop
      vertex 17.2401 -8.13184 2.4
      vertex 16.8094 -10.3137 2.4
      vertex 17.4863 -8.18733 2.4
    endloop
  endfacet
  facet normal -0 0 1
    outer loop
      vertex 6.95152 8.35603 2.4
      vertex 7.21147 8.33705 2.4
      vertex 7.13586 10.5689 2.4
    endloop
  endfacet
  facet normal 0 0 1
    outer loop
      vertex 17.2401 -8.13184 2.4
      vertex 16.4736 -10.2303 2.4
      vertex 16.8094 -10.3137 2.4
    endloop
  endfacet
  facet normal 0 -0 1
    outer loop
      vertex 13.9648 -9.20583 2.4
      vertex 14.9397 -7.20057 2.4
      vertex 13.6761 -9.03575 2.4
    endloop
  endfacet
  facet normal 0 0 1
    outer loop
      vertex 7.83635 10.4999 2.4
      vertex 7.72316 8.2768 2.4
      vertex 8.18177 10.4486 2.4
    endloop
  endfacet
  facet normal 0 0 1
    outer loop
      vertex 17.2401 -8.13184 2.4
      vertex 16.9964 -8.06927 2.4
      vertex 16.4736 -10.2303 2.4
    endloop
  endfacet
  facet normal 0 0 1
    outer loop
      vertex 18.2392 -8.31061 2.4
      vertex 18.194 -10.54 2.4
      vertex 18.4944 -8.33704 2.4
    endloop
  endfacet
  facet normal 0 0 1
    outer loop
      vertex 18.7515 -8.35602 2.4
      vertex 18.5497 -10.5689 2.4
      vertex 18.9087 -10.5864 2.4
    endloop
  endfacet
  facet normal 0 -0 1
    outer loop
      vertex 10.7631 5.19039e-06 2.4
      vertex 10.769 0.311333 2.4
      vertex 8.50797 5.19039e-06 2.4
    endloop
  endfacet
  facet normal 0 0 1
    outer loop
      vertex 15.8357 5.12802 2.4
      vertex 13.8702 4.0321 2.4
      vertex 14.0106 3.77274 2.4
    endloop
  endfacet
  facet normal 0 0 1
    outer loop
      vertex -18.9136 -10.5864 2.4
      vertex -19.0059 -8.36722 2.4
      vertex -19.2711 -10.5923 2.4
    endloop
  endfacet
  facet normal 0 0 1
    outer loop
      vertex -22.5753 7.71196 2.4
      vertex -22.6568 10.0516 2.4
      vertex -23.4412 9.75887 2.4
    endloop
  endfacet
  facet normal 0 0 1
    outer loop
      vertex -22.5753 -7.71194 2.4
      vertex -23.4412 -9.75886 2.4
      vertex -22.6568 -10.0516 2.4
    endloop
  endfacet
  facet normal -0 0 1
    outer loop
      vertex -24.1953 -9.40862 2.4
      vertex -23.4412 -9.75886 2.4
      vertex -23.1732 -7.4349 2.4
    endloop
  endfacet
  facet normal 0 0 1
    outer loop
      vertex -23.1732 -7.4349 2.4
      vertex -23.4412 -9.75886 2.4
      vertex -22.5753 -7.71194 2.4
    endloop
  endfacet
  facet normal 0 0 1
    outer loop
      vertex -24.1953 -9.40862 2.4
      vertex -23.1732 -7.4349 2.4
      vertex -23.7448 -7.11455 2.4
    endloop
  endfacet
  facet normal 0 0 1
    outer loop
      vertex -12.6563 -5.24329 2.4
      vertex -12.8474 -5.46697 2.4
      vertex -11.1731 -6.93621 2.4
    endloop
  endfacet
  facet normal -0 0 1
    outer loop
      vertex -25.6013 -8.54651 2.4
      vertex -24.9163 -9.00359 2.4
      vertex -24.2881 -6.75307 2.4
    endloop
  endfacet
  facet normal 0 -0 1
    outer loop
      vertex -16.1563 -4.46514 2.4
      vertex -14.142 -3.50815 2.4
      vertex -16.3102 -4.12358 2.4
    endloop
  endfacet
  facet normal 0 0 1
    outer loop
      vertex -25.2805 -5.91543 2.4
      vertex -26.2475 -8.04013 2.4
      vertex -24.8007 -6.35263 2.4
    endloop
  endfacet
  facet normal 0 0 1
    outer loop
      vertex -24.8007 -6.35263 2.4
      vertex -26.2475 -8.04013 2.4
      vertex -25.6013 -8.54651 2.4
    endloop
  endfacet
  facet normal 0 0 1
    outer loop
      vertex -25.7251 -5.44362 2.4
      vertex -26.8522 -7.48719 2.4
      vertex -25.2805 -5.91543 2.4
    endloop
  endfacet
  facet normal 0 0 1
    outer loop
      vertex -25.2805 -5.91543 2.4
      vertex -26.8522 -7.48719 2.4
      vertex -26.2475 -8.04013 2.4
    endloop
  endfacet
  facet normal -0 0 1
    outer loop
      vertex -27.4126 -6.89042 2.4
      vertex -26.8522 -7.48719 2.4
      vertex -25.7251 -5.44362 2.4
    endloop
  endfacet
  facet normal 0 0 1
    outer loop
      vertex -8.54953 -0.397929 2.4
      vertex -10.7781 -0.619881 2.4
      vertex -8.57153 -0.79202 2.4
    endloop
  endfacet
  facet normal -0 0 1
    outer loop
      vertex -27.9258 -6.25257 2.4
      vertex -27.4126 -6.89042 2.4
      vertex -26.1324 -4.9394 2.4
    endloop
  endfacet
  facet normal -0 0 1
    outer loop
      vertex -16.4522 -3.77562 2.4
      vertex -16.3102 -4.12358 2.4
      vertex -14.264 -3.23854 2.4
    endloop
  endfacet
  facet normal -0 0 1
    outer loop
      vertex -28.3892 -5.57639 2.4
      vertex -27.9258 -6.25257 2.4
      vertex -26.5001 -4.40494 2.4
    endloop
  endfacet
  facet normal 0 0 1
    outer loop
      vertex -13.8702 -4.03209 2.4
      vertex -15.9905 -4.80004 2.4
      vertex -15.8132 -5.12801 2.4
    endloop
  endfacet
  facet normal 0 0 1
    outer loop
      vertex -28.3892 -5.57639 2.4
      vertex -26.5001 -4.40494 2.4
      vertex -26.8261 -3.84242 2.4
    endloop
  endfacet
  facet normal 0 0 1
    outer loop
      vertex -14.3764 -2.96412 2.4
      vertex -16.5818 -3.4215 2.4
      vertex -16.4522 -3.77562 2.4
    endloop
  endfacet
  facet normal 0 0 1
    outer loop
      vertex -28.7998 -4.86461 2.4
      vertex -26.8261 -3.84242 2.4
      vertex -27.108 -3.25402 2.4
    endloop
  endfacet
  facet normal -0 0 1
    outer loop
      vertex -29.4517 -3.34524 2.4
      vertex -29.1549 -4.11998 2.4
      vertex -27.3436 -2.64191 2.4
    endloop
  endfacet
  facet normal 0 0 1
    outer loop
      vertex -27.3436 -2.64191 2.4
      vertex -29.1549 -4.11998 2.4
      vertex -27.108 -3.25402 2.4
    endloop
  endfacet
  facet normal 0 0 1
    outer loop
      vertex -27.5308 -2.00827 2.4
      vertex -29.6874 -2.54312 2.4
      vertex -29.4517 -3.34524 2.4
    endloop
  endfacet
  facet normal 0 0 1
    outer loop
      vertex -29.6874 -2.54312 2.4
      vertex -27.5308 -2.00827 2.4
      vertex -27.6672 -1.35529 2.4
    endloop
  endfacet
  facet normal 0 0 1
    outer loop
      vertex -29.8592 -1.71638 2.4
      vertex -27.6672 -1.35529 2.4
      vertex -27.7507 -0.685137 2.4
    endloop
  endfacet
  facet normal 0 0 1
    outer loop
      vertex -27.779 5.19039e-06 2.4
      vertex -30 5.19039e-06 2.4
      vertex -29.9643 -0.867761 2.4
    endloop
  endfacet
  facet normal 0 0 1
    outer loop
      vertex -27.7507 0.685147 2.4
      vertex -29.9643 0.867769 2.4
      vertex -27.779 5.19039e-06 2.4
    endloop
  endfacet
  facet normal -0 0 1
    outer loop
      vertex -29.9643 0.867769 2.4
      vertex -27.7507 0.685147 2.4
      vertex -29.8592 1.71639 2.4
    endloop
  endfacet
  facet normal -0 0 1
    outer loop
      vertex -29.8592 1.71639 2.4
      vertex -27.6672 1.3553 2.4
      vertex -29.6874 2.54313 2.4
    endloop
  endfacet
  facet normal -0 0 1
    outer loop
      vertex -29.6874 2.54313 2.4
      vertex -27.5308 2.00828 2.4
      vertex -29.4517 3.34524 2.4
    endloop
  endfacet
  facet normal 0 0 1
    outer loop
      vertex -27.108 3.25403 2.4
      vertex -29.1549 4.11998 2.4
      vertex -27.3436 2.64192 2.4
    endloop
  endfacet
  facet normal 0 0 1
    outer loop
      vertex -28.7998 4.86461 2.4
      vertex -27.108 3.25403 2.4
      vertex -26.8261 3.84243 2.4
    endloop
  endfacet
  facet normal 0 0 1
    outer loop
      vertex -28.7998 4.86461 2.4
      vertex -29.1549 4.11998 2.4
      vertex -27.108 3.25403 2.4
    endloop
  endfacet
  facet normal 0 0 1
    outer loop
      vertex -28.3892 5.57639 2.4
      vertex -26.8261 3.84243 2.4
      vertex -26.5001 4.40495 2.4
    endloop
  endfacet
  facet normal 0 0 1
    outer loop
      vertex -28.3892 5.57639 2.4
      vertex -28.7998 4.86461 2.4
      vertex -26.8261 3.84243 2.4
    endloop
  endfacet
  facet normal 0 0 1
    outer loop
      vertex -27.9258 6.25257 2.4
      vertex -26.5001 4.40495 2.4
      vertex -26.1324 4.93941 2.4
    endloop
  endfacet
  facet normal 0 0 1
    outer loop
      vertex -27.4126 6.89042 2.4
      vertex -26.1324 4.93941 2.4
      vertex -25.7251 5.44363 2.4
    endloop
  endfacet
  facet normal 0 0 1
    outer loop
      vertex -25.2805 5.91543 2.4
      vertex -26.2475 8.04013 2.4
      vertex -26.8522 7.48719 2.4
    endloop
  endfacet
  facet normal 0 0 1
    outer loop
      vertex -24.8007 6.35264 2.4
      vertex -25.6013 8.54652 2.4
      vertex -26.2475 8.04013 2.4
    endloop
  endfacet
  facet normal 0 0 1
    outer loop
      vertex -24.9163 9.00359 2.4
      vertex -25.6013 8.54652 2.4
      vertex -24.2881 6.75308 2.4
    endloop
  endfacet
  facet normal 0 0 1
    outer loop
      vertex -24.2881 6.75308 2.4
      vertex -25.6013 8.54652 2.4
      vertex -24.8007 6.35264 2.4
    endloop
  endfacet
  facet normal 0 0 1
    outer loop
      vertex -24.1953 9.40862 2.4
      vertex -24.9163 9.00359 2.4
      vertex -23.7448 7.11456 2.4
    endloop
  endfacet
  facet normal 0 0 1
    outer loop
      vertex -23.7448 7.11456 2.4
      vertex -24.9163 9.00359 2.4
      vertex -24.2881 6.75308 2.4
    endloop
  endfacet
  facet normal 0 0 1
    outer loop
      vertex -24.1953 9.40862 2.4
      vertex -23.7448 7.11456 2.4
      vertex -23.1732 7.43491 2.4
    endloop
  endfacet
  facet normal -0 0 1
    outer loop
      vertex -24.1953 9.40862 2.4
      vertex -23.1732 7.43491 2.4
      vertex -23.4412 9.75887 2.4
    endloop
  endfacet
  facet normal 0 0 1
    outer loop
      vertex -21.9534 7.94351 2.4
      vertex -22.6568 10.0516 2.4
      vertex -22.5753 7.71196 2.4
    endloop
  endfacet
  facet normal 0 -0 1
    outer loop
      vertex -21.3099 8.1274 2.4
      vertex -21.0079 10.4534 2.4
      vertex -21.8447 10.284 2.4
    endloop
  endfacet
  facet normal 0 0 1
    outer loop
      vertex -19.9665 8.34348 2.4
      vertex -20.1491 10.5571 2.4
      vertex -20.6468 8.26145 2.4
    endloop
  endfacet
  facet normal 0 0 1
    outer loop
      vertex -19.2711 10.5923 2.4
      vertex -19.0105 8.36747 2.4
      vertex -18.9088 10.5864 2.4
    endloop
  endfacet
  facet normal 0 0 1
    outer loop
      vertex -19.2711 10.5923 2.4
      vertex -19.2711 8.3713 2.4
      vertex -19.0105 8.36747 2.4
    endloop
  endfacet
  facet normal 0 -0 1
    outer loop
      vertex -18.4944 8.33705 2.4
      vertex -18.194 10.54 2.4
      vertex -18.5497 10.5689 2.4
    endloop
  endfacet
  facet normal -0 0 1
    outer loop
      vertex -18.2392 8.31062 2.4
      vertex -17.986 8.2768 2.4
      vertex -17.842 10.4999 2.4
    endloop
  endfacet
  facet normal -0 0 1
    outer loop
      vertex -17.735 8.23569 2.4
      vertex -17.4863 8.18734 2.4
      vertex -17.1495 10.3865 2.4
    endloop
  endfacet
  facet normal 0 0 1
    outer loop
      vertex -17.4938 10.4486 2.4
      vertex -17.735 8.23569 2.4
      vertex -17.1495 10.3865 2.4
    endloop
  endfacet
  facet normal 0 0 1
    outer loop
      vertex -16.8094 10.3137 2.4
      vertex -17.2401 8.13185 2.4
      vertex -16.4736 10.2303 2.4
    endloop
  endfacet
  facet normal 0 0 1
    outer loop
      vertex -16.8094 10.3137 2.4
      vertex -17.4863 8.18734 2.4
      vertex -17.2401 8.13185 2.4
    endloop
  endfacet
  facet normal 0 0 1
    outer loop
      vertex -16.7554 7.99972 2.4
      vertex -15.8158 10.0327 2.4
      vertex -16.1424 10.1366 2.4
    endloop
  endfacet
  facet normal 0 0 1
    outer loop
      vertex -14.142 -3.50815 2.4
      vertex -14.264 -3.23854 2.4
      vertex -16.3102 -4.12358 2.4
    endloop
  endfacet
  facet normal 0 -0 1
    outer loop
      vertex -16.5172 7.92323 2.4
      vertex -15.8158 10.0327 2.4
      vertex -16.7554 7.99972 2.4
    endloop
  endfacet
  facet normal 0 0 1
    outer loop
      vertex -16.282 7.83991 2.4
      vertex -15.4941 9.91887 2.4
      vertex -15.8158 10.0327 2.4
    endloop
  endfacet
  facet normal 0 -0 1
    outer loop
      vertex -16.0499 7.74982 2.4
      vertex -15.4941 9.91887 2.4
      vertex -16.282 7.83991 2.4
    endloop
  endfacet
  facet normal 0 0 1
    outer loop
      vertex -15.1774 9.79517 2.4
      vertex -15.4941 9.91887 2.4
      vertex -16.0499 7.74982 2.4
    endloop
  endfacet
  facet normal 0 0 1
    outer loop
      vertex -15.1774 9.79517 2.4
      vertex -16.0499 7.74982 2.4
      vertex -15.8209 7.65304 2.4
    endloop
  endfacet
  facet normal 0 0 1
    outer loop
      vertex -15.1774 9.79517 2.4
      vertex -15.8209 7.65304 2.4
      vertex -14.866 9.66184 2.4
    endloop
  endfacet
  facet normal -0 0 1
    outer loop
      vertex -15.8209 7.65304 2.4
      vertex -15.5953 7.54965 2.4
      vertex -14.866 9.66184 2.4
    endloop
  endfacet
  facet normal 0 0 1
    outer loop
      vertex -15.5953 7.54965 2.4
      vertex -14.5599 9.51906 2.4
      vertex -14.866 9.66184 2.4
    endloop
  endfacet
  facet normal 0 -0 1
    outer loop
      vertex -15.3731 7.43973 2.4
      vertex -14.5599 9.51906 2.4
      vertex -15.5953 7.54965 2.4
    endloop
  endfacet
  facet normal 0 0 1
    outer loop
      vertex -14.2595 9.36699 2.4
      vertex -14.5599 9.51906 2.4
      vertex -15.3731 7.43973 2.4
    endloop
  endfacet
  facet normal 0 0 1
    outer loop
      vertex -14.2595 9.36699 2.4
      vertex -15.3731 7.43973 2.4
      vertex -15.1546 7.32335 2.4
    endloop
  endfacet
  facet normal 0 0 1
    outer loop
      vertex -14.2595 9.36699 2.4
      vertex -15.1546 7.32335 2.4
      vertex -13.9648 9.20583 2.4
    endloop
  endfacet
  facet normal -0 0 1
    outer loop
      vertex -15.1546 7.32335 2.4
      vertex -14.9397 7.20058 2.4
      vertex -13.9648 9.20583 2.4
    endloop
  endfacet
  facet normal 0 0 1
    outer loop
      vertex -14.9397 7.20058 2.4
      vertex -13.6761 9.03575 2.4
      vertex -13.9648 9.20583 2.4
    endloop
  endfacet
  facet normal 0 -0 1
    outer loop
      vertex -14.7287 7.07152 2.4
      vertex -13.6761 9.03575 2.4
      vertex -14.9397 7.20058 2.4
    endloop
  endfacet
  facet normal 0 0 1
    outer loop
      vertex -13.3935 8.85694 2.4
      vertex -13.6761 9.03575 2.4
      vertex -14.7287 7.07152 2.4
    endloop
  endfacet
  facet normal 0 0 1
    outer loop
      vertex -13.3935 8.85694 2.4
      vertex -14.7287 7.07152 2.4
      vertex -14.5216 6.93622 2.4
    endloop
  endfacet
  facet normal 0 0 1
    outer loop
      vertex -13.3935 8.85694 2.4
      vertex -14.5216 6.93622 2.4
      vertex -13.1172 8.66956 2.4
    endloop
  endfacet
  facet normal 0 0 1
    outer loop
      vertex -14.5216 6.93622 2.4
      vertex -12.8474 8.4738 2.4
      vertex -13.1172 8.66956 2.4
    endloop
  endfacet
  facet normal 0 0 1
    outer loop
      vertex -14.5719 -2.40164 2.4
      vertex -14.6546 -2.11399 2.4
      vertex -16.8031 -2.69585 2.4
    endloop
  endfacet
  facet normal 0 0 1
    outer loop
      vertex -8.54214 5.19039e-06 2.4
      vertex -10.7643 -0.31132 2.4
      vertex -8.54953 -0.397929 2.4
    endloop
  endfacet
  facet normal 0 0 1
    outer loop
      vertex -14.3764 -2.96412 2.4
      vertex -14.4792 -2.68508 2.4
      vertex -16.5818 -3.4215 2.4
    endloop
  endfacet
  facet normal 0 0 1
    outer loop
      vertex -13.8702 -4.03209 2.4
      vertex -15.8132 -5.12801 2.4
      vertex -15.6246 -5.44881 2.4
    endloop
  endfacet
  facet normal 0 0 1
    outer loop
      vertex -14.4792 -2.68508 2.4
      vertex -14.5719 -2.40164 2.4
      vertex -16.6989 -3.0615 2.4
    endloop
  endfacet
  facet normal 0 0 1
    outer loop
      vertex -19.0059 -8.36722 2.4
      vertex -19.2711 -8.37129 2.4
      vertex -19.2711 -10.5923 2.4
    endloop
  endfacet
  facet normal 0 0 1
    outer loop
      vertex -14.4792 -2.68508 2.4
      vertex -16.6989 -3.0615 2.4
      vertex -16.5818 -3.4215 2.4
    endloop
  endfacet
  facet normal 0 0 1
    outer loop
      vertex -8.60788 -1.18201 2.4
      vertex -10.8041 -0.925468 2.4
      vertex -10.8421 -1.22788 2.4
    endloop
  endfacet
  facet normal -0 0 1
    outer loop
      vertex -16.8031 -2.69585 2.4
      vertex -16.6989 -3.0615 2.4
      vertex -14.5719 -2.40164 2.4
    endloop
  endfacet
  facet normal -0 0 1
    outer loop
      vertex -10.8917 -1.5269 2.4
      vertex -8.65832 -1.56765 2.4
      vertex -10.8421 -1.22788 2.4
    endloop
  endfacet
  facet normal 0 0 1
    outer loop
      vertex -13.7208 -4.28602 2.4
      vertex -13.8702 -4.03209 2.4
      vertex -15.6246 -5.44881 2.4
    endloop
  endfacet
  facet normal 0 -0 1
    outer loop
      vertex -12.0056 -9.03575 2.4
      vertex -10.9661 -7.06688 2.4
      vertex -12.292 -8.85693 2.4
    endloop
  endfacet
  facet normal 0 0 1
    outer loop
      vertex -13.3961 -4.77675 2.4
      vertex -13.5627 -4.53431 2.4
      vertex -15.2147 -6.06786 2.4
    endloop
  endfacet
  facet normal 0 0 1
    outer loop
      vertex -14.7627 -6.65513 2.4
      vertex -13.0383 -5.24329 2.4
      vertex -13.2213 -5.01314 2.4
    endloop
  endfacet
  facet normal 0 0 1
    outer loop
      vertex -11.4194 -3.23854 2.4
      vertex -9.38452 -4.12358 2.4
      vertex -9.2426 -3.77562 2.4
    endloop
  endfacet
  facet normal 0 0 1
    outer loop
      vertex -10.7009 -6.3656 2.4
      vertex -12.2967 -4.77675 2.4
      vertex -12.4726 -5.01314 2.4
    endloop
  endfacet
  facet normal 0 0 1
    outer loop
      vertex -11.1731 -6.93621 2.4
      vertex -12.8474 -5.46697 2.4
      vertex -12.8474 -8.4738 2.4
    endloop
  endfacet
  facet normal 0 -0 1
    outer loop
      vertex -15.2147 -6.06786 2.4
      vertex -13.5627 -4.53431 2.4
      vertex -15.4251 -5.76218 2.4
    endloop
  endfacet
  facet normal 0 -0 1
    outer loop
      vertex -11.1133 -9.51905 2.4
      vertex -10.3216 -7.4266 2.4
      vertex -11.416 -9.36699 2.4
    endloop
  endfacet
  facet normal 0 0 1
    outer loop
      vertex -14.9388 -7.19227 2.4
      vertex -15.1526 -7.31223 2.4
      vertex -13.9812 -9.20583 2.4
    endloop
  endfacet
  facet normal 0 0 1
    outer loop
      vertex -13.6892 -9.03575 2.4
      vertex -14.7284 -7.06688 2.4
      vertex -14.9388 -7.19227 2.4
    endloop
  endfacet
  facet normal 0 0 1
    outer loop
      vertex -13.6892 -9.03575 2.4
      vertex -14.9388 -7.19227 2.4
      vertex -13.9812 -9.20583 2.4
    endloop
  endfacet
  facet normal 0 0 1
    outer loop
      vertex -8.80046 -2.32482 2.4
      vertex -11.025 -2.11399 2.4
      vertex -8.89164 -2.69585 2.4
    endloop
  endfacet
  facet normal 0 -0 1
    outer loop
      vertex -13.6892 -9.03575 2.4
      vertex -13.4027 -8.85693 2.4
      vertex -14.7284 -7.06688 2.4
    endloop
  endfacet
  facet normal 0 0 1
    outer loop
      vertex -15.4251 -5.76218 2.4
      vertex -13.5627 -4.53431 2.4
      vertex -13.7208 -4.28602 2.4
    endloop
  endfacet
  facet normal 0 0 1
    outer loop
      vertex -14.5216 -6.93621 2.4
      vertex -13.4027 -8.85693 2.4
      vertex -13.1221 -8.66956 2.4
    endloop
  endfacet
  facet normal -0 0 1
    outer loop
      vertex -14.7284 -7.06688 2.4
      vertex -13.4027 -8.85693 2.4
      vertex -14.5216 -6.93621 2.4
    endloop
  endfacet
  facet normal 0 0 1
    outer loop
      vertex -10.8917 -1.5269 2.4
      vertex -10.9528 -1.82234 2.4
      vertex -8.7226 -1.94867 2.4
    endloop
  endfacet
  facet normal 0 -0 1
    outer loop
      vertex -15.4251 -5.76218 2.4
      vertex -13.7208 -4.28602 2.4
      vertex -15.6246 -5.44881 2.4
    endloop
  endfacet
  facet normal 0 0 1
    outer loop
      vertex -12.8474 -8.4738 2.4
      vertex -14.5216 -6.93621 2.4
      vertex -13.1221 -8.66956 2.4
    endloop
  endfacet
  facet normal 0 0 1
    outer loop
      vertex -6.15846 -8.36722 2.4
      vertex -6.42369 -8.37129 2.4
      vertex -6.42369 -10.5923 2.4
    endloop
  endfacet
  facet normal 0 0 1
    outer loop
      vertex -14.2787 -9.36699 2.4
      vertex -15.3698 -7.4266 2.4
      vertex -14.5815 -9.51905 2.4
    endloop
  endfacet
  facet normal 0 0 1
    outer loop
      vertex -14.8893 -9.66184 2.4
      vertex -15.5905 -7.53523 2.4
      vertex -15.8144 -7.63797 2.4
    endloop
  endfacet
  facet normal 0 0 1
    outer loop
      vertex -15.202 -9.79517 2.4
      vertex -15.8144 -7.63797 2.4
      vertex -16.0417 -7.73465 2.4
    endloop
  endfacet
  facet normal 0 0 1
    outer loop
      vertex -15.202 -9.79517 2.4
      vertex -16.0417 -7.73465 2.4
      vertex -16.2722 -7.82514 2.4
    endloop
  endfacet
  facet normal 0 0 1
    outer loop
      vertex -15.5194 -9.91886 2.4
      vertex -16.2722 -7.82514 2.4
      vertex -16.5058 -7.90927 2.4
    endloop
  endfacet
  facet normal 0 0 1
    outer loop
      vertex -15.5194 -9.91886 2.4
      vertex -16.5058 -7.90927 2.4
      vertex -15.8414 -10.0327 2.4
    endloop
  endfacet
  facet normal 0 0 1
    outer loop
      vertex -15.8414 -10.0327 2.4
      vertex -16.7426 -7.98689 2.4
      vertex -16.1677 -10.1366 2.4
    endloop
  endfacet
  facet normal 0 0 1
    outer loop
      vertex -16.7426 -7.98689 2.4
      vertex -16.9825 -8.05785 2.4
      vertex -16.1677 -10.1366 2.4
    endloop
  endfacet
  facet normal 0 0 1
    outer loop
      vertex -16.9825 -8.05785 2.4
      vertex -17.2253 -8.122 2.4
      vertex -16.4982 -10.2303 2.4
    endloop
  endfacet
  facet normal 0 0 1
    outer loop
      vertex -17.2253 -8.122 2.4
      vertex -16.8327 -10.3137 2.4
      vertex -16.4982 -10.2303 2.4
    endloop
  endfacet
  facet normal -0 0 1
    outer loop
      vertex -17.4712 -8.17917 2.4
      vertex -16.8327 -10.3137 2.4
      vertex -17.2253 -8.122 2.4
    endloop
  endfacet
  facet normal -0 0 1
    outer loop
      vertex -17.72 -8.22922 2.4
      vertex -17.171 -10.3865 2.4
      vertex -17.4712 -8.17917 2.4
    endloop
  endfacet
  facet normal 0 -0 1
    outer loop
      vertex -17.513 -10.4486 2.4
      vertex -17.171 -10.3865 2.4
      vertex -17.72 -8.22922 2.4
    endloop
  endfacet
  facet normal 0 -0 1
    outer loop
      vertex -17.8584 -10.4999 2.4
      vertex -17.513 -10.4486 2.4
      vertex -17.9716 -8.27199 2.4
    endloop
  endfacet
  facet normal 0 0 1
    outer loop
      vertex -17.8584 -10.4999 2.4
      vertex -17.9716 -8.27199 2.4
      vertex -18.2261 -8.30733 2.4
    endloop
  endfacet
  facet normal 0 0 1
    outer loop
      vertex -18.2071 -10.54 2.4
      vertex -18.2261 -8.30733 2.4
      vertex -18.4833 -8.33508 2.4
    endloop
  endfacet
  facet normal 0 0 1
    outer loop
      vertex -18.2071 -10.54 2.4
      vertex -18.4833 -8.33508 2.4
      vertex -18.5589 -10.5689 2.4
    endloop
  endfacet
  facet normal 0 0 1
    outer loop
      vertex -18.5589 -10.5689 2.4
      vertex -18.7432 -8.35509 2.4
      vertex -18.9136 -10.5864 2.4
    endloop
  endfacet
  facet normal 0 0 1
    outer loop
      vertex -18.7432 -8.35509 2.4
      vertex -19.0059 -8.36722 2.4
      vertex -18.9136 -10.5864 2.4
    endloop
  endfacet
  facet normal 0 0 1
    outer loop
      vertex -17.0364 1.56766 2.4
      vertex -14.8395 1.22789 2.4
      vertex -14.7886 1.52691 2.4
    endloop
  endfacet
  facet normal 0 0 1
    outer loop
      vertex -14.8395 1.22789 2.4
      vertex -17.0869 1.18202 2.4
      vertex -14.8795 0.925478 2.4
    endloop
  endfacet
  facet normal 0 0 1
    outer loop
      vertex -9.17753 -7.90927 2.4
      vertex -9.85336 -10.0327 2.4
      vertex -8.93935 -7.98689 2.4
    endloop
  endfacet
  facet normal -0 0 1
    outer loop
      vertex -10.1753 -9.91886 2.4
      vertex -9.85336 -10.0327 2.4
      vertex -9.17753 -7.90927 2.4
    endloop
  endfacet
  facet normal 0 0 1
    outer loop
      vertex -10.1753 -9.91886 2.4
      vertex -9.17753 -7.90927 2.4
      vertex -9.41276 -7.82514 2.4
    endloop
  endfacet
  facet normal 0 -0 1
    outer loop
      vertex -10.1753 -9.91886 2.4
      vertex -9.41276 -7.82514 2.4
      vertex -10.4928 -9.79517 2.4
    endloop
  endfacet
  facet normal 0 0 1
    outer loop
      vertex -9.41276 -7.82514 2.4
      vertex -9.64491 -7.73465 2.4
      vertex -10.4928 -9.79517 2.4
    endloop
  endfacet
  facet normal 0 0 1
    outer loop
      vertex -9.87386 -7.63797 2.4
      vertex -10.8055 -9.66184 2.4
      vertex -10.4928 -9.79517 2.4
    endloop
  endfacet
  facet normal 0 0 1
    outer loop
      vertex -9.64491 -7.73465 2.4
      vertex -9.87386 -7.63797 2.4
      vertex -10.4928 -9.79517 2.4
    endloop
  endfacet
  facet normal 0 0 1
    outer loop
      vertex -9.87386 -7.63797 2.4
      vertex -10.0995 -7.53523 2.4
      vertex -10.8055 -9.66184 2.4
    endloop
  endfacet
  facet normal 0 0 1
    outer loop
      vertex -10.3216 -7.4266 2.4
      vertex -11.1133 -9.51905 2.4
      vertex -10.0995 -7.53523 2.4
    endloop
  endfacet
  facet normal 0 0 1
    outer loop
      vertex -10.0995 -7.53523 2.4
      vertex -11.1133 -9.51905 2.4
      vertex -10.8055 -9.66184 2.4
    endloop
  endfacet
  facet normal 0 0 1
    outer loop
      vertex -10.3216 -7.4266 2.4
      vertex -10.5402 -7.31223 2.4
      vertex -11.416 -9.36699 2.4
    endloop
  endfacet
  facet normal 0 0 1
    outer loop
      vertex -10.7551 -7.19227 2.4
      vertex -11.7135 -9.20583 2.4
      vertex -10.5402 -7.31223 2.4
    endloop
  endfacet
  facet normal 0 0 1
    outer loop
      vertex -10.5402 -7.31223 2.4
      vertex -11.7135 -9.20583 2.4
      vertex -11.416 -9.36699 2.4
    endloop
  endfacet
  facet normal 0 0 1
    outer loop
      vertex -10.9661 -7.06688 2.4
      vertex -12.0056 -9.03575 2.4
      vertex -10.7551 -7.19227 2.4
    endloop
  endfacet
  facet normal 0 0 1
    outer loop
      vertex -10.7551 -7.19227 2.4
      vertex -12.0056 -9.03575 2.4
      vertex -11.7135 -9.20583 2.4
    endloop
  endfacet
  facet normal 0 0 1
    outer loop
      vertex -10.9661 -7.06688 2.4
      vertex -11.1731 -6.93621 2.4
      vertex -12.292 -8.85693 2.4
    endloop
  endfacet
  facet normal -0 0 1
    outer loop
      vertex -12.5727 -8.66956 2.4
      vertex -12.292 -8.85693 2.4
      vertex -11.1731 -6.93621 2.4
    endloop
  endfacet
  facet normal 0 -0 1
    outer loop
      vertex -12.5727 -8.66956 2.4
      vertex -11.1731 -6.93621 2.4
      vertex -12.8474 -8.4738 2.4
    endloop
  endfacet
  facet normal 0 -0 1
    outer loop
      vertex -12.8474 -8.4738 2.4
      vertex -12.8474 -5.46697 2.4
      vertex -14.5216 -6.93621 2.4
    endloop
  endfacet
  facet normal 0 0 1
    outer loop
      vertex -12.8474 -5.46697 2.4
      vertex -13.0383 -5.24329 2.4
      vertex -14.5216 -6.93621 2.4
    endloop
  endfacet
  facet normal 0 -0 1
    outer loop
      vertex -14.5216 -6.93621 2.4
      vertex -13.0383 -5.24329 2.4
      vertex -14.7627 -6.65513 2.4
    endloop
  endfacet
  facet normal 0 0 1
    outer loop
      vertex -10.0701 -5.44881 2.4
      vertex -11.8181 -4.03209 2.4
      vertex -11.9691 -4.28602 2.4
    endloop
  endfacet
  facet normal 0 -0 1
    outer loop
      vertex -9.88155 -5.12801 2.4
      vertex -9.70426 -4.80004 2.4
      vertex -11.676 -3.77274 2.4
    endloop
  endfacet
  facet normal 0 -0 1
    outer loop
      vertex -14.9939 -6.3656 2.4
      vertex -13.3961 -4.77675 2.4
      vertex -15.2147 -6.06786 2.4
    endloop
  endfacet
  facet normal -0 0 1
    outer loop
      vertex -16.8031 2.69586 2.4
      vertex -14.5719 2.40164 2.4
      vertex -16.6989 3.06151 2.4
    endloop
  endfacet
  facet normal 0 0 1
    outer loop
      vertex -3.97018 10.3137 2.4
      vertex -4.6238 8.18734 2.4
      vertex -4.37795 8.13185 2.4
    endloop
  endfacet
  facet normal -0 0 1
    outer loop
      vertex -4.37795 8.13185 2.4
      vertex -4.13507 8.06928 2.4
      vertex -3.63608 10.2303 2.4
    endloop
  endfacet
  facet normal -0 0 1
    outer loop
      vertex -4.87257 8.23569 2.4
      vertex -4.6238 8.18734 2.4
      vertex -4.30859 10.3865 2.4
    endloop
  endfacet
  facet normal 0 0 1
    outer loop
      vertex -4.6512 10.4486 2.4
      vertex -4.9979 10.4999 2.4
      vertex -5.12422 8.2768 2.4
    endloop
  endfacet
  facet normal 0 0 1
    outer loop
      vertex -5.37868 8.31062 2.4
      vertex -4.9979 10.4999 2.4
      vertex -5.34861 10.54 2.4
    endloop
  endfacet
  facet normal 0 0 1
    outer loop
      vertex -5.70321 10.5689 2.4
      vertex -5.89585 8.35603 2.4
      vertex -5.63591 8.33705 2.4
    endloop
  endfacet
  facet normal 0 0 1
    outer loop
      vertex -5.89585 8.35603 2.4
      vertex -6.0616 10.5864 2.4
      vertex -6.15846 8.36747 2.4
    endloop
  endfacet
  facet normal 0 0 1
    outer loop
      vertex -6.68891 8.36723 2.4
      vertex -6.42369 8.3713 2.4
      vertex -6.42369 10.5923 2.4
    endloop
  endfacet
  facet normal 0 0 1
    outer loop
      vertex -6.78115 10.5864 2.4
      vertex -6.95153 8.35511 2.4
      vertex -6.68891 8.36723 2.4
    endloop
  endfacet
  facet normal 0 -0 1
    outer loop
      vertex -7.21147 8.33509 2.4
      vertex -7.13586 10.5689 2.4
      vertex -7.48766 10.54 2.4
    endloop
  endfacet
  facet normal -0 0 1
    outer loop
      vertex -7.83636 10.4999 2.4
      vertex -7.4687 8.30734 2.4
      vertex -7.48766 10.54 2.4
    endloop
  endfacet
  facet normal 0 0 1
    outer loop
      vertex -7.72317 8.272 2.4
      vertex -8.18177 10.4486 2.4
      vertex -7.97481 8.22923 2.4
    endloop
  endfacet
  facet normal 0 -0 1
    outer loop
      vertex -8.22358 8.17918 2.4
      vertex -7.97481 8.22923 2.4
      vertex -8.52373 10.3865 2.4
    endloop
  endfacet
  facet normal 0 -0 1
    outer loop
      vertex 4.33177 -0.397929 2.4
      vertex 4.3394 5.19039e-06 2.4
      vertex 2.07842 -0.31132 2.4
    endloop
  endfacet
  facet normal 0 0 1
    outer loop
      vertex -8.86204 10.3137 2.4
      vertex -9.19654 10.2303 2.4
      vertex -8.46943 8.12201 2.4
    endloop
  endfacet
  facet normal 0 -0 1
    outer loop
      vertex -8.95217 7.98691 2.4
      vertex -8.71231 8.05787 2.4
      vertex -9.52704 10.1366 2.4
    endloop
  endfacet
  facet normal 0 0 1
    outer loop
      vertex -8.71231 8.05787 2.4
      vertex -9.19654 10.2303 2.4
      vertex -9.52704 10.1366 2.4
    endloop
  endfacet
  facet normal 0 0 1
    outer loop
      vertex -9.85336 10.0327 2.4
      vertex -9.18895 7.90929 2.4
      vertex -8.95217 7.98691 2.4
    endloop
  endfacet
  facet normal 0 0 1
    outer loop
      vertex -9.4226 7.82515 2.4
      vertex -10.1753 9.91887 2.4
      vertex -10.4928 9.79517 2.4
    endloop
  endfacet
  facet normal 0 0 1
    outer loop
      vertex -9.85336 10.0327 2.4
      vertex -10.1753 9.91887 2.4
      vertex -9.18895 7.90929 2.4
    endloop
  endfacet
  facet normal 0 -0 1
    outer loop
      vertex -9.65308 7.73467 2.4
      vertex -9.4226 7.82515 2.4
      vertex -10.4928 9.79517 2.4
    endloop
  endfacet
  facet normal 0 0 1
    outer loop
      vertex -10.8055 9.66184 2.4
      vertex -10.1043 7.53524 2.4
      vertex -9.88032 7.63798 2.4
    endloop
  endfacet
  facet normal 0 -0 1
    outer loop
      vertex -9.88032 7.63798 2.4
      vertex -9.65308 7.73467 2.4
      vertex -10.4928 9.79517 2.4
    endloop
  endfacet
  facet normal 0 -0 1
    outer loop
      vertex -2.52247 7.43973 2.4
      vertex -1.72763 9.51906 2.4
      vertex -2.7431 7.54965 2.4
    endloop
  endfacet
  facet normal 0 0 1
    outer loop
      vertex -10.8055 9.66184 2.4
      vertex -11.1133 9.51906 2.4
      vertex -10.1043 7.53524 2.4
    endloop
  endfacet
  facet normal 0 -0 1
    outer loop
      vertex -10.5422 7.31224 2.4
      vertex -10.3249 7.42661 2.4
      vertex -11.416 9.36699 2.4
    endloop
  endfacet
  facet normal 0 0 1
    outer loop
      vertex -10.1043 7.53524 2.4
      vertex -11.1133 9.51906 2.4
      vertex -10.3249 7.42661 2.4
    endloop
  endfacet
  facet normal 0 -0 1
    outer loop
      vertex -3.42479 7.83991 2.4
      vertex -2.66064 9.91887 2.4
      vertex -3.65844 7.92323 2.4
    endloop
  endfacet
  facet normal -0 0 1
    outer loop
      vertex -11.7135 9.20583 2.4
      vertex -10.5422 7.31224 2.4
      vertex -11.416 9.36699 2.4
    endloop
  endfacet
  facet normal 0 0 1
    outer loop
      vertex -15.9905 4.80005 2.4
      vertex -16.1563 4.46515 2.4
      vertex -14.0106 3.77274 2.4
    endloop
  endfacet
  facet normal 0 0 1
    outer loop
      vertex -11.7135 9.20583 2.4
      vertex -12.0056 9.03575 2.4
      vertex -10.756 7.19228 2.4
    endloop
  endfacet
  facet normal 0 0 1
    outer loop
      vertex -11.7135 9.20583 2.4
      vertex -10.756 7.19228 2.4
      vertex -10.5422 7.31224 2.4
    endloop
  endfacet
  facet normal 0 -0 1
    outer loop
      vertex -5.89585 8.35603 2.4
      vertex -5.70321 10.5689 2.4
      vertex -6.0616 10.5864 2.4
    endloop
  endfacet
  facet normal 0 0 1
    outer loop
      vertex -15.9905 4.80005 2.4
      vertex -14.0106 3.77274 2.4
      vertex -13.8702 4.0321 2.4
    endloop
  endfacet
  facet normal 0 0 1
    outer loop
      vertex -10.756 7.19228 2.4
      vertex -12.0056 9.03575 2.4
      vertex -10.9663 7.06689 2.4
    endloop
  endfacet
  facet normal 0 0 1
    outer loop
      vertex -13.8702 4.0321 2.4
      vertex -15.6246 5.44882 2.4
      vertex -15.8132 5.12802 2.4
    endloop
  endfacet
  facet normal 0 -0 1
    outer loop
      vertex -11.1731 6.93622 2.4
      vertex -10.9663 7.06689 2.4
      vertex -12.292 8.85694 2.4
    endloop
  endfacet
  facet normal 0 0 1
    outer loop
      vertex -10.9663 7.06689 2.4
      vertex -12.0056 9.03575 2.4
      vertex -12.292 8.85694 2.4
    endloop
  endfacet
  facet normal 0 -0 1
    outer loop
      vertex -8.71231 8.05787 2.4
      vertex -8.46943 8.12201 2.4
      vertex -9.19654 10.2303 2.4
    endloop
  endfacet
  facet normal 0 0 1
    outer loop
      vertex -8.95217 7.98691 2.4
      vertex -9.52704 10.1366 2.4
      vertex -9.85336 10.0327 2.4
    endloop
  endfacet
  facet normal 0 0 1
    outer loop
      vertex -15.4251 5.76219 2.4
      vertex -13.7208 4.28602 2.4
      vertex -13.5627 4.53431 2.4
    endloop
  endfacet
  facet normal -0 0 1
    outer loop
      vertex -12.5727 8.66956 2.4
      vertex -11.1731 6.93622 2.4
      vertex -12.292 8.85694 2.4
    endloop
  endfacet
  facet normal 0 -0 1
    outer loop
      vertex -13.0383 5.24329 2.4
      vertex -12.8474 5.46697 2.4
      vertex -14.5216 6.93622 2.4
    endloop
  endfacet
  facet normal 0 0 1
    outer loop
      vertex -12.5727 8.66956 2.4
      vertex -12.8474 8.4738 2.4
      vertex -11.1731 6.93622 2.4
    endloop
  endfacet
  facet normal 0 0 1
    outer loop
      vertex -11.1133 9.51906 2.4
      vertex -11.416 9.36699 2.4
      vertex -10.3249 7.42661 2.4
    endloop
  endfacet
  facet normal 0 0 1
    outer loop
      vertex -10.4928 9.79517 2.4
      vertex -10.8055 9.66184 2.4
      vertex -9.88032 7.63798 2.4
    endloop
  endfacet
  facet normal 0 -0 1
    outer loop
      vertex -9.4226 7.82515 2.4
      vertex -9.18895 7.90929 2.4
      vertex -10.1753 9.91887 2.4
    endloop
  endfacet
  facet normal 0 0 1
    outer loop
      vertex -8.22358 8.17918 2.4
      vertex -8.52373 10.3865 2.4
      vertex -8.86204 10.3137 2.4
    endloop
  endfacet
  facet normal 0 0 1
    outer loop
      vertex -7.97481 8.22923 2.4
      vertex -8.18177 10.4486 2.4
      vertex -8.52373 10.3865 2.4
    endloop
  endfacet
  facet normal 0 -0 1
    outer loop
      vertex -7.72317 8.272 2.4
      vertex -7.4687 8.30734 2.4
      vertex -7.83636 10.4999 2.4
    endloop
  endfacet
  facet normal 0 0 1
    outer loop
      vertex -7.21147 8.33509 2.4
      vertex -7.48766 10.54 2.4
      vertex -7.4687 8.30734 2.4
    endloop
  endfacet
  facet normal 0 -0 1
    outer loop
      vertex -6.95153 8.35511 2.4
      vertex -6.78115 10.5864 2.4
      vertex -7.13586 10.5689 2.4
    endloop
  endfacet
  facet normal 0 -0 1
    outer loop
      vertex -6.68891 8.36723 2.4
      vertex -6.42369 10.5923 2.4
      vertex -6.78115 10.5864 2.4
    endloop
  endfacet
  facet normal 0 0 1
    outer loop
      vertex -6.42369 10.5923 2.4
      vertex -6.15846 8.36747 2.4
      vertex -6.0616 10.5864 2.4
    endloop
  endfacet
  facet normal -0 0 1
    outer loop
      vertex -5.63591 8.33705 2.4
      vertex -5.37868 8.31062 2.4
      vertex -5.34861 10.54 2.4
    endloop
  endfacet
  facet normal 0 -0 1
    outer loop
      vertex -5.12422 8.2768 2.4
      vertex -4.9979 10.4999 2.4
      vertex -5.37868 8.31062 2.4
    endloop
  endfacet
  facet normal 0 0 1
    outer loop
      vertex -4.87257 8.23569 2.4
      vertex -4.30859 10.3865 2.4
      vertex -4.6512 10.4486 2.4
    endloop
  endfacet
  facet normal 0 0 1
    outer loop
      vertex -4.6238 8.18734 2.4
      vertex -3.97018 10.3137 2.4
      vertex -4.30859 10.3865 2.4
    endloop
  endfacet
  facet normal 0 0 1
    outer loop
      vertex -4.37795 8.13185 2.4
      vertex -3.63608 10.2303 2.4
      vertex -3.97018 10.3137 2.4
    endloop
  endfacet
  facet normal 0 -0 1
    outer loop
      vertex -3.89522 7.99972 2.4
      vertex -3.30639 10.1366 2.4
      vertex -4.13507 8.06928 2.4
    endloop
  endfacet
  facet normal 0 0 1
    outer loop
      vertex -4.13507 8.06928 2.4
      vertex -3.30639 10.1366 2.4
      vertex -3.63608 10.2303 2.4
    endloop
  endfacet
  facet normal 0 0 1
    outer loop
      vertex -2.98121 10.0327 2.4
      vertex -3.30639 10.1366 2.4
      vertex -3.89522 7.99972 2.4
    endloop
  endfacet
  facet normal 0 0 1
    outer loop
      vertex -2.98121 10.0327 2.4
      vertex -3.89522 7.99972 2.4
      vertex -3.65844 7.92323 2.4
    endloop
  endfacet
  facet normal 0 0 1
    outer loop
      vertex -2.98121 10.0327 2.4
      vertex -3.65844 7.92323 2.4
      vertex -2.66064 9.91887 2.4
    endloop
  endfacet
  facet normal 0 -0 1
    outer loop
      vertex -3.19431 7.74982 2.4
      vertex -2.66064 9.91887 2.4
      vertex -3.42479 7.83991 2.4
    endloop
  endfacet
  facet normal 0 0 1
    outer loop
      vertex -2.66064 9.91887 2.4
      vertex -3.19431 7.74982 2.4
      vertex -2.34479 9.79517 2.4
    endloop
  endfacet
  facet normal -0 0 1
    outer loop
      vertex -3.19431 7.74982 2.4
      vertex -2.96706 7.65304 2.4
      vertex -2.34479 9.79517 2.4
    endloop
  endfacet
  facet normal 0 0 1
    outer loop
      vertex -2.96706 7.65304 2.4
      vertex -2.03375 9.66184 2.4
      vertex -2.34479 9.79517 2.4
    endloop
  endfacet
  facet normal 0 0 1
    outer loop
      vertex -2.03375 9.66184 2.4
      vertex -2.96706 7.65304 2.4
      vertex -2.7431 7.54965 2.4
    endloop
  endfacet
  facet normal 0 0 1
    outer loop
      vertex -2.03375 9.66184 2.4
      vertex -2.7431 7.54965 2.4
      vertex -1.72763 9.51906 2.4
    endloop
  endfacet
  facet normal 0 0 1
    outer loop
      vertex -1.42654 9.36699 2.4
      vertex -1.72763 9.51906 2.4
      vertex -2.52247 7.43973 2.4
    endloop
  endfacet
  facet normal -0 0 1
    outer loop
      vertex -2.52247 7.43973 2.4
      vertex -2.30521 7.32335 2.4
      vertex -1.42654 9.36699 2.4
    endloop
  endfacet
  facet normal 0 0 1
    outer loop
      vertex -1.13057 9.20583 2.4
      vertex -1.42654 9.36699 2.4
      vertex -2.30521 7.32335 2.4
    endloop
  endfacet
  facet normal 0 0 1
    outer loop
      vertex -1.13057 9.20583 2.4
      vertex -2.30521 7.32335 2.4
      vertex -2.0914 7.20058 2.4
    endloop
  endfacet
  facet normal 0 0 1
    outer loop
      vertex -1.13057 9.20583 2.4
      vertex -2.0914 7.20058 2.4
      vertex -0.839834 9.03575 2.4
    endloop
  endfacet
  facet normal -0 0 1
    outer loop
      vertex -2.0914 7.20058 2.4
      vertex -1.88106 7.07152 2.4
      vertex -0.839834 9.03575 2.4
    endloop
  endfacet
  facet normal 0 0 1
    outer loop
      vertex -1.88106 7.07152 2.4
      vertex -0.554422 8.85694 2.4
      vertex -0.839834 9.03575 2.4
    endloop
  endfacet
  facet normal 0 -0 1
    outer loop
      vertex -1.67427 6.93622 2.4
      vertex -0.554422 8.85694 2.4
      vertex -1.88106 7.07152 2.4
    endloop
  endfacet
  facet normal 0 0 1
    outer loop
      vertex -0.274447 8.66956 2.4
      vertex -0.554422 8.85694 2.4
      vertex -1.67427 6.93622 2.4
    endloop
  endfacet
  facet normal 0 0 1
    outer loop
      vertex -0.274447 8.66956 2.4
      vertex -1.67427 6.93622 2.4
      vertex -5.19039e-06 8.4738 2.4
    endloop
  endfacet
  facet normal 0 0 1
    outer loop
      vertex -0.873437 -4.28602 2.4
      vertex -2.79702 -5.44881 2.4
      vertex -2.59435 -5.76218 2.4
    endloop
  endfacet
  facet normal 0 0 1
    outer loop
      vertex -0.873437 -4.28602 2.4
      vertex -2.59435 -5.76218 2.4
      vertex -0.715355 -4.53431 2.4
    endloop
  endfacet
  facet normal 0 -0 1
    outer loop
      vertex -2.38051 -6.06786 2.4
      vertex -0.715355 -4.53431 2.4
      vertex -2.59435 -5.76218 2.4
    endloop
  endfacet
  facet normal 0 -0 1
    outer loop
      vertex -5.19039e-06 -8.4738 2.4
      vertex -5.19039e-06 -5.46697 2.4
      vertex -1.67427 -6.93621 2.4
    endloop
  endfacet
  facet normal 0 0 1
    outer loop
      vertex -1.29458 -3.50815 2.4
      vertex -1.41658 -3.23854 2.4
      vertex -3.33568 -4.46514 2.4
    endloop
  endfacet
  facet normal 0 0 1
    outer loop
      vertex -1.16325 -3.77274 2.4
      vertex -1.29458 -3.50815 2.4
      vertex -3.16791 -4.80004 2.4
    endloop
  endfacet
  facet normal 0 0 1
    outer loop
      vertex 1.99216 -1.22788 2.4
      vertex 4.15361 -1.94867 2.4
      vertex 4.21968 -1.56765 2.4
    endloop
  endfacet
  facet normal -0 0 1
    outer loop
      vertex -2.98828 -5.12801 2.4
      vertex -2.79702 -5.44881 2.4
      vertex -1.0228 -4.03209 2.4
    endloop
  endfacet
  facet normal 0 0 1
    outer loop
      vertex 4.30906 -0.79202 2.4
      vertex 2.03216 -0.925468 2.4
      vertex 4.2716 -1.18201 2.4
    endloop
  endfacet
  facet normal 0 0 1
    outer loop
      vertex -1.16325 -3.77274 2.4
      vertex -2.98828 -5.12801 2.4
      vertex -1.0228 -4.03209 2.4
    endloop
  endfacet
  facet normal -0 0 1
    outer loop
      vertex 2.06097 -0.619881 2.4
      vertex 4.30906 -0.79202 2.4
      vertex 4.33177 -0.397929 2.4
    endloop
  endfacet
  facet normal -0 0 1
    outer loop
      vertex -3.16791 -4.80004 2.4
      vertex -2.98828 -5.12801 2.4
      vertex -1.16325 -3.77274 2.4
    endloop
  endfacet
  facet normal 0 0 1
    outer loop
      vertex -0.873437 -4.28602 2.4
      vertex -1.0228 -4.03209 2.4
      vertex -2.79702 -5.44881 2.4
    endloop
  endfacet
  facet normal 0 0 1
    outer loop
      vertex 0.190877 -5.24329 2.4
      vertex -5.19039e-06 -5.46697 2.4
      vertex 1.67425 -6.93621 2.4
    endloop
  endfacet
  facet normal 0 0 1
    outer loop
      vertex 1.9412 -1.5269 2.4
      vertex 4.07371 -2.32482 2.4
      vertex 4.15361 -1.94867 2.4
    endloop
  endfacet
  facet normal 0 0 1
    outer loop
      vertex 1.71256 -9.51905 2.4
      vertex 2.74309 -7.53523 2.4
      vertex 2.52246 -7.4266 2.4
    endloop
  endfacet
  facet normal 0 0 1
    outer loop
      vertex 3.75404 -3.4215 2.4
      vertex 1.63177 -2.68508 2.4
      vertex 3.62186 -3.77562 2.4
    endloop
  endfacet
  facet normal 0 -0 1
    outer loop
      vertex -2.15573 -6.3656 2.4
      vertex -0.548767 -4.77675 2.4
      vertex -2.38051 -6.06786 2.4
    endloop
  endfacet
  facet normal 0 -0 1
    outer loop
      vertex 0.828716 -9.03575 2.4
      vertex 1.88105 -7.06688 2.4
      vertex 0.546112 -8.85693 2.4
    endloop
  endfacet
  facet normal 0 0 1
    outer loop
      vertex 1.11744 -9.20583 2.4
      vertex 2.3052 -7.31223 2.4
      vertex 2.09139 -7.19227 2.4
    endloop
  endfacet
  facet normal 0 0 1
    outer loop
      vertex 1.41212 -9.36699 2.4
      vertex 2.52246 -7.4266 2.4
      vertex 2.3052 -7.31223 2.4
    endloop
  endfacet
  facet normal -0 0 1
    outer loop
      vertex 1.80719 -2.11399 2.4
      vertex 3.98028 -2.69585 2.4
      vertex 1.87947 -1.82234 2.4
    endloop
  endfacet
  facet normal 0 0 1
    outer loop
      vertex 4.33201 0.39794 2.4
      vertex 2.06097 0.619891 2.4
      vertex 2.07842 0.311333 2.4
    endloop
  endfacet
  facet normal 0 0 1
    outer loop
      vertex -2.0914 -7.19227 2.4
      vertex -2.30521 -7.31223 2.4
      vertex -1.13385 -9.20583 2.4
    endloop
  endfacet
  facet normal 0 0 1
    outer loop
      vertex -0.841793 -9.03575 2.4
      vertex -1.88106 -7.06688 2.4
      vertex -2.0914 -7.19227 2.4
    endloop
  endfacet
  facet normal 0 0 1
    outer loop
      vertex -0.841793 -9.03575 2.4
      vertex -2.0914 -7.19227 2.4
      vertex -1.13385 -9.20583 2.4
    endloop
  endfacet
  facet normal 0 0 1
    outer loop
      vertex -3.49134 -4.12358 2.4
      vertex -1.41658 -3.23854 2.4
      vertex -1.52905 -2.96412 2.4
    endloop
  endfacet
  facet normal 0 0 1
    outer loop
      vertex -3.63468 -3.77562 2.4
      vertex -1.52905 -2.96412 2.4
      vertex -1.63177 -2.68508 2.4
    endloop
  endfacet
  facet normal 0 -0 1
    outer loop
      vertex -0.841793 -9.03575 2.4
      vertex -0.555346 -8.85693 2.4
      vertex -1.88106 -7.06688 2.4
    endloop
  endfacet
  facet normal 0 0 1
    outer loop
      vertex -3.76547 -3.4215 2.4
      vertex -1.63177 -2.68508 2.4
      vertex -1.72456 -2.40164 2.4
    endloop
  endfacet
  facet normal 0 0 1
    outer loop
      vertex -1.67427 -6.93621 2.4
      vertex -0.555346 -8.85693 2.4
      vertex -0.274689 -8.66956 2.4
    endloop
  endfacet
  facet normal -0 0 1
    outer loop
      vertex -1.88106 -7.06688 2.4
      vertex -0.555346 -8.85693 2.4
      vertex -1.67427 -6.93621 2.4
    endloop
  endfacet
  facet normal 0 -0 1
    outer loop
      vertex -3.76547 -3.4215 2.4
      vertex -1.72456 -2.40164 2.4
      vertex -3.88347 -3.0615 2.4
    endloop
  endfacet
  facet normal 0 0 1
    outer loop
      vertex -1.72456 -2.40164 2.4
      vertex -1.8072 -2.11399 2.4
      vertex -3.88347 -3.0615 2.4
    endloop
  endfacet
  facet normal 0 0 1
    outer loop
      vertex -5.19039e-06 -8.4738 2.4
      vertex -1.67427 -6.93621 2.4
      vertex -0.274689 -8.66956 2.4
    endloop
  endfacet
  facet normal 0 0 1
    outer loop
      vertex 6.68891 -8.36722 2.4
      vertex 6.42369 -8.37129 2.4
      vertex 6.42369 -10.5923 2.4
    endloop
  endfacet
  facet normal 0 0 1
    outer loop
      vertex -1.43135 -9.36699 2.4
      vertex -2.52247 -7.4266 2.4
      vertex -1.73409 -9.51905 2.4
    endloop
  endfacet
  facet normal 0 0 1
    outer loop
      vertex -2.04191 -9.66184 2.4
      vertex -2.7431 -7.53523 2.4
      vertex -2.96706 -7.63797 2.4
    endloop
  endfacet
  facet normal 0 0 1
    outer loop
      vertex -2.35463 -9.79517 2.4
      vertex -2.96706 -7.63797 2.4
      vertex -3.19431 -7.73465 2.4
    endloop
  endfacet
  facet normal 0 0 1
    outer loop
      vertex -2.35463 -9.79517 2.4
      vertex -3.19431 -7.73465 2.4
      vertex -3.42479 -7.82514 2.4
    endloop
  endfacet
  facet normal 0 0 1
    outer loop
      vertex -2.67206 -9.91886 2.4
      vertex -3.42479 -7.82514 2.4
      vertex -3.65844 -7.90927 2.4
    endloop
  endfacet
  facet normal 0 0 1
    outer loop
      vertex -2.67206 -9.91886 2.4
      vertex -3.65844 -7.90927 2.4
      vertex -2.99402 -10.0327 2.4
    endloop
  endfacet
  facet normal 0 0 1
    outer loop
      vertex -2.99402 -10.0327 2.4
      vertex -3.89522 -7.98689 2.4
      vertex -3.32035 -10.1366 2.4
    endloop
  endfacet
  facet normal 0 0 1
    outer loop
      vertex -3.89522 -7.98689 2.4
      vertex -4.13507 -8.05785 2.4
      vertex -3.32035 -10.1366 2.4
    endloop
  endfacet
  facet normal 0 0 1
    outer loop
      vertex -4.13507 -8.05785 2.4
      vertex -4.37795 -8.122 2.4
      vertex -3.65084 -10.2303 2.4
    endloop
  endfacet
  facet normal 0 0 1
    outer loop
      vertex -4.37795 -8.122 2.4
      vertex -3.98534 -10.3137 2.4
      vertex -3.65084 -10.2303 2.4
    endloop
  endfacet
  facet normal -0 0 1
    outer loop
      vertex -4.6238 -8.17917 2.4
      vertex -3.98534 -10.3137 2.4
      vertex -4.37795 -8.122 2.4
    endloop
  endfacet
  facet normal -0 0 1
    outer loop
      vertex -4.87257 -8.22922 2.4
      vertex -4.32366 -10.3865 2.4
      vertex -4.6238 -8.17917 2.4
    endloop
  endfacet
  facet normal 0 -0 1
    outer loop
      vertex -4.66561 -10.4486 2.4
      vertex -4.32366 -10.3865 2.4
      vertex -4.87257 -8.22922 2.4
    endloop
  endfacet
  facet normal 0 -0 1
    outer loop
      vertex -5.01102 -10.4999 2.4
      vertex -4.66561 -10.4486 2.4
      vertex -5.12422 -8.27199 2.4
    endloop
  endfacet
  facet normal 0 0 1
    outer loop
      vertex -5.01102 -10.4999 2.4
      vertex -5.12422 -8.27199 2.4
      vertex -5.37868 -8.30733 2.4
    endloop
  endfacet
  facet normal 0 0 1
    outer loop
      vertex -5.35972 -10.54 2.4
      vertex -5.37868 -8.30733 2.4
      vertex -5.63591 -8.33508 2.4
    endloop
  endfacet
  facet normal 0 0 1
    outer loop
      vertex -5.35972 -10.54 2.4
      vertex -5.63591 -8.33508 2.4
      vertex -5.71151 -10.5689 2.4
    endloop
  endfacet
  facet normal 0 0 1
    outer loop
      vertex -5.71151 -10.5689 2.4
      vertex -5.89585 -8.35509 2.4
      vertex -6.06623 -10.5864 2.4
    endloop
  endfacet
  facet normal 0 0 1
    outer loop
      vertex -5.89585 -8.35509 2.4
      vertex -6.15846 -8.36722 2.4
      vertex -6.06623 -10.5864 2.4
    endloop
  endfacet
  facet normal 0 0 1
    outer loop
      vertex 2.79701 5.44882 2.4
      vertex 0.873429 4.28602 2.4
      vertex 1.0228 4.0321 2.4
    endloop
  endfacet
  facet normal 0 0 1
    outer loop
      vertex 6.42369 -10.5923 2.4
      vertex 6.78115 -10.5864 2.4
      vertex 6.68891 -8.36722 2.4
    endloop
  endfacet
  facet normal 0 0 1
    outer loop
      vertex 3.65843 -7.90927 2.4
      vertex 2.96839 -10.0327 2.4
      vertex 3.89521 -7.98689 2.4
    endloop
  endfacet
  facet normal -0 0 1
    outer loop
      vertex 2.64668 -9.91886 2.4
      vertex 2.96839 -10.0327 2.4
      vertex 3.65843 -7.90927 2.4
    endloop
  endfacet
  facet normal 0 0 1
    outer loop
      vertex 2.64668 -9.91886 2.4
      vertex 3.65843 -7.90927 2.4
      vertex 3.42478 -7.82514 2.4
    endloop
  endfacet
  facet normal 0 0 1
    outer loop
      vertex 2.64668 -9.91886 2.4
      vertex 3.42478 -7.82514 2.4
      vertex 3.1943 -7.73465 2.4
    endloop
  endfacet
  facet normal 0 -0 1
    outer loop
      vertex 2.64668 -9.91886 2.4
      vertex 3.1943 -7.73465 2.4
      vertex 2.33002 -9.79517 2.4
    endloop
  endfacet
  facet normal 0 0 1
    outer loop
      vertex 2.96706 -7.63797 2.4
      vertex 2.01859 -9.66184 2.4
      vertex 2.33002 -9.79517 2.4
    endloop
  endfacet
  facet normal 0 0 1
    outer loop
      vertex 3.1943 -7.73465 2.4
      vertex 2.96706 -7.63797 2.4
      vertex 2.33002 -9.79517 2.4
    endloop
  endfacet
  facet normal 0 0 1
    outer loop
      vertex 2.74309 -7.53523 2.4
      vertex 2.01859 -9.66184 2.4
      vertex 2.96706 -7.63797 2.4
    endloop
  endfacet
  facet normal -0 0 1
    outer loop
      vertex 1.71256 -9.51905 2.4
      vertex 2.01859 -9.66184 2.4
      vertex 2.74309 -7.53523 2.4
    endloop
  endfacet
  facet normal -0 0 1
    outer loop
      vertex 1.41212 -9.36699 2.4
      vertex 1.71256 -9.51905 2.4
      vertex 2.52246 -7.4266 2.4
    endloop
  endfacet
  facet normal -0 0 1
    outer loop
      vertex 1.11744 -9.20583 2.4
      vertex 1.41212 -9.36699 2.4
      vertex 2.3052 -7.31223 2.4
    endloop
  endfacet
  facet normal -0 0 1
    outer loop
      vertex 0.828716 -9.03575 2.4
      vertex 1.11744 -9.20583 2.4
      vertex 2.09139 -7.19227 2.4
    endloop
  endfacet
  facet normal 0 0 1
    outer loop
      vertex 1.88105 -7.06688 2.4
      vertex 1.67425 -6.93621 2.4
      vertex 0.546112 -8.85693 2.4
    endloop
  endfacet
  facet normal 0 0 1
    outer loop
      vertex 1.67425 -6.93621 2.4
      vertex -5.19039e-06 -8.4738 2.4
      vertex 0.26981 -8.66956 2.4
    endloop
  endfacet
  facet normal 0 0 1
    outer loop
      vertex -5.19039e-06 -8.4738 2.4
      vertex 1.67425 -6.93621 2.4
      vertex -5.19039e-06 -5.46697 2.4
    endloop
  endfacet
  facet normal 0 -0 1
    outer loop
      vertex 1.67425 -6.93621 2.4
      vertex 1.9156 -6.65513 2.4
      vertex 0.190877 -5.24329 2.4
    endloop
  endfacet
  facet normal 0 0 1
    outer loop
      vertex -0.190887 -5.24329 2.4
      vertex -1.67427 -6.93621 2.4
      vertex -5.19039e-06 -5.46697 2.4
    endloop
  endfacet
  facet normal 0 0 1
    outer loop
      vertex 0.548759 -4.77675 2.4
      vertex 0.373867 -5.01314 2.4
      vertex 2.14742 -6.3656 2.4
    endloop
  endfacet
  facet normal 0 0 1
    outer loop
      vertex -0.190887 -5.24329 2.4
      vertex -1.92024 -6.65513 2.4
      vertex -1.67427 -6.93621 2.4
    endloop
  endfacet
  facet normal 0 0 1
    outer loop
      vertex 2.58123 -5.76218 2.4
      vertex 0.715348 -4.53431 2.4
      vertex 2.3694 -6.06786 2.4
    endloop
  endfacet
  facet normal 0 0 1
    outer loop
      vertex 2.7826 -5.44881 2.4
      vertex 1.0228 -4.03209 2.4
      vertex 0.873429 -4.28602 2.4
    endloop
  endfacet
  facet normal 0 0 1
    outer loop
      vertex 3.15275 -4.80004 2.4
      vertex 1.16325 -3.77274 2.4
      vertex 2.97321 -5.12801 2.4
    endloop
  endfacet
  facet normal 0 0 1
    outer loop
      vertex -0.190887 -5.24329 2.4
      vertex -0.373874 -5.01314 2.4
      vertex -1.92024 -6.65513 2.4
    endloop
  endfacet
  facet normal 0 0 1
    outer loop
      vertex -0.548767 -4.77675 2.4
      vertex -2.15573 -6.3656 2.4
      vertex -0.373874 -5.01314 2.4
    endloop
  endfacet
  facet normal 0 -0 1
    outer loop
      vertex -1.8072 2.114 2.4
      vertex -1.72456 2.40164 2.4
      vertex -3.87363 3.06151 2.4
    endloop
  endfacet
  facet normal 0 0 1
    outer loop
      vertex 8.86204 10.3137 2.4
      vertex 8.22357 8.18734 2.4
      vertex 8.46942 8.13185 2.4
    endloop
  endfacet
  facet normal 0 -0 1
    outer loop
      vertex 8.95216 7.99972 2.4
      vertex 9.52703 10.1366 2.4
      vertex 8.7123 8.06928 2.4
    endloop
  endfacet
  facet normal -0 0 1
    outer loop
      vertex 8.46942 8.13185 2.4
      vertex 8.7123 8.06928 2.4
      vertex 9.19653 10.2303 2.4
    endloop
  endfacet
  facet normal 0 -0 1
    outer loop
      vertex 8.22357 8.18734 2.4
      vertex 8.52372 10.3865 2.4
      vertex 7.9748 8.23569 2.4
    endloop
  endfacet
  facet normal 0 0 1
    outer loop
      vertex 7.9748 8.23569 2.4
      vertex 8.52372 10.3865 2.4
      vertex 8.18177 10.4486 2.4
    endloop
  endfacet
  facet normal 0 0 1
    outer loop
      vertex 7.83635 10.4999 2.4
      vertex 7.48766 10.54 2.4
      vertex 7.4687 8.31062 2.4
    endloop
  endfacet
  facet normal 0 -0 1
    outer loop
      vertex 7.21147 8.33705 2.4
      vertex 7.48766 10.54 2.4
      vertex 7.13586 10.5689 2.4
    endloop
  endfacet
  facet normal 0 0 1
    outer loop
      vertex 6.78115 10.5864 2.4
      vertex 6.68891 8.36747 2.4
      vertex 6.95152 8.35603 2.4
    endloop
  endfacet
  facet normal 0 0 1
    outer loop
      vertex 6.68891 8.36747 2.4
      vertex 6.42369 10.5923 2.4
      vertex 6.42369 8.3713 2.4
    endloop
  endfacet
  facet normal 0 0 1
    outer loop
      vertex 5.89585 8.35511 2.4
      vertex 6.15846 8.36723 2.4
      vertex 6.06623 10.5864 2.4
    endloop
  endfacet
  facet normal 0 0 1
    outer loop
      vertex 5.71151 10.5689 2.4
      vertex 5.63591 8.33509 2.4
      vertex 5.89585 8.35511 2.4
    endloop
  endfacet
  facet normal 0 0 1
    outer loop
      vertex 5.37868 8.30734 2.4
      vertex 5.35972 10.54 2.4
      vertex 5.01102 10.4999 2.4
    endloop
  endfacet
  facet normal -0 0 1
    outer loop
      vertex 4.66561 10.4486 2.4
      vertex 5.12422 8.272 2.4
      vertex 5.01102 10.4999 2.4
    endloop
  endfacet
  facet normal 0 0 1
    outer loop
      vertex 4.87257 8.22923 2.4
      vertex 4.32366 10.3865 2.4
      vertex 4.6238 8.17918 2.4
    endloop
  endfacet
  facet normal 0 0 1
    outer loop
      vertex 4.6238 8.17918 2.4
      vertex 4.32366 10.3865 2.4
      vertex 3.98534 10.3137 2.4
    endloop
  endfacet
  facet normal 0 -0 1
    outer loop
      vertex 17.1564 -0.79202 2.4
      vertex 17.1791 -0.397929 2.4
      vertex 14.9084 -0.619881 2.4
    endloop
  endfacet
  facet normal 0 0 1
    outer loop
      vertex 3.65084 10.2303 2.4
      vertex 3.32034 10.1366 2.4
      vertex 4.13507 8.05787 2.4
    endloop
  endfacet
  facet normal 0 -0 1
    outer loop
      vertex 3.65843 7.90929 2.4
      vertex 3.89521 7.98691 2.4
      vertex 2.99402 10.0327 2.4
    endloop
  endfacet
  facet normal 0 0 1
    outer loop
      vertex 4.13507 8.05787 2.4
      vertex 3.32034 10.1366 2.4
      vertex 3.89521 7.98691 2.4
    endloop
  endfacet
  facet normal -0 0 1
    outer loop
      vertex 2.67205 9.91887 2.4
      vertex 3.65843 7.90929 2.4
      vertex 2.99402 10.0327 2.4
    endloop
  endfacet
  facet normal 0 0 1
    outer loop
      vertex 3.42478 7.82515 2.4
      vertex 2.35462 9.79517 2.4
      vertex 3.1943 7.73467 2.4
    endloop
  endfacet
  facet normal 0 0 1
    outer loop
      vertex 2.67205 9.91887 2.4
      vertex 2.35462 9.79517 2.4
      vertex 3.42478 7.82515 2.4
    endloop
  endfacet
  facet normal 0 0 1
    outer loop
      vertex 11.416 9.36699 2.4
      vertex 10.5422 7.32335 2.4
      vertex 11.7135 9.20583 2.4
    endloop
  endfacet
  facet normal 0 0 1
    outer loop
      vertex 3.1943 7.73467 2.4
      vertex 2.35462 9.79517 2.4
      vertex 2.96706 7.63798 2.4
    endloop
  endfacet
  facet normal -0 0 1
    outer loop
      vertex 1.73408 9.51906 2.4
      vertex 2.74309 7.53524 2.4
      vertex 2.04191 9.66184 2.4
    endloop
  endfacet
  facet normal 0 -0 1
    outer loop
      vertex 2.74309 7.53524 2.4
      vertex 2.96706 7.63798 2.4
      vertex 2.04191 9.66184 2.4
    endloop
  endfacet
  facet normal -0 0 1
    outer loop
      vertex 9.88032 7.65304 2.4
      vertex 10.1043 7.54965 2.4
      vertex 10.8055 9.66184 2.4
    endloop
  endfacet
  facet normal 0 0 1
    outer loop
      vertex 1.73408 9.51906 2.4
      vertex 2.52246 7.42661 2.4
      vertex 2.74309 7.53524 2.4
    endloop
  endfacet
  facet normal 0 0 1
    outer loop
      vertex 2.3052 7.31224 2.4
      vertex 1.43134 9.36699 2.4
      vertex 1.13384 9.20583 2.4
    endloop
  endfacet
  facet normal 0 0 1
    outer loop
      vertex 2.52246 7.42661 2.4
      vertex 1.43134 9.36699 2.4
      vertex 2.3052 7.31224 2.4
    endloop
  endfacet
  facet normal 0 0 1
    outer loop
      vertex 9.52703 10.1366 2.4
      vertex 8.95216 7.99972 2.4
      vertex 9.85335 10.0327 2.4
    endloop
  endfacet
  facet normal -0 0 1
    outer loop
      vertex -3.15276 4.80005 2.4
      vertex -1.16325 3.77274 2.4
      vertex -2.97322 5.12802 2.4
    endloop
  endfacet
  facet normal 0 -0 1
    outer loop
      vertex 2.09139 7.19228 2.4
      vertex 2.3052 7.31224 2.4
      vertex 1.13384 9.20583 2.4
    endloop
  endfacet
  facet normal 0 0 1
    outer loop
      vertex 0.841783 9.03575 2.4
      vertex 1.88105 7.06689 2.4
      vertex 2.09139 7.19228 2.4
    endloop
  endfacet
  facet normal -0 0 1
    outer loop
      vertex 0.841783 9.03575 2.4
      vertex 2.09139 7.19228 2.4
      vertex 1.13384 9.20583 2.4
    endloop
  endfacet
  facet normal 0 -0 1
    outer loop
      vertex -1.29458 3.50816 2.4
      vertex -1.16325 3.77274 2.4
      vertex -3.15276 4.80005 2.4
    endloop
  endfacet
  facet normal 0 0 1
    outer loop
      vertex 6.42369 10.5923 2.4
      vertex 6.06623 10.5864 2.4
      vertex 6.15846 8.36723 2.4
    endloop
  endfacet
  facet normal 0 0 1
    outer loop
      vertex 5.35972 10.54 2.4
      vertex 5.37868 8.30734 2.4
      vertex 5.63591 8.33509 2.4
    endloop
  endfacet
  facet normal 0 0 1
    outer loop
      vertex 0.841783 9.03575 2.4
      vertex 0.555336 8.85694 2.4
      vertex 1.88105 7.06689 2.4
    endloop
  endfacet
  facet normal 0 0 1
    outer loop
      vertex -2.78261 5.44882 2.4
      vertex -2.97322 5.12802 2.4
      vertex -1.0228 4.0321 2.4
    endloop
  endfacet
  facet normal 0 0 1
    outer loop
      vertex 1.67425 6.93622 2.4
      vertex 0.555336 8.85694 2.4
      vertex 0.274678 8.66956 2.4
    endloop
  endfacet
  facet normal 0 0 1
    outer loop
      vertex 1.88105 7.06689 2.4
      vertex 0.555336 8.85694 2.4
      vertex 1.67425 6.93622 2.4
    endloop
  endfacet
  facet normal 0 0 1
    outer loop
      vertex -5.19039e-06 5.46697 2.4
      vertex 1.67425 6.93622 2.4
      vertex -5.19039e-06 8.4738 2.4
    endloop
  endfacet
  facet normal 0 0 1
    outer loop
      vertex 3.65843 7.90929 2.4
      vertex 2.67205 9.91887 2.4
      vertex 3.42478 7.82515 2.4
    endloop
  endfacet
  facet normal 0 -0 1
    outer loop
      vertex -0.873437 4.28602 2.4
      vertex -0.715355 4.53431 2.4
      vertex -2.58124 5.76219 2.4
    endloop
  endfacet
  facet normal -0 0 1
    outer loop
      vertex 2.04191 9.66184 2.4
      vertex 2.96706 7.63798 2.4
      vertex 2.35462 9.79517 2.4
    endloop
  endfacet
  facet normal -0 0 1
    outer loop
      vertex -5.19039e-06 8.4738 2.4
      vertex 1.67425 6.93622 2.4
      vertex 0.274678 8.66956 2.4
    endloop
  endfacet
  facet normal 0 0 1
    outer loop
      vertex -5.19039e-06 5.46697 2.4
      vertex -1.67427 6.93622 2.4
      vertex -0.190887 5.24329 2.4
    endloop
  endfacet
  facet normal -0 0 1
    outer loop
      vertex 1.43134 9.36699 2.4
      vertex 2.52246 7.42661 2.4
      vertex 1.73408 9.51906 2.4
    endloop
  endfacet
  facet normal 0 0 1
    outer loop
      vertex 3.32034 10.1366 2.4
      vertex 2.99402 10.0327 2.4
      vertex 3.89521 7.98691 2.4
    endloop
  endfacet
  facet normal 0 0 1
    outer loop
      vertex 4.37795 8.12201 2.4
      vertex 3.65084 10.2303 2.4
      vertex 4.13507 8.05787 2.4
    endloop
  endfacet
  facet normal 0 0 1
    outer loop
      vertex 3.98534 10.3137 2.4
      vertex 4.37795 8.12201 2.4
      vertex 4.6238 8.17918 2.4
    endloop
  endfacet
  facet normal 0 0 1
    outer loop
      vertex 4.66561 10.4486 2.4
      vertex 4.32366 10.3865 2.4
      vertex 4.87257 8.22923 2.4
    endloop
  endfacet
  facet normal 0 0 1
    outer loop
      vertex 5.37868 8.30734 2.4
      vertex 5.01102 10.4999 2.4
      vertex 5.12422 8.272 2.4
    endloop
  endfacet
  facet normal 0 0 1
    outer loop
      vertex 6.06623 10.5864 2.4
      vertex 5.71151 10.5689 2.4
      vertex 5.89585 8.35511 2.4
    endloop
  endfacet
  facet normal 0 -0 1
    outer loop
      vertex 6.68891 8.36747 2.4
      vertex 6.78115 10.5864 2.4
      vertex 6.42369 10.5923 2.4
    endloop
  endfacet
  facet normal 0 0 1
    outer loop
      vertex 7.13586 10.5689 2.4
      vertex 6.78115 10.5864 2.4
      vertex 6.95152 8.35603 2.4
    endloop
  endfacet
  facet normal 0 -0 1
    outer loop
      vertex 7.4687 8.31062 2.4
      vertex 7.48766 10.54 2.4
      vertex 7.21147 8.33705 2.4
    endloop
  endfacet
  facet normal 0 0 1
    outer loop
      vertex 7.83635 10.4999 2.4
      vertex 7.4687 8.31062 2.4
      vertex 7.72316 8.2768 2.4
    endloop
  endfacet
  facet normal 0 0 1
    outer loop
      vertex 8.18177 10.4486 2.4
      vertex 7.72316 8.2768 2.4
      vertex 7.9748 8.23569 2.4
    endloop
  endfacet
  facet normal 0 0 1
    outer loop
      vertex 8.86204 10.3137 2.4
      vertex 8.52372 10.3865 2.4
      vertex 8.22357 8.18734 2.4
    endloop
  endfacet
  facet normal 0 0 1
    outer loop
      vertex 9.19653 10.2303 2.4
      vertex 8.86204 10.3137 2.4
      vertex 8.46942 8.13185 2.4
    endloop
  endfacet
  facet normal 0 0 1
    outer loop
      vertex 9.52703 10.1366 2.4
      vertex 9.19653 10.2303 2.4
      vertex 8.7123 8.06928 2.4
    endloop
  endfacet
  facet normal -0 0 1
    outer loop
      vertex 8.95216 7.99972 2.4
      vertex 9.18894 7.92323 2.4
      vertex 9.85335 10.0327 2.4
    endloop
  endfacet
  facet normal 0 0 1
    outer loop
      vertex 9.18894 7.92323 2.4
      vertex 10.1753 9.91887 2.4
      vertex 9.85335 10.0327 2.4
    endloop
  endfacet
  facet normal 0 0 1
    outer loop
      vertex 10.1753 9.91887 2.4
      vertex 9.18894 7.92323 2.4
      vertex 9.42259 7.83991 2.4
    endloop
  endfacet
  facet normal 0 0 1
    outer loop
      vertex 10.1753 9.91887 2.4
      vertex 9.42259 7.83991 2.4
      vertex 10.4928 9.79517 2.4
    endloop
  endfacet
  facet normal 0 -0 1
    outer loop
      vertex 9.65307 7.74982 2.4
      vertex 10.4928 9.79517 2.4
      vertex 9.42259 7.83991 2.4
    endloop
  endfacet
  facet normal 0 -0 1
    outer loop
      vertex 9.88032 7.65304 2.4
      vertex 10.4928 9.79517 2.4
      vertex 9.65307 7.74982 2.4
    endloop
  endfacet
  facet normal 0 0 1
    outer loop
      vertex 10.8055 9.66184 2.4
      vertex 10.4928 9.79517 2.4
      vertex 9.88032 7.65304 2.4
    endloop
  endfacet
  facet normal 0 0 1
    outer loop
      vertex 10.1043 7.54965 2.4
      vertex 11.1133 9.51906 2.4
      vertex 10.8055 9.66184 2.4
    endloop
  endfacet
  facet normal 0 0 1
    outer loop
      vertex 11.1133 9.51906 2.4
      vertex 10.1043 7.54965 2.4
      vertex 10.3249 7.43973 2.4
    endloop
  endfacet
  facet normal 0 0 1
    outer loop
      vertex 11.1133 9.51906 2.4
      vertex 10.3249 7.43973 2.4
      vertex 11.416 9.36699 2.4
    endloop
  endfacet
  facet normal 0 -0 1
    outer loop
      vertex 10.5422 7.32335 2.4
      vertex 11.416 9.36699 2.4
      vertex 10.3249 7.43973 2.4
    endloop
  endfacet
  facet normal 0 -0 1
    outer loop
      vertex 10.756 7.20058 2.4
      vertex 11.7135 9.20583 2.4
      vertex 10.5422 7.32335 2.4
    endloop
  endfacet
  facet normal 0 0 1
    outer loop
      vertex 12.0056 9.03575 2.4
      vertex 11.7135 9.20583 2.4
      vertex 10.756 7.20058 2.4
    endloop
  endfacet
  facet normal 0 0 1
    outer loop
      vertex 12.0056 9.03575 2.4
      vertex 10.756 7.20058 2.4
      vertex 10.9663 7.07152 2.4
    endloop
  endfacet
  facet normal 0 0 1
    outer loop
      vertex 12.0056 9.03575 2.4
      vertex 10.9663 7.07152 2.4
      vertex 12.292 8.85694 2.4
    endloop
  endfacet
  facet normal -0 0 1
    outer loop
      vertex 10.9663 7.07152 2.4
      vertex 11.1731 6.93622 2.4
      vertex 12.292 8.85694 2.4
    endloop
  endfacet
  facet normal 0 0 1
    outer loop
      vertex 11.1731 6.93622 2.4
      vertex 12.5727 8.66956 2.4
      vertex 12.292 8.85694 2.4
    endloop
  endfacet
  facet normal 0 0 1
    outer loop
      vertex 12.8474 8.4738 2.4
      vertex 12.5727 8.66956 2.4
      vertex 11.1731 6.93622 2.4
    endloop
  endfacet
  facet normal 0 0 1
    outer loop
      vertex 17.1209 1.18202 2.4
      vertex 17.0703 1.56766 2.4
      vertex 14.8395 1.22789 2.4
    endloop
  endfacet
  facet normal 0 0 1
    outer loop
      vertex 17.1574 0.792033 2.4
      vertex 17.1209 1.18202 2.4
      vertex 14.8795 0.925478 2.4
    endloop
  endfacet
  facet normal -0 0 1
    outer loop
      vertex 10.0504 -5.44881 2.4
      vertex 10.253 -5.76218 2.4
      vertex 11.9739 -4.28602 2.4
    endloop
  endfacet
  facet normal 0 0 1
    outer loop
      vertex 10.253 -5.76218 2.4
      vertex 12.132 -4.53431 2.4
      vertex 11.9739 -4.28602 2.4
    endloop
  endfacet
  facet normal 0 0 1
    outer loop
      vertex 12.132 -4.53431 2.4
      vertex 10.253 -5.76218 2.4
      vertex 10.4669 -6.06786 2.4
    endloop
  endfacet
  facet normal 0 0 1
    outer loop
      vertex 14.763 -6.65513 2.4
      vertex 13.0383 -5.24329 2.4
      vertex 14.5216 -6.93621 2.4
    endloop
  endfacet
  facet normal 0 0 1
    outer loop
      vertex 9.51171 -4.46514 2.4
      vertex 11.5528 -3.50815 2.4
      vertex 11.4308 -3.23854 2.4
    endloop
  endfacet
  facet normal 0 0 1
    outer loop
      vertex 9.67947 -4.80004 2.4
      vertex 11.6841 -3.77274 2.4
      vertex 11.5528 -3.50815 2.4
    endloop
  endfacet
  facet normal 0 0 1
    outer loop
      vertex 17.0671 -1.56765 2.4
      vertex 14.8395 -1.22788 2.4
      vertex 17.001 -1.94867 2.4
    endloop
  endfacet
  facet normal 0 -0 1
    outer loop
      vertex 10.0504 -5.44881 2.4
      vertex 11.8246 -4.03209 2.4
      vertex 9.8591 -5.12801 2.4
    endloop
  endfacet
  facet normal -0 0 1
    outer loop
      vertex 14.8795 -0.925468 2.4
      vertex 17.119 -1.18201 2.4
      vertex 17.1564 -0.79202 2.4
    endloop
  endfacet
  facet normal 0 0 1
    outer loop
      vertex 9.8591 -5.12801 2.4
      vertex 11.8246 -4.03209 2.4
      vertex 11.6841 -3.77274 2.4
    endloop
  endfacet
  facet normal 0 -0 1
    outer loop
      vertex 9.8591 -5.12801 2.4
      vertex 11.6841 -3.77274 2.4
      vertex 9.67947 -4.80004 2.4
    endloop
  endfacet
  facet normal -0 0 1
    outer loop
      vertex 14.9258 -0.31132 2.4
      vertex 17.1791 -0.397929 2.4
      vertex 17.1868 5.19039e-06 2.4
    endloop
  endfacet
  facet normal 0 0 1
    outer loop
      vertex 11.9739 -4.28602 2.4
      vertex 11.8246 -4.03209 2.4
      vertex 10.0504 -5.44881 2.4
    endloop
  endfacet
  facet normal 0 0 1
    outer loop
      vertex 13.0383 -5.24329 2.4
      vertex 12.8474 -5.46697 2.4
      vertex 14.5216 -6.93621 2.4
    endloop
  endfacet
  facet normal 0 0 1
    outer loop
      vertex 14.7886 -1.5269 2.4
      vertex 16.9211 -2.32482 2.4
      vertex 17.001 -1.94867 2.4
    endloop
  endfacet
  facet normal 0 0 1
    outer loop
      vertex 14.5599 -9.51905 2.4
      vertex 15.5953 -7.54965 2.4
      vertex 15.3731 -7.43972 2.4
    endloop
  endfacet
  facet normal 0 0 1
    outer loop
      vertex 16.6014 -3.4215 2.4
      vertex 14.4791 -2.68508 2.4
      vertex 16.4692 -3.77562 2.4
    endloop
  endfacet
  facet normal 0 -0 1
    outer loop
      vertex 13.6761 -9.03575 2.4
      vertex 14.7287 -7.07151 2.4
      vertex 13.3935 -8.85693 2.4
    endloop
  endfacet
  facet normal 0 0 1
    outer loop
      vertex 13.9648 -9.20583 2.4
      vertex 15.1545 -7.32334 2.4
      vertex 14.9397 -7.20057 2.4
    endloop
  endfacet
  facet normal 0 0 1
    outer loop
      vertex 14.2595 -9.36699 2.4
      vertex 15.3731 -7.43972 2.4
      vertex 15.1545 -7.32334 2.4
    endloop
  endfacet
  facet normal -0 0 1
    outer loop
      vertex 14.6546 -2.11399 2.4
      vertex 16.8277 -2.69585 2.4
      vertex 14.7268 -1.82234 2.4
    endloop
  endfacet
  facet normal 0 -0 1
    outer loop
      vertex 11.7135 -9.20583 2.4
      vertex 12.0056 -9.03575 2.4
      vertex 10.756 -7.19227 2.4
    endloop
  endfacet
  facet normal 0 0 1
    outer loop
      vertex 11.7135 -9.20583 2.4
      vertex 10.756 -7.19227 2.4
      vertex 10.5422 -7.31223 2.4
    endloop
  endfacet
  facet normal 0 0 1
    outer loop
      vertex 11.3183 -2.96412 2.4
      vertex 9.35604 -4.12358 2.4
      vertex 11.4308 -3.23854 2.4
    endloop
  endfacet
  facet normal -0 0 1
    outer loop
      vertex 10.756 -7.19227 2.4
      vertex 12.0056 -9.03575 2.4
      vertex 10.9663 -7.06688 2.4
    endloop
  endfacet
  facet normal 0 0 1
    outer loop
      vertex 11.2156 -2.68508 2.4
      vertex 9.2127 -3.77562 2.4
      vertex 11.3183 -2.96412 2.4
    endloop
  endfacet
  facet normal 0 0 1
    outer loop
      vertex 11.1731 -6.93621 2.4
      vertex 10.9663 -7.06688 2.4
      vertex 12.292 -8.85693 2.4
    endloop
  endfacet
  facet normal 0 0 1
    outer loop
      vertex 10.9663 -7.06688 2.4
      vertex 12.0056 -9.03575 2.4
      vertex 12.292 -8.85693 2.4
    endloop
  endfacet
  facet normal 0 0 1
    outer loop
      vertex 11.1228 -2.40164 2.4
      vertex 9.08191 -3.4215 2.4
      vertex 11.2156 -2.68508 2.4
    endloop
  endfacet
  facet normal 0 0 1
    outer loop
      vertex 17.0703 1.56766 2.4
      vertex 17.0058 1.94868 2.4
      vertex 14.7886 1.52691 2.4
    endloop
  endfacet
  facet normal 0 0 1
    outer loop
      vertex 8.96392 -3.0615 2.4
      vertex 11.1228 -2.40164 2.4
      vertex 11.0402 -2.11399 2.4
    endloop
  endfacet
  facet normal 0 0 1
    outer loop
      vertex 12.5727 -8.66956 2.4
      vertex 11.1731 -6.93621 2.4
      vertex 12.292 -8.85693 2.4
    endloop
  endfacet
  facet normal 0 0 1
    outer loop
      vertex 16.7554 -7.99971 2.4
      vertex 16.5172 -7.92323 2.4
      vertex 15.8158 -10.0327 2.4
    endloop
  endfacet
  facet normal 0 -0 1
    outer loop
      vertex 12.5727 -8.66956 2.4
      vertex 12.8474 -8.4738 2.4
      vertex 11.1731 -6.93621 2.4
    endloop
  endfacet
  facet normal 0 -0 1
    outer loop
      vertex 11.1133 -9.51905 2.4
      vertex 11.416 -9.36699 2.4
      vertex 10.3249 -7.4266 2.4
    endloop
  endfacet
  facet normal 0 0 1
    outer loop
      vertex 10.8055 -9.66184 2.4
      vertex 10.1043 -7.53523 2.4
      vertex 9.88032 -7.63797 2.4
    endloop
  endfacet
  facet normal 0 0 1
    outer loop
      vertex 10.4928 -9.79517 2.4
      vertex 9.88032 -7.63797 2.4
      vertex 9.65307 -7.73465 2.4
    endloop
  endfacet
  facet normal 0 0 1
    outer loop
      vertex 10.4928 -9.79517 2.4
      vertex 9.65307 -7.73465 2.4
      vertex 9.42259 -7.82514 2.4
    endloop
  endfacet
  facet normal 0 0 1
    outer loop
      vertex 10.1753 -9.91886 2.4
      vertex 9.42259 -7.82514 2.4
      vertex 9.18894 -7.90927 2.4
    endloop
  endfacet
  facet normal 0 0 1
    outer loop
      vertex 10.1753 -9.91886 2.4
      vertex 9.18894 -7.90927 2.4
      vertex 9.85335 -10.0327 2.4
    endloop
  endfacet
  facet normal 0 0 1
    outer loop
      vertex 9.85335 -10.0327 2.4
      vertex 8.95216 -7.98689 2.4
      vertex 9.52703 -10.1366 2.4
    endloop
  endfacet
  facet normal 0 0 1
    outer loop
      vertex 8.95216 -7.98689 2.4
      vertex 8.7123 -8.05785 2.4
      vertex 9.52703 -10.1366 2.4
    endloop
  endfacet
  facet normal 0 0 1
    outer loop
      vertex 8.7123 -8.05785 2.4
      vertex 8.46942 -8.122 2.4
      vertex 9.19653 -10.2303 2.4
    endloop
  endfacet
  facet normal 0 0 1
    outer loop
      vertex 8.46942 -8.122 2.4
      vertex 8.86204 -10.3137 2.4
      vertex 9.19653 -10.2303 2.4
    endloop
  endfacet
  facet normal -0 0 1
    outer loop
      vertex 8.22357 -8.17917 2.4
      vertex 8.86204 -10.3137 2.4
      vertex 8.46942 -8.122 2.4
    endloop
  endfacet
  facet normal -0 0 1
    outer loop
      vertex 7.9748 -8.22922 2.4
      vertex 8.52372 -10.3865 2.4
      vertex 8.22357 -8.17917 2.4
    endloop
  endfacet
  facet normal 0 -0 1
    outer loop
      vertex 8.18177 -10.4486 2.4
      vertex 8.52372 -10.3865 2.4
      vertex 7.9748 -8.22922 2.4
    endloop
  endfacet
  facet normal 0 -0 1
    outer loop
      vertex 7.83635 -10.4999 2.4
      vertex 8.18177 -10.4486 2.4
      vertex 7.72316 -8.27199 2.4
    endloop
  endfacet
  facet normal 0 0 1
    outer loop
      vertex 7.83635 -10.4999 2.4
      vertex 7.72316 -8.27199 2.4
      vertex 7.4687 -8.30733 2.4
    endloop
  endfacet
  facet normal 0 0 1
    outer loop
      vertex 7.48766 -10.54 2.4
      vertex 7.4687 -8.30733 2.4
      vertex 7.21147 -8.33508 2.4
    endloop
  endfacet
  facet normal 0 0 1
    outer loop
      vertex 7.48766 -10.54 2.4
      vertex 7.21147 -8.33508 2.4
      vertex 7.13586 -10.5689 2.4
    endloop
  endfacet
  facet normal 0 0 1
    outer loop
      vertex 7.13586 -10.5689 2.4
      vertex 6.95152 -8.35509 2.4
      vertex 6.78115 -10.5864 2.4
    endloop
  endfacet
  facet normal 0 0 1
    outer loop
      vertex 6.95152 -8.35509 2.4
      vertex 6.68891 -8.36722 2.4
      vertex 6.78115 -10.5864 2.4
    endloop
  endfacet
  facet normal -0 0 1
    outer loop
      vertex 8.6277 1.56766 2.4
      vertex 10.8552 1.22789 2.4
      vertex 8.69377 1.94868 2.4
    endloop
  endfacet
  facet normal 0 0 1
    outer loop
      vertex 16.5172 -7.92323 2.4
      vertex 16.282 -7.8399 2.4
      vertex 15.8158 -10.0327 2.4
    endloop
  endfacet
  facet normal 0 0 1
    outer loop
      vertex 16.282 -7.8399 2.4
      vertex 15.4941 -9.91886 2.4
      vertex 15.8158 -10.0327 2.4
    endloop
  endfacet
  facet normal 0 0 1
    outer loop
      vertex 16.0498 -7.74981 2.4
      vertex 15.4941 -9.91886 2.4
      vertex 16.282 -7.8399 2.4
    endloop
  endfacet
  facet normal -0 0 1
    outer loop
      vertex 15.1774 -9.79517 2.4
      vertex 15.4941 -9.91886 2.4
      vertex 16.0498 -7.74981 2.4
    endloop
  endfacet
  facet normal 0 0 1
    outer loop
      vertex 15.1774 -9.79517 2.4
      vertex 16.0498 -7.74981 2.4
      vertex 15.8209 -7.65304 2.4
    endloop
  endfacet
  facet normal 0 -0 1
    outer loop
      vertex 15.1774 -9.79517 2.4
      vertex 15.8209 -7.65304 2.4
      vertex 14.866 -9.66184 2.4
    endloop
  endfacet
  facet normal 0 0 1
    outer loop
      vertex 15.8209 -7.65304 2.4
      vertex 15.5953 -7.54965 2.4
      vertex 14.866 -9.66184 2.4
    endloop
  endfacet
  facet normal -0 0 1
    outer loop
      vertex 14.5599 -9.51905 2.4
      vertex 14.866 -9.66184 2.4
      vertex 15.5953 -7.54965 2.4
    endloop
  endfacet
  facet normal -0 0 1
    outer loop
      vertex 14.2595 -9.36699 2.4
      vertex 14.5599 -9.51905 2.4
      vertex 15.3731 -7.43972 2.4
    endloop
  endfacet
  facet normal -0 0 1
    outer loop
      vertex 13.9648 -9.20583 2.4
      vertex 14.2595 -9.36699 2.4
      vertex 15.1545 -7.32334 2.4
    endloop
  endfacet
  facet normal 0 0 1
    outer loop
      vertex 14.9397 -7.20057 2.4
      vertex 14.7287 -7.07151 2.4
      vertex 13.6761 -9.03575 2.4
    endloop
  endfacet
  facet normal 0 0 1
    outer loop
      vertex 14.7287 -7.07151 2.4
      vertex 14.5216 -6.93621 2.4
      vertex 13.3935 -8.85693 2.4
    endloop
  endfacet
  facet normal -0 0 1
    outer loop
      vertex 13.1172 -8.66956 2.4
      vertex 13.3935 -8.85693 2.4
      vertex 14.5216 -6.93621 2.4
    endloop
  endfacet
  facet normal 0 -0 1
    outer loop
      vertex 13.1172 -8.66956 2.4
      vertex 14.5216 -6.93621 2.4
      vertex 12.8474 -8.4738 2.4
    endloop
  endfacet
  facet normal 0 0 1
    outer loop
      vertex 12.8474 -5.46697 2.4
      vertex 11.1731 -6.93621 2.4
      vertex 12.8474 -8.4738 2.4
    endloop
  endfacet
  facet normal 0 0 1
    outer loop
      vertex 12.6565 -5.24329 2.4
      vertex 11.1731 -6.93621 2.4
      vertex 12.8474 -5.46697 2.4
    endloop
  endfacet
  facet normal 0 0 1
    outer loop
      vertex 13.3961 -4.77675 2.4
      vertex 13.2213 -5.01314 2.4
      vertex 14.9948 -6.3656 2.4
    endloop
  endfacet
  facet normal 0 0 1
    outer loop
      vertex 12.6565 -5.24329 2.4
      vertex 10.9271 -6.65513 2.4
      vertex 11.1731 -6.93621 2.4
    endloop
  endfacet
  facet normal 0 0 1
    outer loop
      vertex 15.4286 -5.76218 2.4
      vertex 13.5627 -4.53431 2.4
      vertex 15.2168 -6.06786 2.4
    endloop
  endfacet
  facet normal 0 0 1
    outer loop
      vertex 13.8702 -4.03209 2.4
      vertex 13.7208 -4.28602 2.4
      vertex 15.63 -5.44881 2.4
    endloop
  endfacet
  facet normal -0 0 1
    outer loop
      vertex 14.142 -3.50815 2.4
      vertex 16.1683 -4.46514 2.4
      vertex 14.264 -3.23854 2.4
    endloop
  endfacet
  facet normal 0 -0 1
    outer loop
      vertex 15.8206 -5.12801 2.4
      vertex 16.0001 -4.80004 2.4
      vertex 14.0106 -3.77274 2.4
    endloop
  endfacet
  facet normal 0 -0 1
    outer loop
      vertex 10.6917 -6.3656 2.4
      vertex 12.2986 -4.77675 2.4
      vertex 10.4669 -6.06786 2.4
    endloop
  endfacet
  facet normal 0 0 1
    outer loop
      vertex 14.3764 -2.96412 2.4
      vertex 14.264 -3.23854 2.4
      vertex 16.3248 -4.12358 2.4
    endloop
  endfacet
  facet normal 0 0 1
    outer loop
      vertex 10.9679 1.82235 2.4
      vertex 8.77367 2.32483 2.4
      vertex 10.9062 1.52691 2.4
    endloop
  endfacet
  facet normal 0 0 1
    outer loop
      vertex 21.8447 10.284 2.4
      vertex 21.3099 8.1274 2.4
      vertex 21.9534 7.94351 2.4
    endloop
  endfacet
  facet normal 0 0 1
    outer loop
      vertex 21.8447 10.284 2.4
      vertex 21.9534 7.94351 2.4
      vertex 22.6568 10.0516 2.4
    endloop
  endfacet
  facet normal 0 0 1
    outer loop
      vertex 9.37 4.12359 2.4
      vertex 9.22551 3.77563 2.4
      vertex 11.3183 2.96413 2.4
    endloop
  endfacet
  facet normal 0 -0 1
    outer loop
      vertex 18.7432 8.35511 2.4
      vertex 18.9136 10.5864 2.4
      vertex 18.5589 10.5689 2.4
    endloop
  endfacet
  facet normal 0 0 1
    outer loop
      vertex 19.2711 10.5923 2.4
      vertex 19.0058 8.36723 2.4
      vertex 19.2711 8.3713 2.4
    endloop
  endfacet
  facet normal -0 0 1
    outer loop
      vertex 9.37 4.12359 2.4
      vertex 11.4308 3.23855 2.4
      vertex 9.52647 4.46515 2.4
    endloop
  endfacet
  facet normal -0 0 1
    outer loop
      vertex 18.2071 10.54 2.4
      vertex 18.4833 8.33509 2.4
      vertex 18.5589 10.5689 2.4
    endloop
  endfacet
  facet normal 0 -0 1
    outer loop
      vertex 11.4308 3.23855 2.4
      vertex 11.5528 3.50816 2.4
      vertex 9.52647 4.46515 2.4
    endloop
  endfacet
  facet normal -0 0 1
    outer loop
      vertex 17.171 10.3865 2.4
      vertex 17.72 8.22923 2.4
      vertex 17.513 10.4486 2.4
    endloop
  endfacet
  facet normal 0 0 1
    outer loop
      vertex 18.2261 8.30734 2.4
      vertex 17.8584 10.4999 2.4
      vertex 17.9716 8.272 2.4
    endloop
  endfacet
  facet normal 0 0 1
    outer loop
      vertex 16.5058 7.90929 2.4
      vertex 15.8414 10.0327 2.4
      vertex 15.5194 9.91887 2.4
    endloop
  endfacet
  facet normal 0 0 1
    outer loop
      vertex 17.171 10.3865 2.4
      vertex 16.8327 10.3137 2.4
      vertex 17.4712 8.17918 2.4
    endloop
  endfacet
  facet normal -0 0 1
    outer loop
      vertex 16.1677 10.1366 2.4
      vertex 16.9825 8.05787 2.4
      vertex 16.4982 10.2303 2.4
    endloop
  endfacet
  facet normal 0 0 1
    outer loop
      vertex 17.2253 8.12201 2.4
      vertex 16.8327 10.3137 2.4
      vertex 16.4982 10.2303 2.4
    endloop
  endfacet
  facet normal 0 0 1
    outer loop
      vertex 16.1677 10.1366 2.4
      vertex 16.7426 7.98691 2.4
      vertex 16.9825 8.05787 2.4
    endloop
  endfacet
  facet normal 0 0 1
    outer loop
      vertex 16.7426 7.98691 2.4
      vertex 15.8414 10.0327 2.4
      vertex 16.5058 7.90929 2.4
    endloop
  endfacet
  facet normal -0 0 1
    outer loop
      vertex 15.202 9.79517 2.4
      vertex 16.2722 7.82515 2.4
      vertex 15.5194 9.91887 2.4
    endloop
  endfacet
  facet normal 0 0 1
    outer loop
      vertex 15.202 9.79517 2.4
      vertex 15.8144 7.63798 2.4
      vertex 16.0417 7.73467 2.4
    endloop
  endfacet
  facet normal 0 0 1
    outer loop
      vertex 15.202 9.79517 2.4
      vertex 16.0417 7.73467 2.4
      vertex 16.2722 7.82515 2.4
    endloop
  endfacet
  facet normal 0 0 1
    outer loop
      vertex 15.8144 7.63798 2.4
      vertex 14.8893 9.66184 2.4
      vertex 15.5905 7.53524 2.4
    endloop
  endfacet
  facet normal 0 -0 1
    outer loop
      vertex 15.3698 7.42661 2.4
      vertex 15.5905 7.53524 2.4
      vertex 14.5815 9.51906 2.4
    endloop
  endfacet
  facet normal 0 0 1
    outer loop
      vertex 15.5905 7.53524 2.4
      vertex 14.8893 9.66184 2.4
      vertex 14.5815 9.51906 2.4
    endloop
  endfacet
  facet normal 0 0 1
    outer loop
      vertex 14.2787 9.36699 2.4
      vertex 15.1526 7.31224 2.4
      vertex 15.3698 7.42661 2.4
    endloop
  endfacet
  facet normal 0 0 1
    outer loop
      vertex 15.1526 7.31224 2.4
      vertex 13.9812 9.20583 2.4
      vertex 14.9388 7.19228 2.4
    endloop
  endfacet
  facet normal 0 0 1
    outer loop
      vertex 14.2787 9.36699 2.4
      vertex 13.9812 9.20583 2.4
      vertex 15.1526 7.31224 2.4
    endloop
  endfacet
  facet normal 0 0 1
    outer loop
      vertex 21.0079 10.4534 2.4
      vertex 20.6468 8.26145 2.4
      vertex 21.3099 8.1274 2.4
    endloop
  endfacet
  facet normal 0 0 1
    outer loop
      vertex 19.9665 8.34348 2.4
      vertex 19.2711 10.5923 2.4
      vertex 19.2711 8.3713 2.4
    endloop
  endfacet
  facet normal 0 0 1
    outer loop
      vertex 14.9388 7.19228 2.4
      vertex 13.9812 9.20583 2.4
      vertex 13.6892 9.03575 2.4
    endloop
  endfacet
  facet normal 0 0 1
    outer loop
      vertex 11.6841 3.77274 2.4
      vertex 9.69463 4.80005 2.4
      vertex 11.5528 3.50816 2.4
    endloop
  endfacet
  facet normal -0 0 1
    outer loop
      vertex 13.4027 8.85694 2.4
      vertex 14.7284 7.06689 2.4
      vertex 13.6892 9.03575 2.4
    endloop
  endfacet
  facet normal 0 -0 1
    outer loop
      vertex 14.7284 7.06689 2.4
      vertex 14.9388 7.19228 2.4
      vertex 13.6892 9.03575 2.4
    endloop
  endfacet
  facet normal -0 0 1
    outer loop
      vertex 12.8474 5.46697 2.4
      vertex 13.0383 5.24329 2.4
      vertex 14.5216 6.93622 2.4
    endloop
  endfacet
  facet normal 0 -0 1
    outer loop
      vertex 17.72 8.22923 2.4
      vertex 17.9716 8.272 2.4
      vertex 17.513 10.4486 2.4
    endloop
  endfacet
  facet normal 0 -0 1
    outer loop
      vertex 17.2253 8.12201 2.4
      vertex 17.4712 8.17918 2.4
      vertex 16.8327 10.3137 2.4
    endloop
  endfacet
  facet normal -0 0 1
    outer loop
      vertex 9.87417 5.12802 2.4
      vertex 11.8246 4.0321 2.4
      vertex 10.0648 5.44882 2.4
    endloop
  endfacet
  facet normal 0 0 1
    outer loop
      vertex 13.4027 8.85694 2.4
      vertex 14.5216 6.93622 2.4
      vertex 14.7284 7.06689 2.4
    endloop
  endfacet
  facet normal 0 0 1
    outer loop
      vertex 12.132 4.53431 2.4
      vertex 10.478 6.06787 2.4
      vertex 10.2662 5.76219 2.4
    endloop
  endfacet
  facet normal 0 0 1
    outer loop
      vertex 12.132 4.53431 2.4
      vertex 10.2662 5.76219 2.4
      vertex 11.9739 4.28602 2.4
    endloop
  endfacet
  facet normal 0 0 1
    outer loop
      vertex 14.5216 6.93622 2.4
      vertex 13.1221 8.66956 2.4
      vertex 12.8474 8.4738 2.4
    endloop
  endfacet
  facet normal 0 0 1
    outer loop
      vertex 13.4027 8.85694 2.4
      vertex 13.1221 8.66956 2.4
      vertex 14.5216 6.93622 2.4
    endloop
  endfacet
  facet normal 0 0 1
    outer loop
      vertex 11.1731 6.93622 2.4
      vertex 12.6565 5.24329 2.4
      vertex 12.8474 5.46697 2.4
    endloop
  endfacet
  facet normal 0 0 1
    outer loop
      vertex 15.3698 7.42661 2.4
      vertex 14.5815 9.51906 2.4
      vertex 14.2787 9.36699 2.4
    endloop
  endfacet
  facet normal 0 0 1
    outer loop
      vertex 15.8144 7.63798 2.4
      vertex 15.202 9.79517 2.4
      vertex 14.8893 9.66184 2.4
    endloop
  endfacet
  facet normal 0 0 1
    outer loop
      vertex 15.5194 9.91887 2.4
      vertex 16.2722 7.82515 2.4
      vertex 16.5058 7.90929 2.4
    endloop
  endfacet
  facet normal -0 0 1
    outer loop
      vertex 15.8414 10.0327 2.4
      vertex 16.7426 7.98691 2.4
      vertex 16.1677 10.1366 2.4
    endloop
  endfacet
  facet normal 0 0 1
    outer loop
      vertex 16.4982 10.2303 2.4
      vertex 16.9825 8.05787 2.4
      vertex 17.2253 8.12201 2.4
    endloop
  endfacet
  facet normal 0 -0 1
    outer loop
      vertex 17.4712 8.17918 2.4
      vertex 17.72 8.22923 2.4
      vertex 17.171 10.3865 2.4
    endloop
  endfacet
  facet normal 0 0 1
    outer loop
      vertex 17.8584 10.4999 2.4
      vertex 17.513 10.4486 2.4
      vertex 17.9716 8.272 2.4
    endloop
  endfacet
  facet normal 0 0 1
    outer loop
      vertex 18.2071 10.54 2.4
      vertex 17.8584 10.4999 2.4
      vertex 18.2261 8.30734 2.4
    endloop
  endfacet
  facet normal 0 0 1
    outer loop
      vertex 18.2071 10.54 2.4
      vertex 18.2261 8.30734 2.4
      vertex 18.4833 8.33509 2.4
    endloop
  endfacet
  facet normal 0 0 1
    outer loop
      vertex 18.5589 10.5689 2.4
      vertex 18.4833 8.33509 2.4
      vertex 18.7432 8.35511 2.4
    endloop
  endfacet
  facet normal 0 0 1
    outer loop
      vertex 18.7432 8.35511 2.4
      vertex 19.0058 8.36723 2.4
      vertex 18.9136 10.5864 2.4
    endloop
  endfacet
  facet normal 0 -0 1
    outer loop
      vertex 19.0058 8.36723 2.4
      vertex 19.2711 10.5923 2.4
      vertex 18.9136 10.5864 2.4
    endloop
  endfacet
  facet normal 0 0 1
    outer loop
      vertex 20.1491 10.5571 2.4
      vertex 19.2711 10.5923 2.4
      vertex 19.9665 8.34348 2.4
    endloop
  endfacet
  facet normal 0 -0 1
    outer loop
      vertex 20.6468 8.26145 2.4
      vertex 21.0079 10.4534 2.4
      vertex 20.1491 10.5571 2.4
    endloop
  endfacet
  facet normal -0 0 1
    outer loop
      vertex 19.9665 8.34348 2.4
      vertex 20.6468 8.26145 2.4
      vertex 20.1491 10.5571 2.4
    endloop
  endfacet
  facet normal 0 0 1
    outer loop
      vertex 21.8447 10.284 2.4
      vertex 21.0079 10.4534 2.4
      vertex 21.3099 8.1274 2.4
    endloop
  endfacet
  facet normal -0 0 1
    outer loop
      vertex 21.9534 7.94351 2.4
      vertex 22.5753 7.71196 2.4
      vertex 22.6568 10.0516 2.4
    endloop
  endfacet
  facet normal 0 0 1
    outer loop
      vertex 22.5753 7.71196 2.4
      vertex 23.4412 9.75887 2.4
      vertex 22.6568 10.0516 2.4
    endloop
  endfacet
  facet normal 0 0 1
    outer loop
      vertex 23.1732 7.43491 2.4
      vertex 24.1953 9.40862 2.4
      vertex 23.4412 9.75887 2.4
    endloop
  endfacet
  facet normal 0 0 1
    outer loop
      vertex 24.1953 9.40862 2.4
      vertex 23.1732 7.43491 2.4
      vertex 23.7448 7.11456 2.4
    endloop
  endfacet
  facet normal -0 0 1
    outer loop
      vertex 24.2881 6.75308 2.4
      vertex 24.8007 6.35264 2.4
      vertex 25.6013 8.54652 2.4
    endloop
  endfacet
  facet normal -0 0 1
    outer loop
      vertex 24.8007 6.35264 2.4
      vertex 25.2805 5.91543 2.4
      vertex 26.2475 8.04013 2.4
    endloop
  endfacet
  facet normal 0 0 1
    outer loop
      vertex 26.8522 7.48719 2.4
      vertex 26.2475 8.04013 2.4
      vertex 25.2805 5.91543 2.4
    endloop
  endfacet
  facet normal 0 -0 1
    outer loop
      vertex 26.1324 4.93941 2.4
      vertex 27.4126 6.89042 2.4
      vertex 25.7251 5.44363 2.4
    endloop
  endfacet
  facet normal 0 0 1
    outer loop
      vertex 25.7251 5.44363 2.4
      vertex 27.4126 6.89042 2.4
      vertex 26.8522 7.48719 2.4
    endloop
  endfacet
  facet normal 0 -0 1
    outer loop
      vertex 26.5001 4.40495 2.4
      vertex 27.9258 6.25257 2.4
      vertex 26.1324 4.93941 2.4
    endloop
  endfacet
  facet normal 0 0 1
    outer loop
      vertex 26.1324 4.93941 2.4
      vertex 27.9258 6.25257 2.4
      vertex 27.4126 6.89042 2.4
    endloop
  endfacet
  facet normal 0 0 1
    outer loop
      vertex 26.5001 4.40495 2.4
      vertex 28.3892 5.57639 2.4
      vertex 27.9258 6.25257 2.4
    endloop
  endfacet
  facet normal 0 0 1
    outer loop
      vertex 28.7998 4.86461 2.4
      vertex 28.3892 5.57639 2.4
      vertex 26.826 3.84243 2.4
    endloop
  endfacet
  facet normal 0 -0 1
    outer loop
      vertex 26.826 3.84243 2.4
      vertex 28.3892 5.57639 2.4
      vertex 26.5001 4.40495 2.4
    endloop
  endfacet
  facet normal 0 0 1
    outer loop
      vertex 27.108 3.25403 2.4
      vertex 29.1549 4.11998 2.4
      vertex 28.7998 4.86461 2.4
    endloop
  endfacet
  facet normal 0 0 1
    outer loop
      vertex 27.3436 2.64192 2.4
      vertex 29.4517 3.34524 2.4
      vertex 29.1549 4.11998 2.4
    endloop
  endfacet
  facet normal 0 0 1
    outer loop
      vertex 29.4517 3.34524 2.4
      vertex 27.3436 2.64192 2.4
      vertex 27.5308 2.00828 2.4
    endloop
  endfacet
  facet normal 0 0 1
    outer loop
      vertex 29.8592 1.71639 2.4
      vertex 29.6874 2.54313 2.4
      vertex 27.6672 1.3553 2.4
    endloop
  endfacet
  facet normal 0 -0 1
    outer loop
      vertex 27.6672 1.3553 2.4
      vertex 29.6874 2.54313 2.4
      vertex 27.5308 2.00828 2.4
    endloop
  endfacet
  facet normal 0 0 1
    outer loop
      vertex 29.9643 0.867769 2.4
      vertex 29.8592 1.71639 2.4
      vertex 27.7507 0.685147 2.4
    endloop
  endfacet
  facet normal 0 -0 1
    outer loop
      vertex 27.7507 0.685147 2.4
      vertex 29.8592 1.71639 2.4
      vertex 27.6672 1.3553 2.4
    endloop
  endfacet
  facet normal 0 0 1
    outer loop
      vertex 29.9643 0.867769 2.4
      vertex 27.7507 0.685147 2.4
      vertex 27.779 5.19039e-06 2.4
    endloop
  endfacet
  facet normal 0 0 1
    outer loop
      vertex 30 5.19039e-06 2.4
      vertex 27.779 5.19039e-06 2.4
      vertex 29.9643 -0.867761 2.4
    endloop
  endfacet
  facet normal 0 0 1
    outer loop
      vertex 29.8592 -1.71638 2.4
      vertex 27.7507 -0.685137 2.4
      vertex 27.6672 -1.35529 2.4
    endloop
  endfacet
  facet normal 0 -0 1
    outer loop
      vertex 29.8592 -1.71638 2.4
      vertex 29.9643 -0.867761 2.4
      vertex 27.7507 -0.685137 2.4
    endloop
  endfacet
  facet normal 0 0 1
    outer loop
      vertex 29.6874 -2.54312 2.4
      vertex 27.6672 -1.35529 2.4
      vertex 27.5308 -2.00827 2.4
    endloop
  endfacet
  facet normal 0 -0 1
    outer loop
      vertex 29.6874 -2.54312 2.4
      vertex 29.8592 -1.71638 2.4
      vertex 27.6672 -1.35529 2.4
    endloop
  endfacet
  facet normal 0 0 1
    outer loop
      vertex 29.6874 -2.54312 2.4
      vertex 27.5308 -2.00827 2.4
      vertex 29.4517 -3.34524 2.4
    endloop
  endfacet
  facet normal -0 0 1
    outer loop
      vertex 27.108 -3.25402 2.4
      vertex 29.1549 -4.11998 2.4
      vertex 27.3436 -2.64191 2.4
    endloop
  endfacet
  facet normal 0 0 1
    outer loop
      vertex 28.7998 -4.86461 2.4
      vertex 27.108 -3.25402 2.4
      vertex 26.826 -3.84242 2.4
    endloop
  endfacet
  facet normal 0 -0 1
    outer loop
      vertex 28.7998 -4.86461 2.4
      vertex 29.1549 -4.11998 2.4
      vertex 27.108 -3.25402 2.4
    endloop
  endfacet
  facet normal 0 0 1
    outer loop
      vertex 28.7998 -4.86461 2.4
      vertex 26.826 -3.84242 2.4
      vertex 28.3892 -5.57639 2.4
    endloop
  endfacet
  facet normal -0 0 1
    outer loop
      vertex 26.1324 -4.9394 2.4
      vertex 27.9258 -6.25257 2.4
      vertex 26.5001 -4.40494 2.4
    endloop
  endfacet
  facet normal 0 -0 1
    outer loop
      vertex 27.4126 -6.89042 2.4
      vertex 27.9258 -6.25257 2.4
      vertex 26.1324 -4.9394 2.4
    endloop
  endfacet
  facet normal 0 -0 1
    outer loop
      vertex 26.8522 -7.48719 2.4
      vertex 27.4126 -6.89042 2.4
      vertex 25.7251 -5.44362 2.4
    endloop
  endfacet
  facet normal 0 0 1
    outer loop
      vertex 26.8522 -7.48719 2.4
      vertex 25.7251 -5.44362 2.4
      vertex 25.2805 -5.91543 2.4
    endloop
  endfacet
  facet normal 0 0 1
    outer loop
      vertex 26.2475 -8.04013 2.4
      vertex 25.2805 -5.91543 2.4
      vertex 24.8007 -6.35263 2.4
    endloop
  endfacet
  facet normal 0 0 1
    outer loop
      vertex 26.2475 -8.04013 2.4
      vertex 24.8007 -6.35263 2.4
      vertex 25.6013 -8.54651 2.4
    endloop
  endfacet
  facet normal 0 0 1
    outer loop
      vertex 25.6013 -8.54651 2.4
      vertex 24.2881 -6.75307 2.4
      vertex 24.9163 -9.00359 2.4
    endloop
  endfacet
  facet normal 0 0 1
    outer loop
      vertex 24.2881 -6.75307 2.4
      vertex 23.7448 -7.11455 2.4
      vertex 24.9163 -9.00359 2.4
    endloop
  endfacet
  facet normal 0 0 1
    outer loop
      vertex 23.7448 -7.11455 2.4
      vertex 23.1732 -7.4349 2.4
      vertex 24.1953 -9.40862 2.4
    endloop
  endfacet
  facet normal 0 0 1
    outer loop
      vertex 23.1732 -7.4349 2.4
      vertex 23.4412 -9.75886 2.4
      vertex 24.1953 -9.40862 2.4
    endloop
  endfacet
  facet normal 0 0 1
    outer loop
      vertex 22.5753 -7.71194 2.4
      vertex 22.6568 -10.0516 2.4
      vertex 23.4412 -9.75886 2.4
    endloop
  endfacet
  facet normal -0 0 1
    outer loop
      vertex 21.9534 -7.9435 2.4
      vertex 22.6568 -10.0516 2.4
      vertex 22.5753 -7.71194 2.4
    endloop
  endfacet
  facet normal -0 0 1
    outer loop
      vertex 21.3099 -8.12739 2.4
      vertex 21.8447 -10.284 2.4
      vertex 21.9534 -7.9435 2.4
    endloop
  endfacet
  facet normal 0 0 1
    outer loop
      vertex 21.0079 -10.4534 2.4
      vertex 21.8447 -10.284 2.4
      vertex 21.3099 -8.12739 2.4
    endloop
  endfacet
  facet normal 0 0 1
    outer loop
      vertex 20.1491 -10.5571 2.4
      vertex 21.0079 -10.4534 2.4
      vertex 20.6468 -8.26144 2.4
    endloop
  endfacet
  facet normal 0 0 1
    outer loop
      vertex 19.2711 -10.5923 2.4
      vertex 19.9665 -8.34346 2.4
      vertex 19.2711 -8.37129 2.4
    endloop
  endfacet
  facet normal 0 -0 1
    outer loop
      vertex 20.1491 -10.5571 2.4
      vertex 20.6468 -8.26144 2.4
      vertex 19.9665 -8.34346 2.4
    endloop
  endfacet
  facet normal 0 0 1
    outer loop
      vertex 12.4735 -5.01314 2.4
      vertex 12.2986 -4.77675 2.4
      vertex 10.6917 -6.3656 2.4
    endloop
  endfacet
  facet normal 0 -0 1
    outer loop
      vertex 10.9271 -6.65513 2.4
      vertex 12.4735 -5.01314 2.4
      vertex 10.6917 -6.3656 2.4
    endloop
  endfacet
  facet normal 0 -0 1
    outer loop
      vertex 14.9317 5.19039e-06 2.4
      vertex 17.1868 5.19039e-06 2.4
      vertex 14.9258 0.311333 2.4
    endloop
  endfacet
  facet normal 0 0 1
    outer loop
      vertex 11.5528 -3.50815 2.4
      vertex 9.51171 -4.46514 2.4
      vertex 9.67947 -4.80004 2.4
    endloop
  endfacet
  facet normal 0 -0 1
    outer loop
      vertex 14.9258 0.311333 2.4
      vertex 17.1794 0.39794 2.4
      vertex 14.9084 0.619891 2.4
    endloop
  endfacet
  facet normal 0 0 1
    outer loop
      vertex 11.4308 -3.23854 2.4
      vertex 9.35604 -4.12358 2.4
      vertex 9.51171 -4.46514 2.4
    endloop
  endfacet
  facet normal -0 0 1
    outer loop
      vertex 9.2127 -3.77562 2.4
      vertex 9.35604 -4.12358 2.4
      vertex 11.3183 -2.96412 2.4
    endloop
  endfacet
  facet normal -0 0 1
    outer loop
      vertex 14.4791 -2.68508 2.4
      vertex 16.6014 -3.4215 2.4
      vertex 14.5719 -2.40164 2.4
    endloop
  endfacet
  facet normal -0 0 1
    outer loop
      vertex 9.08191 -3.4215 2.4
      vertex 9.2127 -3.77562 2.4
      vertex 11.2156 -2.68508 2.4
    endloop
  endfacet
  facet normal 0 0 1
    outer loop
      vertex 14.5719 -2.40164 2.4
      vertex 16.6014 -3.4215 2.4
      vertex 16.721 -3.0615 2.4
    endloop
  endfacet
  facet normal -0 0 1
    outer loop
      vertex 8.96392 -3.0615 2.4
      vertex 9.08191 -3.4215 2.4
      vertex 11.1228 -2.40164 2.4
    endloop
  endfacet
  facet normal 0 0 1
    outer loop
      vertex 14.6546 -2.11399 2.4
      vertex 16.721 -3.0615 2.4
      vertex 16.8277 -2.69585 2.4
    endloop
  endfacet
  facet normal 0 0 1
    outer loop
      vertex 14.7268 1.82235 2.4
      vertex 17.0058 1.94868 2.4
      vertex 16.9275 2.32483 2.4
    endloop
  endfacet
  facet normal 0 0 1
    outer loop
      vertex 11.0402 -2.11399 2.4
      vertex 8.85894 -2.69585 2.4
      vertex 8.96392 -3.0615 2.4
    endloop
  endfacet
  facet normal -0 0 1
    outer loop
      vertex 14.6546 2.114 2.4
      vertex 14.7268 1.82235 2.4
      vertex 16.8358 2.69586 2.4
    endloop
  endfacet
  facet normal 0 0 1
    outer loop
      vertex 10.9679 -1.82234 2.4
      vertex 8.76721 -2.32482 2.4
      vertex 8.85894 -2.69585 2.4
    endloop
  endfacet
  facet normal 0 0 1
    outer loop
      vertex 16.7308 3.06151 2.4
      vertex 14.5719 2.40164 2.4
      vertex 14.6546 2.114 2.4
    endloop
  endfacet
  facet normal 0 0 1
    outer loop
      vertex 8.62442 -1.56765 2.4
      vertex 10.9062 -1.5269 2.4
      vertex 10.8552 -1.22788 2.4
    endloop
  endfacet
  facet normal 0 0 1
    outer loop
      vertex 17.119 -1.18201 2.4
      vertex 14.8395 -1.22788 2.4
      vertex 17.0671 -1.56765 2.4
    endloop
  endfacet
  facet normal -0 0 1
    outer loop
      vertex 8.57382 -1.18201 2.4
      vertex 10.8552 -1.22788 2.4
      vertex 10.8152 -0.925468 2.4
    endloop
  endfacet
  facet normal 0 0 1
    outer loop
      vertex 17.119 -1.18201 2.4
      vertex 14.8795 -0.925468 2.4
      vertex 14.8395 -1.22788 2.4
    endloop
  endfacet
  facet normal 0 -0 1
    outer loop
      vertex 8.57382 -1.18201 2.4
      vertex 10.8152 -0.925468 2.4
      vertex 8.53739 -0.79202 2.4
    endloop
  endfacet
  facet normal 0 0 1
    outer loop
      vertex 17.1564 -0.79202 2.4
      vertex 14.9084 -0.619881 2.4
      vertex 14.8795 -0.925468 2.4
    endloop
  endfacet
  facet normal 0 0 1
    outer loop
      vertex 14.3764 2.96413 2.4
      vertex 16.4821 3.77563 2.4
      vertex 16.3387 4.12359 2.4
    endloop
  endfacet
  facet normal 0 0 1
    outer loop
      vertex 8.51537 -0.397929 2.4
      vertex 8.53739 -0.79202 2.4
      vertex 10.7864 -0.619881 2.4
    endloop
  endfacet
  facet normal 0 0 1
    outer loop
      vertex 16.183 4.46515 2.4
      vertex 14.264 3.23855 2.4
      vertex 16.3387 4.12359 2.4
    endloop
  endfacet
  facet normal 0 0 1
    outer loop
      vertex 16.0153 4.80005 2.4
      vertex 14.142 3.50816 2.4
      vertex 16.183 4.46515 2.4
    endloop
  endfacet
  facet normal -0 0 1
    outer loop
      vertex 8.51561 0.39794 2.4
      vertex 10.769 0.311333 2.4
      vertex 10.7864 0.619891 2.4
    endloop
  endfacet
  facet normal 0 0 1
    outer loop
      vertex 17.1794 0.39794 2.4
      vertex 14.9258 0.311333 2.4
      vertex 17.1868 5.19039e-06 2.4
    endloop
  endfacet
  facet normal -0 0 1
    outer loop
      vertex 8.53832 0.792033 2.4
      vertex 10.7864 0.619891 2.4
      vertex 10.8152 0.925478 2.4
    endloop
  endfacet
  facet normal 0 0 1
    outer loop
      vertex 17.1574 0.792033 2.4
      vertex 14.9084 0.619891 2.4
      vertex 17.1794 0.39794 2.4
    endloop
  endfacet
  facet normal 0 0 1
    outer loop
      vertex 8.53832 0.792033 2.4
      vertex 10.8152 0.925478 2.4
      vertex 8.57578 1.18202 2.4
    endloop
  endfacet
  facet normal 0 0 1
    outer loop
      vertex 17.1574 0.792033 2.4
      vertex 14.8795 0.925478 2.4
      vertex 14.9084 0.619891 2.4
    endloop
  endfacet
  facet normal 0 -0 1
    outer loop
      vertex 13.8702 4.0321 2.4
      vertex 15.6444 5.44882 2.4
      vertex 13.7208 4.28602 2.4
    endloop
  endfacet
  facet normal 0 0 1
    outer loop
      vertex 8.6277 1.56766 2.4
      vertex 8.57578 1.18202 2.4
      vertex 10.8552 1.22789 2.4
    endloop
  endfacet
  facet normal 0 0 1
    outer loop
      vertex 13.7208 4.28602 2.4
      vertex 15.6444 5.44882 2.4
      vertex 15.4417 5.76219 2.4
    endloop
  endfacet
  facet normal 0 0 1
    outer loop
      vertex 8.8671 2.69586 2.4
      vertex 8.77367 2.32483 2.4
      vertex 10.9679 1.82235 2.4
    endloop
  endfacet
  facet normal 0 -0 1
    outer loop
      vertex 13.7208 4.28602 2.4
      vertex 15.4417 5.76219 2.4
      vertex 13.5627 4.53431 2.4
    endloop
  endfacet
  facet normal 0 0 1
    outer loop
      vertex 11.0402 2.114 2.4
      vertex 8.97376 3.06151 2.4
      vertex 8.8671 2.69586 2.4
    endloop
  endfacet
  facet normal 0 0 1
    outer loop
      vertex 15.2279 6.06787 2.4
      vertex 15.0031 6.36561 2.4
      vertex 13.3961 4.77675 2.4
    endloop
  endfacet
  facet normal 0 0 1
    outer loop
      vertex 9.22551 3.77563 2.4
      vertex 11.2156 2.68509 2.4
      vertex 11.3183 2.96413 2.4
    endloop
  endfacet
  facet normal 0 0 1
    outer loop
      vertex 15.0031 6.36561 2.4
      vertex 13.2213 5.01314 2.4
      vertex 13.3961 4.77675 2.4
    endloop
  endfacet
  facet normal 0 0 1
    outer loop
      vertex 13.2213 5.01314 2.4
      vertex 15.0031 6.36561 2.4
      vertex 14.7676 6.65514 2.4
    endloop
  endfacet
  facet normal 0 -0 1
    outer loop
      vertex 11.3183 2.96413 2.4
      vertex 11.4308 3.23855 2.4
      vertex 9.37 4.12359 2.4
    endloop
  endfacet
  facet normal -0 0 1
    outer loop
      vertex 9.52647 4.46515 2.4
      vertex 11.5528 3.50816 2.4
      vertex 9.69463 4.80005 2.4
    endloop
  endfacet
  facet normal -0 0 1
    outer loop
      vertex 13.0383 5.24329 2.4
      vertex 13.2213 5.01314 2.4
      vertex 14.7676 6.65514 2.4
    endloop
  endfacet
  facet normal 0 0 1
    outer loop
      vertex 11.6841 3.77274 2.4
      vertex 9.87417 5.12802 2.4
      vertex 9.69463 4.80005 2.4
    endloop
  endfacet
  facet normal 0 0 1
    outer loop
      vertex 14.7676 6.65514 2.4
      vertex 14.5216 6.93622 2.4
      vertex 13.0383 5.24329 2.4
    endloop
  endfacet
  facet normal 0 0 1
    outer loop
      vertex 11.8246 4.0321 2.4
      vertex 9.87417 5.12802 2.4
      vertex 11.6841 3.77274 2.4
    endloop
  endfacet
  facet normal 0 0 1
    outer loop
      vertex 10.0648 5.44882 2.4
      vertex 11.8246 4.0321 2.4
      vertex 11.9739 4.28602 2.4
    endloop
  endfacet
  facet normal 0 0 1
    outer loop
      vertex 16.183 4.46515 2.4
      vertex 14.142 3.50816 2.4
      vertex 14.264 3.23855 2.4
    endloop
  endfacet
  facet normal -0 0 1
    outer loop
      vertex 10.0648 5.44882 2.4
      vertex 11.9739 4.28602 2.4
      vertex 10.2662 5.76219 2.4
    endloop
  endfacet
  facet normal 0 0 1
    outer loop
      vertex 12.2986 4.77675 2.4
      vertex 10.478 6.06787 2.4
      vertex 12.132 4.53431 2.4
    endloop
  endfacet
  facet normal 0 0 1
    outer loop
      vertex 10.7 6.36561 2.4
      vertex 10.478 6.06787 2.4
      vertex 12.2986 4.77675 2.4
    endloop
  endfacet
  facet normal 0 0 1
    outer loop
      vertex 10.7 6.36561 2.4
      vertex 12.2986 4.77675 2.4
      vertex 12.4735 5.01314 2.4
    endloop
  endfacet
  facet normal -0 0 1
    outer loop
      vertex 10.7 6.36561 2.4
      vertex 12.4735 5.01314 2.4
      vertex 10.9318 6.65514 2.4
    endloop
  endfacet
  facet normal 0 -0 1
    outer loop
      vertex 12.4735 5.01314 2.4
      vertex 12.6565 5.24329 2.4
      vertex 10.9318 6.65514 2.4
    endloop
  endfacet
  facet normal 0 0 1
    outer loop
      vertex 12.6565 5.24329 2.4
      vertex 11.1731 6.93622 2.4
      vertex 10.9318 6.65514 2.4
    endloop
  endfacet
  facet normal 0 -0 1
    outer loop
      vertex 12.8474 5.46697 2.4
      vertex 12.8474 8.4738 2.4
      vertex 11.1731 6.93622 2.4
    endloop
  endfacet
  facet normal 0 0 1
    outer loop
      vertex 14.5216 6.93622 2.4
      vertex 12.8474 8.4738 2.4
      vertex 12.8474 5.46697 2.4
    endloop
  endfacet
  facet normal 0 0 1
    outer loop
      vertex 15.2279 6.06787 2.4
      vertex 13.3961 4.77675 2.4
      vertex 13.5627 4.53431 2.4
    endloop
  endfacet
  facet normal 0 0 1
    outer loop
      vertex 13.8702 4.0321 2.4
      vertex 15.8357 5.12802 2.4
      vertex 15.6444 5.44882 2.4
    endloop
  endfacet
  facet normal 0 0 1
    outer loop
      vertex 14.0106 3.77274 2.4
      vertex 16.0153 4.80005 2.4
      vertex 15.8357 5.12802 2.4
    endloop
  endfacet
  facet normal 0 -0 1
    outer loop
      vertex 14.3764 2.96413 2.4
      vertex 16.3387 4.12359 2.4
      vertex 14.264 3.23855 2.4
    endloop
  endfacet
  facet normal 0 0 1
    outer loop
      vertex 16.4821 3.77563 2.4
      vertex 14.4791 2.68509 2.4
      vertex 16.6128 3.42152 2.4
    endloop
  endfacet
  facet normal 0 0 1
    outer loop
      vertex 14.5719 2.40164 2.4
      vertex 16.7308 3.06151 2.4
      vertex 16.6128 3.42152 2.4
    endloop
  endfacet
  facet normal 0 0 1
    outer loop
      vertex 16.7308 3.06151 2.4
      vertex 14.6546 2.114 2.4
      vertex 16.8358 2.69586 2.4
    endloop
  endfacet
  facet normal 0 0 1
    outer loop
      vertex 16.8358 2.69586 2.4
      vertex 14.7268 1.82235 2.4
      vertex 16.9275 2.32483 2.4
    endloop
  endfacet
  facet normal -0 0 1
    outer loop
      vertex 14.7268 1.82235 2.4
      vertex 14.7886 1.52691 2.4
      vertex 17.0058 1.94868 2.4
    endloop
  endfacet
  facet normal -0 0 1
    outer loop
      vertex 14.7886 1.52691 2.4
      vertex 14.8395 1.22789 2.4
      vertex 17.0703 1.56766 2.4
    endloop
  endfacet
  facet normal 0 0 1
    outer loop
      vertex 14.8395 1.22789 2.4
      vertex 14.8795 0.925478 2.4
      vertex 17.1209 1.18202 2.4
    endloop
  endfacet
  facet normal -0 0 1
    outer loop
      vertex 14.9317 5.19039e-06 2.4
      vertex 14.9258 -0.31132 2.4
      vertex 17.1868 5.19039e-06 2.4
    endloop
  endfacet
  facet normal 0 0 1
    outer loop
      vertex 14.9084 -0.619881 2.4
      vertex 17.1791 -0.397929 2.4
      vertex 14.9258 -0.31132 2.4
    endloop
  endfacet
  facet normal -0 0 1
    outer loop
      vertex 14.7886 -1.5269 2.4
      vertex 17.001 -1.94867 2.4
      vertex 14.8395 -1.22788 2.4
    endloop
  endfacet
  facet normal 0 0 1
    outer loop
      vertex 16.9211 -2.32482 2.4
      vertex 14.7886 -1.5269 2.4
      vertex 14.7268 -1.82234 2.4
    endloop
  endfacet
  facet normal 0 0 1
    outer loop
      vertex 16.9211 -2.32482 2.4
      vertex 14.7268 -1.82234 2.4
      vertex 16.8277 -2.69585 2.4
    endloop
  endfacet
  facet normal -0 0 1
    outer loop
      vertex 14.3764 -2.96412 2.4
      vertex 16.4692 -3.77562 2.4
      vertex 14.4791 -2.68508 2.4
    endloop
  endfacet
  facet normal 0 0 1
    outer loop
      vertex 14.3764 -2.96412 2.4
      vertex 16.3248 -4.12358 2.4
      vertex 16.4692 -3.77562 2.4
    endloop
  endfacet
  facet normal 0 0 1
    outer loop
      vertex 14.264 -3.23854 2.4
      vertex 16.1683 -4.46514 2.4
      vertex 16.3248 -4.12358 2.4
    endloop
  endfacet
  facet normal 0 0 1
    outer loop
      vertex 14.142 -3.50815 2.4
      vertex 16.0001 -4.80004 2.4
      vertex 16.1683 -4.46514 2.4
    endloop
  endfacet
  facet normal -0 0 1
    outer loop
      vertex 14.0106 -3.77274 2.4
      vertex 16.0001 -4.80004 2.4
      vertex 14.142 -3.50815 2.4
    endloop
  endfacet
  facet normal -0 0 1
    outer loop
      vertex 13.8702 -4.03209 2.4
      vertex 15.8206 -5.12801 2.4
      vertex 14.0106 -3.77274 2.4
    endloop
  endfacet
  facet normal 0 -0 1
    outer loop
      vertex 15.63 -5.44881 2.4
      vertex 15.8206 -5.12801 2.4
      vertex 13.8702 -4.03209 2.4
    endloop
  endfacet
  facet normal 0 -0 1
    outer loop
      vertex 15.4286 -5.76218 2.4
      vertex 15.63 -5.44881 2.4
      vertex 13.7208 -4.28602 2.4
    endloop
  endfacet
  facet normal 0 0 1
    outer loop
      vertex 15.4286 -5.76218 2.4
      vertex 13.7208 -4.28602 2.4
      vertex 13.5627 -4.53431 2.4
    endloop
  endfacet
  facet normal 0 0 1
    outer loop
      vertex 15.2168 -6.06786 2.4
      vertex 13.5627 -4.53431 2.4
      vertex 13.3961 -4.77675 2.4
    endloop
  endfacet
  facet normal 0 0 1
    outer loop
      vertex 15.2168 -6.06786 2.4
      vertex 13.3961 -4.77675 2.4
      vertex 14.9948 -6.3656 2.4
    endloop
  endfacet
  facet normal 0 0 1
    outer loop
      vertex 14.9948 -6.3656 2.4
      vertex 13.2213 -5.01314 2.4
      vertex 14.763 -6.65513 2.4
    endloop
  endfacet
  facet normal 0 0 1
    outer loop
      vertex 13.2213 -5.01314 2.4
      vertex 13.0383 -5.24329 2.4
      vertex 14.763 -6.65513 2.4
    endloop
  endfacet
  facet normal 0 0 1
    outer loop
      vertex -0.373874 -5.01314 2.4
      vertex -2.15573 -6.3656 2.4
      vertex -1.92024 -6.65513 2.4
    endloop
  endfacet
  facet normal 0 0 1
    outer loop
      vertex 3.32091 -4.46514 2.4
      vertex 1.41657 -3.23854 2.4
      vertex 1.29457 -3.50815 2.4
    endloop
  endfacet
  facet normal 0 -0 1
    outer loop
      vertex 2.08428 5.19039e-06 2.4
      vertex 4.3394 5.19039e-06 2.4
      vertex 2.07842 0.311333 2.4
    endloop
  endfacet
  facet normal 0 0 1
    outer loop
      vertex -1.29458 -3.50815 2.4
      vertex -3.33568 -4.46514 2.4
      vertex -3.16791 -4.80004 2.4
    endloop
  endfacet
  facet normal -0 0 1
    outer loop
      vertex -3.49134 -4.12358 2.4
      vertex -3.33568 -4.46514 2.4
      vertex -1.41658 -3.23854 2.4
    endloop
  endfacet
  facet normal 0 -0 1
    outer loop
      vertex 3.47738 -4.12358 2.4
      vertex 3.62186 -3.77562 2.4
      vertex 1.52904 -2.96412 2.4
    endloop
  endfacet
  facet normal -0 0 1
    outer loop
      vertex 2.03216 0.925478 2.4
      vertex 4.30998 0.792033 2.4
      vertex 4.27356 1.18202 2.4
    endloop
  endfacet
  facet normal 0 0 1
    outer loop
      vertex -1.52905 -2.96412 2.4
      vertex -3.63468 -3.77562 2.4
      vertex -3.49134 -4.12358 2.4
    endloop
  endfacet
  facet normal -0 0 1
    outer loop
      vertex 1.99216 1.22789 2.4
      vertex 4.27356 1.18202 2.4
      vertex 4.22296 1.56766 2.4
    endloop
  endfacet
  facet normal 0 0 1
    outer loop
      vertex -1.63177 -2.68508 2.4
      vertex -3.76547 -3.4215 2.4
      vertex -3.63468 -3.77562 2.4
    endloop
  endfacet
  facet normal 0 0 1
    outer loop
      vertex 4.15842 1.94868 2.4
      vertex 1.9412 1.52691 2.4
      vertex 4.22296 1.56766 2.4
    endloop
  endfacet
  facet normal -0 0 1
    outer loop
      vertex -3.98845 -2.69585 2.4
      vertex -3.88347 -3.0615 2.4
      vertex -1.8072 -2.11399 2.4
    endloop
  endfacet
  facet normal 0 0 1
    outer loop
      vertex 1.87947 -1.82234 2.4
      vertex 3.98028 -2.69585 2.4
      vertex 4.07371 -2.32482 2.4
    endloop
  endfacet
  facet normal -0 0 1
    outer loop
      vertex -4.08018 -2.32482 2.4
      vertex -3.98845 -2.69585 2.4
      vertex -1.87948 -1.82234 2.4
    endloop
  endfacet
  facet normal 0 0 1
    outer loop
      vertex 1.9412 -1.5269 2.4
      vertex 1.87947 -1.82234 2.4
      vertex 4.07371 -2.32482 2.4
    endloop
  endfacet
  facet normal -0 0 1
    outer loop
      vertex 1.72455 2.40164 2.4
      vertex 1.80719 2.114 2.4
      vertex 3.88346 3.06151 2.4
    endloop
  endfacet
  facet normal 0 0 1
    outer loop
      vertex -1.94121 -1.5269 2.4
      vertex -4.15843 -1.94867 2.4
      vertex -1.87948 -1.82234 2.4
    endloop
  endfacet
  facet normal 0 0 1
    outer loop
      vertex -4.22297 -1.56765 2.4
      vertex -1.94121 -1.5269 2.4
      vertex -1.99217 -1.22788 2.4
    endloop
  endfacet
  facet normal 0 0 1
    outer loop
      vertex 4.2716 -1.18201 2.4
      vertex 1.99216 -1.22788 2.4
      vertex 4.21968 -1.56765 2.4
    endloop
  endfacet
  facet normal -0 0 1
    outer loop
      vertex -4.27357 -1.18201 2.4
      vertex -1.99217 -1.22788 2.4
      vertex -2.03217 -0.925468 2.4
    endloop
  endfacet
  facet normal 0 0 1
    outer loop
      vertex 4.2716 -1.18201 2.4
      vertex 2.03216 -0.925468 2.4
      vertex 1.99216 -1.22788 2.4
    endloop
  endfacet
  facet normal 0 -0 1
    outer loop
      vertex -4.27357 -1.18201 2.4
      vertex -2.03217 -0.925468 2.4
      vertex -4.31 -0.79202 2.4
    endloop
  endfacet
  facet normal 0 0 1
    outer loop
      vertex 4.30906 -0.79202 2.4
      vertex 2.06097 -0.619881 2.4
      vertex 2.03216 -0.925468 2.4
    endloop
  endfacet
  facet normal 0 0 1
    outer loop
      vertex 3.49134 4.12359 2.4
      vertex 1.52904 2.96413 2.4
      vertex 3.63468 3.77563 2.4
    endloop
  endfacet
  facet normal 0 0 1
    outer loop
      vertex 1.41657 3.23855 2.4
      vertex 3.49134 4.12359 2.4
      vertex 3.33567 4.46515 2.4
    endloop
  endfacet
  facet normal 0 0 1
    outer loop
      vertex -4.33942 5.19039e-06 2.4
      vertex -4.33202 -0.397929 2.4
      vertex -2.07843 -0.31132 2.4
    endloop
  endfacet
  facet normal 0 0 1
    outer loop
      vertex -4.33942 5.19039e-06 2.4
      vertex -2.08429 5.19039e-06 2.4
      vertex -2.07843 0.311333 2.4
    endloop
  endfacet
  facet normal 0 0 1
    outer loop
      vertex 4.3394 5.19039e-06 2.4
      vertex 2.08428 5.19039e-06 2.4
      vertex 2.07842 -0.31132 2.4
    endloop
  endfacet
  facet normal -0 0 1
    outer loop
      vertex 1.16325 3.77274 2.4
      vertex 1.29457 3.50816 2.4
      vertex 3.1679 4.80005 2.4
    endloop
  endfacet
  facet normal 0 0 1
    outer loop
      vertex -2.03217 0.925478 2.4
      vertex -4.30907 0.792033 2.4
      vertex -2.06099 0.619891 2.4
    endloop
  endfacet
  facet normal 0 -0 1
    outer loop
      vertex 1.16325 3.77274 2.4
      vertex 2.98828 5.12802 2.4
      vertex 1.0228 4.0321 2.4
    endloop
  endfacet
  facet normal 0 0 1
    outer loop
      vertex -4.27161 1.18202 2.4
      vertex -4.30907 0.792033 2.4
      vertex -2.03217 0.925478 2.4
    endloop
  endfacet
  facet normal 0 0 1
    outer loop
      vertex -4.27161 1.18202 2.4
      vertex -1.99217 1.22789 2.4
      vertex -4.21969 1.56766 2.4
    endloop
  endfacet
  facet normal 0 0 1
    outer loop
      vertex 0.873429 4.28602 2.4
      vertex 2.79701 5.44882 2.4
      vertex 2.59435 5.76219 2.4
    endloop
  endfacet
  facet normal 0 0 1
    outer loop
      vertex -4.07372 2.32483 2.4
      vertex -1.94121 1.52691 2.4
      vertex -1.87948 1.82235 2.4
    endloop
  endfacet
  facet normal 0 0 1
    outer loop
      vertex 2.59435 5.76219 2.4
      vertex 0.715348 4.53431 2.4
      vertex 0.873429 4.28602 2.4
    endloop
  endfacet
  facet normal -0 0 1
    outer loop
      vertex -4.07372 2.32483 2.4
      vertex -1.87948 1.82235 2.4
      vertex -3.98029 2.69586 2.4
    endloop
  endfacet
  facet normal 0 0 1
    outer loop
      vertex -1.8072 2.114 2.4
      vertex -3.87363 3.06151 2.4
      vertex -3.98029 2.69586 2.4
    endloop
  endfacet
  facet normal 0 0 1
    outer loop
      vertex -1.72456 2.40164 2.4
      vertex -3.75406 3.42152 2.4
      vertex -3.87363 3.06151 2.4
    endloop
  endfacet
  facet normal 0 0 1
    outer loop
      vertex 4.08017 2.32483 2.4
      vertex 3.98844 2.69586 2.4
      vertex 1.87947 1.82235 2.4
    endloop
  endfacet
  facet normal 0 0 1
    outer loop
      vertex -3.62188 3.77563 2.4
      vertex -1.63177 2.68509 2.4
      vertex -1.52905 2.96413 2.4
    endloop
  endfacet
  facet normal 0 0 1
    outer loop
      vertex 2.15573 6.36561 2.4
      vertex 0.373867 5.01314 2.4
      vertex 0.548759 4.77675 2.4
    endloop
  endfacet
  facet normal 0 0 1
    outer loop
      vertex 0.373867 5.01314 2.4
      vertex 2.15573 6.36561 2.4
      vertex 1.92023 6.65514 2.4
    endloop
  endfacet
  facet normal 0 -0 1
    outer loop
      vertex -1.52905 2.96413 2.4
      vertex -1.41658 3.23855 2.4
      vertex -3.47739 4.12359 2.4
    endloop
  endfacet
  facet normal 0 0 1
    outer loop
      vertex -3.32092 4.46515 2.4
      vertex -3.47739 4.12359 2.4
      vertex -1.41658 3.23855 2.4
    endloop
  endfacet
  facet normal 0 0 1
    outer loop
      vertex 3.76546 3.42152 2.4
      vertex 3.63468 3.77563 2.4
      vertex 1.63177 2.68509 2.4
    endloop
  endfacet
  facet normal 0 0 1
    outer loop
      vertex -3.15276 4.80005 2.4
      vertex -3.32092 4.46515 2.4
      vertex -1.29458 3.50816 2.4
    endloop
  endfacet
  facet normal 0 -0 1
    outer loop
      vertex -1.16325 3.77274 2.4
      vertex -1.0228 4.0321 2.4
      vertex -2.97322 5.12802 2.4
    endloop
  endfacet
  facet normal 0 0 1
    outer loop
      vertex 0.190877 5.24329 2.4
      vertex 1.92023 6.65514 2.4
      vertex 1.67425 6.93622 2.4
    endloop
  endfacet
  facet normal 0 0 1
    outer loop
      vertex -0.873437 4.28602 2.4
      vertex -2.78261 5.44882 2.4
      vertex -1.0228 4.0321 2.4
    endloop
  endfacet
  facet normal 0 0 1
    outer loop
      vertex 1.67425 6.93622 2.4
      vertex -5.19039e-06 5.46697 2.4
      vertex 0.190877 5.24329 2.4
    endloop
  endfacet
  facet normal 0 0 1
    outer loop
      vertex -2.58124 5.76219 2.4
      vertex -2.78261 5.44882 2.4
      vertex -0.873437 4.28602 2.4
    endloop
  endfacet
  facet normal -0 0 1
    outer loop
      vertex -2.58124 5.76219 2.4
      vertex -0.715355 4.53431 2.4
      vertex -2.36941 6.06787 2.4
    endloop
  endfacet
  facet normal 0 0 1
    outer loop
      vertex 2.98828 5.12802 2.4
      vertex 1.16325 3.77274 2.4
      vertex 3.1679 4.80005 2.4
    endloop
  endfacet
  facet normal 0 -0 1
    outer loop
      vertex -0.715355 4.53431 2.4
      vertex -0.548767 4.77675 2.4
      vertex -2.36941 6.06787 2.4
    endloop
  endfacet
  facet normal 0 0 1
    outer loop
      vertex -0.548767 4.77675 2.4
      vertex -2.14743 6.36561 2.4
      vertex -2.36941 6.06787 2.4
    endloop
  endfacet
  facet normal 0 0 1
    outer loop
      vertex -0.373874 5.01314 2.4
      vertex -2.14743 6.36561 2.4
      vertex -0.548767 4.77675 2.4
    endloop
  endfacet
  facet normal 0 0 1
    outer loop
      vertex 2.79701 5.44882 2.4
      vertex 1.0228 4.0321 2.4
      vertex 2.98828 5.12802 2.4
    endloop
  endfacet
  facet normal 0 0 1
    outer loop
      vertex -1.91562 6.65514 2.4
      vertex -2.14743 6.36561 2.4
      vertex -0.373874 5.01314 2.4
    endloop
  endfacet
  facet normal 0 0 1
    outer loop
      vertex -1.91562 6.65514 2.4
      vertex -0.373874 5.01314 2.4
      vertex -0.190887 5.24329 2.4
    endloop
  endfacet
  facet normal -0 0 1
    outer loop
      vertex -1.91562 6.65514 2.4
      vertex -0.190887 5.24329 2.4
      vertex -1.67427 6.93622 2.4
    endloop
  endfacet
  facet normal -0 0 1
    outer loop
      vertex -1.67427 6.93622 2.4
      vertex -5.19039e-06 5.46697 2.4
      vertex -5.19039e-06 8.4738 2.4
    endloop
  endfacet
  facet normal 0 -0 1
    outer loop
      vertex 0.715348 4.53431 2.4
      vertex 2.38051 6.06787 2.4
      vertex 0.548759 4.77675 2.4
    endloop
  endfacet
  facet normal 0 -0 1
    outer loop
      vertex 1.41657 3.23855 2.4
      vertex 3.33567 4.46515 2.4
      vertex 1.29457 3.50816 2.4
    endloop
  endfacet
  facet normal -0 0 1
    outer loop
      vertex 1.41657 3.23855 2.4
      vertex 1.52904 2.96413 2.4
      vertex 3.49134 4.12359 2.4
    endloop
  endfacet
  facet normal 0 0 1
    outer loop
      vertex 1.72455 2.40164 2.4
      vertex 3.88346 3.06151 2.4
      vertex 3.76546 3.42152 2.4
    endloop
  endfacet
  facet normal 0 0 1
    outer loop
      vertex 3.88346 3.06151 2.4
      vertex 1.80719 2.114 2.4
      vertex 3.98844 2.69586 2.4
    endloop
  endfacet
  facet normal 0 -0 1
    outer loop
      vertex 1.9412 1.52691 2.4
      vertex 4.15842 1.94868 2.4
      vertex 1.87947 1.82235 2.4
    endloop
  endfacet
  facet normal 0 -0 1
    outer loop
      vertex 1.99216 1.22789 2.4
      vertex 4.22296 1.56766 2.4
      vertex 1.9412 1.52691 2.4
    endloop
  endfacet
  facet normal 0 0 1
    outer loop
      vertex 1.99216 1.22789 2.4
      vertex 2.03216 0.925478 2.4
      vertex 4.27356 1.18202 2.4
    endloop
  endfacet
  facet normal 0 -0 1
    outer loop
      vertex 2.06097 0.619891 2.4
      vertex 4.30998 0.792033 2.4
      vertex 2.03216 0.925478 2.4
    endloop
  endfacet
  facet normal 0 0 1
    outer loop
      vertex 4.33201 0.39794 2.4
      vertex 4.30998 0.792033 2.4
      vertex 2.06097 0.619891 2.4
    endloop
  endfacet
  facet normal -0 0 1
    outer loop
      vertex 2.07842 0.311333 2.4
      vertex 4.3394 5.19039e-06 2.4
      vertex 4.33201 0.39794 2.4
    endloop
  endfacet
  facet normal 0 0 1
    outer loop
      vertex 2.07842 -0.31132 2.4
      vertex 2.06097 -0.619881 2.4
      vertex 4.33177 -0.397929 2.4
    endloop
  endfacet
  facet normal 0 0 1
    outer loop
      vertex 4.15361 -1.94867 2.4
      vertex 1.99216 -1.22788 2.4
      vertex 1.9412 -1.5269 2.4
    endloop
  endfacet
  facet normal 0 -0 1
    outer loop
      vertex 3.87362 -3.0615 2.4
      vertex 3.98028 -2.69585 2.4
      vertex 1.80719 -2.11399 2.4
    endloop
  endfacet
  facet normal 0 0 1
    outer loop
      vertex 3.87362 -3.0615 2.4
      vertex 1.72455 -2.40164 2.4
      vertex 3.75404 -3.4215 2.4
    endloop
  endfacet
  facet normal 0 0 1
    outer loop
      vertex 1.72455 -2.40164 2.4
      vertex 1.63177 -2.68508 2.4
      vertex 3.75404 -3.4215 2.4
    endloop
  endfacet
  facet normal 0 0 1
    outer loop
      vertex 1.63177 -2.68508 2.4
      vertex 1.52904 -2.96412 2.4
      vertex 3.62186 -3.77562 2.4
    endloop
  endfacet
  facet normal 0 0 1
    outer loop
      vertex 1.41657 -3.23854 2.4
      vertex 3.32091 -4.46514 2.4
      vertex 3.47738 -4.12358 2.4
    endloop
  endfacet
  facet normal 0 0 1
    outer loop
      vertex 1.29457 -3.50815 2.4
      vertex 3.15275 -4.80004 2.4
      vertex 3.32091 -4.46514 2.4
    endloop
  endfacet
  facet normal -0 0 1
    outer loop
      vertex 1.16325 -3.77274 2.4
      vertex 3.15275 -4.80004 2.4
      vertex 1.29457 -3.50815 2.4
    endloop
  endfacet
  facet normal -0 0 1
    outer loop
      vertex 1.0228 -4.03209 2.4
      vertex 2.97321 -5.12801 2.4
      vertex 1.16325 -3.77274 2.4
    endloop
  endfacet
  facet normal 0 -0 1
    outer loop
      vertex 2.7826 -5.44881 2.4
      vertex 2.97321 -5.12801 2.4
      vertex 1.0228 -4.03209 2.4
    endloop
  endfacet
  facet normal 0 -0 1
    outer loop
      vertex 2.58123 -5.76218 2.4
      vertex 2.7826 -5.44881 2.4
      vertex 0.873429 -4.28602 2.4
    endloop
  endfacet
  facet normal 0 0 1
    outer loop
      vertex 2.58123 -5.76218 2.4
      vertex 0.873429 -4.28602 2.4
      vertex 0.715348 -4.53431 2.4
    endloop
  endfacet
  facet normal 0 0 1
    outer loop
      vertex 2.3694 -6.06786 2.4
      vertex 0.715348 -4.53431 2.4
      vertex 0.548759 -4.77675 2.4
    endloop
  endfacet
  facet normal 0 0 1
    outer loop
      vertex 2.3694 -6.06786 2.4
      vertex 0.548759 -4.77675 2.4
      vertex 2.14742 -6.3656 2.4
    endloop
  endfacet
  facet normal 0 0 1
    outer loop
      vertex 2.14742 -6.3656 2.4
      vertex 0.373867 -5.01314 2.4
      vertex 1.9156 -6.65513 2.4
    endloop
  endfacet
  facet normal 0 0 1
    outer loop
      vertex 0.373867 -5.01314 2.4
      vertex 0.190877 -5.24329 2.4
      vertex 1.9156 -6.65513 2.4
    endloop
  endfacet
  facet normal 0 0 1
    outer loop
      vertex -11.5429 -3.50815 2.4
      vertex -11.676 -3.77274 2.4
      vertex -9.5385 -4.46514 2.4
    endloop
  endfacet
  facet normal 0 0 1
    outer loop
      vertex -14.9939 -6.3656 2.4
      vertex -13.2213 -5.01314 2.4
      vertex -13.3961 -4.77675 2.4
    endloop
  endfacet
  facet normal 0 -0 1
    outer loop
      vertex -10.7631 5.19039e-06 2.4
      vertex -8.54214 5.19039e-06 2.4
      vertex -10.769 0.311333 2.4
    endloop
  endfacet
  facet normal 0 0 1
    outer loop
      vertex -14.142 -3.50815 2.4
      vertex -16.1563 -4.46514 2.4
      vertex -14.0106 -3.77274 2.4
    endloop
  endfacet
  facet normal 0 0 1
    outer loop
      vertex -10.7864 0.619891 2.4
      vertex -10.769 0.311333 2.4
      vertex -8.54953 0.39794 2.4
    endloop
  endfacet
  facet normal 0 0 1
    outer loop
      vertex -16.4522 -3.77562 2.4
      vertex -14.264 -3.23854 2.4
      vertex -14.3764 -2.96412 2.4
    endloop
  endfacet
  facet normal 0 0 1
    outer loop
      vertex -11.2016 -2.68508 2.4
      vertex -9.11297 -3.4215 2.4
      vertex -8.9959 -3.0615 2.4
    endloop
  endfacet
  facet normal 0 0 1
    outer loop
      vertex -8.65832 1.56766 2.4
      vertex -10.8552 1.22789 2.4
      vertex -8.60788 1.18202 2.4
    endloop
  endfacet
  facet normal 0 0 1
    outer loop
      vertex -8.7226 1.94868 2.4
      vertex -10.9062 1.52691 2.4
      vertex -8.65832 1.56766 2.4
    endloop
  endfacet
  facet normal 0 0 1
    outer loop
      vertex -8.80046 2.32483 2.4
      vertex -10.9679 1.82235 2.4
      vertex -8.7226 1.94868 2.4
    endloop
  endfacet
  facet normal 0 0 1
    outer loop
      vertex -8.89164 2.69586 2.4
      vertex -11.0402 2.114 2.4
      vertex -8.80046 2.32483 2.4
    endloop
  endfacet
  facet normal 0 0 1
    outer loop
      vertex -14.7886 -1.5269 2.4
      vertex -17.0364 -1.56765 2.4
      vertex -16.9722 -1.94867 2.4
    endloop
  endfacet
  facet normal 0 0 1
    outer loop
      vertex -8.9959 3.06151 2.4
      vertex -11.1228 2.40164 2.4
      vertex -8.89164 2.69586 2.4
    endloop
  endfacet
  facet normal 0 -0 1
    outer loop
      vertex -17.0364 -1.56765 2.4
      vertex -14.8395 -1.22788 2.4
      vertex -17.0869 -1.18201 2.4
    endloop
  endfacet
  facet normal 0 0 1
    outer loop
      vertex -8.57153 -0.79202 2.4
      vertex -10.8041 -0.925468 2.4
      vertex -8.60788 -1.18201 2.4
    endloop
  endfacet
  facet normal 0 -0 1
    outer loop
      vertex -17.0869 -1.18201 2.4
      vertex -14.8795 -0.925468 2.4
      vertex -17.1232 -0.79202 2.4
    endloop
  endfacet
  facet normal 0 0 1
    outer loop
      vertex -8.57153 -0.79202 2.4
      vertex -10.7781 -0.619881 2.4
      vertex -10.8041 -0.925468 2.4
    endloop
  endfacet
  facet normal 0 -0 1
    outer loop
      vertex -11.3183 2.96413 2.4
      vertex -9.2426 3.77563 2.4
      vertex -11.4308 3.23855 2.4
    endloop
  endfacet
  facet normal 0 0 1
    outer loop
      vertex -17.1452 -0.397929 2.4
      vertex -17.1232 -0.79202 2.4
      vertex -14.9084 -0.619881 2.4
    endloop
  endfacet
  facet normal 0 -0 1
    outer loop
      vertex -11.4308 3.23855 2.4
      vertex -9.38452 4.12359 2.4
      vertex -11.5528 3.50816 2.4
    endloop
  endfacet
  facet normal 0 0 1
    outer loop
      vertex -17.1526 5.19039e-06 2.4
      vertex -17.1452 -0.397929 2.4
      vertex -14.9258 -0.31132 2.4
    endloop
  endfacet
  facet normal 0 0 1
    outer loop
      vertex -17.1526 5.19039e-06 2.4
      vertex -14.9317 5.19039e-06 2.4
      vertex -14.9258 0.311333 2.4
    endloop
  endfacet
  facet normal 0 0 1
    outer loop
      vertex -8.54214 5.19039e-06 2.4
      vertex -10.7631 5.19039e-06 2.4
      vertex -10.7643 -0.31132 2.4
    endloop
  endfacet
  facet normal -0 0 1
    outer loop
      vertex -17.1452 0.39794 2.4
      vertex -14.9258 0.311333 2.4
      vertex -14.9084 0.619891 2.4
    endloop
  endfacet
  facet normal 0 0 1
    outer loop
      vertex -8.54953 0.39794 2.4
      vertex -10.769 0.311333 2.4
      vertex -8.54214 5.19039e-06 2.4
    endloop
  endfacet
  facet normal 0 0 1
    outer loop
      vertex -17.1452 0.39794 2.4
      vertex -14.9084 0.619891 2.4
      vertex -17.1232 0.792033 2.4
    endloop
  endfacet
  facet normal 0 0 1
    outer loop
      vertex -8.57153 0.792033 2.4
      vertex -10.7864 0.619891 2.4
      vertex -8.54953 0.39794 2.4
    endloop
  endfacet
  facet normal 0 0 1
    outer loop
      vertex -17.1232 0.792033 2.4
      vertex -14.8795 0.925478 2.4
      vertex -17.0869 1.18202 2.4
    endloop
  endfacet
  facet normal 0 0 1
    outer loop
      vertex -8.57153 0.792033 2.4
      vertex -10.8152 0.925478 2.4
      vertex -10.7864 0.619891 2.4
    endloop
  endfacet
  facet normal 0 -0 1
    outer loop
      vertex -11.8246 4.0321 2.4
      vertex -10.0701 5.44882 2.4
      vertex -11.9739 4.28602 2.4
    endloop
  endfacet
  facet normal 0 0 1
    outer loop
      vertex -17.0364 1.56766 2.4
      vertex -17.0869 1.18202 2.4
      vertex -14.8395 1.22789 2.4
    endloop
  endfacet
  facet normal -0 0 1
    outer loop
      vertex -17.0364 1.56766 2.4
      vertex -14.7886 1.52691 2.4
      vertex -16.9722 1.94868 2.4
    endloop
  endfacet
  facet normal 0 0 1
    outer loop
      vertex -8.60788 1.18202 2.4
      vertex -10.8552 1.22789 2.4
      vertex -10.8152 0.925478 2.4
    endloop
  endfacet
  facet normal 0 0 1
    outer loop
      vertex -16.8943 2.32483 2.4
      vertex -16.9722 1.94868 2.4
      vertex -14.7269 1.82235 2.4
    endloop
  endfacet
  facet normal 0 0 1
    outer loop
      vertex -10.2697 5.76219 2.4
      vertex -12.132 4.53431 2.4
      vertex -11.9739 4.28602 2.4
    endloop
  endfacet
  facet normal 0 0 1
    outer loop
      vertex -16.8943 2.32483 2.4
      vertex -14.7269 1.82235 2.4
      vertex -14.6546 2.114 2.4
    endloop
  endfacet
  facet normal 0 0 1
    outer loop
      vertex -10.4801 6.06787 2.4
      vertex -12.132 4.53431 2.4
      vertex -10.2697 5.76219 2.4
    endloop
  endfacet
  facet normal 0 0 1
    outer loop
      vertex -16.8031 2.69586 2.4
      vertex -14.6546 2.114 2.4
      vertex -14.5719 2.40164 2.4
    endloop
  endfacet
  facet normal 0 -0 1
    outer loop
      vertex -14.5719 2.40164 2.4
      vertex -14.4792 2.68509 2.4
      vertex -16.6989 3.06151 2.4
    endloop
  endfacet
  facet normal 0 0 1
    outer loop
      vertex -8.80046 2.32483 2.4
      vertex -11.0402 2.114 2.4
      vertex -10.9679 1.82235 2.4
    endloop
  endfacet
  facet normal 0 0 1
    outer loop
      vertex -14.4792 2.68509 2.4
      vertex -16.5818 3.42152 2.4
      vertex -16.6989 3.06151 2.4
    endloop
  endfacet
  facet normal 0 0 1
    outer loop
      vertex -8.89164 2.69586 2.4
      vertex -11.1228 2.40164 2.4
      vertex -11.0402 2.114 2.4
    endloop
  endfacet
  facet normal 0 0 1
    outer loop
      vertex -10.7009 6.36561 2.4
      vertex -12.4735 5.01314 2.4
      vertex -12.2986 4.77675 2.4
    endloop
  endfacet
  facet normal 0 0 1
    outer loop
      vertex -14.264 3.23855 2.4
      vertex -16.3102 4.12359 2.4
      vertex -16.4522 3.77563 2.4
    endloop
  endfacet
  facet normal 0 0 1
    outer loop
      vertex -8.9959 3.06151 2.4
      vertex -11.2156 2.68509 2.4
      vertex -11.1228 2.40164 2.4
    endloop
  endfacet
  facet normal 0 0 1
    outer loop
      vertex -14.142 3.50816 2.4
      vertex -16.3102 4.12359 2.4
      vertex -14.264 3.23855 2.4
    endloop
  endfacet
  facet normal 0 0 1
    outer loop
      vertex -9.11297 3.42152 2.4
      vertex -11.3183 2.96413 2.4
      vertex -11.2156 2.68509 2.4
    endloop
  endfacet
  facet normal 0 0 1
    outer loop
      vertex -14.0106 3.77274 2.4
      vertex -16.1563 4.46515 2.4
      vertex -14.142 3.50816 2.4
    endloop
  endfacet
  facet normal -0 0 1
    outer loop
      vertex -15.9905 4.80005 2.4
      vertex -13.8702 4.0321 2.4
      vertex -15.8132 5.12802 2.4
    endloop
  endfacet
  facet normal 0 0 1
    outer loop
      vertex -12.6565 5.24329 2.4
      vertex -10.932 6.65514 2.4
      vertex -11.1731 6.93622 2.4
    endloop
  endfacet
  facet normal 0 0 1
    outer loop
      vertex -13.7208 4.28602 2.4
      vertex -15.6246 5.44882 2.4
      vertex -13.8702 4.0321 2.4
    endloop
  endfacet
  facet normal 0 0 1
    outer loop
      vertex -11.1731 6.93622 2.4
      vertex -12.8474 5.46697 2.4
      vertex -12.6565 5.24329 2.4
    endloop
  endfacet
  facet normal 0 0 1
    outer loop
      vertex -15.4251 5.76219 2.4
      vertex -15.6246 5.44882 2.4
      vertex -13.7208 4.28602 2.4
    endloop
  endfacet
  facet normal 0 0 1
    outer loop
      vertex -15.2147 6.06787 2.4
      vertex -15.4251 5.76219 2.4
      vertex -13.5627 4.53431 2.4
    endloop
  endfacet
  facet normal 0 0 1
    outer loop
      vertex -15.2147 6.06787 2.4
      vertex -13.5627 4.53431 2.4
      vertex -13.3961 4.77675 2.4
    endloop
  endfacet
  facet normal -0 0 1
    outer loop
      vertex -15.2147 6.06787 2.4
      vertex -13.3961 4.77675 2.4
      vertex -14.9939 6.36561 2.4
    endloop
  endfacet
  facet normal 0 -0 1
    outer loop
      vertex -13.3961 4.77675 2.4
      vertex -13.2213 5.01314 2.4
      vertex -14.9939 6.36561 2.4
    endloop
  endfacet
  facet normal 0 0 1
    outer loop
      vertex -13.2213 5.01314 2.4
      vertex -14.7627 6.65514 2.4
      vertex -14.9939 6.36561 2.4
    endloop
  endfacet
  facet normal 0 0 1
    outer loop
      vertex -13.0383 5.24329 2.4
      vertex -14.7627 6.65514 2.4
      vertex -13.2213 5.01314 2.4
    endloop
  endfacet
  facet normal 0 0 1
    outer loop
      vertex -14.5216 6.93622 2.4
      vertex -14.7627 6.65514 2.4
      vertex -13.0383 5.24329 2.4
    endloop
  endfacet
  facet normal 0 0 1
    outer loop
      vertex -12.8474 8.4738 2.4
      vertex -12.8474 5.46697 2.4
      vertex -11.1731 6.93622 2.4
    endloop
  endfacet
  facet normal 0 0 1
    outer loop
      vertex -12.8474 8.4738 2.4
      vertex -14.5216 6.93622 2.4
      vertex -12.8474 5.46697 2.4
    endloop
  endfacet
  facet normal -0 0 1
    outer loop
      vertex -12.2986 4.77675 2.4
      vertex -12.132 4.53431 2.4
      vertex -10.4801 6.06787 2.4
    endloop
  endfacet
  facet normal 0 0 1
    outer loop
      vertex -9.88155 5.12802 2.4
      vertex -10.0701 5.44882 2.4
      vertex -11.8246 4.0321 2.4
    endloop
  endfacet
  facet normal 0 0 1
    outer loop
      vertex -9.70426 4.80005 2.4
      vertex -11.8246 4.0321 2.4
      vertex -11.6841 3.77274 2.4
    endloop
  endfacet
  facet normal 0 0 1
    outer loop
      vertex -9.38452 4.12359 2.4
      vertex -9.5385 4.46515 2.4
      vertex -11.5528 3.50816 2.4
    endloop
  endfacet
  facet normal 0 0 1
    outer loop
      vertex -11.4308 3.23855 2.4
      vertex -9.2426 3.77563 2.4
      vertex -9.38452 4.12359 2.4
    endloop
  endfacet
  facet normal 0 -0 1
    outer loop
      vertex -10.9062 1.52691 2.4
      vertex -8.7226 1.94868 2.4
      vertex -10.9679 1.82235 2.4
    endloop
  endfacet
  facet normal 0 -0 1
    outer loop
      vertex -10.8552 1.22789 2.4
      vertex -8.65832 1.56766 2.4
      vertex -10.9062 1.52691 2.4
    endloop
  endfacet
  facet normal 0 0 1
    outer loop
      vertex -10.7781 -0.619881 2.4
      vertex -8.54953 -0.397929 2.4
      vertex -10.7643 -0.31132 2.4
    endloop
  endfacet
  facet normal -0 0 1
    outer loop
      vertex -10.8421 -1.22788 2.4
      vertex -8.65832 -1.56765 2.4
      vertex -8.60788 -1.18201 2.4
    endloop
  endfacet
  facet normal 0 0 1
    outer loop
      vertex -10.8917 -1.5269 2.4
      vertex -8.7226 -1.94867 2.4
      vertex -8.65832 -1.56765 2.4
    endloop
  endfacet
  facet normal 0 0 1
    outer loop
      vertex -10.9528 -1.82234 2.4
      vertex -8.80046 -2.32482 2.4
      vertex -8.7226 -1.94867 2.4
    endloop
  endfacet
  facet normal -0 0 1
    outer loop
      vertex -11.025 -2.11399 2.4
      vertex -8.80046 -2.32482 2.4
      vertex -10.9528 -1.82234 2.4
    endloop
  endfacet
  facet normal -0 0 1
    outer loop
      vertex -11.108 -2.40164 2.4
      vertex -8.89164 -2.69585 2.4
      vertex -11.025 -2.11399 2.4
    endloop
  endfacet
  facet normal -0 0 1
    outer loop
      vertex -11.2016 -2.68508 2.4
      vertex -8.9959 -3.0615 2.4
      vertex -11.108 -2.40164 2.4
    endloop
  endfacet
  facet normal 0 0 1
    outer loop
      vertex -11.3055 -2.96412 2.4
      vertex -9.2426 -3.77562 2.4
      vertex -9.11297 -3.4215 2.4
    endloop
  endfacet
  facet normal 0 0 1
    outer loop
      vertex -9.2426 -3.77562 2.4
      vertex -11.3055 -2.96412 2.4
      vertex -11.4194 -3.23854 2.4
    endloop
  endfacet
  facet normal 0 0 1
    outer loop
      vertex -11.4194 -3.23854 2.4
      vertex -11.5429 -3.50815 2.4
      vertex -9.38452 -4.12358 2.4
    endloop
  endfacet
  facet normal 0 0 1
    outer loop
      vertex -11.5429 -3.50815 2.4
      vertex -9.5385 -4.46514 2.4
      vertex -9.38452 -4.12358 2.4
    endloop
  endfacet
  facet normal 0 0 1
    outer loop
      vertex -11.676 -3.77274 2.4
      vertex -9.70426 -4.80004 2.4
      vertex -9.5385 -4.46514 2.4
    endloop
  endfacet
  facet normal -0 0 1
    outer loop
      vertex -11.8181 -4.03209 2.4
      vertex -9.88155 -5.12801 2.4
      vertex -11.676 -3.77274 2.4
    endloop
  endfacet
  facet normal 0 -0 1
    outer loop
      vertex -10.0701 -5.44881 2.4
      vertex -9.88155 -5.12801 2.4
      vertex -11.8181 -4.03209 2.4
    endloop
  endfacet
  facet normal 0 -0 1
    outer loop
      vertex -10.2697 -5.76218 2.4
      vertex -10.0701 -5.44881 2.4
      vertex -11.9691 -4.28602 2.4
    endloop
  endfacet
  facet normal 0 0 1
    outer loop
      vertex -10.2697 -5.76218 2.4
      vertex -11.9691 -4.28602 2.4
      vertex -12.1287 -4.53431 2.4
    endloop
  endfacet
  facet normal 0 0 1
    outer loop
      vertex -10.4801 -6.06786 2.4
      vertex -12.1287 -4.53431 2.4
      vertex -12.2967 -4.77675 2.4
    endloop
  endfacet
  facet normal 0 0 1
    outer loop
      vertex -10.4801 -6.06786 2.4
      vertex -12.2967 -4.77675 2.4
      vertex -10.7009 -6.3656 2.4
    endloop
  endfacet
  facet normal 0 0 1
    outer loop
      vertex -10.7009 -6.3656 2.4
      vertex -12.4726 -5.01314 2.4
      vertex -10.932 -6.65513 2.4
    endloop
  endfacet
  facet normal 0 0 1
    outer loop
      vertex -12.4726 -5.01314 2.4
      vertex -12.6563 -5.24329 2.4
      vertex -10.932 -6.65513 2.4
    endloop
  endfacet
  facet normal 0.119879 -0.992788 0
    outer loop
      vertex 21.0079 -10.4534 0
      vertex 20.1491 -10.5571 2.4
      vertex 20.1491 -10.5571 0
    endloop
  endfacet
  facet normal 0.119879 -0.992788 0
    outer loop
      vertex 21.0079 -10.4534 0
      vertex 21.0079 -10.4534 2.4
      vertex 20.1491 -10.5571 2.4
    endloop
  endfacet
  facet normal 0.198413 -0.980118 0
    outer loop
      vertex 21.8447 -10.284 0
      vertex 21.0079 -10.4534 2.4
      vertex 21.0079 -10.4534 0
    endloop
  endfacet
  facet normal 0.198413 -0.980118 0
    outer loop
      vertex 21.8447 -10.284 0
      vertex 21.8447 -10.284 2.4
      vertex 21.0079 -10.4534 2.4
    endloop
  endfacet
  facet normal 0.275128 -0.961408 0
    outer loop
      vertex 22.6568 -10.0516 0
      vertex 21.8447 -10.284 2.4
      vertex 21.8447 -10.284 0
    endloop
  endfacet
  facet normal 0.275128 -0.961408 0
    outer loop
      vertex 22.6568 -10.0516 0
      vertex 22.6568 -10.0516 2.4
      vertex 21.8447 -10.284 2.4
    endloop
  endfacet
  facet normal 0.349647 -0.936882 0
    outer loop
      vertex 23.4412 -9.75886 0
      vertex 22.6568 -10.0516 2.4
      vertex 22.6568 -10.0516 0
    endloop
  endfacet
  facet normal 0.349647 -0.936882 0
    outer loop
      vertex 23.4412 -9.75886 0
      vertex 23.4412 -9.75886 2.4
      vertex 22.6568 -10.0516 2.4
    endloop
  endfacet
  facet normal 0.421232 -0.906953 0
    outer loop
      vertex 24.1953 -9.40862 0
      vertex 23.4412 -9.75886 2.4
      vertex 23.4412 -9.75886 0
    endloop
  endfacet
  facet normal 0.421232 -0.906953 0
    outer loop
      vertex 24.1953 -9.40862 0
      vertex 24.1953 -9.40862 2.4
      vertex 23.4412 -9.75886 2.4
    endloop
  endfacet
  facet normal 0.489772 -0.871851 0
    outer loop
      vertex 24.9163 -9.00359 0
      vertex 24.1953 -9.40862 2.4
      vertex 24.1953 -9.40862 0
    endloop
  endfacet
  facet normal 0.489772 -0.871851 0
    outer loop
      vertex 24.9163 -9.00359 0
      vertex 24.9163 -9.00359 2.4
      vertex 24.1953 -9.40862 2.4
    endloop
  endfacet
  facet normal 0.555048 -0.831819 0
    outer loop
      vertex 25.6013 -8.54651 0
      vertex 24.9163 -9.00359 2.4
      vertex 24.9163 -9.00359 0
    endloop
  endfacet
  facet normal 0.555048 -0.831819 0
    outer loop
      vertex 25.6013 -8.54651 0
      vertex 25.6013 -8.54651 2.4
      vertex 24.9163 -9.00359 2.4
    endloop
  endfacet
  facet normal 0.616805 -0.787116 0
    outer loop
      vertex 26.2475 -8.04013 0
      vertex 25.6013 -8.54651 2.4
      vertex 25.6013 -8.54651 0
    endloop
  endfacet
  facet normal 0.616805 -0.787116 0
    outer loop
      vertex 26.2475 -8.04013 0
      vertex 26.2475 -8.04013 2.4
      vertex 25.6013 -8.54651 2.4
    endloop
  endfacet
  facet normal 0.674817 -0.737985 0
    outer loop
      vertex 26.8522 -7.48719 0
      vertex 26.2475 -8.04013 2.4
      vertex 26.2475 -8.04013 0
    endloop
  endfacet
  facet normal 0.674817 -0.737985 0
    outer loop
      vertex 26.8522 -7.48719 0
      vertex 26.8522 -7.48719 2.4
      vertex 26.2475 -8.04013 2.4
    endloop
  endfacet
  facet normal 0.728971 -0.684544 0
    outer loop
      vertex 27.4126 -6.89042 0
      vertex 26.8522 -7.48719 2.4
      vertex 26.8522 -7.48719 0
    endloop
  endfacet
  facet normal 0.728971 -0.684544 0
    outer loop
      vertex 27.4126 -6.89042 0
      vertex 27.4126 -6.89042 2.4
      vertex 26.8522 -7.48719 2.4
    endloop
  endfacet
  facet normal 0.779126 -0.626867 0
    outer loop
      vertex 27.9258 -6.25257 0
      vertex 27.4126 -6.89042 2.4
      vertex 27.4126 -6.89042 0
    endloop
  endfacet
  facet normal 0.779126 -0.626867 0
    outer loop
      vertex 27.9258 -6.25257 0
      vertex 27.9258 -6.25257 2.4
      vertex 27.4126 -6.89042 2.4
    endloop
  endfacet
  facet normal 0.82488 -0.565307 0
    outer loop
      vertex 28.3892 -5.57639 0
      vertex 27.9258 -6.25257 2.4
      vertex 27.9258 -6.25257 0
    endloop
  endfacet
  facet normal 0.82488 -0.565307 0
    outer loop
      vertex 28.3892 -5.57639 0
      vertex 28.3892 -5.57639 2.4
      vertex 27.9258 -6.25257 2.4
    endloop
  endfacet
  facet normal 0.866208 -0.499684 0
    outer loop
      vertex 28.7998 -4.86461 0
      vertex 28.3892 -5.57639 2.4
      vertex 28.3892 -5.57639 0
    endloop
  endfacet
  facet normal 0.866208 -0.499684 0
    outer loop
      vertex 28.7998 -4.86461 0
      vertex 28.7998 -4.86461 2.4
      vertex 28.3892 -5.57639 2.4
    endloop
  endfacet
  facet normal 0.902618 -0.430442 0
    outer loop
      vertex 29.1549 -4.11998 0
      vertex 28.7998 -4.86461 2.4
      vertex 28.7998 -4.86461 0
    endloop
  endfacet
  facet normal 0.902618 -0.430442 0
    outer loop
      vertex 29.1549 -4.11998 0
      vertex 29.1549 -4.11998 2.4
      vertex 28.7998 -4.86461 2.4
    endloop
  endfacet
  facet normal 0.93382 -0.357743 0
    outer loop
      vertex 29.4517 -3.34524 0
      vertex 29.1549 -4.11998 2.4
      vertex 29.1549 -4.11998 0
    endloop
  endfacet
  facet normal 0.93382 -0.357743 0
    outer loop
      vertex 29.4517 -3.34524 0
      vertex 29.4517 -3.34524 2.4
      vertex 29.1549 -4.11998 2.4
    endloop
  endfacet
  facet normal 0.959436 -0.281927 0
    outer loop
      vertex 29.6874 -2.54312 0
      vertex 29.4517 -3.34524 2.4
      vertex 29.4517 -3.34524 0
    endloop
  endfacet
  facet normal 0.959436 -0.281927 0
    outer loop
      vertex 29.6874 -2.54312 0
      vertex 29.6874 -2.54312 2.4
      vertex 29.4517 -3.34524 2.4
    endloop
  endfacet
  facet normal 0.979084 -0.203458 0
    outer loop
      vertex 29.8592 -1.71638 0
      vertex 29.6874 -2.54312 2.4
      vertex 29.6874 -2.54312 0
    endloop
  endfacet
  facet normal 0.979084 -0.203458 0
    outer loop
      vertex 29.8592 -1.71638 0
      vertex 29.8592 -1.71638 2.4
      vertex 29.6874 -2.54312 2.4
    endloop
  endfacet
  facet normal 0.992418 -0.122909 0
    outer loop
      vertex 29.9643 -0.867761 0
      vertex 29.8592 -1.71638 2.4
      vertex 29.8592 -1.71638 0
    endloop
  endfacet
  facet normal 0.992418 -0.122909 0
    outer loop
      vertex 29.9643 -0.867761 0
      vertex 29.9643 -0.867761 2.4
      vertex 29.8592 -1.71638 2.4
    endloop
  endfacet
  facet normal 0.999155 -0.0411053 0
    outer loop
      vertex 30 5.19039e-06 0
      vertex 29.9643 -0.867761 2.4
      vertex 29.9643 -0.867761 0
    endloop
  endfacet
  facet normal 0.999155 -0.0411053 0
    outer loop
      vertex 30 5.19039e-06 0
      vertex 30 5.19039e-06 2.4
      vertex 29.9643 -0.867761 2.4
    endloop
  endfacet
  facet normal 0.999155 0.0411055 0
    outer loop
      vertex 29.9643 0.867769 0
      vertex 30 5.19039e-06 2.4
      vertex 30 5.19039e-06 0
    endloop
  endfacet
  facet normal 0.999155 0.0411055 -0
    outer loop
      vertex 29.9643 0.867769 0
      vertex 29.9643 0.867769 2.4
      vertex 30 5.19039e-06 2.4
    endloop
  endfacet
  facet normal 0.992418 0.122909 0
    outer loop
      vertex 29.8592 1.71639 0
      vertex 29.9643 0.867769 2.4
      vertex 29.9643 0.867769 0
    endloop
  endfacet
  facet normal 0.992418 0.122909 -0
    outer loop
      vertex 29.8592 1.71639 0
      vertex 29.8592 1.71639 2.4
      vertex 29.9643 0.867769 2.4
    endloop
  endfacet
  facet normal 0.979084 0.203458 0
    outer loop
      vertex 29.6874 2.54313 0
      vertex 29.8592 1.71639 2.4
      vertex 29.8592 1.71639 0
    endloop
  endfacet
  facet normal 0.979084 0.203458 -0
    outer loop
      vertex 29.6874 2.54313 0
      vertex 29.6874 2.54313 2.4
      vertex 29.8592 1.71639 2.4
    endloop
  endfacet
  facet normal 0.959435 0.28193 0
    outer loop
      vertex 29.4517 3.34524 0
      vertex 29.6874 2.54313 2.4
      vertex 29.6874 2.54313 0
    endloop
  endfacet
  facet normal 0.959435 0.28193 -0
    outer loop
      vertex 29.4517 3.34524 0
      vertex 29.4517 3.34524 2.4
      vertex 29.6874 2.54313 2.4
    endloop
  endfacet
  facet normal 0.93382 0.357743 0
    outer loop
      vertex 29.1549 4.11998 0
      vertex 29.4517 3.34524 2.4
      vertex 29.4517 3.34524 0
    endloop
  endfacet
  facet normal 0.93382 0.357743 -0
    outer loop
      vertex 29.1549 4.11998 0
      vertex 29.1549 4.11998 2.4
      vertex 29.4517 3.34524 2.4
    endloop
  endfacet
  facet normal 0.902618 0.430442 0
    outer loop
      vertex 28.7998 4.86461 0
      vertex 29.1549 4.11998 2.4
      vertex 29.1549 4.11998 0
    endloop
  endfacet
  facet normal 0.902618 0.430442 -0
    outer loop
      vertex 28.7998 4.86461 0
      vertex 28.7998 4.86461 2.4
      vertex 29.1549 4.11998 2.4
    endloop
  endfacet
  facet normal 0.866208 0.499684 0
    outer loop
      vertex 28.3892 5.57639 0
      vertex 28.7998 4.86461 2.4
      vertex 28.7998 4.86461 0
    endloop
  endfacet
  facet normal 0.866208 0.499684 -0
    outer loop
      vertex 28.3892 5.57639 0
      vertex 28.3892 5.57639 2.4
      vertex 28.7998 4.86461 2.4
    endloop
  endfacet
  facet normal 0.82488 0.565307 0
    outer loop
      vertex 27.9258 6.25257 0
      vertex 28.3892 5.57639 2.4
      vertex 28.3892 5.57639 0
    endloop
  endfacet
  facet normal 0.82488 0.565307 -0
    outer loop
      vertex 27.9258 6.25257 0
      vertex 27.9258 6.25257 2.4
      vertex 28.3892 5.57639 2.4
    endloop
  endfacet
  facet normal 0.779126 0.626867 0
    outer loop
      vertex 27.4126 6.89042 0
      vertex 27.9258 6.25257 2.4
      vertex 27.9258 6.25257 0
    endloop
  endfacet
  facet normal 0.779126 0.626867 -0
    outer loop
      vertex 27.4126 6.89042 0
      vertex 27.4126 6.89042 2.4
      vertex 27.9258 6.25257 2.4
    endloop
  endfacet
  facet normal 0.728971 0.684544 0
    outer loop
      vertex 26.8522 7.48719 0
      vertex 27.4126 6.89042 2.4
      vertex 27.4126 6.89042 0
    endloop
  endfacet
  facet normal 0.728971 0.684544 -0
    outer loop
      vertex 26.8522 7.48719 0
      vertex 26.8522 7.48719 2.4
      vertex 27.4126 6.89042 2.4
    endloop
  endfacet
  facet normal 0.674817 0.737985 0
    outer loop
      vertex 26.2475 8.04013 0
      vertex 26.8522 7.48719 2.4
      vertex 26.8522 7.48719 0
    endloop
  endfacet
  facet normal 0.674817 0.737985 -0
    outer loop
      vertex 26.2475 8.04013 0
      vertex 26.2475 8.04013 2.4
      vertex 26.8522 7.48719 2.4
    endloop
  endfacet
  facet normal 0.616813 0.78711 0
    outer loop
      vertex 25.6013 8.54652 0
      vertex 26.2475 8.04013 2.4
      vertex 26.2475 8.04013 0
    endloop
  endfacet
  facet normal 0.616813 0.78711 -0
    outer loop
      vertex 25.6013 8.54652 0
      vertex 25.6013 8.54652 2.4
      vertex 26.2475 8.04013 2.4
    endloop
  endfacet
  facet normal 0.555039 0.831824 0
    outer loop
      vertex 24.9163 9.00359 0
      vertex 25.6013 8.54652 2.4
      vertex 25.6013 8.54652 0
    endloop
  endfacet
  facet normal 0.555039 0.831824 -0
    outer loop
      vertex 24.9163 9.00359 0
      vertex 24.9163 9.00359 2.4
      vertex 25.6013 8.54652 2.4
    endloop
  endfacet
  facet normal 0.489772 0.871851 0
    outer loop
      vertex 24.1953 9.40862 0
      vertex 24.9163 9.00359 2.4
      vertex 24.9163 9.00359 0
    endloop
  endfacet
  facet normal 0.489772 0.871851 -0
    outer loop
      vertex 24.1953 9.40862 0
      vertex 24.1953 9.40862 2.4
      vertex 24.9163 9.00359 2.4
    endloop
  endfacet
  facet normal 0.421242 0.906948 0
    outer loop
      vertex 23.4412 9.75887 0
      vertex 24.1953 9.40862 2.4
      vertex 24.1953 9.40862 0
    endloop
  endfacet
  facet normal 0.421242 0.906948 -0
    outer loop
      vertex 23.4412 9.75887 0
      vertex 23.4412 9.75887 2.4
      vertex 24.1953 9.40862 2.4
    endloop
  endfacet
  facet normal 0.349636 0.936886 0
    outer loop
      vertex 22.6568 10.0516 0
      vertex 23.4412 9.75887 2.4
      vertex 23.4412 9.75887 0
    endloop
  endfacet
  facet normal 0.349636 0.936886 -0
    outer loop
      vertex 22.6568 10.0516 0
      vertex 22.6568 10.0516 2.4
      vertex 23.4412 9.75887 2.4
    endloop
  endfacet
  facet normal 0.275128 0.961408 0
    outer loop
      vertex 21.8447 10.284 0
      vertex 22.6568 10.0516 2.4
      vertex 22.6568 10.0516 0
    endloop
  endfacet
  facet normal 0.275128 0.961408 -0
    outer loop
      vertex 21.8447 10.284 0
      vertex 21.8447 10.284 2.4
      vertex 22.6568 10.0516 2.4
    endloop
  endfacet
  facet normal 0.198413 0.980118 0
    outer loop
      vertex 21.0079 10.4534 0
      vertex 21.8447 10.284 2.4
      vertex 21.8447 10.284 0
    endloop
  endfacet
  facet normal 0.198413 0.980118 -0
    outer loop
      vertex 21.0079 10.4534 0
      vertex 21.0079 10.4534 2.4
      vertex 21.8447 10.284 2.4
    endloop
  endfacet
  facet normal 0.119879 0.992788 0
    outer loop
      vertex 20.1491 10.5571 0
      vertex 21.0079 10.4534 2.4
      vertex 21.0079 10.4534 0
    endloop
  endfacet
  facet normal 0.119879 0.992788 -0
    outer loop
      vertex 20.1491 10.5571 0
      vertex 20.1491 10.5571 2.4
      vertex 21.0079 10.4534 2.4
    endloop
  endfacet
  facet normal 0.0400589 0.999197 0
    outer loop
      vertex 19.2711 10.5923 0
      vertex 20.1491 10.5571 2.4
      vertex 20.1491 10.5571 0
    endloop
  endfacet
  facet normal 0.0400589 0.999197 -0
    outer loop
      vertex 19.2711 10.5923 0
      vertex 19.2711 10.5923 2.4
      vertex 20.1491 10.5571 2.4
    endloop
  endfacet
  facet normal -0.0165012 0.999864 0
    outer loop
      vertex 18.9136 10.5864 0
      vertex 19.2711 10.5923 2.4
      vertex 19.2711 10.5923 0
    endloop
  endfacet
  facet normal -0.0165012 0.999864 0
    outer loop
      vertex 18.9136 10.5864 0
      vertex 18.9136 10.5864 2.4
      vertex 19.2711 10.5923 2.4
    endloop
  endfacet
  facet normal -0.0492775 0.998785 0
    outer loop
      vertex 18.5589 10.5689 0
      vertex 18.9136 10.5864 2.4
      vertex 18.9136 10.5864 0
    endloop
  endfacet
  facet normal -0.0492775 0.998785 0
    outer loop
      vertex 18.5589 10.5689 0
      vertex 18.5589 10.5689 2.4
      vertex 18.9136 10.5864 2.4
    endloop
  endfacet
  facet normal -0.0818732 0.996643 0
    outer loop
      vertex 18.2071 10.54 0
      vertex 18.5589 10.5689 2.4
      vertex 18.5589 10.5689 0
    endloop
  endfacet
  facet normal -0.0818732 0.996643 0
    outer loop
      vertex 18.2071 10.54 0
      vertex 18.2071 10.54 2.4
      vertex 18.5589 10.5689 2.4
    endloop
  endfacet
  facet normal -0.114246 0.993453 0
    outer loop
      vertex 17.8584 10.4999 0
      vertex 18.2071 10.54 2.4
      vertex 18.2071 10.54 0
    endloop
  endfacet
  facet normal -0.114246 0.993453 0
    outer loop
      vertex 17.8584 10.4999 0
      vertex 17.8584 10.4999 2.4
      vertex 18.2071 10.54 2.4
    endloop
  endfacet
  facet normal -0.146912 0.98915 0
    outer loop
      vertex 17.513 10.4486 0
      vertex 17.8584 10.4999 2.4
      vertex 17.8584 10.4999 0
    endloop
  endfacet
  facet normal -0.146912 0.98915 0
    outer loop
      vertex 17.513 10.4486 0
      vertex 17.513 10.4486 2.4
      vertex 17.8584 10.4999 2.4
    endloop
  endfacet
  facet normal -0.178658 0.983911 0
    outer loop
      vertex 17.171 10.3865 0
      vertex 17.513 10.4486 2.4
      vertex 17.513 10.4486 0
    endloop
  endfacet
  facet normal -0.178658 0.983911 0
    outer loop
      vertex 17.171 10.3865 0
      vertex 17.171 10.3865 2.4
      vertex 17.513 10.4486 2.4
    endloop
  endfacet
  facet normal -0.210378 0.97762 0
    outer loop
      vertex 16.8327 10.3137 0
      vertex 17.171 10.3865 2.4
      vertex 17.171 10.3865 0
    endloop
  endfacet
  facet normal -0.210378 0.97762 0
    outer loop
      vertex 16.8327 10.3137 0
      vertex 16.8327 10.3137 2.4
      vertex 17.171 10.3865 2.4
    endloop
  endfacet
  facet normal -0.241921 0.970296 0
    outer loop
      vertex 16.4982 10.2303 0
      vertex 16.8327 10.3137 2.4
      vertex 16.8327 10.3137 0
    endloop
  endfacet
  facet normal -0.241921 0.970296 0
    outer loop
      vertex 16.4982 10.2303 0
      vertex 16.4982 10.2303 2.4
      vertex 16.8327 10.3137 2.4
    endloop
  endfacet
  facet normal -0.27276 0.962082 0
    outer loop
      vertex 16.1677 10.1366 0
      vertex 16.4982 10.2303 2.4
      vertex 16.4982 10.2303 0
    endloop
  endfacet
  facet normal -0.27276 0.962082 0
    outer loop
      vertex 16.1677 10.1366 0
      vertex 16.1677 10.1366 2.4
      vertex 16.4982 10.2303 2.4
    endloop
  endfacet
  facet normal -0.303409 0.952861 0
    outer loop
      vertex 15.8414 10.0327 0
      vertex 16.1677 10.1366 2.4
      vertex 16.1677 10.1366 0
    endloop
  endfacet
  facet normal -0.303409 0.952861 0
    outer loop
      vertex 15.8414 10.0327 0
      vertex 15.8414 10.0327 2.4
      vertex 16.1677 10.1366 2.4
    endloop
  endfacet
  facet normal -0.333296 0.942822 0
    outer loop
      vertex 15.5194 9.91887 0
      vertex 15.8414 10.0327 2.4
      vertex 15.8414 10.0327 0
    endloop
  endfacet
  facet normal -0.333296 0.942822 0
    outer loop
      vertex 15.5194 9.91887 0
      vertex 15.5194 9.91887 2.4
      vertex 15.8414 10.0327 2.4
    endloop
  endfacet
  facet normal -0.363126 0.93174 0
    outer loop
      vertex 15.202 9.79517 0
      vertex 15.5194 9.91887 2.4
      vertex 15.5194 9.91887 0
    endloop
  endfacet
  facet normal -0.363126 0.93174 0
    outer loop
      vertex 15.202 9.79517 0
      vertex 15.202 9.79517 2.4
      vertex 15.5194 9.91887 2.4
    endloop
  endfacet
  facet normal -0.392218 0.919872 0
    outer loop
      vertex 14.8893 9.66184 0
      vertex 15.202 9.79517 2.4
      vertex 15.202 9.79517 0
    endloop
  endfacet
  facet normal -0.392218 0.919872 0
    outer loop
      vertex 14.8893 9.66184 0
      vertex 14.8893 9.66184 2.4
      vertex 15.202 9.79517 2.4
    endloop
  endfacet
  facet normal -0.420803 0.907152 0
    outer loop
      vertex 14.5815 9.51906 0
      vertex 14.8893 9.66184 2.4
      vertex 14.8893 9.66184 0
    endloop
  endfacet
  facet normal -0.420803 0.907152 0
    outer loop
      vertex 14.5815 9.51906 0
      vertex 14.5815 9.51906 2.4
      vertex 14.8893 9.66184 2.4
    endloop
  endfacet
  facet normal -0.448795 0.893635 0
    outer loop
      vertex 14.2787 9.36699 0
      vertex 14.5815 9.51906 2.4
      vertex 14.5815 9.51906 0
    endloop
  endfacet
  facet normal -0.448795 0.893635 0
    outer loop
      vertex 14.2787 9.36699 0
      vertex 14.2787 9.36699 2.4
      vertex 14.5815 9.51906 2.4
    endloop
  endfacet
  facet normal -0.476316 0.879274 0
    outer loop
      vertex 13.9812 9.20583 0
      vertex 14.2787 9.36699 2.4
      vertex 14.2787 9.36699 0
    endloop
  endfacet
  facet normal -0.476316 0.879274 0
    outer loop
      vertex 13.9812 9.20583 0
      vertex 13.9812 9.20583 2.4
      vertex 14.2787 9.36699 2.4
    endloop
  endfacet
  facet normal -0.503312 0.864105 0
    outer loop
      vertex 13.6892 9.03575 0
      vertex 13.9812 9.20583 2.4
      vertex 13.9812 9.20583 0
    endloop
  endfacet
  facet normal -0.503312 0.864105 0
    outer loop
      vertex 13.6892 9.03575 0
      vertex 13.6892 9.03575 2.4
      vertex 13.9812 9.20583 2.4
    endloop
  endfacet
  facet normal -0.529461 0.848334 0
    outer loop
      vertex 13.4027 8.85694 0
      vertex 13.6892 9.03575 2.4
      vertex 13.6892 9.03575 0
    endloop
  endfacet
  facet normal -0.529461 0.848334 0
    outer loop
      vertex 13.4027 8.85694 0
      vertex 13.4027 8.85694 2.4
      vertex 13.6892 9.03575 2.4
    endloop
  endfacet
  facet normal -0.555343 0.831621 0
    outer loop
      vertex 13.1221 8.66956 0
      vertex 13.4027 8.85694 2.4
      vertex 13.4027 8.85694 0
    endloop
  endfacet
  facet normal -0.555343 0.831621 0
    outer loop
      vertex 13.1221 8.66956 0
      vertex 13.1221 8.66956 2.4
      vertex 13.4027 8.85694 2.4
    endloop
  endfacet
  facet normal -0.580346 0.81437 0
    outer loop
      vertex 12.8474 8.4738 0
      vertex 13.1221 8.66956 2.4
      vertex 13.1221 8.66956 0
    endloop
  endfacet
  facet normal -0.580346 0.81437 0
    outer loop
      vertex 12.8474 8.4738 0
      vertex 12.8474 8.4738 2.4
      vertex 13.1221 8.66956 2.4
    endloop
  endfacet
  facet normal 0.580346 0.81437 0
    outer loop
      vertex 12.5727 8.66956 0
      vertex 12.8474 8.4738 2.4
      vertex 12.8474 8.4738 0
    endloop
  endfacet
  facet normal 0.580346 0.81437 -0
    outer loop
      vertex 12.5727 8.66956 0
      vertex 12.5727 8.66956 2.4
      vertex 12.8474 8.4738 2.4
    endloop
  endfacet
  facet normal 0.555206 0.831713 0
    outer loop
      vertex 12.292 8.85694 0
      vertex 12.5727 8.66956 2.4
      vertex 12.5727 8.66956 0
    endloop
  endfacet
  facet normal 0.555206 0.831713 -0
    outer loop
      vertex 12.292 8.85694 0
      vertex 12.292 8.85694 2.4
      vertex 12.5727 8.66956 2.4
    endloop
  endfacet
  facet normal 0.529594 0.848251 0
    outer loop
      vertex 12.0056 9.03575 0
      vertex 12.292 8.85694 2.4
      vertex 12.292 8.85694 0
    endloop
  endfacet
  facet normal 0.529594 0.848251 -0
    outer loop
      vertex 12.0056 9.03575 0
      vertex 12.0056 9.03575 2.4
      vertex 12.292 8.85694 2.4
    endloop
  endfacet
  facet normal 0.503183 0.86418 0
    outer loop
      vertex 11.7135 9.20583 0
      vertex 12.0056 9.03575 2.4
      vertex 12.0056 9.03575 0
    endloop
  endfacet
  facet normal 0.503183 0.86418 -0
    outer loop
      vertex 11.7135 9.20583 0
      vertex 11.7135 9.20583 2.4
      vertex 12.0056 9.03575 2.4
    endloop
  endfacet
  facet normal 0.476316 0.879274 0
    outer loop
      vertex 11.416 9.36699 0
      vertex 11.7135 9.20583 2.4
      vertex 11.7135 9.20583 0
    endloop
  endfacet
  facet normal 0.476316 0.879274 -0
    outer loop
      vertex 11.416 9.36699 0
      vertex 11.416 9.36699 2.4
      vertex 11.7135 9.20583 2.4
    endloop
  endfacet
  facet normal 0.448913 0.893575 0
    outer loop
      vertex 11.1133 9.51906 0
      vertex 11.416 9.36699 2.4
      vertex 11.416 9.36699 0
    endloop
  endfacet
  facet normal 0.448913 0.893575 -0
    outer loop
      vertex 11.1133 9.51906 0
      vertex 11.1133 9.51906 2.4
      vertex 11.416 9.36699 2.4
    endloop
  endfacet
  facet normal 0.420803 0.907152 0
    outer loop
      vertex 10.8055 9.66184 0
      vertex 11.1133 9.51906 2.4
      vertex 11.1133 9.51906 0
    endloop
  endfacet
  facet normal 0.420803 0.907152 -0
    outer loop
      vertex 10.8055 9.66184 0
      vertex 10.8055 9.66184 2.4
      vertex 11.1133 9.51906 2.4
    endloop
  endfacet
  facet normal 0.392218 0.919872 0
    outer loop
      vertex 10.4928 9.79517 0
      vertex 10.8055 9.66184 2.4
      vertex 10.8055 9.66184 0
    endloop
  endfacet
  facet normal 0.392218 0.919872 -0
    outer loop
      vertex 10.4928 9.79517 0
      vertex 10.4928 9.79517 2.4
      vertex 10.8055 9.66184 2.4
    endloop
  endfacet
  facet normal 0.363027 0.931779 0
    outer loop
      vertex 10.1753 9.91887 0
      vertex 10.4928 9.79517 2.4
      vertex 10.4928 9.79517 0
    endloop
  endfacet
  facet normal 0.363027 0.931779 -0
    outer loop
      vertex 10.1753 9.91887 0
      vertex 10.1753 9.91887 2.4
      vertex 10.4928 9.79517 2.4
    endloop
  endfacet
  facet normal 0.333342 0.942806 0
    outer loop
      vertex 9.85335 10.0327 0
      vertex 10.1753 9.91887 2.4
      vertex 10.1753 9.91887 0
    endloop
  endfacet
  facet normal 0.333342 0.942806 -0
    outer loop
      vertex 9.85335 10.0327 0
      vertex 9.85335 10.0327 2.4
      vertex 10.1753 9.91887 2.4
    endloop
  endfacet
  facet normal 0.303392 0.952866 0
    outer loop
      vertex 9.52703 10.1366 0
      vertex 9.85335 10.0327 2.4
      vertex 9.85335 10.0327 0
    endloop
  endfacet
  facet normal 0.303392 0.952866 -0
    outer loop
      vertex 9.52703 10.1366 0
      vertex 9.52703 10.1366 2.4
      vertex 9.85335 10.0327 2.4
    endloop
  endfacet
  facet normal 0.27276 0.962082 0
    outer loop
      vertex 9.19653 10.2303 0
      vertex 9.52703 10.1366 2.4
      vertex 9.52703 10.1366 0
    endloop
  endfacet
  facet normal 0.27276 0.962082 -0
    outer loop
      vertex 9.19653 10.2303 0
      vertex 9.19653 10.2303 2.4
      vertex 9.52703 10.1366 2.4
    endloop
  endfacet
  facet normal 0.241928 0.970294 0
    outer loop
      vertex 8.86204 10.3137 0
      vertex 9.19653 10.2303 2.4
      vertex 9.19653 10.2303 0
    endloop
  endfacet
  facet normal 0.241928 0.970294 -0
    outer loop
      vertex 8.86204 10.3137 0
      vertex 8.86204 10.3137 2.4
      vertex 9.19653 10.2303 2.4
    endloop
  endfacet
  facet normal 0.210366 0.977623 0
    outer loop
      vertex 8.52372 10.3865 0
      vertex 8.86204 10.3137 2.4
      vertex 8.86204 10.3137 0
    endloop
  endfacet
  facet normal 0.210366 0.977623 -0
    outer loop
      vertex 8.52372 10.3865 0
      vertex 8.52372 10.3865 2.4
      vertex 8.86204 10.3137 2.4
    endloop
  endfacet
  facet normal 0.178683 0.983907 0
    outer loop
      vertex 8.18177 10.4486 0
      vertex 8.52372 10.3865 2.4
      vertex 8.52372 10.3865 0
    endloop
  endfacet
  facet normal 0.178683 0.983907 -0
    outer loop
      vertex 8.18177 10.4486 0
      vertex 8.18177 10.4486 2.4
      vertex 8.52372 10.3865 2.4
    endloop
  endfacet
  facet normal 0.146904 0.989151 0
    outer loop
      vertex 7.83635 10.4999 0
      vertex 8.18177 10.4486 2.4
      vertex 8.18177 10.4486 0
    endloop
  endfacet
  facet normal 0.146904 0.989151 -0
    outer loop
      vertex 7.83635 10.4999 0
      vertex 7.83635 10.4999 2.4
      vertex 8.18177 10.4486 2.4
    endloop
  endfacet
  facet normal 0.114249 0.993452 0
    outer loop
      vertex 7.48766 10.54 0
      vertex 7.83635 10.4999 2.4
      vertex 7.83635 10.4999 0
    endloop
  endfacet
  facet normal 0.114249 0.993452 -0
    outer loop
      vertex 7.48766 10.54 0
      vertex 7.48766 10.54 2.4
      vertex 7.83635 10.4999 2.4
    endloop
  endfacet
  facet normal 0.0818732 0.996643 0
    outer loop
      vertex 7.13586 10.5689 0
      vertex 7.48766 10.54 2.4
      vertex 7.48766 10.54 0
    endloop
  endfacet
  facet normal 0.0818732 0.996643 -0
    outer loop
      vertex 7.13586 10.5689 0
      vertex 7.13586 10.5689 2.4
      vertex 7.48766 10.54 2.4
    endloop
  endfacet
  facet normal 0.0492761 0.998785 0
    outer loop
      vertex 6.78115 10.5864 0
      vertex 7.13586 10.5689 2.4
      vertex 7.13586 10.5689 0
    endloop
  endfacet
  facet normal 0.0492761 0.998785 -0
    outer loop
      vertex 6.78115 10.5864 0
      vertex 6.78115 10.5864 2.4
      vertex 7.13586 10.5689 2.4
    endloop
  endfacet
  facet normal 0.0165031 0.999864 0
    outer loop
      vertex 6.42369 10.5923 0
      vertex 6.78115 10.5864 2.4
      vertex 6.78115 10.5864 0
    endloop
  endfacet
  facet normal 0.0165031 0.999864 -0
    outer loop
      vertex 6.42369 10.5923 0
      vertex 6.42369 10.5923 2.4
      vertex 6.78115 10.5864 2.4
    endloop
  endfacet
  facet normal -0.0165031 0.999864 0
    outer loop
      vertex 6.06623 10.5864 0
      vertex 6.42369 10.5923 2.4
      vertex 6.42369 10.5923 0
    endloop
  endfacet
  facet normal -0.0165031 0.999864 0
    outer loop
      vertex 6.06623 10.5864 0
      vertex 6.06623 10.5864 2.4
      vertex 6.42369 10.5923 2.4
    endloop
  endfacet
  facet normal -0.0492748 0.998785 0
    outer loop
      vertex 5.71151 10.5689 0
      vertex 6.06623 10.5864 2.4
      vertex 6.06623 10.5864 0
    endloop
  endfacet
  facet normal -0.0492748 0.998785 0
    outer loop
      vertex 5.71151 10.5689 0
      vertex 5.71151 10.5689 2.4
      vertex 6.06623 10.5864 2.4
    endloop
  endfacet
  facet normal -0.0818755 0.996643 0
    outer loop
      vertex 5.35972 10.54 0
      vertex 5.71151 10.5689 2.4
      vertex 5.71151 10.5689 0
    endloop
  endfacet
  facet normal -0.0818755 0.996643 0
    outer loop
      vertex 5.35972 10.54 0
      vertex 5.35972 10.54 2.4
      vertex 5.71151 10.5689 2.4
    endloop
  endfacet
  facet normal -0.114246 0.993453 0
    outer loop
      vertex 5.01102 10.4999 0
      vertex 5.35972 10.54 2.4
      vertex 5.35972 10.54 0
    endloop
  endfacet
  facet normal -0.114246 0.993453 0
    outer loop
      vertex 5.01102 10.4999 0
      vertex 5.01102 10.4999 2.4
      vertex 5.35972 10.54 2.4
    endloop
  endfacet
  facet normal -0.146908 0.98915 0
    outer loop
      vertex 4.66561 10.4486 0
      vertex 5.01102 10.4999 2.4
      vertex 5.01102 10.4999 0
    endloop
  endfacet
  facet normal -0.146908 0.98915 0
    outer loop
      vertex 4.66561 10.4486 0
      vertex 4.66561 10.4486 2.4
      vertex 5.01102 10.4999 2.4
    endloop
  endfacet
  facet normal -0.178683 0.983907 0
    outer loop
      vertex 4.32366 10.3865 0
      vertex 4.66561 10.4486 2.4
      vertex 4.66561 10.4486 0
    endloop
  endfacet
  facet normal -0.178683 0.983907 0
    outer loop
      vertex 4.32366 10.3865 0
      vertex 4.32366 10.3865 2.4
      vertex 4.66561 10.4486 2.4
    endloop
  endfacet
  facet normal -0.210366 0.977623 0
    outer loop
      vertex 3.98534 10.3137 0
      vertex 4.32366 10.3865 2.4
      vertex 4.32366 10.3865 0
    endloop
  endfacet
  facet normal -0.210366 0.977623 0
    outer loop
      vertex 3.98534 10.3137 0
      vertex 3.98534 10.3137 2.4
      vertex 4.32366 10.3865 2.4
    endloop
  endfacet
  facet normal -0.241921 0.970296 0
    outer loop
      vertex 3.65084 10.2303 0
      vertex 3.98534 10.3137 2.4
      vertex 3.98534 10.3137 0
    endloop
  endfacet
  facet normal -0.241921 0.970296 0
    outer loop
      vertex 3.65084 10.2303 0
      vertex 3.65084 10.2303 2.4
      vertex 3.98534 10.3137 2.4
    endloop
  endfacet
  facet normal -0.27276 0.962082 0
    outer loop
      vertex 3.32034 10.1366 0
      vertex 3.65084 10.2303 2.4
      vertex 3.65084 10.2303 0
    endloop
  endfacet
  facet normal -0.27276 0.962082 0
    outer loop
      vertex 3.32034 10.1366 0
      vertex 3.32034 10.1366 2.4
      vertex 3.65084 10.2303 2.4
    endloop
  endfacet
  facet normal -0.303392 0.952866 0
    outer loop
      vertex 2.99402 10.0327 0
      vertex 3.32034 10.1366 2.4
      vertex 3.32034 10.1366 0
    endloop
  endfacet
  facet normal -0.303392 0.952866 0
    outer loop
      vertex 2.99402 10.0327 0
      vertex 2.99402 10.0327 2.4
      vertex 3.32034 10.1366 2.4
    endloop
  endfacet
  facet normal -0.333324 0.942812 0
    outer loop
      vertex 2.67205 9.91887 0
      vertex 2.99402 10.0327 2.4
      vertex 2.99402 10.0327 0
    endloop
  endfacet
  facet normal -0.333324 0.942812 0
    outer loop
      vertex 2.67205 9.91887 0
      vertex 2.67205 9.91887 2.4
      vertex 2.99402 10.0327 2.4
    endloop
  endfacet
  facet normal -0.363096 0.931752 0
    outer loop
      vertex 2.35462 9.79517 0
      vertex 2.67205 9.91887 2.4
      vertex 2.67205 9.91887 0
    endloop
  endfacet
  facet normal -0.363096 0.931752 0
    outer loop
      vertex 2.35462 9.79517 0
      vertex 2.35462 9.79517 2.4
      vertex 2.67205 9.91887 2.4
    endloop
  endfacet
  facet normal -0.392207 0.919877 0
    outer loop
      vertex 2.04191 9.66184 0
      vertex 2.35462 9.79517 2.4
      vertex 2.35462 9.79517 0
    endloop
  endfacet
  facet normal -0.392207 0.919877 0
    outer loop
      vertex 2.04191 9.66184 0
      vertex 2.04191 9.66184 2.4
      vertex 2.35462 9.79517 2.4
    endloop
  endfacet
  facet normal -0.420769 0.907168 0
    outer loop
      vertex 1.73408 9.51906 0
      vertex 2.04191 9.66184 2.4
      vertex 2.04191 9.66184 0
    endloop
  endfacet
  facet normal -0.420769 0.907168 0
    outer loop
      vertex 1.73408 9.51906 0
      vertex 1.73408 9.51906 2.4
      vertex 2.04191 9.66184 2.4
    endloop
  endfacet
  facet normal -0.448866 0.893599 0
    outer loop
      vertex 1.43134 9.36699 0
      vertex 1.73408 9.51906 2.4
      vertex 1.73408 9.51906 0
    endloop
  endfacet
  facet normal -0.448866 0.893599 0
    outer loop
      vertex 1.43134 9.36699 0
      vertex 1.43134 9.36699 2.4
      vertex 1.73408 9.51906 2.4
    endloop
  endfacet
  facet normal -0.476316 0.879274 0
    outer loop
      vertex 1.13384 9.20583 0
      vertex 1.43134 9.36699 2.4
      vertex 1.43134 9.36699 0
    endloop
  endfacet
  facet normal -0.476316 0.879274 0
    outer loop
      vertex 1.13384 9.20583 0
      vertex 1.13384 9.20583 2.4
      vertex 1.43134 9.36699 2.4
    endloop
  endfacet
  facet normal -0.503238 0.864148 0
    outer loop
      vertex 0.841783 9.03575 0
      vertex 1.13384 9.20583 2.4
      vertex 1.13384 9.20583 0
    endloop
  endfacet
  facet normal -0.503238 0.864148 0
    outer loop
      vertex 0.841783 9.03575 0
      vertex 0.841783 9.03575 2.4
      vertex 1.13384 9.20583 2.4
    endloop
  endfacet
  facet normal -0.529532 0.84829 0
    outer loop
      vertex 0.555336 8.85694 0
      vertex 0.841783 9.03575 2.4
      vertex 0.841783 9.03575 0
    endloop
  endfacet
  facet normal -0.529532 0.84829 0
    outer loop
      vertex 0.555336 8.85694 0
      vertex 0.555336 8.85694 2.4
      vertex 0.841783 9.03575 2.4
    endloop
  endfacet
  facet normal -0.555264 0.831674 0
    outer loop
      vertex 0.274678 8.66956 0
      vertex 0.555336 8.85694 2.4
      vertex 0.555336 8.85694 0
    endloop
  endfacet
  facet normal -0.555264 0.831674 0
    outer loop
      vertex 0.274678 8.66956 0
      vertex 0.274678 8.66956 2.4
      vertex 0.555336 8.85694 2.4
    endloop
  endfacet
  facet normal -0.58037 0.814353 0
    outer loop
      vertex -5.19039e-06 8.4738 0
      vertex 0.274678 8.66956 2.4
      vertex 0.274678 8.66956 0
    endloop
  endfacet
  facet normal -0.58037 0.814353 0
    outer loop
      vertex -5.19039e-06 8.4738 0
      vertex -5.19039e-06 8.4738 2.4
      vertex 0.274678 8.66956 2.4
    endloop
  endfacet
  facet normal 0.580708 0.814112 0
    outer loop
      vertex -0.274447 8.66956 0
      vertex -5.19039e-06 8.4738 2.4
      vertex -5.19039e-06 8.4738 0
    endloop
  endfacet
  facet normal 0.580708 0.814112 -0
    outer loop
      vertex -0.274447 8.66956 0
      vertex -0.274447 8.66956 2.4
      vertex -5.19039e-06 8.4738 2.4
    endloop
  endfacet
  facet normal 0.556199 0.831049 0
    outer loop
      vertex -0.554422 8.85694 0
      vertex -0.274447 8.66956 2.4
      vertex -0.274447 8.66956 0
    endloop
  endfacet
  facet normal 0.556199 0.831049 -0
    outer loop
      vertex -0.554422 8.85694 0
      vertex -0.554422 8.85694 2.4
      vertex -0.274447 8.66956 2.4
    endloop
  endfacet
  facet normal 0.530911 0.847427 0
    outer loop
      vertex -0.839834 9.03575 0
      vertex -0.554422 8.85694 2.4
      vertex -0.554422 8.85694 0
    endloop
  endfacet
  facet normal 0.530911 0.847427 -0
    outer loop
      vertex -0.839834 9.03575 0
      vertex -0.839834 9.03575 2.4
      vertex -0.554422 8.85694 2.4
    endloop
  endfacet
  facet normal 0.504943 0.863153 0
    outer loop
      vertex -1.13057 9.20583 0
      vertex -0.839834 9.03575 2.4
      vertex -0.839834 9.03575 0
    endloop
  endfacet
  facet normal 0.504943 0.863153 -0
    outer loop
      vertex -1.13057 9.20583 0
      vertex -1.13057 9.20583 2.4
      vertex -0.839834 9.03575 2.4
    endloop
  endfacet
  facet normal 0.478216 0.878242 0
    outer loop
      vertex -1.42654 9.36699 0
      vertex -1.13057 9.20583 2.4
      vertex -1.13057 9.20583 0
    endloop
  endfacet
  facet normal 0.478216 0.878242 -0
    outer loop
      vertex -1.42654 9.36699 0
      vertex -1.42654 9.36699 2.4
      vertex -1.13057 9.20583 2.4
    endloop
  endfacet
  facet normal 0.450827 0.892611 0
    outer loop
      vertex -1.72763 9.51906 0
      vertex -1.42654 9.36699 2.4
      vertex -1.42654 9.36699 0
    endloop
  endfacet
  facet normal 0.450827 0.892611 -0
    outer loop
      vertex -1.72763 9.51906 0
      vertex -1.72763 9.51906 2.4
      vertex -1.42654 9.36699 2.4
    endloop
  endfacet
  facet normal 0.422701 0.906269 0
    outer loop
      vertex -2.03375 9.66184 0
      vertex -1.72763 9.51906 2.4
      vertex -1.72763 9.51906 0
    endloop
  endfacet
  facet normal 0.422701 0.906269 -0
    outer loop
      vertex -2.03375 9.66184 0
      vertex -2.03375 9.66184 2.4
      vertex -1.72763 9.51906 2.4
    endloop
  endfacet
  facet normal 0.393987 0.919116 0
    outer loop
      vertex -2.34479 9.79517 0
      vertex -2.03375 9.66184 2.4
      vertex -2.03375 9.66184 0
    endloop
  endfacet
  facet normal 0.393987 0.919116 -0
    outer loop
      vertex -2.34479 9.79517 0
      vertex -2.34479 9.79517 2.4
      vertex -2.03375 9.66184 2.4
    endloop
  endfacet
  facet normal 0.364672 0.931136 0
    outer loop
      vertex -2.66064 9.91887 0
      vertex -2.34479 9.79517 2.4
      vertex -2.34479 9.79517 0
    endloop
  endfacet
  facet normal 0.364672 0.931136 -0
    outer loop
      vertex -2.66064 9.91887 0
      vertex -2.66064 9.91887 2.4
      vertex -2.34479 9.79517 2.4
    endloop
  endfacet
  facet normal 0.334617 0.942354 0
    outer loop
      vertex -2.98121 10.0327 0
      vertex -2.66064 9.91887 2.4
      vertex -2.66064 9.91887 0
    endloop
  endfacet
  facet normal 0.334617 0.942354 -0
    outer loop
      vertex -2.98121 10.0327 0
      vertex -2.98121 10.0327 2.4
      vertex -2.66064 9.91887 2.4
    endloop
  endfacet
  facet normal 0.304357 0.952558 0
    outer loop
      vertex -3.30639 10.1366 0
      vertex -2.98121 10.0327 2.4
      vertex -2.98121 10.0327 0
    endloop
  endfacet
  facet normal 0.304357 0.952558 -0
    outer loop
      vertex -3.30639 10.1366 0
      vertex -3.30639 10.1366 2.4
      vertex -2.98121 10.0327 2.4
    endloop
  endfacet
  facet normal 0.27338 0.961906 0
    outer loop
      vertex -3.63608 10.2303 0
      vertex -3.30639 10.1366 2.4
      vertex -3.30639 10.1366 0
    endloop
  endfacet
  facet normal 0.27338 0.961906 -0
    outer loop
      vertex -3.63608 10.2303 0
      vertex -3.63608 10.2303 2.4
      vertex -3.30639 10.1366 2.4
    endloop
  endfacet
  facet normal 0.242194 0.970228 0
    outer loop
      vertex -3.97018 10.3137 0
      vertex -3.63608 10.2303 2.4
      vertex -3.63608 10.2303 0
    endloop
  endfacet
  facet normal 0.242194 0.970228 -0
    outer loop
      vertex -3.97018 10.3137 0
      vertex -3.97018 10.3137 2.4
      vertex -3.63608 10.2303 2.4
    endloop
  endfacet
  facet normal 0.210312 0.977634 0
    outer loop
      vertex -4.30859 10.3865 0
      vertex -3.97018 10.3137 2.4
      vertex -3.97018 10.3137 0
    endloop
  endfacet
  facet normal 0.210312 0.977634 -0
    outer loop
      vertex -4.30859 10.3865 0
      vertex -4.30859 10.3865 2.4
      vertex -3.97018 10.3137 2.4
    endloop
  endfacet
  facet normal 0.17835 0.983967 0
    outer loop
      vertex -4.6512 10.4486 0
      vertex -4.30859 10.3865 2.4
      vertex -4.30859 10.3865 0
    endloop
  endfacet
  facet normal 0.17835 0.983967 -0
    outer loop
      vertex -4.6512 10.4486 0
      vertex -4.6512 10.4486 2.4
      vertex -4.30859 10.3865 2.4
    endloop
  endfacet
  facet normal 0.146373 0.989229 0
    outer loop
      vertex -4.9979 10.4999 0
      vertex -4.6512 10.4486 2.4
      vertex -4.6512 10.4486 0
    endloop
  endfacet
  facet normal 0.146373 0.989229 -0
    outer loop
      vertex -4.9979 10.4999 0
      vertex -4.9979 10.4999 2.4
      vertex -4.6512 10.4486 2.4
    endloop
  endfacet
  facet normal 0.113599 0.993527 0
    outer loop
      vertex -5.34861 10.54 0
      vertex -4.9979 10.4999 2.4
      vertex -4.9979 10.4999 0
    endloop
  endfacet
  facet normal 0.113599 0.993527 -0
    outer loop
      vertex -5.34861 10.54 0
      vertex -5.34861 10.54 2.4
      vertex -4.9979 10.4999 2.4
    endloop
  endfacet
  facet normal 0.0812309 0.996695 0
    outer loop
      vertex -5.70321 10.5689 0
      vertex -5.34861 10.54 2.4
      vertex -5.34861 10.54 0
    endloop
  endfacet
  facet normal 0.0812309 0.996695 -0
    outer loop
      vertex -5.70321 10.5689 0
      vertex -5.70321 10.5689 2.4
      vertex -5.34861 10.54 2.4
    endloop
  endfacet
  facet normal 0.0487714 0.99881 0
    outer loop
      vertex -6.0616 10.5864 0
      vertex -5.70321 10.5689 2.4
      vertex -5.70321 10.5689 0
    endloop
  endfacet
  facet normal 0.0487714 0.99881 -0
    outer loop
      vertex -6.0616 10.5864 0
      vertex -6.0616 10.5864 2.4
      vertex -5.70321 10.5689 2.4
    endloop
  endfacet
  facet normal 0.0162921 0.999867 0
    outer loop
      vertex -6.42369 10.5923 0
      vertex -6.0616 10.5864 2.4
      vertex -6.0616 10.5864 0
    endloop
  endfacet
  facet normal 0.0162921 0.999867 -0
    outer loop
      vertex -6.42369 10.5923 0
      vertex -6.42369 10.5923 2.4
      vertex -6.0616 10.5864 2.4
    endloop
  endfacet
  facet normal -0.0165031 0.999864 0
    outer loop
      vertex -6.78115 10.5864 0
      vertex -6.42369 10.5923 2.4
      vertex -6.42369 10.5923 0
    endloop
  endfacet
  facet normal -0.0165031 0.999864 0
    outer loop
      vertex -6.78115 10.5864 0
      vertex -6.78115 10.5864 2.4
      vertex -6.42369 10.5923 2.4
    endloop
  endfacet
  facet normal -0.0492761 0.998785 0
    outer loop
      vertex -7.13586 10.5689 0
      vertex -6.78115 10.5864 2.4
      vertex -6.78115 10.5864 0
    endloop
  endfacet
  facet normal -0.0492761 0.998785 0
    outer loop
      vertex -7.13586 10.5689 0
      vertex -7.13586 10.5689 2.4
      vertex -6.78115 10.5864 2.4
    endloop
  endfacet
  facet normal -0.0818732 0.996643 0
    outer loop
      vertex -7.48766 10.54 0
      vertex -7.13586 10.5689 2.4
      vertex -7.13586 10.5689 0
    endloop
  endfacet
  facet normal -0.0818732 0.996643 0
    outer loop
      vertex -7.48766 10.54 0
      vertex -7.48766 10.54 2.4
      vertex -7.13586 10.5689 2.4
    endloop
  endfacet
  facet normal -0.114246 0.993453 0
    outer loop
      vertex -7.83636 10.4999 0
      vertex -7.48766 10.54 2.4
      vertex -7.48766 10.54 0
    endloop
  endfacet
  facet normal -0.114246 0.993453 0
    outer loop
      vertex -7.83636 10.4999 0
      vertex -7.83636 10.4999 2.4
      vertex -7.48766 10.54 2.4
    endloop
  endfacet
  facet normal -0.146908 0.98915 0
    outer loop
      vertex -8.18177 10.4486 0
      vertex -7.83636 10.4999 2.4
      vertex -7.83636 10.4999 0
    endloop
  endfacet
  facet normal -0.146908 0.98915 0
    outer loop
      vertex -8.18177 10.4486 0
      vertex -8.18177 10.4486 2.4
      vertex -7.83636 10.4999 2.4
    endloop
  endfacet
  facet normal -0.178678 0.983908 0
    outer loop
      vertex -8.52373 10.3865 0
      vertex -8.18177 10.4486 2.4
      vertex -8.18177 10.4486 0
    endloop
  endfacet
  facet normal -0.178678 0.983908 0
    outer loop
      vertex -8.52373 10.3865 0
      vertex -8.52373 10.3865 2.4
      vertex -8.18177 10.4486 2.4
    endloop
  endfacet
  facet normal -0.210372 0.977621 0
    outer loop
      vertex -8.86204 10.3137 0
      vertex -8.52373 10.3865 2.4
      vertex -8.52373 10.3865 0
    endloop
  endfacet
  facet normal -0.210372 0.977621 0
    outer loop
      vertex -8.86204 10.3137 0
      vertex -8.86204 10.3137 2.4
      vertex -8.52373 10.3865 2.4
    endloop
  endfacet
  facet normal -0.241921 0.970296 0
    outer loop
      vertex -9.19654 10.2303 0
      vertex -8.86204 10.3137 2.4
      vertex -8.86204 10.3137 0
    endloop
  endfacet
  facet normal -0.241921 0.970296 0
    outer loop
      vertex -9.19654 10.2303 0
      vertex -9.19654 10.2303 2.4
      vertex -8.86204 10.3137 2.4
    endloop
  endfacet
  facet normal -0.27276 0.962082 0
    outer loop
      vertex -9.52704 10.1366 0
      vertex -9.19654 10.2303 2.4
      vertex -9.19654 10.2303 0
    endloop
  endfacet
  facet normal -0.27276 0.962082 0
    outer loop
      vertex -9.52704 10.1366 0
      vertex -9.52704 10.1366 2.4
      vertex -9.19654 10.2303 2.4
    endloop
  endfacet
  facet normal -0.303392 0.952866 0
    outer loop
      vertex -9.85336 10.0327 0
      vertex -9.52704 10.1366 2.4
      vertex -9.52704 10.1366 0
    endloop
  endfacet
  facet normal -0.303392 0.952866 0
    outer loop
      vertex -9.85336 10.0327 0
      vertex -9.85336 10.0327 2.4
      vertex -9.52704 10.1366 2.4
    endloop
  endfacet
  facet normal -0.333352 0.942803 0
    outer loop
      vertex -10.1753 9.91887 0
      vertex -9.85336 10.0327 2.4
      vertex -9.85336 10.0327 0
    endloop
  endfacet
  facet normal -0.333352 0.942803 0
    outer loop
      vertex -10.1753 9.91887 0
      vertex -10.1753 9.91887 2.4
      vertex -9.85336 10.0327 2.4
    endloop
  endfacet
  facet normal -0.363027 0.931779 0
    outer loop
      vertex -10.4928 9.79517 0
      vertex -10.1753 9.91887 2.4
      vertex -10.1753 9.91887 0
    endloop
  endfacet
  facet normal -0.363027 0.931779 0
    outer loop
      vertex -10.4928 9.79517 0
      vertex -10.4928 9.79517 2.4
      vertex -10.1753 9.91887 2.4
    endloop
  endfacet
  facet normal -0.392218 0.919872 0
    outer loop
      vertex -10.8055 9.66184 0
      vertex -10.4928 9.79517 2.4
      vertex -10.4928 9.79517 0
    endloop
  endfacet
  facet normal -0.392218 0.919872 0
    outer loop
      vertex -10.8055 9.66184 0
      vertex -10.8055 9.66184 2.4
      vertex -10.4928 9.79517 2.4
    endloop
  endfacet
  facet normal -0.420803 0.907152 0
    outer loop
      vertex -11.1133 9.51906 0
      vertex -10.8055 9.66184 2.4
      vertex -10.8055 9.66184 0
    endloop
  endfacet
  facet normal -0.420803 0.907152 0
    outer loop
      vertex -11.1133 9.51906 0
      vertex -11.1133 9.51906 2.4
      vertex -10.8055 9.66184 2.4
    endloop
  endfacet
  facet normal -0.448913 0.893575 0
    outer loop
      vertex -11.416 9.36699 0
      vertex -11.1133 9.51906 2.4
      vertex -11.1133 9.51906 0
    endloop
  endfacet
  facet normal -0.448913 0.893575 0
    outer loop
      vertex -11.416 9.36699 0
      vertex -11.416 9.36699 2.4
      vertex -11.1133 9.51906 2.4
    endloop
  endfacet
  facet normal -0.476316 0.879274 0
    outer loop
      vertex -11.7135 9.20583 0
      vertex -11.416 9.36699 2.4
      vertex -11.416 9.36699 0
    endloop
  endfacet
  facet normal -0.476316 0.879274 0
    outer loop
      vertex -11.7135 9.20583 0
      vertex -11.7135 9.20583 2.4
      vertex -11.416 9.36699 2.4
    endloop
  endfacet
  facet normal -0.503183 0.86418 0
    outer loop
      vertex -12.0056 9.03575 0
      vertex -11.7135 9.20583 2.4
      vertex -11.7135 9.20583 0
    endloop
  endfacet
  facet normal -0.503183 0.86418 0
    outer loop
      vertex -12.0056 9.03575 0
      vertex -12.0056 9.03575 2.4
      vertex -11.7135 9.20583 2.4
    endloop
  endfacet
  facet normal -0.529594 0.848251 0
    outer loop
      vertex -12.292 8.85694 0
      vertex -12.0056 9.03575 2.4
      vertex -12.0056 9.03575 0
    endloop
  endfacet
  facet normal -0.529594 0.848251 0
    outer loop
      vertex -12.292 8.85694 0
      vertex -12.292 8.85694 2.4
      vertex -12.0056 9.03575 2.4
    endloop
  endfacet
  facet normal -0.555206 0.831713 0
    outer loop
      vertex -12.5727 8.66956 0
      vertex -12.292 8.85694 2.4
      vertex -12.292 8.85694 0
    endloop
  endfacet
  facet normal -0.555206 0.831713 0
    outer loop
      vertex -12.5727 8.66956 0
      vertex -12.5727 8.66956 2.4
      vertex -12.292 8.85694 2.4
    endloop
  endfacet
  facet normal -0.580346 0.81437 0
    outer loop
      vertex -12.8474 8.4738 0
      vertex -12.5727 8.66956 2.4
      vertex -12.5727 8.66956 0
    endloop
  endfacet
  facet normal -0.580346 0.81437 0
    outer loop
      vertex -12.8474 8.4738 0
      vertex -12.8474 8.4738 2.4
      vertex -12.5727 8.66956 2.4
    endloop
  endfacet
  facet normal 0.587272 0.809389 0
    outer loop
      vertex -13.1172 8.66956 0
      vertex -12.8474 8.4738 2.4
      vertex -12.8474 8.4738 0
    endloop
  endfacet
  facet normal 0.587272 0.809389 -0
    outer loop
      vertex -13.1172 8.66956 0
      vertex -13.1172 8.66956 2.4
      vertex -12.8474 8.4738 2.4
    endloop
  endfacet
  facet normal 0.561277 0.827628 0
    outer loop
      vertex -13.3935 8.85694 0
      vertex -13.1172 8.66956 2.4
      vertex -13.1172 8.66956 0
    endloop
  endfacet
  facet normal 0.561277 0.827628 -0
    outer loop
      vertex -13.3935 8.85694 0
      vertex -13.3935 8.85694 2.4
      vertex -13.1172 8.66956 2.4
    endloop
  endfacet
  facet normal 0.534689 0.845049 0
    outer loop
      vertex -13.6761 9.03575 0
      vertex -13.3935 8.85694 2.4
      vertex -13.3935 8.85694 0
    endloop
  endfacet
  facet normal 0.534689 0.845049 -0
    outer loop
      vertex -13.6761 9.03575 0
      vertex -13.6761 9.03575 2.4
      vertex -13.3935 8.85694 2.4
    endloop
  endfacet
  facet normal 0.507589 0.8616 0
    outer loop
      vertex -13.9648 9.20583 0
      vertex -13.6761 9.03575 2.4
      vertex -13.6761 9.03575 0
    endloop
  endfacet
  facet normal 0.507589 0.8616 -0
    outer loop
      vertex -13.9648 9.20583 0
      vertex -13.9648 9.20583 2.4
      vertex -13.6761 9.03575 2.4
    endloop
  endfacet
  facet normal 0.479803 0.877376 0
    outer loop
      vertex -14.2595 9.36699 0
      vertex -13.9648 9.20583 2.4
      vertex -13.9648 9.20583 0
    endloop
  endfacet
  facet normal 0.479803 0.877376 -0
    outer loop
      vertex -14.2595 9.36699 0
      vertex -14.2595 9.36699 2.4
      vertex -13.9648 9.20583 2.4
    endloop
  endfacet
  facet normal 0.451651 0.892195 0
    outer loop
      vertex -14.5599 9.51906 0
      vertex -14.2595 9.36699 2.4
      vertex -14.2595 9.36699 0
    endloop
  endfacet
  facet normal 0.451651 0.892195 -0
    outer loop
      vertex -14.5599 9.51906 0
      vertex -14.5599 9.51906 2.4
      vertex -14.2595 9.36699 2.4
    endloop
  endfacet
  facet normal 0.422723 0.906259 0
    outer loop
      vertex -14.866 9.66184 0
      vertex -14.5599 9.51906 2.4
      vertex -14.5599 9.51906 0
    endloop
  endfacet
  facet normal 0.422723 0.906259 -0
    outer loop
      vertex -14.866 9.66184 0
      vertex -14.866 9.66184 2.4
      vertex -14.5599 9.51906 2.4
    endloop
  endfacet
  facet normal 0.393602 0.919281 0
    outer loop
      vertex -15.1774 9.79517 0
      vertex -14.866 9.66184 2.4
      vertex -14.866 9.66184 0
    endloop
  endfacet
  facet normal 0.393602 0.919281 -0
    outer loop
      vertex -15.1774 9.79517 0
      vertex -15.1774 9.79517 2.4
      vertex -14.866 9.66184 2.4
    endloop
  endfacet
  facet normal 0.363823 0.931468 0
    outer loop
      vertex -15.4941 9.91887 0
      vertex -15.1774 9.79517 2.4
      vertex -15.1774 9.79517 0
    endloop
  endfacet
  facet normal 0.363823 0.931468 -0
    outer loop
      vertex -15.4941 9.91887 0
      vertex -15.4941 9.91887 2.4
      vertex -15.1774 9.79517 2.4
    endloop
  endfacet
  facet normal 0.333573 0.942724 0
    outer loop
      vertex -15.8158 10.0327 0
      vertex -15.4941 9.91887 2.4
      vertex -15.4941 9.91887 0
    endloop
  endfacet
  facet normal 0.333573 0.942724 -0
    outer loop
      vertex -15.8158 10.0327 0
      vertex -15.8158 10.0327 2.4
      vertex -15.4941 9.91887 2.4
    endloop
  endfacet
  facet normal 0.303155 0.952941 0
    outer loop
      vertex -16.1424 10.1366 0
      vertex -15.8158 10.0327 2.4
      vertex -15.8158 10.0327 0
    endloop
  endfacet
  facet normal 0.303155 0.952941 -0
    outer loop
      vertex -16.1424 10.1366 0
      vertex -16.1424 10.1366 2.4
      vertex -15.8158 10.0327 2.4
    endloop
  endfacet
  facet normal 0.272226 0.962233 0
    outer loop
      vertex -16.4736 10.2303 0
      vertex -16.1424 10.1366 2.4
      vertex -16.1424 10.1366 0
    endloop
  endfacet
  facet normal 0.272226 0.962233 -0
    outer loop
      vertex -16.4736 10.2303 0
      vertex -16.4736 10.2303 2.4
      vertex -16.1424 10.1366 2.4
    endloop
  endfacet
  facet normal 0.241039 0.970515 0
    outer loop
      vertex -16.8094 10.3137 0
      vertex -16.4736 10.2303 2.4
      vertex -16.4736 10.2303 0
    endloop
  endfacet
  facet normal 0.241039 0.970515 -0
    outer loop
      vertex -16.8094 10.3137 0
      vertex -16.8094 10.3137 2.4
      vertex -16.4736 10.2303 2.4
    endloop
  endfacet
  facet normal 0.209313 0.977849 0
    outer loop
      vertex -17.1495 10.3865 0
      vertex -16.8094 10.3137 2.4
      vertex -16.8094 10.3137 0
    endloop
  endfacet
  facet normal 0.209313 0.977849 -0
    outer loop
      vertex -17.1495 10.3865 0
      vertex -17.1495 10.3865 2.4
      vertex -16.8094 10.3137 2.4
    endloop
  endfacet
  facet normal 0.177502 0.98412 0
    outer loop
      vertex -17.4938 10.4486 0
      vertex -17.1495 10.3865 2.4
      vertex -17.1495 10.3865 0
    endloop
  endfacet
  facet normal 0.177502 0.98412 -0
    outer loop
      vertex -17.4938 10.4486 0
      vertex -17.4938 10.4486 2.4
      vertex -17.1495 10.3865 2.4
    endloop
  endfacet
  facet normal 0.145756 0.989321 0
    outer loop
      vertex -17.842 10.4999 0
      vertex -17.4938 10.4486 2.4
      vertex -17.4938 10.4486 0
    endloop
  endfacet
  facet normal 0.145756 0.989321 -0
    outer loop
      vertex -17.842 10.4999 0
      vertex -17.842 10.4999 2.4
      vertex -17.4938 10.4486 2.4
    endloop
  endfacet
  facet normal 0.113188 0.993574 0
    outer loop
      vertex -18.194 10.54 0
      vertex -17.842 10.4999 2.4
      vertex -17.842 10.4999 0
    endloop
  endfacet
  facet normal 0.113188 0.993574 -0
    outer loop
      vertex -18.194 10.54 0
      vertex -18.194 10.54 2.4
      vertex -17.842 10.4999 2.4
    endloop
  endfacet
  facet normal 0.0809814 0.996716 0
    outer loop
      vertex -18.5497 10.5689 0
      vertex -18.194 10.54 2.4
      vertex -18.194 10.54 0
    endloop
  endfacet
  facet normal 0.0809814 0.996716 -0
    outer loop
      vertex -18.5497 10.5689 0
      vertex -18.5497 10.5689 2.4
      vertex -18.194 10.54 2.4
    endloop
  endfacet
  facet normal 0.0486752 0.998815 0
    outer loop
      vertex -18.9088 10.5864 0
      vertex -18.5497 10.5689 2.4
      vertex -18.5497 10.5689 0
    endloop
  endfacet
  facet normal 0.0486752 0.998815 -0
    outer loop
      vertex -18.9088 10.5864 0
      vertex -18.9088 10.5864 2.4
      vertex -18.5497 10.5689 2.4
    endloop
  endfacet
  facet normal 0.0162827 0.999867 0
    outer loop
      vertex -19.2711 10.5923 0
      vertex -18.9088 10.5864 2.4
      vertex -18.9088 10.5864 0
    endloop
  endfacet
  facet normal 0.0162827 0.999867 -0
    outer loop
      vertex -19.2711 10.5923 0
      vertex -19.2711 10.5923 2.4
      vertex -18.9088 10.5864 2.4
    endloop
  endfacet
  facet normal -0.0400589 0.999197 0
    outer loop
      vertex -20.1491 10.5571 0
      vertex -19.2711 10.5923 2.4
      vertex -19.2711 10.5923 0
    endloop
  endfacet
  facet normal -0.0400589 0.999197 0
    outer loop
      vertex -20.1491 10.5571 0
      vertex -20.1491 10.5571 2.4
      vertex -19.2711 10.5923 2.4
    endloop
  endfacet
  facet normal -0.119879 0.992788 0
    outer loop
      vertex -21.0079 10.4534 0
      vertex -20.1491 10.5571 2.4
      vertex -20.1491 10.5571 0
    endloop
  endfacet
  facet normal -0.119879 0.992788 0
    outer loop
      vertex -21.0079 10.4534 0
      vertex -21.0079 10.4534 2.4
      vertex -20.1491 10.5571 2.4
    endloop
  endfacet
  facet normal -0.198413 0.980118 0
    outer loop
      vertex -21.8447 10.284 0
      vertex -21.0079 10.4534 2.4
      vertex -21.0079 10.4534 0
    endloop
  endfacet
  facet normal -0.198413 0.980118 0
    outer loop
      vertex -21.8447 10.284 0
      vertex -21.8447 10.284 2.4
      vertex -21.0079 10.4534 2.4
    endloop
  endfacet
  facet normal -0.275128 0.961408 0
    outer loop
      vertex -22.6568 10.0516 0
      vertex -21.8447 10.284 2.4
      vertex -21.8447 10.284 0
    endloop
  endfacet
  facet normal -0.275128 0.961408 0
    outer loop
      vertex -22.6568 10.0516 0
      vertex -22.6568 10.0516 2.4
      vertex -21.8447 10.284 2.4
    endloop
  endfacet
  facet normal -0.349636 0.936886 0
    outer loop
      vertex -23.4412 9.75887 0
      vertex -22.6568 10.0516 2.4
      vertex -22.6568 10.0516 0
    endloop
  endfacet
  facet normal -0.349636 0.936886 0
    outer loop
      vertex -23.4412 9.75887 0
      vertex -23.4412 9.75887 2.4
      vertex -22.6568 10.0516 2.4
    endloop
  endfacet
  facet normal -0.421242 0.906948 0
    outer loop
      vertex -24.1953 9.40862 0
      vertex -23.4412 9.75887 2.4
      vertex -23.4412 9.75887 0
    endloop
  endfacet
  facet normal -0.421242 0.906948 0
    outer loop
      vertex -24.1953 9.40862 0
      vertex -24.1953 9.40862 2.4
      vertex -23.4412 9.75887 2.4
    endloop
  endfacet
  facet normal -0.489772 0.871851 0
    outer loop
      vertex -24.9163 9.00359 0
      vertex -24.1953 9.40862 2.4
      vertex -24.1953 9.40862 0
    endloop
  endfacet
  facet normal -0.489772 0.871851 0
    outer loop
      vertex -24.9163 9.00359 0
      vertex -24.9163 9.00359 2.4
      vertex -24.1953 9.40862 2.4
    endloop
  endfacet
  facet normal -0.555039 0.831824 0
    outer loop
      vertex -25.6013 8.54652 0
      vertex -24.9163 9.00359 2.4
      vertex -24.9163 9.00359 0
    endloop
  endfacet
  facet normal -0.555039 0.831824 0
    outer loop
      vertex -25.6013 8.54652 0
      vertex -25.6013 8.54652 2.4
      vertex -24.9163 9.00359 2.4
    endloop
  endfacet
  facet normal -0.616813 0.78711 0
    outer loop
      vertex -26.2475 8.04013 0
      vertex -25.6013 8.54652 2.4
      vertex -25.6013 8.54652 0
    endloop
  endfacet
  facet normal -0.616813 0.78711 0
    outer loop
      vertex -26.2475 8.04013 0
      vertex -26.2475 8.04013 2.4
      vertex -25.6013 8.54652 2.4
    endloop
  endfacet
  facet normal -0.674817 0.737985 0
    outer loop
      vertex -26.8522 7.48719 0
      vertex -26.2475 8.04013 2.4
      vertex -26.2475 8.04013 0
    endloop
  endfacet
  facet normal -0.674817 0.737985 0
    outer loop
      vertex -26.8522 7.48719 0
      vertex -26.8522 7.48719 2.4
      vertex -26.2475 8.04013 2.4
    endloop
  endfacet
  facet normal -0.728971 0.684544 0
    outer loop
      vertex -27.4126 6.89042 0
      vertex -26.8522 7.48719 2.4
      vertex -26.8522 7.48719 0
    endloop
  endfacet
  facet normal -0.728971 0.684544 0
    outer loop
      vertex -27.4126 6.89042 0
      vertex -27.4126 6.89042 2.4
      vertex -26.8522 7.48719 2.4
    endloop
  endfacet
  facet normal -0.779126 0.626867 0
    outer loop
      vertex -27.9258 6.25257 0
      vertex -27.4126 6.89042 2.4
      vertex -27.4126 6.89042 0
    endloop
  endfacet
  facet normal -0.779126 0.626867 0
    outer loop
      vertex -27.9258 6.25257 0
      vertex -27.9258 6.25257 2.4
      vertex -27.4126 6.89042 2.4
    endloop
  endfacet
  facet normal -0.82488 0.565307 0
    outer loop
      vertex -28.3892 5.57639 0
      vertex -27.9258 6.25257 2.4
      vertex -27.9258 6.25257 0
    endloop
  endfacet
  facet normal -0.82488 0.565307 0
    outer loop
      vertex -28.3892 5.57639 0
      vertex -28.3892 5.57639 2.4
      vertex -27.9258 6.25257 2.4
    endloop
  endfacet
  facet normal -0.866208 0.499684 0
    outer loop
      vertex -28.7998 4.86461 0
      vertex -28.3892 5.57639 2.4
      vertex -28.3892 5.57639 0
    endloop
  endfacet
  facet normal -0.866208 0.499684 0
    outer loop
      vertex -28.7998 4.86461 0
      vertex -28.7998 4.86461 2.4
      vertex -28.3892 5.57639 2.4
    endloop
  endfacet
  facet normal -0.902618 0.430442 0
    outer loop
      vertex -29.1549 4.11998 0
      vertex -28.7998 4.86461 2.4
      vertex -28.7998 4.86461 0
    endloop
  endfacet
  facet normal -0.902618 0.430442 0
    outer loop
      vertex -29.1549 4.11998 0
      vertex -29.1549 4.11998 2.4
      vertex -28.7998 4.86461 2.4
    endloop
  endfacet
  facet normal -0.93382 0.357743 0
    outer loop
      vertex -29.4517 3.34524 0
      vertex -29.1549 4.11998 2.4
      vertex -29.1549 4.11998 0
    endloop
  endfacet
  facet normal -0.93382 0.357743 0
    outer loop
      vertex -29.4517 3.34524 0
      vertex -29.4517 3.34524 2.4
      vertex -29.1549 4.11998 2.4
    endloop
  endfacet
  facet normal -0.959435 0.28193 0
    outer loop
      vertex -29.6874 2.54313 0
      vertex -29.4517 3.34524 2.4
      vertex -29.4517 3.34524 0
    endloop
  endfacet
  facet normal -0.959435 0.28193 0
    outer loop
      vertex -29.6874 2.54313 0
      vertex -29.6874 2.54313 2.4
      vertex -29.4517 3.34524 2.4
    endloop
  endfacet
  facet normal -0.979084 0.203458 0
    outer loop
      vertex -29.8592 1.71639 0
      vertex -29.6874 2.54313 2.4
      vertex -29.6874 2.54313 0
    endloop
  endfacet
  facet normal -0.979084 0.203458 0
    outer loop
      vertex -29.8592 1.71639 0
      vertex -29.8592 1.71639 2.4
      vertex -29.6874 2.54313 2.4
    endloop
  endfacet
  facet normal -0.992418 0.122909 0
    outer loop
      vertex -29.9643 0.867769 0
      vertex -29.8592 1.71639 2.4
      vertex -29.8592 1.71639 0
    endloop
  endfacet
  facet normal -0.992418 0.122909 0
    outer loop
      vertex -29.9643 0.867769 0
      vertex -29.9643 0.867769 2.4
      vertex -29.8592 1.71639 2.4
    endloop
  endfacet
  facet normal -0.999155 0.0411055 0
    outer loop
      vertex -30 5.19039e-06 0
      vertex -29.9643 0.867769 2.4
      vertex -29.9643 0.867769 0
    endloop
  endfacet
  facet normal -0.999155 0.0411055 0
    outer loop
      vertex -30 5.19039e-06 0
      vertex -30 5.19039e-06 2.4
      vertex -29.9643 0.867769 2.4
    endloop
  endfacet
  facet normal -0.999155 -0.0411053 0
    outer loop
      vertex -29.9643 -0.867761 0
      vertex -30 5.19039e-06 2.4
      vertex -30 5.19039e-06 0
    endloop
  endfacet
  facet normal -0.999155 -0.0411053 0
    outer loop
      vertex -29.9643 -0.867761 0
      vertex -29.9643 -0.867761 2.4
      vertex -30 5.19039e-06 2.4
    endloop
  endfacet
  facet normal -0.992418 -0.122909 0
    outer loop
      vertex -29.8592 -1.71638 0
      vertex -29.9643 -0.867761 2.4
      vertex -29.9643 -0.867761 0
    endloop
  endfacet
  facet normal -0.992418 -0.122909 0
    outer loop
      vertex -29.8592 -1.71638 0
      vertex -29.8592 -1.71638 2.4
      vertex -29.9643 -0.867761 2.4
    endloop
  endfacet
  facet normal -0.979084 -0.203458 0
    outer loop
      vertex -29.6874 -2.54312 0
      vertex -29.8592 -1.71638 2.4
      vertex -29.8592 -1.71638 0
    endloop
  endfacet
  facet normal -0.979084 -0.203458 0
    outer loop
      vertex -29.6874 -2.54312 0
      vertex -29.6874 -2.54312 2.4
      vertex -29.8592 -1.71638 2.4
    endloop
  endfacet
  facet normal -0.959436 -0.281927 0
    outer loop
      vertex -29.4517 -3.34524 0
      vertex -29.6874 -2.54312 2.4
      vertex -29.6874 -2.54312 0
    endloop
  endfacet
  facet normal -0.959436 -0.281927 0
    outer loop
      vertex -29.4517 -3.34524 0
      vertex -29.4517 -3.34524 2.4
      vertex -29.6874 -2.54312 2.4
    endloop
  endfacet
  facet normal -0.93382 -0.357743 0
    outer loop
      vertex -29.1549 -4.11998 0
      vertex -29.4517 -3.34524 2.4
      vertex -29.4517 -3.34524 0
    endloop
  endfacet
  facet normal -0.93382 -0.357743 0
    outer loop
      vertex -29.1549 -4.11998 0
      vertex -29.1549 -4.11998 2.4
      vertex -29.4517 -3.34524 2.4
    endloop
  endfacet
  facet normal -0.902618 -0.430442 0
    outer loop
      vertex -28.7998 -4.86461 0
      vertex -29.1549 -4.11998 2.4
      vertex -29.1549 -4.11998 0
    endloop
  endfacet
  facet normal -0.902618 -0.430442 0
    outer loop
      vertex -28.7998 -4.86461 0
      vertex -28.7998 -4.86461 2.4
      vertex -29.1549 -4.11998 2.4
    endloop
  endfacet
  facet normal -0.866208 -0.499684 0
    outer loop
      vertex -28.3892 -5.57639 0
      vertex -28.7998 -4.86461 2.4
      vertex -28.7998 -4.86461 0
    endloop
  endfacet
  facet normal -0.866208 -0.499684 0
    outer loop
      vertex -28.3892 -5.57639 0
      vertex -28.3892 -5.57639 2.4
      vertex -28.7998 -4.86461 2.4
    endloop
  endfacet
  facet normal -0.82488 -0.565307 0
    outer loop
      vertex -27.9258 -6.25257 0
      vertex -28.3892 -5.57639 2.4
      vertex -28.3892 -5.57639 0
    endloop
  endfacet
  facet normal -0.82488 -0.565307 0
    outer loop
      vertex -27.9258 -6.25257 0
      vertex -27.9258 -6.25257 2.4
      vertex -28.3892 -5.57639 2.4
    endloop
  endfacet
  facet normal -0.779126 -0.626867 0
    outer loop
      vertex -27.4126 -6.89042 0
      vertex -27.9258 -6.25257 2.4
      vertex -27.9258 -6.25257 0
    endloop
  endfacet
  facet normal -0.779126 -0.626867 0
    outer loop
      vertex -27.4126 -6.89042 0
      vertex -27.4126 -6.89042 2.4
      vertex -27.9258 -6.25257 2.4
    endloop
  endfacet
  facet normal -0.728971 -0.684544 0
    outer loop
      vertex -26.8522 -7.48719 0
      vertex -27.4126 -6.89042 2.4
      vertex -27.4126 -6.89042 0
    endloop
  endfacet
  facet normal -0.728971 -0.684544 0
    outer loop
      vertex -26.8522 -7.48719 0
      vertex -26.8522 -7.48719 2.4
      vertex -27.4126 -6.89042 2.4
    endloop
  endfacet
  facet normal -0.674817 -0.737985 0
    outer loop
      vertex -26.2475 -8.04013 0
      vertex -26.8522 -7.48719 2.4
      vertex -26.8522 -7.48719 0
    endloop
  endfacet
  facet normal -0.674817 -0.737985 0
    outer loop
      vertex -26.2475 -8.04013 0
      vertex -26.2475 -8.04013 2.4
      vertex -26.8522 -7.48719 2.4
    endloop
  endfacet
  facet normal -0.616805 -0.787116 0
    outer loop
      vertex -25.6013 -8.54651 0
      vertex -26.2475 -8.04013 2.4
      vertex -26.2475 -8.04013 0
    endloop
  endfacet
  facet normal -0.616805 -0.787116 0
    outer loop
      vertex -25.6013 -8.54651 0
      vertex -25.6013 -8.54651 2.4
      vertex -26.2475 -8.04013 2.4
    endloop
  endfacet
  facet normal -0.555048 -0.831819 0
    outer loop
      vertex -24.9163 -9.00359 0
      vertex -25.6013 -8.54651 2.4
      vertex -25.6013 -8.54651 0
    endloop
  endfacet
  facet normal -0.555048 -0.831819 0
    outer loop
      vertex -24.9163 -9.00359 0
      vertex -24.9163 -9.00359 2.4
      vertex -25.6013 -8.54651 2.4
    endloop
  endfacet
  facet normal -0.489772 -0.871851 0
    outer loop
      vertex -24.1953 -9.40862 0
      vertex -24.9163 -9.00359 2.4
      vertex -24.9163 -9.00359 0
    endloop
  endfacet
  facet normal -0.489772 -0.871851 0
    outer loop
      vertex -24.1953 -9.40862 0
      vertex -24.1953 -9.40862 2.4
      vertex -24.9163 -9.00359 2.4
    endloop
  endfacet
  facet normal -0.421232 -0.906953 0
    outer loop
      vertex -23.4412 -9.75886 0
      vertex -24.1953 -9.40862 2.4
      vertex -24.1953 -9.40862 0
    endloop
  endfacet
  facet normal -0.421232 -0.906953 0
    outer loop
      vertex -23.4412 -9.75886 0
      vertex -23.4412 -9.75886 2.4
      vertex -24.1953 -9.40862 2.4
    endloop
  endfacet
  facet normal -0.349647 -0.936882 0
    outer loop
      vertex -22.6568 -10.0516 0
      vertex -23.4412 -9.75886 2.4
      vertex -23.4412 -9.75886 0
    endloop
  endfacet
  facet normal -0.349647 -0.936882 0
    outer loop
      vertex -22.6568 -10.0516 0
      vertex -22.6568 -10.0516 2.4
      vertex -23.4412 -9.75886 2.4
    endloop
  endfacet
  facet normal -0.275128 -0.961408 0
    outer loop
      vertex -21.8447 -10.284 0
      vertex -22.6568 -10.0516 2.4
      vertex -22.6568 -10.0516 0
    endloop
  endfacet
  facet normal -0.275128 -0.961408 0
    outer loop
      vertex -21.8447 -10.284 0
      vertex -21.8447 -10.284 2.4
      vertex -22.6568 -10.0516 2.4
    endloop
  endfacet
  facet normal -0.198413 -0.980118 0
    outer loop
      vertex -21.0079 -10.4534 0
      vertex -21.8447 -10.284 2.4
      vertex -21.8447 -10.284 0
    endloop
  endfacet
  facet normal -0.198413 -0.980118 0
    outer loop
      vertex -21.0079 -10.4534 0
      vertex -21.0079 -10.4534 2.4
      vertex -21.8447 -10.284 2.4
    endloop
  endfacet
  facet normal -0.119879 -0.992788 0
    outer loop
      vertex -20.1491 -10.5571 0
      vertex -21.0079 -10.4534 2.4
      vertex -21.0079 -10.4534 0
    endloop
  endfacet
  facet normal -0.119879 -0.992788 0
    outer loop
      vertex -20.1491 -10.5571 0
      vertex -20.1491 -10.5571 2.4
      vertex -21.0079 -10.4534 2.4
    endloop
  endfacet
  facet normal -0.0400589 -0.999197 0
    outer loop
      vertex -19.2711 -10.5923 0
      vertex -20.1491 -10.5571 2.4
      vertex -20.1491 -10.5571 0
    endloop
  endfacet
  facet normal -0.0400589 -0.999197 0
    outer loop
      vertex -19.2711 -10.5923 0
      vertex -19.2711 -10.5923 2.4
      vertex -20.1491 -10.5571 2.4
    endloop
  endfacet
  facet normal 0.0165012 -0.999864 0
    outer loop
      vertex -18.9136 -10.5864 0
      vertex -19.2711 -10.5923 2.4
      vertex -19.2711 -10.5923 0
    endloop
  endfacet
  facet normal 0.0165012 -0.999864 0
    outer loop
      vertex -18.9136 -10.5864 0
      vertex -18.9136 -10.5864 2.4
      vertex -19.2711 -10.5923 2.4
    endloop
  endfacet
  facet normal 0.0492775 -0.998785 0
    outer loop
      vertex -18.5589 -10.5689 0
      vertex -18.9136 -10.5864 2.4
      vertex -18.9136 -10.5864 0
    endloop
  endfacet
  facet normal 0.0492775 -0.998785 0
    outer loop
      vertex -18.5589 -10.5689 0
      vertex -18.5589 -10.5689 2.4
      vertex -18.9136 -10.5864 2.4
    endloop
  endfacet
  facet normal 0.0818732 -0.996643 0
    outer loop
      vertex -18.2071 -10.54 0
      vertex -18.5589 -10.5689 2.4
      vertex -18.5589 -10.5689 0
    endloop
  endfacet
  facet normal 0.0818732 -0.996643 0
    outer loop
      vertex -18.2071 -10.54 0
      vertex -18.2071 -10.54 2.4
      vertex -18.5589 -10.5689 2.4
    endloop
  endfacet
  facet normal 0.114246 -0.993453 0
    outer loop
      vertex -17.8584 -10.4999 0
      vertex -18.2071 -10.54 2.4
      vertex -18.2071 -10.54 0
    endloop
  endfacet
  facet normal 0.114246 -0.993453 0
    outer loop
      vertex -17.8584 -10.4999 0
      vertex -17.8584 -10.4999 2.4
      vertex -18.2071 -10.54 2.4
    endloop
  endfacet
  facet normal 0.146912 -0.98915 0
    outer loop
      vertex -17.513 -10.4486 0
      vertex -17.8584 -10.4999 2.4
      vertex -17.8584 -10.4999 0
    endloop
  endfacet
  facet normal 0.146912 -0.98915 0
    outer loop
      vertex -17.513 -10.4486 0
      vertex -17.513 -10.4486 2.4
      vertex -17.8584 -10.4999 2.4
    endloop
  endfacet
  facet normal 0.178658 -0.983911 0
    outer loop
      vertex -17.171 -10.3865 0
      vertex -17.513 -10.4486 2.4
      vertex -17.513 -10.4486 0
    endloop
  endfacet
  facet normal 0.178658 -0.983911 0
    outer loop
      vertex -17.171 -10.3865 0
      vertex -17.171 -10.3865 2.4
      vertex -17.513 -10.4486 2.4
    endloop
  endfacet
  facet normal 0.210378 -0.97762 0
    outer loop
      vertex -16.8327 -10.3137 0
      vertex -17.171 -10.3865 2.4
      vertex -17.171 -10.3865 0
    endloop
  endfacet
  facet normal 0.210378 -0.97762 0
    outer loop
      vertex -16.8327 -10.3137 0
      vertex -16.8327 -10.3137 2.4
      vertex -17.171 -10.3865 2.4
    endloop
  endfacet
  facet normal 0.241921 -0.970296 0
    outer loop
      vertex -16.4982 -10.2303 0
      vertex -16.8327 -10.3137 2.4
      vertex -16.8327 -10.3137 0
    endloop
  endfacet
  facet normal 0.241921 -0.970296 0
    outer loop
      vertex -16.4982 -10.2303 0
      vertex -16.4982 -10.2303 2.4
      vertex -16.8327 -10.3137 2.4
    endloop
  endfacet
  facet normal 0.27276 -0.962082 0
    outer loop
      vertex -16.1677 -10.1366 0
      vertex -16.4982 -10.2303 2.4
      vertex -16.4982 -10.2303 0
    endloop
  endfacet
  facet normal 0.27276 -0.962082 0
    outer loop
      vertex -16.1677 -10.1366 0
      vertex -16.1677 -10.1366 2.4
      vertex -16.4982 -10.2303 2.4
    endloop
  endfacet
  facet normal 0.303409 -0.952861 0
    outer loop
      vertex -15.8414 -10.0327 0
      vertex -16.1677 -10.1366 2.4
      vertex -16.1677 -10.1366 0
    endloop
  endfacet
  facet normal 0.303409 -0.952861 0
    outer loop
      vertex -15.8414 -10.0327 0
      vertex -15.8414 -10.0327 2.4
      vertex -16.1677 -10.1366 2.4
    endloop
  endfacet
  facet normal 0.333322 -0.942813 0
    outer loop
      vertex -15.5194 -9.91886 0
      vertex -15.8414 -10.0327 2.4
      vertex -15.8414 -10.0327 0
    endloop
  endfacet
  facet normal 0.333322 -0.942813 0
    outer loop
      vertex -15.5194 -9.91886 0
      vertex -15.5194 -9.91886 2.4
      vertex -15.8414 -10.0327 2.4
    endloop
  endfacet
  facet normal 0.363101 -0.93175 0
    outer loop
      vertex -15.202 -9.79517 0
      vertex -15.5194 -9.91886 2.4
      vertex -15.5194 -9.91886 0
    endloop
  endfacet
  facet normal 0.363101 -0.93175 0
    outer loop
      vertex -15.202 -9.79517 0
      vertex -15.202 -9.79517 2.4
      vertex -15.5194 -9.91886 2.4
    endloop
  endfacet
  facet normal 0.392218 -0.919872 0
    outer loop
      vertex -14.8893 -9.66184 0
      vertex -15.202 -9.79517 2.4
      vertex -15.202 -9.79517 0
    endloop
  endfacet
  facet normal 0.392218 -0.919872 0
    outer loop
      vertex -14.8893 -9.66184 0
      vertex -14.8893 -9.66184 2.4
      vertex -15.202 -9.79517 2.4
    endloop
  endfacet
  facet normal 0.420827 -0.907141 0
    outer loop
      vertex -14.5815 -9.51905 0
      vertex -14.8893 -9.66184 2.4
      vertex -14.8893 -9.66184 0
    endloop
  endfacet
  facet normal 0.420827 -0.907141 0
    outer loop
      vertex -14.5815 -9.51905 0
      vertex -14.5815 -9.51905 2.4
      vertex -14.8893 -9.66184 2.4
    endloop
  endfacet
  facet normal 0.448771 -0.893647 0
    outer loop
      vertex -14.2787 -9.36699 0
      vertex -14.5815 -9.51905 2.4
      vertex -14.5815 -9.51905 0
    endloop
  endfacet
  facet normal 0.448771 -0.893647 0
    outer loop
      vertex -14.2787 -9.36699 0
      vertex -14.2787 -9.36699 2.4
      vertex -14.5815 -9.51905 2.4
    endloop
  endfacet
  facet normal 0.476316 -0.879274 0
    outer loop
      vertex -13.9812 -9.20583 0
      vertex -14.2787 -9.36699 2.4
      vertex -14.2787 -9.36699 0
    endloop
  endfacet
  facet normal 0.476316 -0.879274 0
    outer loop
      vertex -13.9812 -9.20583 0
      vertex -13.9812 -9.20583 2.4
      vertex -14.2787 -9.36699 2.4
    endloop
  endfacet
  facet normal 0.503312 -0.864105 0
    outer loop
      vertex -13.6892 -9.03575 0
      vertex -13.9812 -9.20583 2.4
      vertex -13.9812 -9.20583 0
    endloop
  endfacet
  facet normal 0.503312 -0.864105 0
    outer loop
      vertex -13.6892 -9.03575 0
      vertex -13.6892 -9.03575 2.4
      vertex -13.9812 -9.20583 2.4
    endloop
  endfacet
  facet normal 0.529483 -0.848321 0
    outer loop
      vertex -13.4027 -8.85693 0
      vertex -13.6892 -9.03575 2.4
      vertex -13.6892 -9.03575 0
    endloop
  endfacet
  facet normal 0.529483 -0.848321 0
    outer loop
      vertex -13.4027 -8.85693 0
      vertex -13.4027 -8.85693 2.4
      vertex -13.6892 -9.03575 2.4
    endloop
  endfacet
  facet normal 0.555322 -0.831635 0
    outer loop
      vertex -13.1221 -8.66956 0
      vertex -13.4027 -8.85693 2.4
      vertex -13.4027 -8.85693 0
    endloop
  endfacet
  facet normal 0.555322 -0.831635 0
    outer loop
      vertex -13.1221 -8.66956 0
      vertex -13.1221 -8.66956 2.4
      vertex -13.4027 -8.85693 2.4
    endloop
  endfacet
  facet normal 0.580346 -0.81437 0
    outer loop
      vertex -12.8474 -8.4738 0
      vertex -13.1221 -8.66956 2.4
      vertex -13.1221 -8.66956 0
    endloop
  endfacet
  facet normal 0.580346 -0.81437 0
    outer loop
      vertex -12.8474 -8.4738 0
      vertex -12.8474 -8.4738 2.4
      vertex -13.1221 -8.66956 2.4
    endloop
  endfacet
  facet normal -0.580346 -0.81437 0
    outer loop
      vertex -12.5727 -8.66956 0
      vertex -12.8474 -8.4738 2.4
      vertex -12.8474 -8.4738 0
    endloop
  endfacet
  facet normal -0.580346 -0.81437 0
    outer loop
      vertex -12.5727 -8.66956 0
      vertex -12.5727 -8.66956 2.4
      vertex -12.8474 -8.4738 2.4
    endloop
  endfacet
  facet normal -0.555186 -0.831726 0
    outer loop
      vertex -12.292 -8.85693 0
      vertex -12.5727 -8.66956 2.4
      vertex -12.5727 -8.66956 0
    endloop
  endfacet
  facet normal -0.555186 -0.831726 0
    outer loop
      vertex -12.292 -8.85693 0
      vertex -12.292 -8.85693 2.4
      vertex -12.5727 -8.66956 2.4
    endloop
  endfacet
  facet normal -0.529616 -0.848238 0
    outer loop
      vertex -12.0056 -9.03575 0
      vertex -12.292 -8.85693 2.4
      vertex -12.292 -8.85693 0
    endloop
  endfacet
  facet normal -0.529616 -0.848238 0
    outer loop
      vertex -12.0056 -9.03575 0
      vertex -12.0056 -9.03575 2.4
      vertex -12.292 -8.85693 2.4
    endloop
  endfacet
  facet normal -0.503183 -0.86418 0
    outer loop
      vertex -11.7135 -9.20583 0
      vertex -12.0056 -9.03575 2.4
      vertex -12.0056 -9.03575 0
    endloop
  endfacet
  facet normal -0.503183 -0.86418 0
    outer loop
      vertex -11.7135 -9.20583 0
      vertex -11.7135 -9.20583 2.4
      vertex -12.0056 -9.03575 2.4
    endloop
  endfacet
  facet normal -0.476316 -0.879274 0
    outer loop
      vertex -11.416 -9.36699 0
      vertex -11.7135 -9.20583 2.4
      vertex -11.7135 -9.20583 0
    endloop
  endfacet
  facet normal -0.476316 -0.879274 0
    outer loop
      vertex -11.416 -9.36699 0
      vertex -11.416 -9.36699 2.4
      vertex -11.7135 -9.20583 2.4
    endloop
  endfacet
  facet normal -0.44889 -0.893587 0
    outer loop
      vertex -11.1133 -9.51905 0
      vertex -11.416 -9.36699 2.4
      vertex -11.416 -9.36699 0
    endloop
  endfacet
  facet normal -0.44889 -0.893587 0
    outer loop
      vertex -11.1133 -9.51905 0
      vertex -11.1133 -9.51905 2.4
      vertex -11.416 -9.36699 2.4
    endloop
  endfacet
  facet normal -0.420827 -0.907141 0
    outer loop
      vertex -10.8055 -9.66184 0
      vertex -11.1133 -9.51905 2.4
      vertex -11.1133 -9.51905 0
    endloop
  endfacet
  facet normal -0.420827 -0.907141 0
    outer loop
      vertex -10.8055 -9.66184 0
      vertex -10.8055 -9.66184 2.4
      vertex -11.1133 -9.51905 2.4
    endloop
  endfacet
  facet normal -0.392218 -0.919872 0
    outer loop
      vertex -10.4928 -9.79517 0
      vertex -10.8055 -9.66184 2.4
      vertex -10.8055 -9.66184 0
    endloop
  endfacet
  facet normal -0.392218 -0.919872 0
    outer loop
      vertex -10.4928 -9.79517 0
      vertex -10.4928 -9.79517 2.4
      vertex -10.8055 -9.66184 2.4
    endloop
  endfacet
  facet normal -0.363001 -0.931789 0
    outer loop
      vertex -10.1753 -9.91886 0
      vertex -10.4928 -9.79517 2.4
      vertex -10.4928 -9.79517 0
    endloop
  endfacet
  facet normal -0.363001 -0.931789 0
    outer loop
      vertex -10.1753 -9.91886 0
      vertex -10.1753 -9.91886 2.4
      vertex -10.4928 -9.79517 2.4
    endloop
  endfacet
  facet normal -0.333378 -0.942793 0
    outer loop
      vertex -9.85336 -10.0327 0
      vertex -10.1753 -9.91886 2.4
      vertex -10.1753 -9.91886 0
    endloop
  endfacet
  facet normal -0.333378 -0.942793 0
    outer loop
      vertex -9.85336 -10.0327 0
      vertex -9.85336 -10.0327 2.4
      vertex -10.1753 -9.91886 2.4
    endloop
  endfacet
  facet normal -0.303392 -0.952866 0
    outer loop
      vertex -9.52704 -10.1366 0
      vertex -9.85336 -10.0327 2.4
      vertex -9.85336 -10.0327 0
    endloop
  endfacet
  facet normal -0.303392 -0.952866 0
    outer loop
      vertex -9.52704 -10.1366 0
      vertex -9.52704 -10.1366 2.4
      vertex -9.85336 -10.0327 2.4
    endloop
  endfacet
  facet normal -0.27276 -0.962082 0
    outer loop
      vertex -9.19654 -10.2303 0
      vertex -9.52704 -10.1366 2.4
      vertex -9.52704 -10.1366 0
    endloop
  endfacet
  facet normal -0.27276 -0.962082 0
    outer loop
      vertex -9.19654 -10.2303 0
      vertex -9.19654 -10.2303 2.4
      vertex -9.52704 -10.1366 2.4
    endloop
  endfacet
  facet normal -0.241921 -0.970296 0
    outer loop
      vertex -8.86204 -10.3137 0
      vertex -9.19654 -10.2303 2.4
      vertex -9.19654 -10.2303 0
    endloop
  endfacet
  facet normal -0.241921 -0.970296 0
    outer loop
      vertex -8.86204 -10.3137 0
      vertex -8.86204 -10.3137 2.4
      vertex -9.19654 -10.2303 2.4
    endloop
  endfacet
  facet normal -0.210372 -0.977621 0
    outer loop
      vertex -8.52373 -10.3865 0
      vertex -8.86204 -10.3137 2.4
      vertex -8.86204 -10.3137 0
    endloop
  endfacet
  facet normal -0.210372 -0.977621 0
    outer loop
      vertex -8.52373 -10.3865 0
      vertex -8.52373 -10.3865 2.4
      vertex -8.86204 -10.3137 2.4
    endloop
  endfacet
  facet normal -0.178678 -0.983908 0
    outer loop
      vertex -8.18177 -10.4486 0
      vertex -8.52373 -10.3865 2.4
      vertex -8.52373 -10.3865 0
    endloop
  endfacet
  facet normal -0.178678 -0.983908 0
    outer loop
      vertex -8.18177 -10.4486 0
      vertex -8.18177 -10.4486 2.4
      vertex -8.52373 -10.3865 2.4
    endloop
  endfacet
  facet normal -0.146908 -0.98915 0
    outer loop
      vertex -7.83636 -10.4999 0
      vertex -8.18177 -10.4486 2.4
      vertex -8.18177 -10.4486 0
    endloop
  endfacet
  facet normal -0.146908 -0.98915 0
    outer loop
      vertex -7.83636 -10.4999 0
      vertex -7.83636 -10.4999 2.4
      vertex -8.18177 -10.4486 2.4
    endloop
  endfacet
  facet normal -0.114246 -0.993453 0
    outer loop
      vertex -7.48766 -10.54 0
      vertex -7.83636 -10.4999 2.4
      vertex -7.83636 -10.4999 0
    endloop
  endfacet
  facet normal -0.114246 -0.993453 0
    outer loop
      vertex -7.48766 -10.54 0
      vertex -7.48766 -10.54 2.4
      vertex -7.83636 -10.4999 2.4
    endloop
  endfacet
  facet normal -0.0818732 -0.996643 0
    outer loop
      vertex -7.13586 -10.5689 0
      vertex -7.48766 -10.54 2.4
      vertex -7.48766 -10.54 0
    endloop
  endfacet
  facet normal -0.0818732 -0.996643 0
    outer loop
      vertex -7.13586 -10.5689 0
      vertex -7.13586 -10.5689 2.4
      vertex -7.48766 -10.54 2.4
    endloop
  endfacet
  facet normal -0.0492761 -0.998785 0
    outer loop
      vertex -6.78115 -10.5864 0
      vertex -7.13586 -10.5689 2.4
      vertex -7.13586 -10.5689 0
    endloop
  endfacet
  facet normal -0.0492761 -0.998785 0
    outer loop
      vertex -6.78115 -10.5864 0
      vertex -6.78115 -10.5864 2.4
      vertex -7.13586 -10.5689 2.4
    endloop
  endfacet
  facet normal -0.0165031 -0.999864 0
    outer loop
      vertex -6.42369 -10.5923 0
      vertex -6.78115 -10.5864 2.4
      vertex -6.78115 -10.5864 0
    endloop
  endfacet
  facet normal -0.0165031 -0.999864 0
    outer loop
      vertex -6.42369 -10.5923 0
      vertex -6.42369 -10.5923 2.4
      vertex -6.78115 -10.5864 2.4
    endloop
  endfacet
  facet normal 0.0165031 -0.999864 0
    outer loop
      vertex -6.06623 -10.5864 0
      vertex -6.42369 -10.5923 2.4
      vertex -6.42369 -10.5923 0
    endloop
  endfacet
  facet normal 0.0165031 -0.999864 0
    outer loop
      vertex -6.06623 -10.5864 0
      vertex -6.06623 -10.5864 2.4
      vertex -6.42369 -10.5923 2.4
    endloop
  endfacet
  facet normal 0.0492748 -0.998785 0
    outer loop
      vertex -5.71151 -10.5689 0
      vertex -6.06623 -10.5864 2.4
      vertex -6.06623 -10.5864 0
    endloop
  endfacet
  facet normal 0.0492748 -0.998785 0
    outer loop
      vertex -5.71151 -10.5689 0
      vertex -5.71151 -10.5689 2.4
      vertex -6.06623 -10.5864 2.4
    endloop
  endfacet
  facet normal 0.0818755 -0.996643 0
    outer loop
      vertex -5.35972 -10.54 0
      vertex -5.71151 -10.5689 2.4
      vertex -5.71151 -10.5689 0
    endloop
  endfacet
  facet normal 0.0818755 -0.996643 0
    outer loop
      vertex -5.35972 -10.54 0
      vertex -5.35972 -10.54 2.4
      vertex -5.71151 -10.5689 2.4
    endloop
  endfacet
  facet normal 0.114246 -0.993453 0
    outer loop
      vertex -5.01102 -10.4999 0
      vertex -5.35972 -10.54 2.4
      vertex -5.35972 -10.54 0
    endloop
  endfacet
  facet normal 0.114246 -0.993453 0
    outer loop
      vertex -5.01102 -10.4999 0
      vertex -5.01102 -10.4999 2.4
      vertex -5.35972 -10.54 2.4
    endloop
  endfacet
  facet normal 0.146908 -0.98915 0
    outer loop
      vertex -4.66561 -10.4486 0
      vertex -5.01102 -10.4999 2.4
      vertex -5.01102 -10.4999 0
    endloop
  endfacet
  facet normal 0.146908 -0.98915 0
    outer loop
      vertex -4.66561 -10.4486 0
      vertex -4.66561 -10.4486 2.4
      vertex -5.01102 -10.4999 2.4
    endloop
  endfacet
  facet normal 0.178683 -0.983907 0
    outer loop
      vertex -4.32366 -10.3865 0
      vertex -4.66561 -10.4486 2.4
      vertex -4.66561 -10.4486 0
    endloop
  endfacet
  facet normal 0.178683 -0.983907 0
    outer loop
      vertex -4.32366 -10.3865 0
      vertex -4.32366 -10.3865 2.4
      vertex -4.66561 -10.4486 2.4
    endloop
  endfacet
  facet normal 0.210366 -0.977623 0
    outer loop
      vertex -3.98534 -10.3137 0
      vertex -4.32366 -10.3865 2.4
      vertex -4.32366 -10.3865 0
    endloop
  endfacet
  facet normal 0.210366 -0.977623 0
    outer loop
      vertex -3.98534 -10.3137 0
      vertex -3.98534 -10.3137 2.4
      vertex -4.32366 -10.3865 2.4
    endloop
  endfacet
  facet normal 0.241921 -0.970296 0
    outer loop
      vertex -3.65084 -10.2303 0
      vertex -3.98534 -10.3137 2.4
      vertex -3.98534 -10.3137 0
    endloop
  endfacet
  facet normal 0.241921 -0.970296 0
    outer loop
      vertex -3.65084 -10.2303 0
      vertex -3.65084 -10.2303 2.4
      vertex -3.98534 -10.3137 2.4
    endloop
  endfacet
  facet normal 0.272767 -0.96208 0
    outer loop
      vertex -3.32035 -10.1366 0
      vertex -3.65084 -10.2303 2.4
      vertex -3.65084 -10.2303 0
    endloop
  endfacet
  facet normal 0.272767 -0.96208 0
    outer loop
      vertex -3.32035 -10.1366 0
      vertex -3.32035 -10.1366 2.4
      vertex -3.65084 -10.2303 2.4
    endloop
  endfacet
  facet normal 0.303383 -0.952869 0
    outer loop
      vertex -2.99402 -10.0327 0
      vertex -3.32035 -10.1366 2.4
      vertex -3.32035 -10.1366 0
    endloop
  endfacet
  facet normal 0.303383 -0.952869 0
    outer loop
      vertex -2.99402 -10.0327 0
      vertex -2.99402 -10.0327 2.4
      vertex -3.32035 -10.1366 2.4
    endloop
  endfacet
  facet normal 0.333359 -0.9428 0
    outer loop
      vertex -2.67206 -9.91886 0
      vertex -2.99402 -10.0327 2.4
      vertex -2.99402 -10.0327 0
    endloop
  endfacet
  facet normal 0.333359 -0.9428 0
    outer loop
      vertex -2.67206 -9.91886 0
      vertex -2.67206 -9.91886 2.4
      vertex -2.99402 -10.0327 2.4
    endloop
  endfacet
  facet normal 0.363071 -0.931762 0
    outer loop
      vertex -2.35463 -9.79517 0
      vertex -2.67206 -9.91886 2.4
      vertex -2.67206 -9.91886 0
    endloop
  endfacet
  facet normal 0.363071 -0.931762 0
    outer loop
      vertex -2.35463 -9.79517 0
      vertex -2.35463 -9.79517 2.4
      vertex -2.67206 -9.91886 2.4
    endloop
  endfacet
  facet normal 0.392197 -0.919881 0
    outer loop
      vertex -2.04191 -9.66184 0
      vertex -2.35463 -9.79517 2.4
      vertex -2.35463 -9.79517 0
    endloop
  endfacet
  facet normal 0.392197 -0.919881 0
    outer loop
      vertex -2.04191 -9.66184 0
      vertex -2.04191 -9.66184 2.4
      vertex -2.35463 -9.79517 2.4
    endloop
  endfacet
  facet normal 0.420805 -0.907151 0
    outer loop
      vertex -1.73409 -9.51905 0
      vertex -2.04191 -9.66184 2.4
      vertex -2.04191 -9.66184 0
    endloop
  endfacet
  facet normal 0.420805 -0.907151 0
    outer loop
      vertex -1.73409 -9.51905 0
      vertex -1.73409 -9.51905 2.4
      vertex -2.04191 -9.66184 2.4
    endloop
  endfacet
  facet normal 0.448842 -0.893611 0
    outer loop
      vertex -1.43135 -9.36699 0
      vertex -1.73409 -9.51905 2.4
      vertex -1.73409 -9.51905 0
    endloop
  endfacet
  facet normal 0.448842 -0.893611 0
    outer loop
      vertex -1.43135 -9.36699 0
      vertex -1.43135 -9.36699 2.4
      vertex -1.73409 -9.51905 2.4
    endloop
  endfacet
  facet normal 0.476316 -0.879274 0
    outer loop
      vertex -1.13385 -9.20583 0
      vertex -1.43135 -9.36699 2.4
      vertex -1.43135 -9.36699 0
    endloop
  endfacet
  facet normal 0.476316 -0.879274 0
    outer loop
      vertex -1.13385 -9.20583 0
      vertex -1.13385 -9.20583 2.4
      vertex -1.43135 -9.36699 2.4
    endloop
  endfacet
  facet normal 0.503238 -0.864148 0
    outer loop
      vertex -0.841793 -9.03575 0
      vertex -1.13385 -9.20583 2.4
      vertex -1.13385 -9.20583 0
    endloop
  endfacet
  facet normal 0.503238 -0.864148 0
    outer loop
      vertex -0.841793 -9.03575 0
      vertex -0.841793 -9.03575 2.4
      vertex -1.13385 -9.20583 2.4
    endloop
  endfacet
  facet normal 0.529553 -0.848277 0
    outer loop
      vertex -0.555346 -8.85693 0
      vertex -0.841793 -9.03575 2.4
      vertex -0.841793 -9.03575 0
    endloop
  endfacet
  facet normal 0.529553 -0.848277 0
    outer loop
      vertex -0.555346 -8.85693 0
      vertex -0.555346 -8.85693 2.4
      vertex -0.841793 -9.03575 2.4
    endloop
  endfacet
  facet normal 0.555244 -0.831687 0
    outer loop
      vertex -0.274689 -8.66956 0
      vertex -0.555346 -8.85693 2.4
      vertex -0.555346 -8.85693 0
    endloop
  endfacet
  facet normal 0.555244 -0.831687 0
    outer loop
      vertex -0.274689 -8.66956 0
      vertex -0.274689 -8.66956 2.4
      vertex -0.555346 -8.85693 2.4
    endloop
  endfacet
  facet normal 0.580369 -0.814354 0
    outer loop
      vertex -5.19039e-06 -8.4738 0
      vertex -0.274689 -8.66956 2.4
      vertex -0.274689 -8.66956 0
    endloop
  endfacet
  facet normal 0.580369 -0.814354 0
    outer loop
      vertex -5.19039e-06 -8.4738 0
      vertex -5.19039e-06 -8.4738 2.4
      vertex -0.274689 -8.66956 2.4
    endloop
  endfacet
  facet normal -0.587251 -0.809405 0
    outer loop
      vertex 0.26981 -8.66956 0
      vertex -5.19039e-06 -8.4738 2.4
      vertex -5.19039e-06 -8.4738 0
    endloop
  endfacet
  facet normal -0.587251 -0.809405 0
    outer loop
      vertex 0.26981 -8.66956 0
      vertex 0.26981 -8.66956 2.4
      vertex -5.19039e-06 -8.4738 2.4
    endloop
  endfacet
  facet normal -0.561254 -0.827644 0
    outer loop
      vertex 0.546112 -8.85693 0
      vertex 0.26981 -8.66956 2.4
      vertex 0.26981 -8.66956 0
    endloop
  endfacet
  facet normal -0.561254 -0.827644 0
    outer loop
      vertex 0.546112 -8.85693 0
      vertex 0.546112 -8.85693 2.4
      vertex 0.26981 -8.66956 2.4
    endloop
  endfacet
  facet normal -0.534705 -0.845039 0
    outer loop
      vertex 0.828716 -9.03575 0
      vertex 0.546112 -8.85693 2.4
      vertex 0.546112 -8.85693 0
    endloop
  endfacet
  facet normal -0.534705 -0.845039 0
    outer loop
      vertex 0.828716 -9.03575 0
      vertex 0.828716 -9.03575 2.4
      vertex 0.546112 -8.85693 2.4
    endloop
  endfacet
  facet normal -0.507557 -0.861618 0
    outer loop
      vertex 1.11744 -9.20583 0
      vertex 0.828716 -9.03575 2.4
      vertex 0.828716 -9.03575 0
    endloop
  endfacet
  facet normal -0.507557 -0.861618 0
    outer loop
      vertex 1.11744 -9.20583 0
      vertex 1.11744 -9.20583 2.4
      vertex 0.828716 -9.03575 2.4
    endloop
  endfacet
  facet normal -0.479828 -0.877363 0
    outer loop
      vertex 1.41212 -9.36699 0
      vertex 1.11744 -9.20583 2.4
      vertex 1.11744 -9.20583 0
    endloop
  endfacet
  facet normal -0.479828 -0.877363 0
    outer loop
      vertex 1.41212 -9.36699 0
      vertex 1.41212 -9.36699 2.4
      vertex 1.11744 -9.20583 2.4
    endloop
  endfacet
  facet normal -0.45158 -0.892231 0
    outer loop
      vertex 1.71256 -9.51905 0
      vertex 1.41212 -9.36699 2.4
      vertex 1.41212 -9.36699 0
    endloop
  endfacet
  facet normal -0.45158 -0.892231 0
    outer loop
      vertex 1.71256 -9.51905 0
      vertex 1.71256 -9.51905 2.4
      vertex 1.41212 -9.36699 2.4
    endloop
  endfacet
  facet normal -0.422827 -0.90621 0
    outer loop
      vertex 2.01859 -9.66184 0
      vertex 1.71256 -9.51905 2.4
      vertex 1.71256 -9.51905 0
    endloop
  endfacet
  facet normal -0.422827 -0.90621 0
    outer loop
      vertex 2.01859 -9.66184 0
      vertex 2.01859 -9.66184 2.4
      vertex 1.71256 -9.51905 2.4
    endloop
  endfacet
  facet normal -0.39357 -0.919295 0
    outer loop
      vertex 2.33002 -9.79517 0
      vertex 2.01859 -9.66184 2.4
      vertex 2.01859 -9.66184 0
    endloop
  endfacet
  facet normal -0.39357 -0.919295 0
    outer loop
      vertex 2.33002 -9.79517 0
      vertex 2.33002 -9.79517 2.4
      vertex 2.01859 -9.66184 2.4
    endloop
  endfacet
  facet normal -0.363837 -0.931463 0
    outer loop
      vertex 2.64668 -9.91886 0
      vertex 2.33002 -9.79517 2.4
      vertex 2.33002 -9.79517 0
    endloop
  endfacet
  facet normal -0.363837 -0.931463 0
    outer loop
      vertex 2.64668 -9.91886 0
      vertex 2.64668 -9.91886 2.4
      vertex 2.33002 -9.79517 2.4
    endloop
  endfacet
  facet normal -0.333589 -0.942718 0
    outer loop
      vertex 2.96839 -10.0327 0
      vertex 2.64668 -9.91886 2.4
      vertex 2.64668 -9.91886 0
    endloop
  endfacet
  facet normal -0.333589 -0.942718 0
    outer loop
      vertex 2.96839 -10.0327 0
      vertex 2.96839 -10.0327 2.4
      vertex 2.64668 -9.91886 2.4
    endloop
  endfacet
  facet normal -0.303172 -0.952936 0
    outer loop
      vertex 3.29497 -10.1366 0
      vertex 2.96839 -10.0327 2.4
      vertex 2.96839 -10.0327 0
    endloop
  endfacet
  facet normal -0.303172 -0.952936 0
    outer loop
      vertex 3.29497 -10.1366 0
      vertex 3.29497 -10.1366 2.4
      vertex 2.96839 -10.0327 2.4
    endloop
  endfacet
  facet normal -0.272173 -0.962248 0
    outer loop
      vertex 3.62624 -10.2303 0
      vertex 3.29497 -10.1366 2.4
      vertex 3.29497 -10.1366 0
    endloop
  endfacet
  facet normal -0.272173 -0.962248 0
    outer loop
      vertex 3.62624 -10.2303 0
      vertex 3.62624 -10.2303 2.4
      vertex 3.29497 -10.1366 2.4
    endloop
  endfacet
  facet normal -0.241053 -0.970512 0
    outer loop
      vertex 3.96202 -10.3137 0
      vertex 3.62624 -10.2303 2.4
      vertex 3.62624 -10.2303 0
    endloop
  endfacet
  facet normal -0.241053 -0.970512 0
    outer loop
      vertex 3.96202 -10.3137 0
      vertex 3.96202 -10.3137 2.4
      vertex 3.62624 -10.2303 2.4
    endloop
  endfacet
  facet normal -0.209307 -0.97785 0
    outer loop
      vertex 4.30213 -10.3865 0
      vertex 3.96202 -10.3137 2.4
      vertex 3.96202 -10.3137 0
    endloop
  endfacet
  facet normal -0.209307 -0.97785 0
    outer loop
      vertex 4.30213 -10.3865 0
      vertex 4.30213 -10.3865 2.4
      vertex 3.96202 -10.3137 2.4
    endloop
  endfacet
  facet normal -0.177522 -0.984117 0
    outer loop
      vertex 4.64639 -10.4486 0
      vertex 4.30213 -10.3865 2.4
      vertex 4.30213 -10.3865 0
    endloop
  endfacet
  facet normal -0.177522 -0.984117 0
    outer loop
      vertex 4.64639 -10.4486 0
      vertex 4.64639 -10.4486 2.4
      vertex 4.30213 -10.3865 2.4
    endloop
  endfacet
  facet normal -0.145743 -0.989322 0
    outer loop
      vertex 4.99462 -10.4999 0
      vertex 4.64639 -10.4486 2.4
      vertex 4.64639 -10.4486 0
    endloop
  endfacet
  facet normal -0.145743 -0.989322 0
    outer loop
      vertex 4.99462 -10.4999 0
      vertex 4.99462 -10.4999 2.4
      vertex 4.64639 -10.4486 2.4
    endloop
  endfacet
  facet normal -0.113179 -0.993575 0
    outer loop
      vertex 5.34665 -10.54 0
      vertex 4.99462 -10.4999 2.4
      vertex 4.99462 -10.4999 0
    endloop
  endfacet
  facet normal -0.113179 -0.993575 0
    outer loop
      vertex 5.34665 -10.54 0
      vertex 5.34665 -10.54 2.4
      vertex 4.99462 -10.4999 2.4
    endloop
  endfacet
  facet normal -0.080995 -0.996715 0
    outer loop
      vertex 5.70229 -10.5689 0
      vertex 5.34665 -10.54 2.4
      vertex 5.34665 -10.54 0
    endloop
  endfacet
  facet normal -0.080995 -0.996715 0
    outer loop
      vertex 5.70229 -10.5689 0
      vertex 5.70229 -10.5689 2.4
      vertex 5.34665 -10.54 2.4
    endloop
  endfacet
  facet normal -0.0486792 -0.998814 0
    outer loop
      vertex 6.06136 -10.5864 0
      vertex 5.70229 -10.5689 2.4
      vertex 5.70229 -10.5689 0
    endloop
  endfacet
  facet normal -0.0486792 -0.998814 0
    outer loop
      vertex 6.06136 -10.5864 0
      vertex 6.06136 -10.5864 2.4
      vertex 5.70229 -10.5689 2.4
    endloop
  endfacet
  facet normal -0.0162813 -0.999867 0
    outer loop
      vertex 6.42369 -10.5923 0
      vertex 6.06136 -10.5864 2.4
      vertex 6.06136 -10.5864 0
    endloop
  endfacet
  facet normal -0.0162813 -0.999867 0
    outer loop
      vertex 6.42369 -10.5923 0
      vertex 6.42369 -10.5923 2.4
      vertex 6.06136 -10.5864 2.4
    endloop
  endfacet
  facet normal 0.0165031 -0.999864 0
    outer loop
      vertex 6.78115 -10.5864 0
      vertex 6.42369 -10.5923 2.4
      vertex 6.42369 -10.5923 0
    endloop
  endfacet
  facet normal 0.0165031 -0.999864 0
    outer loop
      vertex 6.78115 -10.5864 0
      vertex 6.78115 -10.5864 2.4
      vertex 6.42369 -10.5923 2.4
    endloop
  endfacet
  facet normal 0.0492761 -0.998785 0
    outer loop
      vertex 7.13586 -10.5689 0
      vertex 6.78115 -10.5864 2.4
      vertex 6.78115 -10.5864 0
    endloop
  endfacet
  facet normal 0.0492761 -0.998785 0
    outer loop
      vertex 7.13586 -10.5689 0
      vertex 7.13586 -10.5689 2.4
      vertex 6.78115 -10.5864 2.4
    endloop
  endfacet
  facet normal 0.0818732 -0.996643 0
    outer loop
      vertex 7.48766 -10.54 0
      vertex 7.13586 -10.5689 2.4
      vertex 7.13586 -10.5689 0
    endloop
  endfacet
  facet normal 0.0818732 -0.996643 0
    outer loop
      vertex 7.48766 -10.54 0
      vertex 7.48766 -10.54 2.4
      vertex 7.13586 -10.5689 2.4
    endloop
  endfacet
  facet normal 0.114249 -0.993452 0
    outer loop
      vertex 7.83635 -10.4999 0
      vertex 7.48766 -10.54 2.4
      vertex 7.48766 -10.54 0
    endloop
  endfacet
  facet normal 0.114249 -0.993452 0
    outer loop
      vertex 7.83635 -10.4999 0
      vertex 7.83635 -10.4999 2.4
      vertex 7.48766 -10.54 2.4
    endloop
  endfacet
  facet normal 0.146904 -0.989151 0
    outer loop
      vertex 8.18177 -10.4486 0
      vertex 7.83635 -10.4999 2.4
      vertex 7.83635 -10.4999 0
    endloop
  endfacet
  facet normal 0.146904 -0.989151 0
    outer loop
      vertex 8.18177 -10.4486 0
      vertex 8.18177 -10.4486 2.4
      vertex 7.83635 -10.4999 2.4
    endloop
  endfacet
  facet normal 0.178683 -0.983907 0
    outer loop
      vertex 8.52372 -10.3865 0
      vertex 8.18177 -10.4486 2.4
      vertex 8.18177 -10.4486 0
    endloop
  endfacet
  facet normal 0.178683 -0.983907 0
    outer loop
      vertex 8.52372 -10.3865 0
      vertex 8.52372 -10.3865 2.4
      vertex 8.18177 -10.4486 2.4
    endloop
  endfacet
  facet normal 0.210366 -0.977623 0
    outer loop
      vertex 8.86204 -10.3137 0
      vertex 8.52372 -10.3865 2.4
      vertex 8.52372 -10.3865 0
    endloop
  endfacet
  facet normal 0.210366 -0.977623 0
    outer loop
      vertex 8.86204 -10.3137 0
      vertex 8.86204 -10.3137 2.4
      vertex 8.52372 -10.3865 2.4
    endloop
  endfacet
  facet normal 0.241928 -0.970294 0
    outer loop
      vertex 9.19653 -10.2303 0
      vertex 8.86204 -10.3137 2.4
      vertex 8.86204 -10.3137 0
    endloop
  endfacet
  facet normal 0.241928 -0.970294 0
    outer loop
      vertex 9.19653 -10.2303 0
      vertex 9.19653 -10.2303 2.4
      vertex 8.86204 -10.3137 2.4
    endloop
  endfacet
  facet normal 0.27276 -0.962082 0
    outer loop
      vertex 9.52703 -10.1366 0
      vertex 9.19653 -10.2303 2.4
      vertex 9.19653 -10.2303 0
    endloop
  endfacet
  facet normal 0.27276 -0.962082 0
    outer loop
      vertex 9.52703 -10.1366 0
      vertex 9.52703 -10.1366 2.4
      vertex 9.19653 -10.2303 2.4
    endloop
  endfacet
  facet normal 0.303392 -0.952866 0
    outer loop
      vertex 9.85335 -10.0327 0
      vertex 9.52703 -10.1366 2.4
      vertex 9.52703 -10.1366 0
    endloop
  endfacet
  facet normal 0.303392 -0.952866 0
    outer loop
      vertex 9.85335 -10.0327 0
      vertex 9.85335 -10.0327 2.4
      vertex 9.52703 -10.1366 2.4
    endloop
  endfacet
  facet normal 0.333368 -0.942797 0
    outer loop
      vertex 10.1753 -9.91886 0
      vertex 9.85335 -10.0327 2.4
      vertex 9.85335 -10.0327 0
    endloop
  endfacet
  facet normal 0.333368 -0.942797 0
    outer loop
      vertex 10.1753 -9.91886 0
      vertex 10.1753 -9.91886 2.4
      vertex 9.85335 -10.0327 2.4
    endloop
  endfacet
  facet normal 0.363001 -0.931789 0
    outer loop
      vertex 10.4928 -9.79517 0
      vertex 10.1753 -9.91886 2.4
      vertex 10.1753 -9.91886 0
    endloop
  endfacet
  facet normal 0.363001 -0.931789 0
    outer loop
      vertex 10.4928 -9.79517 0
      vertex 10.4928 -9.79517 2.4
      vertex 10.1753 -9.91886 2.4
    endloop
  endfacet
  facet normal 0.392218 -0.919872 0
    outer loop
      vertex 10.8055 -9.66184 0
      vertex 10.4928 -9.79517 2.4
      vertex 10.4928 -9.79517 0
    endloop
  endfacet
  facet normal 0.392218 -0.919872 0
    outer loop
      vertex 10.8055 -9.66184 0
      vertex 10.8055 -9.66184 2.4
      vertex 10.4928 -9.79517 2.4
    endloop
  endfacet
  facet normal 0.420827 -0.907141 0
    outer loop
      vertex 11.1133 -9.51905 0
      vertex 10.8055 -9.66184 2.4
      vertex 10.8055 -9.66184 0
    endloop
  endfacet
  facet normal 0.420827 -0.907141 0
    outer loop
      vertex 11.1133 -9.51905 0
      vertex 11.1133 -9.51905 2.4
      vertex 10.8055 -9.66184 2.4
    endloop
  endfacet
  facet normal 0.44889 -0.893587 0
    outer loop
      vertex 11.416 -9.36699 0
      vertex 11.1133 -9.51905 2.4
      vertex 11.1133 -9.51905 0
    endloop
  endfacet
  facet normal 0.44889 -0.893587 0
    outer loop
      vertex 11.416 -9.36699 0
      vertex 11.416 -9.36699 2.4
      vertex 11.1133 -9.51905 2.4
    endloop
  endfacet
  facet normal 0.476316 -0.879274 0
    outer loop
      vertex 11.7135 -9.20583 0
      vertex 11.416 -9.36699 2.4
      vertex 11.416 -9.36699 0
    endloop
  endfacet
  facet normal 0.476316 -0.879274 0
    outer loop
      vertex 11.7135 -9.20583 0
      vertex 11.7135 -9.20583 2.4
      vertex 11.416 -9.36699 2.4
    endloop
  endfacet
  facet normal 0.503183 -0.86418 0
    outer loop
      vertex 12.0056 -9.03575 0
      vertex 11.7135 -9.20583 2.4
      vertex 11.7135 -9.20583 0
    endloop
  endfacet
  facet normal 0.503183 -0.86418 0
    outer loop
      vertex 12.0056 -9.03575 0
      vertex 12.0056 -9.03575 2.4
      vertex 11.7135 -9.20583 2.4
    endloop
  endfacet
  facet normal 0.529616 -0.848238 0
    outer loop
      vertex 12.292 -8.85693 0
      vertex 12.0056 -9.03575 2.4
      vertex 12.0056 -9.03575 0
    endloop
  endfacet
  facet normal 0.529616 -0.848238 0
    outer loop
      vertex 12.292 -8.85693 0
      vertex 12.292 -8.85693 2.4
      vertex 12.0056 -9.03575 2.4
    endloop
  endfacet
  facet normal 0.555186 -0.831726 0
    outer loop
      vertex 12.5727 -8.66956 0
      vertex 12.292 -8.85693 2.4
      vertex 12.292 -8.85693 0
    endloop
  endfacet
  facet normal 0.555186 -0.831726 0
    outer loop
      vertex 12.5727 -8.66956 0
      vertex 12.5727 -8.66956 2.4
      vertex 12.292 -8.85693 2.4
    endloop
  endfacet
  facet normal 0.580346 -0.81437 0
    outer loop
      vertex 12.8474 -8.4738 0
      vertex 12.5727 -8.66956 2.4
      vertex 12.5727 -8.66956 0
    endloop
  endfacet
  facet normal 0.580346 -0.81437 0
    outer loop
      vertex 12.8474 -8.4738 0
      vertex 12.8474 -8.4738 2.4
      vertex 12.5727 -8.66956 2.4
    endloop
  endfacet
  facet normal -0.587272 -0.809389 0
    outer loop
      vertex 13.1172 -8.66956 0
      vertex 12.8474 -8.4738 2.4
      vertex 12.8474 -8.4738 0
    endloop
  endfacet
  facet normal -0.587272 -0.809389 0
    outer loop
      vertex 13.1172 -8.66956 0
      vertex 13.1172 -8.66956 2.4
      vertex 12.8474 -8.4738 2.4
    endloop
  endfacet
  facet normal -0.561257 -0.827642 0
    outer loop
      vertex 13.3935 -8.85693 0
      vertex 13.1172 -8.66956 2.4
      vertex 13.1172 -8.66956 0
    endloop
  endfacet
  facet normal -0.561257 -0.827642 0
    outer loop
      vertex 13.3935 -8.85693 0
      vertex 13.3935 -8.85693 2.4
      vertex 13.1172 -8.66956 2.4
    endloop
  endfacet
  facet normal -0.534711 -0.845035 0
    outer loop
      vertex 13.6761 -9.03575 0
      vertex 13.3935 -8.85693 2.4
      vertex 13.3935 -8.85693 0
    endloop
  endfacet
  facet normal -0.534711 -0.845035 0
    outer loop
      vertex 13.6761 -9.03575 0
      vertex 13.6761 -9.03575 2.4
      vertex 13.3935 -8.85693 2.4
    endloop
  endfacet
  facet normal -0.507589 -0.8616 0
    outer loop
      vertex 13.9648 -9.20583 0
      vertex 13.6761 -9.03575 2.4
      vertex 13.6761 -9.03575 0
    endloop
  endfacet
  facet normal -0.507589 -0.8616 0
    outer loop
      vertex 13.9648 -9.20583 0
      vertex 13.9648 -9.20583 2.4
      vertex 13.6761 -9.03575 2.4
    endloop
  endfacet
  facet normal -0.479803 -0.877376 0
    outer loop
      vertex 14.2595 -9.36699 0
      vertex 13.9648 -9.20583 2.4
      vertex 13.9648 -9.20583 0
    endloop
  endfacet
  facet normal -0.479803 -0.877376 0
    outer loop
      vertex 14.2595 -9.36699 0
      vertex 14.2595 -9.36699 2.4
      vertex 13.9648 -9.20583 2.4
    endloop
  endfacet
  facet normal -0.451628 -0.892207 0
    outer loop
      vertex 14.5599 -9.51905 0
      vertex 14.2595 -9.36699 2.4
      vertex 14.2595 -9.36699 0
    endloop
  endfacet
  facet normal -0.451628 -0.892207 0
    outer loop
      vertex 14.5599 -9.51905 0
      vertex 14.5599 -9.51905 2.4
      vertex 14.2595 -9.36699 2.4
    endloop
  endfacet
  facet normal -0.422748 -0.906247 0
    outer loop
      vertex 14.866 -9.66184 0
      vertex 14.5599 -9.51905 2.4
      vertex 14.5599 -9.51905 0
    endloop
  endfacet
  facet normal -0.422748 -0.906247 0
    outer loop
      vertex 14.866 -9.66184 0
      vertex 14.866 -9.66184 2.4
      vertex 14.5599 -9.51905 2.4
    endloop
  endfacet
  facet normal -0.393602 -0.919281 0
    outer loop
      vertex 15.1774 -9.79517 0
      vertex 14.866 -9.66184 2.4
      vertex 14.866 -9.66184 0
    endloop
  endfacet
  facet normal -0.393602 -0.919281 0
    outer loop
      vertex 15.1774 -9.79517 0
      vertex 15.1774 -9.79517 2.4
      vertex 14.866 -9.66184 2.4
    endloop
  endfacet
  facet normal -0.363797 -0.931478 0
    outer loop
      vertex 15.4941 -9.91886 0
      vertex 15.1774 -9.79517 2.4
      vertex 15.1774 -9.79517 0
    endloop
  endfacet
  facet normal -0.363797 -0.931478 0
    outer loop
      vertex 15.4941 -9.91886 0
      vertex 15.4941 -9.91886 2.4
      vertex 15.1774 -9.79517 2.4
    endloop
  endfacet
  facet normal -0.333599 -0.942715 0
    outer loop
      vertex 15.8158 -10.0327 0
      vertex 15.4941 -9.91886 2.4
      vertex 15.4941 -9.91886 0
    endloop
  endfacet
  facet normal -0.333599 -0.942715 0
    outer loop
      vertex 15.8158 -10.0327 0
      vertex 15.8158 -10.0327 2.4
      vertex 15.4941 -9.91886 2.4
    endloop
  endfacet
  facet normal -0.303155 -0.952941 0
    outer loop
      vertex 16.1424 -10.1366 0
      vertex 15.8158 -10.0327 2.4
      vertex 15.8158 -10.0327 0
    endloop
  endfacet
  facet normal -0.303155 -0.952941 0
    outer loop
      vertex 16.1424 -10.1366 0
      vertex 16.1424 -10.1366 2.4
      vertex 15.8158 -10.0327 2.4
    endloop
  endfacet
  facet normal -0.272226 -0.962233 0
    outer loop
      vertex 16.4736 -10.2303 0
      vertex 16.1424 -10.1366 2.4
      vertex 16.1424 -10.1366 0
    endloop
  endfacet
  facet normal -0.272226 -0.962233 0
    outer loop
      vertex 16.4736 -10.2303 0
      vertex 16.4736 -10.2303 2.4
      vertex 16.1424 -10.1366 2.4
    endloop
  endfacet
  facet normal -0.241039 -0.970515 0
    outer loop
      vertex 16.8094 -10.3137 0
      vertex 16.4736 -10.2303 2.4
      vertex 16.4736 -10.2303 0
    endloop
  endfacet
  facet normal -0.241039 -0.970515 0
    outer loop
      vertex 16.8094 -10.3137 0
      vertex 16.8094 -10.3137 2.4
      vertex 16.4736 -10.2303 2.4
    endloop
  endfacet
  facet normal -0.209313 -0.977849 0
    outer loop
      vertex 17.1495 -10.3865 0
      vertex 16.8094 -10.3137 2.4
      vertex 16.8094 -10.3137 0
    endloop
  endfacet
  facet normal -0.209313 -0.977849 0
    outer loop
      vertex 17.1495 -10.3865 0
      vertex 17.1495 -10.3865 2.4
      vertex 16.8094 -10.3137 2.4
    endloop
  endfacet
  facet normal -0.177502 -0.98412 0
    outer loop
      vertex 17.4938 -10.4486 0
      vertex 17.1495 -10.3865 2.4
      vertex 17.1495 -10.3865 0
    endloop
  endfacet
  facet normal -0.177502 -0.98412 0
    outer loop
      vertex 17.4938 -10.4486 0
      vertex 17.4938 -10.4486 2.4
      vertex 17.1495 -10.3865 2.4
    endloop
  endfacet
  facet normal -0.145756 -0.989321 0
    outer loop
      vertex 17.842 -10.4999 0
      vertex 17.4938 -10.4486 2.4
      vertex 17.4938 -10.4486 0
    endloop
  endfacet
  facet normal -0.145756 -0.989321 0
    outer loop
      vertex 17.842 -10.4999 0
      vertex 17.842 -10.4999 2.4
      vertex 17.4938 -10.4486 2.4
    endloop
  endfacet
  facet normal -0.113188 -0.993574 0
    outer loop
      vertex 18.194 -10.54 0
      vertex 17.842 -10.4999 2.4
      vertex 17.842 -10.4999 0
    endloop
  endfacet
  facet normal -0.113188 -0.993574 0
    outer loop
      vertex 18.194 -10.54 0
      vertex 18.194 -10.54 2.4
      vertex 17.842 -10.4999 2.4
    endloop
  endfacet
  facet normal -0.0809814 -0.996716 0
    outer loop
      vertex 18.5497 -10.5689 0
      vertex 18.194 -10.54 2.4
      vertex 18.194 -10.54 0
    endloop
  endfacet
  facet normal -0.0809814 -0.996716 0
    outer loop
      vertex 18.5497 -10.5689 0
      vertex 18.5497 -10.5689 2.4
      vertex 18.194 -10.54 2.4
    endloop
  endfacet
  facet normal -0.0486887 -0.998814 0
    outer loop
      vertex 18.9087 -10.5864 0
      vertex 18.5497 -10.5689 2.4
      vertex 18.5497 -10.5689 0
    endloop
  endfacet
  facet normal -0.0486887 -0.998814 0
    outer loop
      vertex 18.9087 -10.5864 0
      vertex 18.9087 -10.5864 2.4
      vertex 18.5497 -10.5689 2.4
    endloop
  endfacet
  facet normal -0.0162782 -0.999868 0
    outer loop
      vertex 19.2711 -10.5923 0
      vertex 18.9087 -10.5864 2.4
      vertex 18.9087 -10.5864 0
    endloop
  endfacet
  facet normal -0.0162782 -0.999868 0
    outer loop
      vertex 19.2711 -10.5923 0
      vertex 19.2711 -10.5923 2.4
      vertex 18.9087 -10.5864 2.4
    endloop
  endfacet
  facet normal 0.0400589 -0.999197 0
    outer loop
      vertex 20.1491 -10.5571 0
      vertex 19.2711 -10.5923 2.4
      vertex 19.2711 -10.5923 0
    endloop
  endfacet
  facet normal 0.0400589 -0.999197 0
    outer loop
      vertex 20.1491 -10.5571 0
      vertex 20.1491 -10.5571 2.4
      vertex 19.2711 -10.5923 2.4
    endloop
  endfacet
  facet normal 0.119698 0.99281 -0
    outer loop
      vertex -20.6468 -8.26144 0
      vertex -20.6468 -8.26144 2.4
      vertex -19.9665 -8.34346 0
    endloop
  endfacet
  facet normal 0.119698 0.99281 0
    outer loop
      vertex -19.9665 -8.34346 2.4
      vertex -19.9665 -8.34346 0
      vertex -20.6468 -8.26144 2.4
    endloop
  endfacet
  facet normal 0.198148 0.980172 -0
    outer loop
      vertex -21.3099 -8.12739 0
      vertex -21.3099 -8.12739 2.4
      vertex -20.6468 -8.26144 0
    endloop
  endfacet
  facet normal 0.198148 0.980172 0
    outer loop
      vertex -20.6468 -8.26144 2.4
      vertex -20.6468 -8.26144 0
      vertex -21.3099 -8.12739 2.4
    endloop
  endfacet
  facet normal 0.274767 0.961511 -0
    outer loop
      vertex -21.9534 -7.9435 0
      vertex -21.9534 -7.9435 2.4
      vertex -21.3099 -8.12739 0
    endloop
  endfacet
  facet normal 0.274767 0.961511 0
    outer loop
      vertex -21.3099 -8.12739 2.4
      vertex -21.3099 -8.12739 0
      vertex -21.9534 -7.9435 2.4
    endloop
  endfacet
  facet normal 0.348939 0.937145 -0
    outer loop
      vertex -22.5753 -7.71194 0
      vertex -22.5753 -7.71194 2.4
      vertex -21.9534 -7.9435 0
    endloop
  endfacet
  facet normal 0.348939 0.937145 0
    outer loop
      vertex -21.9534 -7.9435 2.4
      vertex -21.9534 -7.9435 0
      vertex -22.5753 -7.71194 2.4
    endloop
  endfacet
  facet normal 0.420417 0.907331 -0
    outer loop
      vertex -23.1732 -7.4349 0
      vertex -23.1732 -7.4349 2.4
      vertex -22.5753 -7.71194 0
    endloop
  endfacet
  facet normal 0.420417 0.907331 0
    outer loop
      vertex -22.5753 -7.71194 2.4
      vertex -22.5753 -7.71194 0
      vertex -23.1732 -7.4349 2.4
    endloop
  endfacet
  facet normal 0.488898 0.872341 -0
    outer loop
      vertex -23.7448 -7.11455 0
      vertex -23.7448 -7.11455 2.4
      vertex -23.1732 -7.4349 0
    endloop
  endfacet
  facet normal 0.488898 0.872341 0
    outer loop
      vertex -23.1732 -7.4349 2.4
      vertex -23.1732 -7.4349 0
      vertex -23.7448 -7.11455 2.4
    endloop
  endfacet
  facet normal 0.553936 0.832559 -0
    outer loop
      vertex -24.2881 -6.75307 0
      vertex -24.2881 -6.75307 2.4
      vertex -23.7448 -7.11455 0
    endloop
  endfacet
  facet normal 0.553936 0.832559 0
    outer loop
      vertex -23.7448 -7.11455 2.4
      vertex -23.7448 -7.11455 0
      vertex -24.2881 -6.75307 2.4
    endloop
  endfacet
  facet normal 0.615617 0.788046 -0
    outer loop
      vertex -24.8007 -6.35263 0
      vertex -24.8007 -6.35263 2.4
      vertex -24.2881 -6.75307 0
    endloop
  endfacet
  facet normal 0.615617 0.788046 0
    outer loop
      vertex -24.2881 -6.75307 2.4
      vertex -24.2881 -6.75307 0
      vertex -24.8007 -6.35263 2.4
    endloop
  endfacet
  facet normal 0.673531 0.739159 -0
    outer loop
      vertex -25.2805 -5.91543 0
      vertex -25.2805 -5.91543 2.4
      vertex -24.8007 -6.35263 0
    endloop
  endfacet
  facet normal 0.673531 0.739159 0
    outer loop
      vertex -24.8007 -6.35263 2.4
      vertex -24.8007 -6.35263 0
      vertex -25.2805 -5.91543 2.4
    endloop
  endfacet
  facet normal 0.727781 0.685809 -0
    outer loop
      vertex -25.7251 -5.44362 0
      vertex -25.7251 -5.44362 2.4
      vertex -25.2805 -5.91543 0
    endloop
  endfacet
  facet normal 0.727781 0.685809 0
    outer loop
      vertex -25.2805 -5.91543 2.4
      vertex -25.2805 -5.91543 0
      vertex -25.7251 -5.44362 2.4
    endloop
  endfacet
  facet normal 0.777907 0.628379 -0
    outer loop
      vertex -26.1324 -4.9394 0
      vertex -26.1324 -4.9394 2.4
      vertex -25.7251 -5.44362 0
    endloop
  endfacet
  facet normal 0.777907 0.628379 0
    outer loop
      vertex -25.7251 -5.44362 2.4
      vertex -25.7251 -5.44362 0
      vertex -26.1324 -4.9394 2.4
    endloop
  endfacet
  facet normal 0.823856 0.5668 -0
    outer loop
      vertex -26.5001 -4.40494 0
      vertex -26.5001 -4.40494 2.4
      vertex -26.1324 -4.9394 0
    endloop
  endfacet
  facet normal 0.823856 0.5668 0
    outer loop
      vertex -26.1324 -4.9394 2.4
      vertex -26.1324 -4.9394 0
      vertex -26.5001 -4.40494 2.4
    endloop
  endfacet
  facet normal 0.865206 0.501417 -0
    outer loop
      vertex -26.8261 -3.84242 0
      vertex -26.8261 -3.84242 2.4
      vertex -26.5001 -4.40494 0
    endloop
  endfacet
  facet normal 0.865206 0.501417 0
    outer loop
      vertex -26.5001 -4.40494 2.4
      vertex -26.5001 -4.40494 0
      vertex -26.8261 -3.84242 2.4
    endloop
  endfacet
  facet normal 0.901841 0.432068 -0
    outer loop
      vertex -27.108 -3.25402 0
      vertex -27.108 -3.25402 2.4
      vertex -26.8261 -3.84242 0
    endloop
  endfacet
  facet normal 0.901841 0.432068 0
    outer loop
      vertex -26.8261 -3.84242 2.4
      vertex -26.8261 -3.84242 0
      vertex -27.108 -3.25402 2.4
    endloop
  endfacet
  facet normal 0.933257 0.359209 -0
    outer loop
      vertex -27.3436 -2.64191 0
      vertex -27.3436 -2.64191 2.4
      vertex -27.108 -3.25402 0
    endloop
  endfacet
  facet normal 0.933257 0.359209 0
    outer loop
      vertex -27.108 -3.25402 2.4
      vertex -27.108 -3.25402 0
      vertex -27.3436 -2.64191 2.4
    endloop
  endfacet
  facet normal 0.959023 0.28333 -0
    outer loop
      vertex -27.5308 -2.00827 0
      vertex -27.5308 -2.00827 2.4
      vertex -27.3436 -2.64191 0
    endloop
  endfacet
  facet normal 0.959023 0.28333 0
    outer loop
      vertex -27.3436 -2.64191 2.4
      vertex -27.3436 -2.64191 0
      vertex -27.5308 -2.00827 2.4
    endloop
  endfacet
  facet normal 0.978872 0.204475 -0
    outer loop
      vertex -27.6672 -1.35529 0
      vertex -27.6672 -1.35529 2.4
      vertex -27.5308 -2.00827 0
    endloop
  endfacet
  facet normal 0.978872 0.204475 0
    outer loop
      vertex -27.5308 -2.00827 2.4
      vertex -27.5308 -2.00827 0
      vertex -27.6672 -1.35529 2.4
    endloop
  endfacet
  facet normal 0.992327 0.123642 -0
    outer loop
      vertex -27.7507 -0.685137 0
      vertex -27.7507 -0.685137 2.4
      vertex -27.6672 -1.35529 0
    endloop
  endfacet
  facet normal 0.992327 0.123642 0
    outer loop
      vertex -27.6672 -1.35529 2.4
      vertex -27.6672 -1.35529 0
      vertex -27.7507 -0.685137 2.4
    endloop
  endfacet
  facet normal 0.999148 0.0412701 -0
    outer loop
      vertex -27.779 5.19039e-06 0
      vertex -27.779 5.19039e-06 2.4
      vertex -27.7507 -0.685137 0
    endloop
  endfacet
  facet normal 0.999148 0.0412701 0
    outer loop
      vertex -27.7507 -0.685137 2.4
      vertex -27.7507 -0.685137 0
      vertex -27.779 5.19039e-06 2.4
    endloop
  endfacet
  facet normal 0.999148 -0.0412701 0
    outer loop
      vertex -27.7507 0.685147 0
      vertex -27.7507 0.685147 2.4
      vertex -27.779 5.19039e-06 0
    endloop
  endfacet
  facet normal 0.999148 -0.0412701 0
    outer loop
      vertex -27.779 5.19039e-06 2.4
      vertex -27.779 5.19039e-06 0
      vertex -27.7507 0.685147 2.4
    endloop
  endfacet
  facet normal 0.992327 -0.123642 0
    outer loop
      vertex -27.6672 1.3553 0
      vertex -27.6672 1.3553 2.4
      vertex -27.7507 0.685147 0
    endloop
  endfacet
  facet normal 0.992327 -0.123642 0
    outer loop
      vertex -27.7507 0.685147 2.4
      vertex -27.7507 0.685147 0
      vertex -27.6672 1.3553 2.4
    endloop
  endfacet
  facet normal 0.978872 -0.204475 0
    outer loop
      vertex -27.5308 2.00828 0
      vertex -27.5308 2.00828 2.4
      vertex -27.6672 1.3553 0
    endloop
  endfacet
  facet normal 0.978872 -0.204475 0
    outer loop
      vertex -27.6672 1.3553 2.4
      vertex -27.6672 1.3553 0
      vertex -27.5308 2.00828 2.4
    endloop
  endfacet
  facet normal 0.959023 -0.28333 0
    outer loop
      vertex -27.3436 2.64192 0
      vertex -27.3436 2.64192 2.4
      vertex -27.5308 2.00828 0
    endloop
  endfacet
  facet normal 0.959023 -0.28333 0
    outer loop
      vertex -27.5308 2.00828 2.4
      vertex -27.5308 2.00828 0
      vertex -27.3436 2.64192 2.4
    endloop
  endfacet
  facet normal 0.933257 -0.359209 0
    outer loop
      vertex -27.108 3.25403 0
      vertex -27.108 3.25403 2.4
      vertex -27.3436 2.64192 0
    endloop
  endfacet
  facet normal 0.933257 -0.359209 0
    outer loop
      vertex -27.3436 2.64192 2.4
      vertex -27.3436 2.64192 0
      vertex -27.108 3.25403 2.4
    endloop
  endfacet
  facet normal 0.901841 -0.432068 0
    outer loop
      vertex -26.8261 3.84243 0
      vertex -26.8261 3.84243 2.4
      vertex -27.108 3.25403 0
    endloop
  endfacet
  facet normal 0.901841 -0.432068 0
    outer loop
      vertex -27.108 3.25403 2.4
      vertex -27.108 3.25403 0
      vertex -26.8261 3.84243 2.4
    endloop
  endfacet
  facet normal 0.865206 -0.501417 0
    outer loop
      vertex -26.5001 4.40495 0
      vertex -26.5001 4.40495 2.4
      vertex -26.8261 3.84243 0
    endloop
  endfacet
  facet normal 0.865206 -0.501417 0
    outer loop
      vertex -26.8261 3.84243 2.4
      vertex -26.8261 3.84243 0
      vertex -26.5001 4.40495 2.4
    endloop
  endfacet
  facet normal 0.823856 -0.5668 0
    outer loop
      vertex -26.1324 4.93941 0
      vertex -26.1324 4.93941 2.4
      vertex -26.5001 4.40495 0
    endloop
  endfacet
  facet normal 0.823856 -0.5668 0
    outer loop
      vertex -26.5001 4.40495 2.4
      vertex -26.5001 4.40495 0
      vertex -26.1324 4.93941 2.4
    endloop
  endfacet
  facet normal 0.777907 -0.628379 0
    outer loop
      vertex -25.7251 5.44363 0
      vertex -25.7251 5.44363 2.4
      vertex -26.1324 4.93941 0
    endloop
  endfacet
  facet normal 0.777907 -0.628379 0
    outer loop
      vertex -26.1324 4.93941 2.4
      vertex -26.1324 4.93941 0
      vertex -25.7251 5.44363 2.4
    endloop
  endfacet
  facet normal 0.727774 -0.685817 0
    outer loop
      vertex -25.2805 5.91543 0
      vertex -25.2805 5.91543 2.4
      vertex -25.7251 5.44363 0
    endloop
  endfacet
  facet normal 0.727774 -0.685817 0
    outer loop
      vertex -25.7251 5.44363 2.4
      vertex -25.7251 5.44363 0
      vertex -25.2805 5.91543 2.4
    endloop
  endfacet
  facet normal 0.67354 -0.739151 0
    outer loop
      vertex -24.8007 6.35264 0
      vertex -24.8007 6.35264 2.4
      vertex -25.2805 5.91543 0
    endloop
  endfacet
  facet normal 0.67354 -0.739151 0
    outer loop
      vertex -25.2805 5.91543 2.4
      vertex -25.2805 5.91543 0
      vertex -24.8007 6.35264 2.4
    endloop
  endfacet
  facet normal 0.615617 -0.788046 0
    outer loop
      vertex -24.2881 6.75308 0
      vertex -24.2881 6.75308 2.4
      vertex -24.8007 6.35264 0
    endloop
  endfacet
  facet normal 0.615617 -0.788046 0
    outer loop
      vertex -24.8007 6.35264 2.4
      vertex -24.8007 6.35264 0
      vertex -24.2881 6.75308 2.4
    endloop
  endfacet
  facet normal 0.553936 -0.832559 0
    outer loop
      vertex -23.7448 7.11456 0
      vertex -23.7448 7.11456 2.4
      vertex -24.2881 6.75308 0
    endloop
  endfacet
  facet normal 0.553936 -0.832559 0
    outer loop
      vertex -24.2881 6.75308 2.4
      vertex -24.2881 6.75308 0
      vertex -23.7448 7.11456 2.4
    endloop
  endfacet
  facet normal 0.488898 -0.872341 0
    outer loop
      vertex -23.1732 7.43491 0
      vertex -23.1732 7.43491 2.4
      vertex -23.7448 7.11456 0
    endloop
  endfacet
  facet normal 0.488898 -0.872341 0
    outer loop
      vertex -23.7448 7.11456 2.4
      vertex -23.7448 7.11456 0
      vertex -23.1732 7.43491 2.4
    endloop
  endfacet
  facet normal 0.420429 -0.907325 0
    outer loop
      vertex -22.5753 7.71196 0
      vertex -22.5753 7.71196 2.4
      vertex -23.1732 7.43491 0
    endloop
  endfacet
  facet normal 0.420429 -0.907325 0
    outer loop
      vertex -23.1732 7.43491 2.4
      vertex -23.1732 7.43491 0
      vertex -22.5753 7.71196 2.4
    endloop
  endfacet
  facet normal 0.348926 -0.93715 0
    outer loop
      vertex -21.9534 7.94351 0
      vertex -21.9534 7.94351 2.4
      vertex -22.5753 7.71196 0
    endloop
  endfacet
  facet normal 0.348926 -0.93715 0
    outer loop
      vertex -22.5753 7.71196 2.4
      vertex -22.5753 7.71196 0
      vertex -21.9534 7.94351 2.4
    endloop
  endfacet
  facet normal 0.274767 -0.961511 0
    outer loop
      vertex -21.3099 8.1274 0
      vertex -21.3099 8.1274 2.4
      vertex -21.9534 7.94351 0
    endloop
  endfacet
  facet normal 0.274767 -0.961511 0
    outer loop
      vertex -21.9534 7.94351 2.4
      vertex -21.9534 7.94351 0
      vertex -21.3099 8.1274 2.4
    endloop
  endfacet
  facet normal 0.198148 -0.980172 0
    outer loop
      vertex -20.6468 8.26145 0
      vertex -20.6468 8.26145 2.4
      vertex -21.3099 8.1274 0
    endloop
  endfacet
  facet normal 0.198148 -0.980172 0
    outer loop
      vertex -21.3099 8.1274 2.4
      vertex -21.3099 8.1274 0
      vertex -20.6468 8.26145 2.4
    endloop
  endfacet
  facet normal 0.119712 -0.992809 0
    outer loop
      vertex -19.9665 8.34348 0
      vertex -19.9665 8.34348 2.4
      vertex -20.6468 8.26145 0
    endloop
  endfacet
  facet normal 0.119712 -0.992809 0
    outer loop
      vertex -20.6468 8.26145 2.4
      vertex -20.6468 8.26145 0
      vertex -19.9665 8.34348 2.4
    endloop
  endfacet
  facet normal 0.0399738 -0.999201 0
    outer loop
      vertex -19.2711 8.3713 0
      vertex -19.2711 8.3713 2.4
      vertex -19.9665 8.34348 0
    endloop
  endfacet
  facet normal 0.0399738 -0.999201 0
    outer loop
      vertex -19.9665 8.34348 2.4
      vertex -19.9665 8.34348 0
      vertex -19.2711 8.3713 2.4
    endloop
  endfacet
  facet normal -0.0146953 -0.999892 0
    outer loop
      vertex -19.0105 8.36747 0
      vertex -19.0105 8.36747 2.4
      vertex -19.2711 8.3713 0
    endloop
  endfacet
  facet normal -0.0146953 -0.999892 -0
    outer loop
      vertex -19.2711 8.3713 2.4
      vertex -19.2711 8.3713 0
      vertex -19.0105 8.36747 2.4
    endloop
  endfacet
  facet normal -0.0441269 -0.999026 0
    outer loop
      vertex -18.7515 8.35603 0
      vertex -18.7515 8.35603 2.4
      vertex -19.0105 8.36747 0
    endloop
  endfacet
  facet normal -0.0441269 -0.999026 -0
    outer loop
      vertex -19.0105 8.36747 2.4
      vertex -19.0105 8.36747 0
      vertex -18.7515 8.35603 2.4
    endloop
  endfacet
  facet normal -0.0736231 -0.997286 0
    outer loop
      vertex -18.4944 8.33705 0
      vertex -18.4944 8.33705 2.4
      vertex -18.7515 8.35603 0
    endloop
  endfacet
  facet normal -0.0736231 -0.997286 -0
    outer loop
      vertex -18.7515 8.35603 2.4
      vertex -18.7515 8.35603 0
      vertex -18.4944 8.33705 2.4
    endloop
  endfacet
  facet normal -0.103015 -0.99468 0
    outer loop
      vertex -18.2392 8.31062 0
      vertex -18.2392 8.31062 2.4
      vertex -18.4944 8.33705 0
    endloop
  endfacet
  facet normal -0.103015 -0.99468 -0
    outer loop
      vertex -18.4944 8.33705 2.4
      vertex -18.4944 8.33705 0
      vertex -18.2392 8.31062 2.4
    endloop
  endfacet
  facet normal -0.132394 -0.991197 0
    outer loop
      vertex -17.986 8.2768 0
      vertex -17.986 8.2768 2.4
      vertex -18.2392 8.31062 0
    endloop
  endfacet
  facet normal -0.132394 -0.991197 -0
    outer loop
      vertex -18.2392 8.31062 2.4
      vertex -18.2392 8.31062 0
      vertex -17.986 8.2768 2.4
    endloop
  endfacet
  facet normal -0.161631 -0.986851 0
    outer loop
      vertex -17.735 8.23569 0
      vertex -17.735 8.23569 2.4
      vertex -17.986 8.2768 0
    endloop
  endfacet
  facet normal -0.161631 -0.986851 -0
    outer loop
      vertex -17.986 8.2768 2.4
      vertex -17.986 8.2768 0
      vertex -17.735 8.23569 2.4
    endloop
  endfacet
  facet normal -0.190838 -0.981622 0
    outer loop
      vertex -17.4863 8.18734 0
      vertex -17.4863 8.18734 2.4
      vertex -17.735 8.23569 0
    endloop
  endfacet
  facet normal -0.190838 -0.981622 -0
    outer loop
      vertex -17.735 8.23569 2.4
      vertex -17.735 8.23569 0
      vertex -17.4863 8.18734 2.4
    endloop
  endfacet
  facet normal -0.21987 -0.975529 0
    outer loop
      vertex -17.2401 8.13185 0
      vertex -17.2401 8.13185 2.4
      vertex -17.4863 8.18734 0
    endloop
  endfacet
  facet normal -0.21987 -0.975529 -0
    outer loop
      vertex -17.4863 8.18734 2.4
      vertex -17.4863 8.18734 0
      vertex -17.2401 8.13185 2.4
    endloop
  endfacet
  facet normal -0.248684 -0.968585 0
    outer loop
      vertex -16.9964 8.06928 0
      vertex -16.9964 8.06928 2.4
      vertex -17.2401 8.13185 0
    endloop
  endfacet
  facet normal -0.248684 -0.968585 -0
    outer loop
      vertex -17.2401 8.13185 2.4
      vertex -17.2401 8.13185 0
      vertex -16.9964 8.06928 2.4
    endloop
  endfacet
  facet normal -0.277311 -0.96078 0
    outer loop
      vertex -16.7554 7.99972 0
      vertex -16.7554 7.99972 2.4
      vertex -16.9964 8.06928 0
    endloop
  endfacet
  facet normal -0.277311 -0.96078 -0
    outer loop
      vertex -16.9964 8.06928 2.4
      vertex -16.9964 8.06928 0
      vertex -16.7554 7.99972 2.4
    endloop
  endfacet
  facet normal -0.30574 -0.952115 0
    outer loop
      vertex -16.5172 7.92323 0
      vertex -16.5172 7.92323 2.4
      vertex -16.7554 7.99972 0
    endloop
  endfacet
  facet normal -0.30574 -0.952115 -0
    outer loop
      vertex -16.7554 7.99972 2.4
      vertex -16.7554 7.99972 0
      vertex -16.5172 7.92323 2.4
    endloop
  endfacet
  facet normal -0.333918 -0.942602 0
    outer loop
      vertex -16.282 7.83991 0
      vertex -16.282 7.83991 2.4
      vertex -16.5172 7.92323 0
    endloop
  endfacet
  facet normal -0.333918 -0.942602 -0
    outer loop
      vertex -16.5172 7.92323 2.4
      vertex -16.5172 7.92323 0
      vertex -16.282 7.83991 2.4
    endloop
  endfacet
  facet normal -0.361849 -0.932237 0
    outer loop
      vertex -16.0499 7.74982 0
      vertex -16.0499 7.74982 2.4
      vertex -16.282 7.83991 0
    endloop
  endfacet
  facet normal -0.361849 -0.932237 -0
    outer loop
      vertex -16.282 7.83991 2.4
      vertex -16.282 7.83991 0
      vertex -16.0499 7.74982 2.4
    endloop
  endfacet
  facet normal -0.389283 -0.921118 0
    outer loop
      vertex -15.8209 7.65304 0
      vertex -15.8209 7.65304 2.4
      vertex -16.0499 7.74982 0
    endloop
  endfacet
  facet normal -0.389283 -0.921118 -0
    outer loop
      vertex -16.0499 7.74982 2.4
      vertex -16.0499 7.74982 0
      vertex -15.8209 7.65304 2.4
    endloop
  endfacet
  facet normal -0.416621 -0.90908 0
    outer loop
      vertex -15.5953 7.54965 0
      vertex -15.5953 7.54965 2.4
      vertex -15.8209 7.65304 0
    endloop
  endfacet
  facet normal -0.416621 -0.90908 -0
    outer loop
      vertex -15.8209 7.65304 2.4
      vertex -15.8209 7.65304 0
      vertex -15.5953 7.54965 2.4
    endloop
  endfacet
  facet normal -0.443402 -0.896323 0
    outer loop
      vertex -15.3731 7.43973 0
      vertex -15.3731 7.43973 2.4
      vertex -15.5953 7.54965 0
    endloop
  endfacet
  facet normal -0.443402 -0.896323 -0
    outer loop
      vertex -15.5953 7.54965 2.4
      vertex -15.5953 7.54965 0
      vertex -15.3731 7.43973 2.4
    endloop
  endfacet
  facet normal -0.470106 -0.88261 0
    outer loop
      vertex -15.1546 7.32335 0
      vertex -15.1546 7.32335 2.4
      vertex -15.3731 7.43973 0
    endloop
  endfacet
  facet normal -0.470106 -0.88261 -0
    outer loop
      vertex -15.3731 7.43973 2.4
      vertex -15.3731 7.43973 0
      vertex -15.1546 7.32335 2.4
    endloop
  endfacet
  facet normal -0.496048 -0.868295 0
    outer loop
      vertex -14.9397 7.20058 0
      vertex -14.9397 7.20058 2.4
      vertex -15.1546 7.32335 0
    endloop
  endfacet
  facet normal -0.496048 -0.868295 -0
    outer loop
      vertex -15.1546 7.32335 2.4
      vertex -15.1546 7.32335 0
      vertex -14.9397 7.20058 2.4
    endloop
  endfacet
  facet normal -0.52179 -0.853074 0
    outer loop
      vertex -14.7287 7.07152 0
      vertex -14.7287 7.07152 2.4
      vertex -14.9397 7.20058 0
    endloop
  endfacet
  facet normal -0.52179 -0.853074 -0
    outer loop
      vertex -14.9397 7.20058 2.4
      vertex -14.9397 7.20058 0
      vertex -14.7287 7.07152 2.4
    endloop
  endfacet
  facet normal -0.546933 -0.837176 0
    outer loop
      vertex -14.5216 6.93622 0
      vertex -14.5216 6.93622 2.4
      vertex -14.7287 7.07152 0
    endloop
  endfacet
  facet normal -0.546933 -0.837176 -0
    outer loop
      vertex -14.7287 7.07152 2.4
      vertex -14.7287 7.07152 0
      vertex -14.5216 6.93622 2.4
    endloop
  endfacet
  facet normal -0.759024 0.651063 0
    outer loop
      vertex -14.7627 6.65514 0
      vertex -14.7627 6.65514 2.4
      vertex -14.5216 6.93622 0
    endloop
  endfacet
  facet normal -0.759024 0.651063 0
    outer loop
      vertex -14.5216 6.93622 2.4
      vertex -14.5216 6.93622 0
      vertex -14.7627 6.65514 2.4
    endloop
  endfacet
  facet normal -0.781427 0.623997 0
    outer loop
      vertex -14.9939 6.36561 0
      vertex -14.9939 6.36561 2.4
      vertex -14.7627 6.65514 0
    endloop
  endfacet
  facet normal -0.781427 0.623997 0
    outer loop
      vertex -14.7627 6.65514 2.4
      vertex -14.7627 6.65514 0
      vertex -14.9939 6.36561 2.4
    endloop
  endfacet
  facet normal -0.803232 0.595666 0
    outer loop
      vertex -15.2147 6.06787 0
      vertex -15.2147 6.06787 2.4
      vertex -14.9939 6.36561 0
    endloop
  endfacet
  facet normal -0.803232 0.595666 0
    outer loop
      vertex -14.9939 6.36561 2.4
      vertex -14.9939 6.36561 0
      vertex -15.2147 6.06787 2.4
    endloop
  endfacet
  facet normal -0.823734 0.566977 0
    outer loop
      vertex -15.4251 5.76219 0
      vertex -15.4251 5.76219 2.4
      vertex -15.2147 6.06787 0
    endloop
  endfacet
  facet normal -0.823734 0.566977 0
    outer loop
      vertex -15.2147 6.06787 2.4
      vertex -15.2147 6.06787 0
      vertex -15.4251 5.76219 2.4
    endloop
  endfacet
  facet normal -0.843561 0.537034 0
    outer loop
      vertex -15.6246 5.44882 0
      vertex -15.6246 5.44882 2.4
      vertex -15.4251 5.76219 0
    endloop
  endfacet
  facet normal -0.843561 0.537034 0
    outer loop
      vertex -15.4251 5.76219 2.4
      vertex -15.4251 5.76219 0
      vertex -15.6246 5.44882 2.4
    endloop
  endfacet
  facet normal -0.862059 0.506809 0
    outer loop
      vertex -15.8132 5.12802 0
      vertex -15.8132 5.12802 2.4
      vertex -15.6246 5.44882 0
    endloop
  endfacet
  facet normal -0.862059 0.506809 0
    outer loop
      vertex -15.6246 5.44882 2.4
      vertex -15.6246 5.44882 0
      vertex -15.8132 5.12802 2.4
    endloop
  endfacet
  facet normal -0.879685 0.475556 0
    outer loop
      vertex -15.9905 4.80005 0
      vertex -15.9905 4.80005 2.4
      vertex -15.8132 5.12802 0
    endloop
  endfacet
  facet normal -0.879685 0.475556 0
    outer loop
      vertex -15.8132 5.12802 2.4
      vertex -15.8132 5.12802 0
      vertex -15.9905 4.80005 2.4
    endloop
  endfacet
  facet normal -0.896186 0.443678 0
    outer loop
      vertex -16.1563 4.46515 0
      vertex -16.1563 4.46515 2.4
      vertex -15.9905 4.80005 0
    endloop
  endfacet
  facet normal -0.896186 0.443678 0
    outer loop
      vertex -15.9905 4.80005 2.4
      vertex -15.9905 4.80005 0
      vertex -16.1563 4.46515 2.4
    endloop
  endfacet
  facet normal -0.911724 0.410804 0
    outer loop
      vertex -16.3102 4.12359 0
      vertex -16.3102 4.12359 2.4
      vertex -16.1563 4.46515 0
    endloop
  endfacet
  facet normal -0.911724 0.410804 0
    outer loop
      vertex -16.1563 4.46515 2.4
      vertex -16.1563 4.46515 0
      vertex -16.3102 4.12359 2.4
    endloop
  endfacet
  facet normal -0.92587 0.377841 0
    outer loop
      vertex -16.4522 3.77563 0
      vertex -16.4522 3.77563 2.4
      vertex -16.3102 4.12359 0
    endloop
  endfacet
  facet normal -0.92587 0.377841 0
    outer loop
      vertex -16.3102 4.12359 2.4
      vertex -16.3102 4.12359 0
      vertex -16.4522 3.77563 2.4
    endloop
  endfacet
  facet normal -0.939082 0.343693 0
    outer loop
      vertex -16.5818 3.42152 0
      vertex -16.5818 3.42152 2.4
      vertex -16.4522 3.77563 0
    endloop
  endfacet
  facet normal -0.939082 0.343693 0
    outer loop
      vertex -16.4522 3.77563 2.4
      vertex -16.4522 3.77563 0
      vertex -16.5818 3.42152 2.4
    endloop
  endfacet
  facet normal -0.950959 0.309317 0
    outer loop
      vertex -16.6989 3.06151 0
      vertex -16.6989 3.06151 2.4
      vertex -16.5818 3.42152 0
    endloop
  endfacet
  facet normal -0.950959 0.309317 0
    outer loop
      vertex -16.5818 3.42152 2.4
      vertex -16.5818 3.42152 0
      vertex -16.6989 3.06151 2.4
    endloop
  endfacet
  facet normal -0.961712 0.274061 0
    outer loop
      vertex -16.8031 2.69586 0
      vertex -16.8031 2.69586 2.4
      vertex -16.6989 3.06151 0
    endloop
  endfacet
  facet normal -0.961712 0.274061 0
    outer loop
      vertex -16.6989 3.06151 2.4
      vertex -16.6989 3.06151 0
      vertex -16.8031 2.69586 2.4
    endloop
  endfacet
  facet normal -0.971094 0.238697 0
    outer loop
      vertex -16.8943 2.32483 0
      vertex -16.8943 2.32483 2.4
      vertex -16.8031 2.69586 0
    endloop
  endfacet
  facet normal -0.971094 0.238697 0
    outer loop
      vertex -16.8031 2.69586 2.4
      vertex -16.8031 2.69586 0
      vertex -16.8943 2.32483 2.4
    endloop
  endfacet
  facet normal -0.979221 0.202795 0
    outer loop
      vertex -16.9722 1.94868 0
      vertex -16.9722 1.94868 2.4
      vertex -16.8943 2.32483 0
    endloop
  endfacet
  facet normal -0.979221 0.202795 0
    outer loop
      vertex -16.8943 2.32483 2.4
      vertex -16.8943 2.32483 0
      vertex -16.9722 1.94868 2.4
    endloop
  endfacet
  facet normal -0.9861 0.166153 0
    outer loop
      vertex -17.0364 1.56766 0
      vertex -17.0364 1.56766 2.4
      vertex -16.9722 1.94868 0
    endloop
  endfacet
  facet normal -0.9861 0.166153 0
    outer loop
      vertex -16.9722 1.94868 2.4
      vertex -16.9722 1.94868 0
      vertex -17.0364 1.56766 2.4
    endloop
  endfacet
  facet normal -0.991535 0.129843 0
    outer loop
      vertex -17.0869 1.18202 0
      vertex -17.0869 1.18202 2.4
      vertex -17.0364 1.56766 0
    endloop
  endfacet
  facet normal -0.991535 0.129843 0
    outer loop
      vertex -17.0364 1.56766 2.4
      vertex -17.0364 1.56766 0
      vertex -17.0869 1.18202 2.4
    endloop
  endfacet
  facet normal -0.995696 0.0926794 0
    outer loop
      vertex -17.1232 0.792033 0
      vertex -17.1232 0.792033 2.4
      vertex -17.0869 1.18202 0
    endloop
  endfacet
  facet normal -0.995696 0.0926794 0
    outer loop
      vertex -17.0869 1.18202 2.4
      vertex -17.0869 1.18202 0
      vertex -17.1232 0.792033 2.4
    endloop
  endfacet
  facet normal -0.998445 0.0557376 0
    outer loop
      vertex -17.1452 0.39794 0
      vertex -17.1452 0.39794 2.4
      vertex -17.1232 0.792033 0
    endloop
  endfacet
  facet normal -0.998445 0.0557376 0
    outer loop
      vertex -17.1232 0.792033 2.4
      vertex -17.1232 0.792033 0
      vertex -17.1452 0.39794 2.4
    endloop
  endfacet
  facet normal -0.999827 0.0185928 0
    outer loop
      vertex -17.1526 5.19039e-06 0
      vertex -17.1526 5.19039e-06 2.4
      vertex -17.1452 0.39794 0
    endloop
  endfacet
  facet normal -0.999827 0.0185928 0
    outer loop
      vertex -17.1452 0.39794 2.4
      vertex -17.1452 0.39794 0
      vertex -17.1526 5.19039e-06 2.4
    endloop
  endfacet
  facet normal -0.999827 -0.0185928 0
    outer loop
      vertex -17.1452 -0.397929 0
      vertex -17.1452 -0.397929 2.4
      vertex -17.1526 5.19039e-06 0
    endloop
  endfacet
  facet normal -0.999827 -0.0185928 -0
    outer loop
      vertex -17.1526 5.19039e-06 2.4
      vertex -17.1526 5.19039e-06 0
      vertex -17.1452 -0.397929 2.4
    endloop
  endfacet
  facet normal -0.998445 -0.0557379 0
    outer loop
      vertex -17.1232 -0.79202 0
      vertex -17.1232 -0.79202 2.4
      vertex -17.1452 -0.397929 0
    endloop
  endfacet
  facet normal -0.998445 -0.0557379 -0
    outer loop
      vertex -17.1452 -0.397929 2.4
      vertex -17.1452 -0.397929 0
      vertex -17.1232 -0.79202 2.4
    endloop
  endfacet
  facet normal -0.995696 -0.0926787 0
    outer loop
      vertex -17.0869 -1.18201 0
      vertex -17.0869 -1.18201 2.4
      vertex -17.1232 -0.79202 0
    endloop
  endfacet
  facet normal -0.995696 -0.0926787 -0
    outer loop
      vertex -17.1232 -0.79202 2.4
      vertex -17.1232 -0.79202 0
      vertex -17.0869 -1.18201 2.4
    endloop
  endfacet
  facet normal -0.991535 -0.129843 0
    outer loop
      vertex -17.0364 -1.56765 0
      vertex -17.0364 -1.56765 2.4
      vertex -17.0869 -1.18201 0
    endloop
  endfacet
  facet normal -0.991535 -0.129843 -0
    outer loop
      vertex -17.0869 -1.18201 2.4
      vertex -17.0869 -1.18201 0
      vertex -17.0364 -1.56765 2.4
    endloop
  endfacet
  facet normal -0.9861 -0.166153 0
    outer loop
      vertex -16.9722 -1.94867 0
      vertex -16.9722 -1.94867 2.4
      vertex -17.0364 -1.56765 0
    endloop
  endfacet
  facet normal -0.9861 -0.166153 -0
    outer loop
      vertex -17.0364 -1.56765 2.4
      vertex -17.0364 -1.56765 0
      vertex -16.9722 -1.94867 2.4
    endloop
  endfacet
  facet normal -0.979221 -0.202795 0
    outer loop
      vertex -16.8943 -2.32482 0
      vertex -16.8943 -2.32482 2.4
      vertex -16.9722 -1.94867 0
    endloop
  endfacet
  facet normal -0.979221 -0.202795 -0
    outer loop
      vertex -16.9722 -1.94867 2.4
      vertex -16.9722 -1.94867 0
      vertex -16.8943 -2.32482 2.4
    endloop
  endfacet
  facet normal -0.971094 -0.238697 0
    outer loop
      vertex -16.8031 -2.69585 0
      vertex -16.8031 -2.69585 2.4
      vertex -16.8943 -2.32482 0
    endloop
  endfacet
  facet normal -0.971094 -0.238697 -0
    outer loop
      vertex -16.8943 -2.32482 2.4
      vertex -16.8943 -2.32482 0
      vertex -16.8031 -2.69585 2.4
    endloop
  endfacet
  facet normal -0.961712 -0.274061 0
    outer loop
      vertex -16.6989 -3.0615 0
      vertex -16.6989 -3.0615 2.4
      vertex -16.8031 -2.69585 0
    endloop
  endfacet
  facet normal -0.961712 -0.274061 -0
    outer loop
      vertex -16.8031 -2.69585 2.4
      vertex -16.8031 -2.69585 0
      vertex -16.6989 -3.0615 2.4
    endloop
  endfacet
  facet normal -0.950956 -0.309325 0
    outer loop
      vertex -16.5818 -3.4215 0
      vertex -16.5818 -3.4215 2.4
      vertex -16.6989 -3.0615 0
    endloop
  endfacet
  facet normal -0.950956 -0.309325 -0
    outer loop
      vertex -16.6989 -3.0615 2.4
      vertex -16.6989 -3.0615 0
      vertex -16.5818 -3.4215 2.4
    endloop
  endfacet
  facet normal -0.939085 -0.343684 0
    outer loop
      vertex -16.4522 -3.77562 0
      vertex -16.4522 -3.77562 2.4
      vertex -16.5818 -3.4215 0
    endloop
  endfacet
  facet normal -0.939085 -0.343684 -0
    outer loop
      vertex -16.5818 -3.4215 2.4
      vertex -16.5818 -3.4215 0
      vertex -16.4522 -3.77562 2.4
    endloop
  endfacet
  facet normal -0.92587 -0.377841 0
    outer loop
      vertex -16.3102 -4.12358 0
      vertex -16.3102 -4.12358 2.4
      vertex -16.4522 -3.77562 0
    endloop
  endfacet
  facet normal -0.92587 -0.377841 -0
    outer loop
      vertex -16.4522 -3.77562 2.4
      vertex -16.4522 -3.77562 0
      vertex -16.3102 -4.12358 2.4
    endloop
  endfacet
  facet normal -0.911724 -0.410804 0
    outer loop
      vertex -16.1563 -4.46514 0
      vertex -16.1563 -4.46514 2.4
      vertex -16.3102 -4.12358 0
    endloop
  endfacet
  facet normal -0.911724 -0.410804 -0
    outer loop
      vertex -16.3102 -4.12358 2.4
      vertex -16.3102 -4.12358 0
      vertex -16.1563 -4.46514 2.4
    endloop
  endfacet
  facet normal -0.896186 -0.443678 0
    outer loop
      vertex -15.9905 -4.80004 0
      vertex -15.9905 -4.80004 2.4
      vertex -16.1563 -4.46514 0
    endloop
  endfacet
  facet normal -0.896186 -0.443678 -0
    outer loop
      vertex -16.1563 -4.46514 2.4
      vertex -16.1563 -4.46514 0
      vertex -15.9905 -4.80004 2.4
    endloop
  endfacet
  facet normal -0.879685 -0.475556 0
    outer loop
      vertex -15.8132 -5.12801 0
      vertex -15.8132 -5.12801 2.4
      vertex -15.9905 -4.80004 0
    endloop
  endfacet
  facet normal -0.879685 -0.475556 -0
    outer loop
      vertex -15.9905 -4.80004 2.4
      vertex -15.9905 -4.80004 0
      vertex -15.8132 -5.12801 2.4
    endloop
  endfacet
  facet normal -0.862059 -0.506809 0
    outer loop
      vertex -15.6246 -5.44881 0
      vertex -15.6246 -5.44881 2.4
      vertex -15.8132 -5.12801 0
    endloop
  endfacet
  facet normal -0.862059 -0.506809 -0
    outer loop
      vertex -15.8132 -5.12801 2.4
      vertex -15.8132 -5.12801 0
      vertex -15.6246 -5.44881 2.4
    endloop
  endfacet
  facet normal -0.843561 -0.537034 0
    outer loop
      vertex -15.4251 -5.76218 0
      vertex -15.4251 -5.76218 2.4
      vertex -15.6246 -5.44881 0
    endloop
  endfacet
  facet normal -0.843561 -0.537034 -0
    outer loop
      vertex -15.6246 -5.44881 2.4
      vertex -15.6246 -5.44881 0
      vertex -15.4251 -5.76218 2.4
    endloop
  endfacet
  facet normal -0.823734 -0.566977 0
    outer loop
      vertex -15.2147 -6.06786 0
      vertex -15.2147 -6.06786 2.4
      vertex -15.4251 -5.76218 0
    endloop
  endfacet
  facet normal -0.823734 -0.566977 -0
    outer loop
      vertex -15.4251 -5.76218 2.4
      vertex -15.4251 -5.76218 0
      vertex -15.2147 -6.06786 2.4
    endloop
  endfacet
  facet normal -0.803232 -0.595666 0
    outer loop
      vertex -14.9939 -6.3656 0
      vertex -14.9939 -6.3656 2.4
      vertex -15.2147 -6.06786 0
    endloop
  endfacet
  facet normal -0.803232 -0.595666 -0
    outer loop
      vertex -15.2147 -6.06786 2.4
      vertex -15.2147 -6.06786 0
      vertex -14.9939 -6.3656 2.4
    endloop
  endfacet
  facet normal -0.781427 -0.623997 0
    outer loop
      vertex -14.7627 -6.65513 0
      vertex -14.7627 -6.65513 2.4
      vertex -14.9939 -6.3656 0
    endloop
  endfacet
  facet normal -0.781427 -0.623997 -0
    outer loop
      vertex -14.9939 -6.3656 2.4
      vertex -14.9939 -6.3656 0
      vertex -14.7627 -6.65513 2.4
    endloop
  endfacet
  facet normal -0.759024 -0.651063 0
    outer loop
      vertex -14.5216 -6.93621 0
      vertex -14.5216 -6.93621 2.4
      vertex -14.7627 -6.65513 0
    endloop
  endfacet
  facet normal -0.759024 -0.651063 -0
    outer loop
      vertex -14.7627 -6.65513 2.4
      vertex -14.7627 -6.65513 0
      vertex -14.5216 -6.93621 2.4
    endloop
  endfacet
  facet normal -0.534167 0.845379 0
    outer loop
      vertex -14.7284 -7.06688 0
      vertex -14.7284 -7.06688 2.4
      vertex -14.5216 -6.93621 0
    endloop
  endfacet
  facet normal -0.534167 0.845379 0
    outer loop
      vertex -14.5216 -6.93621 2.4
      vertex -14.5216 -6.93621 0
      vertex -14.7284 -7.06688 2.4
    endloop
  endfacet
  facet normal -0.511942 0.85902 0
    outer loop
      vertex -14.9388 -7.19227 0
      vertex -14.9388 -7.19227 2.4
      vertex -14.7284 -7.06688 0
    endloop
  endfacet
  facet normal -0.511942 0.85902 0
    outer loop
      vertex -14.7284 -7.06688 2.4
      vertex -14.7284 -7.06688 0
      vertex -14.9388 -7.19227 2.4
    endloop
  endfacet
  facet normal -0.489324 0.872102 0
    outer loop
      vertex -15.1526 -7.31223 0
      vertex -15.1526 -7.31223 2.4
      vertex -14.9388 -7.19227 0
    endloop
  endfacet
  facet normal -0.489324 0.872102 0
    outer loop
      vertex -14.9388 -7.19227 2.4
      vertex -14.9388 -7.19227 0
      vertex -15.1526 -7.31223 2.4
    endloop
  endfacet
  facet normal -0.465919 0.884827 0
    outer loop
      vertex -15.3698 -7.4266 0
      vertex -15.3698 -7.4266 2.4
      vertex -15.1526 -7.31223 0
    endloop
  endfacet
  facet normal -0.465919 0.884827 0
    outer loop
      vertex -15.1526 -7.31223 2.4
      vertex -15.1526 -7.31223 0
      vertex -15.3698 -7.4266 2.4
    endloop
  endfacet
  facet normal -0.441611 0.897207 0
    outer loop
      vertex -15.5905 -7.53523 0
      vertex -15.5905 -7.53523 2.4
      vertex -15.3698 -7.4266 0
    endloop
  endfacet
  facet normal -0.441611 0.897207 0
    outer loop
      vertex -15.3698 -7.4266 2.4
      vertex -15.3698 -7.4266 0
      vertex -15.5905 -7.53523 2.4
    endloop
  endfacet
  facet normal -0.417054 0.908882 0
    outer loop
      vertex -15.8144 -7.63797 0
      vertex -15.8144 -7.63797 2.4
      vertex -15.5905 -7.53523 0
    endloop
  endfacet
  facet normal -0.417054 0.908882 0
    outer loop
      vertex -15.5905 -7.53523 2.4
      vertex -15.5905 -7.53523 0
      vertex -15.8144 -7.63797 2.4
    endloop
  endfacet
  facet normal -0.391406 0.920218 0
    outer loop
      vertex -16.0417 -7.73465 0
      vertex -16.0417 -7.73465 2.4
      vertex -15.8144 -7.63797 0
    endloop
  endfacet
  facet normal -0.391406 0.920218 0
    outer loop
      vertex -15.8144 -7.63797 2.4
      vertex -15.8144 -7.63797 0
      vertex -16.0417 -7.73465 2.4
    endloop
  endfacet
  facet normal -0.36543 0.930839 0
    outer loop
      vertex -16.2722 -7.82514 0
      vertex -16.2722 -7.82514 2.4
      vertex -16.0417 -7.73465 0
    endloop
  endfacet
  facet normal -0.36543 0.930839 0
    outer loop
      vertex -16.0417 -7.73465 2.4
      vertex -16.0417 -7.73465 0
      vertex -16.2722 -7.82514 2.4
    endloop
  endfacet
  facet normal -0.338841 0.940844 0
    outer loop
      vertex -16.5058 -7.90927 0
      vertex -16.5058 -7.90927 2.4
      vertex -16.2722 -7.82514 0
    endloop
  endfacet
  facet normal -0.338841 0.940844 0
    outer loop
      vertex -16.2722 -7.82514 2.4
      vertex -16.2722 -7.82514 0
      vertex -16.5058 -7.90927 2.4
    endloop
  endfacet
  facet normal -0.311481 0.950253 0
    outer loop
      vertex -16.7426 -7.98689 0
      vertex -16.7426 -7.98689 2.4
      vertex -16.5058 -7.90927 0
    endloop
  endfacet
  facet normal -0.311481 0.950253 0
    outer loop
      vertex -16.5058 -7.90927 2.4
      vertex -16.5058 -7.90927 0
      vertex -16.7426 -7.98689 2.4
    endloop
  endfacet
  facet normal -0.283642 0.95893 0
    outer loop
      vertex -16.9825 -8.05785 0
      vertex -16.9825 -8.05785 2.4
      vertex -16.7426 -7.98689 0
    endloop
  endfacet
  facet normal -0.283642 0.95893 0
    outer loop
      vertex -16.7426 -7.98689 2.4
      vertex -16.7426 -7.98689 0
      vertex -16.9825 -8.05785 2.4
    endloop
  endfacet
  facet normal -0.255444 0.966824 0
    outer loop
      vertex -17.2253 -8.122 0
      vertex -17.2253 -8.122 2.4
      vertex -16.9825 -8.05785 0
    endloop
  endfacet
  facet normal -0.255444 0.966824 0
    outer loop
      vertex -16.9825 -8.05785 2.4
      vertex -16.9825 -8.05785 0
      vertex -17.2253 -8.122 2.4
    endloop
  endfacet
  facet normal -0.226453 0.974022 0
    outer loop
      vertex -17.4712 -8.17917 0
      vertex -17.4712 -8.17917 2.4
      vertex -17.2253 -8.122 0
    endloop
  endfacet
  facet normal -0.226453 0.974022 0
    outer loop
      vertex -17.2253 -8.122 2.4
      vertex -17.2253 -8.122 0
      vertex -17.4712 -8.17917 2.4
    endloop
  endfacet
  facet normal -0.197215 0.98036 0
    outer loop
      vertex -17.72 -8.22922 0
      vertex -17.72 -8.22922 2.4
      vertex -17.4712 -8.17917 0
    endloop
  endfacet
  facet normal -0.197215 0.98036 0
    outer loop
      vertex -17.4712 -8.17917 2.4
      vertex -17.4712 -8.17917 0
      vertex -17.72 -8.22922 2.4
    endloop
  endfacet
  facet normal -0.167588 0.985857 0
    outer loop
      vertex -17.9716 -8.27199 0
      vertex -17.9716 -8.27199 2.4
      vertex -17.72 -8.22922 0
    endloop
  endfacet
  facet normal -0.167588 0.985857 0
    outer loop
      vertex -17.72 -8.22922 2.4
      vertex -17.72 -8.22922 0
      vertex -17.9716 -8.27199 2.4
    endloop
  endfacet
  facet normal -0.137541 0.990496 0
    outer loop
      vertex -18.2261 -8.30733 0
      vertex -18.2261 -8.30733 2.4
      vertex -17.9716 -8.27199 0
    endloop
  endfacet
  facet normal -0.137541 0.990496 0
    outer loop
      vertex -17.9716 -8.27199 2.4
      vertex -17.9716 -8.27199 0
      vertex -18.2261 -8.30733 2.4
    endloop
  endfacet
  facet normal -0.10727 0.99423 0
    outer loop
      vertex -18.4833 -8.33508 0
      vertex -18.4833 -8.33508 2.4
      vertex -18.2261 -8.30733 0
    endloop
  endfacet
  facet normal -0.10727 0.99423 0
    outer loop
      vertex -18.2261 -8.30733 2.4
      vertex -18.2261 -8.30733 0
      vertex -18.4833 -8.33508 2.4
    endloop
  endfacet
  facet normal -0.076764 0.997049 0
    outer loop
      vertex -18.7432 -8.35509 0
      vertex -18.7432 -8.35509 2.4
      vertex -18.4833 -8.33508 0
    endloop
  endfacet
  facet normal -0.076764 0.997049 0
    outer loop
      vertex -18.4833 -8.33508 2.4
      vertex -18.4833 -8.33508 0
      vertex -18.7432 -8.35509 2.4
    endloop
  endfacet
  facet normal -0.0461252 0.998936 0
    outer loop
      vertex -19.0059 -8.36722 0
      vertex -19.0059 -8.36722 2.4
      vertex -18.7432 -8.35509 0
    endloop
  endfacet
  facet normal -0.0461252 0.998936 0
    outer loop
      vertex -18.7432 -8.35509 2.4
      vertex -18.7432 -8.35509 0
      vertex -19.0059 -8.36722 2.4
    endloop
  endfacet
  facet normal -0.0153451 0.999882 0
    outer loop
      vertex -19.2711 -8.37129 0
      vertex -19.2711 -8.37129 2.4
      vertex -19.0059 -8.36722 0
    endloop
  endfacet
  facet normal -0.0153451 0.999882 0
    outer loop
      vertex -19.0059 -8.36722 2.4
      vertex -19.0059 -8.36722 0
      vertex -19.2711 -8.37129 2.4
    endloop
  endfacet
  facet normal 0.0399881 0.9992 -0
    outer loop
      vertex -19.9665 -8.34346 0
      vertex -19.9665 -8.34346 2.4
      vertex -19.2711 -8.37129 0
    endloop
  endfacet
  facet normal 0.0399881 0.9992 0
    outer loop
      vertex -19.2711 -8.37129 2.4
      vertex -19.2711 -8.37129 0
      vertex -19.9665 -8.34346 2.4
    endloop
  endfacet
  facet normal 0.0467953 0.998904 -0
    outer loop
      vertex -6.94322 -8.35509 0
      vertex -6.94322 -8.35509 2.4
      vertex -6.68429 -8.36722 0
    endloop
  endfacet
  facet normal 0.0467953 0.998904 0
    outer loop
      vertex -6.68429 -8.36722 2.4
      vertex -6.68429 -8.36722 0
      vertex -6.94322 -8.35509 2.4
    endloop
  endfacet
  facet normal 0.077583 0.996986 -0
    outer loop
      vertex -7.20036 -8.33508 0
      vertex -7.20036 -8.33508 2.4
      vertex -6.94322 -8.35509 0
    endloop
  endfacet
  facet normal 0.077583 0.996986 0
    outer loop
      vertex -6.94322 -8.35509 2.4
      vertex -6.94322 -8.35509 0
      vertex -7.20036 -8.33508 2.4
    endloop
  endfacet
  facet normal 0.108093 0.994141 -0
    outer loop
      vertex -7.45558 -8.30733 0
      vertex -7.45558 -8.30733 2.4
      vertex -7.20036 -8.33508 0
    endloop
  endfacet
  facet normal 0.108093 0.994141 0
    outer loop
      vertex -7.20036 -8.33508 2.4
      vertex -7.20036 -8.33508 0
      vertex -7.45558 -8.30733 2.4
    endloop
  endfacet
  facet normal 0.13825 0.990397 -0
    outer loop
      vertex -7.70875 -8.27199 0
      vertex -7.70875 -8.27199 2.4
      vertex -7.45558 -8.30733 0
    endloop
  endfacet
  facet normal 0.13825 0.990397 0
    outer loop
      vertex -7.45558 -8.30733 2.4
      vertex -7.45558 -8.30733 0
      vertex -7.70875 -8.27199 2.4
    endloop
  endfacet
  facet normal 0.167984 0.98579 -0
    outer loop
      vertex -7.95974 -8.22922 0
      vertex -7.95974 -8.22922 2.4
      vertex -7.70875 -8.27199 0
    endloop
  endfacet
  facet normal 0.167984 0.98579 0
    outer loop
      vertex -7.70875 -8.27199 2.4
      vertex -7.70875 -8.27199 0
      vertex -7.95974 -8.22922 2.4
    endloop
  endfacet
  facet normal 0.197306 0.980342 -0
    outer loop
      vertex -8.20842 -8.17917 0
      vertex -8.20842 -8.17917 2.4
      vertex -7.95974 -8.22922 0
    endloop
  endfacet
  facet normal 0.197306 0.980342 0
    outer loop
      vertex -7.95974 -8.22922 2.4
      vertex -7.95974 -8.22922 0
      vertex -8.20842 -8.17917 2.4
    endloop
  endfacet
  facet normal 0.226148 0.974093 -0
    outer loop
      vertex -8.45467 -8.122 0
      vertex -8.45467 -8.122 2.4
      vertex -8.20842 -8.17917 0
    endloop
  endfacet
  facet normal 0.226148 0.974093 0
    outer loop
      vertex -8.20842 -8.17917 2.4
      vertex -8.20842 -8.17917 0
      vertex -8.45467 -8.122 2.4
    endloop
  endfacet
  facet normal 0.254571 0.967054 -0
    outer loop
      vertex -8.69836 -8.05785 0
      vertex -8.69836 -8.05785 2.4
      vertex -8.45467 -8.122 0
    endloop
  endfacet
  facet normal 0.254571 0.967054 0
    outer loop
      vertex -8.45467 -8.122 2.4
      vertex -8.45467 -8.122 0
      vertex -8.69836 -8.05785 2.4
    endloop
  endfacet
  facet normal 0.282462 0.959279 -0
    outer loop
      vertex -8.93935 -7.98689 0
      vertex -8.93935 -7.98689 2.4
      vertex -8.69836 -8.05785 0
    endloop
  endfacet
  facet normal 0.282462 0.959279 0
    outer loop
      vertex -8.69836 -8.05785 2.4
      vertex -8.69836 -8.05785 0
      vertex -8.93935 -7.98689 2.4
    endloop
  endfacet
  facet normal 0.30985 0.950786 -0
    outer loop
      vertex -9.17753 -7.90927 0
      vertex -9.17753 -7.90927 2.4
      vertex -8.93935 -7.98689 0
    endloop
  endfacet
  facet normal 0.30985 0.950786 0
    outer loop
      vertex -8.93935 -7.98689 2.4
      vertex -8.93935 -7.98689 0
      vertex -9.17753 -7.90927 2.4
    endloop
  endfacet
  facet normal 0.33676 0.941591 -0
    outer loop
      vertex -9.41276 -7.82514 0
      vertex -9.41276 -7.82514 2.4
      vertex -9.17753 -7.90927 0
    endloop
  endfacet
  facet normal 0.33676 0.941591 0
    outer loop
      vertex -9.17753 -7.90927 2.4
      vertex -9.17753 -7.90927 0
      vertex -9.41276 -7.82514 2.4
    endloop
  endfacet
  facet normal 0.363176 0.93172 -0
    outer loop
      vertex -9.64491 -7.73465 0
      vertex -9.64491 -7.73465 2.4
      vertex -9.41276 -7.82514 0
    endloop
  endfacet
  facet normal 0.363176 0.93172 0
    outer loop
      vertex -9.41276 -7.82514 2.4
      vertex -9.41276 -7.82514 0
      vertex -9.64491 -7.73465 2.4
    endloop
  endfacet
  facet normal 0.389014 0.921232 -0
    outer loop
      vertex -9.87386 -7.63797 0
      vertex -9.87386 -7.63797 2.4
      vertex -9.64491 -7.73465 0
    endloop
  endfacet
  facet normal 0.389014 0.921232 0
    outer loop
      vertex -9.64491 -7.73465 2.4
      vertex -9.64491 -7.73465 0
      vertex -9.87386 -7.63797 2.4
    endloop
  endfacet
  facet normal 0.414392 0.910098 -0
    outer loop
      vertex -10.0995 -7.53523 0
      vertex -10.0995 -7.53523 2.4
      vertex -9.87386 -7.63797 0
    endloop
  endfacet
  facet normal 0.414392 0.910098 0
    outer loop
      vertex -9.87386 -7.63797 2.4
      vertex -9.87386 -7.63797 0
      vertex -10.0995 -7.53523 2.4
    endloop
  endfacet
  facet normal 0.439366 0.898308 -0
    outer loop
      vertex -10.3216 -7.4266 0
      vertex -10.3216 -7.4266 2.4
      vertex -10.0995 -7.53523 0
    endloop
  endfacet
  facet normal 0.439366 0.898308 0
    outer loop
      vertex -10.0995 -7.53523 2.4
      vertex -10.0995 -7.53523 0
      vertex -10.3216 -7.4266 2.4
    endloop
  endfacet
  facet normal 0.463578 0.886056 -0
    outer loop
      vertex -10.5402 -7.31223 0
      vertex -10.5402 -7.31223 2.4
      vertex -10.3216 -7.4266 0
    endloop
  endfacet
  facet normal 0.463578 0.886056 0
    outer loop
      vertex -10.3216 -7.4266 2.4
      vertex -10.3216 -7.4266 0
      vertex -10.5402 -7.31223 2.4
    endloop
  endfacet
  facet normal 0.487415 0.87317 -0
    outer loop
      vertex -10.7551 -7.19227 0
      vertex -10.7551 -7.19227 2.4
      vertex -10.5402 -7.31223 0
    endloop
  endfacet
  facet normal 0.487415 0.87317 0
    outer loop
      vertex -10.5402 -7.31223 2.4
      vertex -10.5402 -7.31223 0
      vertex -10.7551 -7.19227 2.4
    endloop
  endfacet
  facet normal 0.510866 0.85966 -0
    outer loop
      vertex -10.9661 -7.06688 0
      vertex -10.9661 -7.06688 2.4
      vertex -10.7551 -7.19227 0
    endloop
  endfacet
  facet normal 0.510866 0.85966 0
    outer loop
      vertex -10.7551 -7.19227 2.4
      vertex -10.7551 -7.19227 0
      vertex -10.9661 -7.06688 2.4
    endloop
  endfacet
  facet normal 0.533798 0.845612 -0
    outer loop
      vertex -11.1731 -6.93621 0
      vertex -11.1731 -6.93621 2.4
      vertex -10.9661 -7.06688 0
    endloop
  endfacet
  facet normal 0.533798 0.845612 0
    outer loop
      vertex -10.9661 -7.06688 2.4
      vertex -10.9661 -7.06688 0
      vertex -11.1731 -6.93621 2.4
    endloop
  endfacet
  facet normal 0.759024 -0.651063 0
    outer loop
      vertex -10.932 -6.65513 0
      vertex -10.932 -6.65513 2.4
      vertex -11.1731 -6.93621 0
    endloop
  endfacet
  facet normal 0.759024 -0.651063 0
    outer loop
      vertex -11.1731 -6.93621 2.4
      vertex -11.1731 -6.93621 0
      vertex -10.932 -6.65513 2.4
    endloop
  endfacet
  facet normal 0.781558 -0.623832 0
    outer loop
      vertex -10.7009 -6.3656 0
      vertex -10.7009 -6.3656 2.4
      vertex -10.932 -6.65513 0
    endloop
  endfacet
  facet normal 0.781558 -0.623832 0
    outer loop
      vertex -10.932 -6.65513 2.4
      vertex -10.932 -6.65513 0
      vertex -10.7009 -6.3656 2.4
    endloop
  endfacet
  facet normal 0.803232 -0.595666 0
    outer loop
      vertex -10.4801 -6.06786 0
      vertex -10.4801 -6.06786 2.4
      vertex -10.7009 -6.3656 0
    endloop
  endfacet
  facet normal 0.803232 -0.595666 0
    outer loop
      vertex -10.7009 -6.3656 2.4
      vertex -10.7009 -6.3656 0
      vertex -10.4801 -6.06786 2.4
    endloop
  endfacet
  facet normal 0.823734 -0.566977 0
    outer loop
      vertex -10.2697 -5.76218 0
      vertex -10.2697 -5.76218 2.4
      vertex -10.4801 -6.06786 0
    endloop
  endfacet
  facet normal 0.823734 -0.566977 0
    outer loop
      vertex -10.4801 -6.06786 2.4
      vertex -10.4801 -6.06786 0
      vertex -10.2697 -5.76218 2.4
    endloop
  endfacet
  facet normal 0.843439 -0.537226 0
    outer loop
      vertex -10.0701 -5.44881 0
      vertex -10.0701 -5.44881 2.4
      vertex -10.2697 -5.76218 0
    endloop
  endfacet
  facet normal 0.843439 -0.537226 0
    outer loop
      vertex -10.2697 -5.76218 2.4
      vertex -10.2697 -5.76218 0
      vertex -10.0701 -5.44881 2.4
    endloop
  endfacet
  facet normal 0.862117 -0.506709 0
    outer loop
      vertex -9.88155 -5.12801 0
      vertex -9.88155 -5.12801 2.4
      vertex -10.0701 -5.44881 0
    endloop
  endfacet
  facet normal 0.862117 -0.506709 0
    outer loop
      vertex -10.0701 -5.44881 2.4
      vertex -10.0701 -5.44881 0
      vertex -9.88155 -5.12801 2.4
    endloop
  endfacet
  facet normal 0.879697 -0.475536 0
    outer loop
      vertex -9.70426 -4.80004 0
      vertex -9.70426 -4.80004 2.4
      vertex -9.88155 -5.12801 0
    endloop
  endfacet
  facet normal 0.879697 -0.475536 0
    outer loop
      vertex -9.88155 -5.12801 2.4
      vertex -9.88155 -5.12801 0
      vertex -9.70426 -4.80004 2.4
    endloop
  endfacet
  facet normal 0.896229 -0.443592 0
    outer loop
      vertex -9.5385 -4.46514 0
      vertex -9.5385 -4.46514 2.4
      vertex -9.70426 -4.80004 0
    endloop
  endfacet
  facet normal 0.896229 -0.443592 0
    outer loop
      vertex -9.70426 -4.80004 2.4
      vertex -9.70426 -4.80004 0
      vertex -9.5385 -4.46514 2.4
    endloop
  endfacet
  facet normal 0.911644 -0.410982 0
    outer loop
      vertex -9.38452 -4.12358 0
      vertex -9.38452 -4.12358 2.4
      vertex -9.5385 -4.46514 0
    endloop
  endfacet
  facet normal 0.911644 -0.410982 0
    outer loop
      vertex -9.5385 -4.46514 2.4
      vertex -9.5385 -4.46514 0
      vertex -9.38452 -4.12358 2.4
    endloop
  endfacet
  facet normal 0.925945 -0.377659 0
    outer loop
      vertex -9.2426 -3.77562 0
      vertex -9.2426 -3.77562 2.4
      vertex -9.38452 -4.12358 0
    endloop
  endfacet
  facet normal 0.925945 -0.377659 0
    outer loop
      vertex -9.38452 -4.12358 2.4
      vertex -9.38452 -4.12358 0
      vertex -9.2426 -3.77562 2.4
    endloop
  endfacet
  facet normal 0.93906 -0.343754 0
    outer loop
      vertex -9.11297 -3.4215 0
      vertex -9.11297 -3.4215 2.4
      vertex -9.2426 -3.77562 0
    endloop
  endfacet
  facet normal 0.93906 -0.343754 0
    outer loop
      vertex -9.2426 -3.77562 2.4
      vertex -9.2426 -3.77562 0
      vertex -9.11297 -3.4215 2.4
    endloop
  endfacet
  facet normal 0.95098 -0.309253 0
    outer loop
      vertex -8.9959 -3.0615 0
      vertex -8.9959 -3.0615 2.4
      vertex -9.11297 -3.4215 0
    endloop
  endfacet
  facet normal 0.95098 -0.309253 0
    outer loop
      vertex -9.11297 -3.4215 2.4
      vertex -9.11297 -3.4215 0
      vertex -8.9959 -3.0615 2.4
    endloop
  endfacet
  facet normal 0.961671 -0.274207 0
    outer loop
      vertex -8.89164 -2.69585 0
      vertex -8.89164 -2.69585 2.4
      vertex -8.9959 -3.0615 0
    endloop
  endfacet
  facet normal 0.961671 -0.274207 0
    outer loop
      vertex -8.9959 -3.0615 2.4
      vertex -8.9959 -3.0615 0
      vertex -8.89164 -2.69585 2.4
    endloop
  endfacet
  facet normal 0.971106 -0.238648 0
    outer loop
      vertex -8.80046 -2.32482 0
      vertex -8.80046 -2.32482 2.4
      vertex -8.89164 -2.69585 0
    endloop
  endfacet
  facet normal 0.971106 -0.238648 0
    outer loop
      vertex -8.89164 -2.69585 2.4
      vertex -8.89164 -2.69585 0
      vertex -8.80046 -2.32482 2.4
    endloop
  endfacet
  facet normal 0.979242 -0.202695 0
    outer loop
      vertex -8.7226 -1.94867 0
      vertex -8.7226 -1.94867 2.4
      vertex -8.80046 -2.32482 0
    endloop
  endfacet
  facet normal 0.979242 -0.202695 0
    outer loop
      vertex -8.80046 -2.32482 2.4
      vertex -8.80046 -2.32482 0
      vertex -8.7226 -1.94867 2.4
    endloop
  endfacet
  facet normal 0.986066 -0.166354 0
    outer loop
      vertex -8.65832 -1.56765 0
      vertex -8.65832 -1.56765 2.4
      vertex -8.7226 -1.94867 0
    endloop
  endfacet
  facet normal 0.986066 -0.166354 0
    outer loop
      vertex -8.7226 -1.94867 2.4
      vertex -8.7226 -1.94867 0
      vertex -8.65832 -1.56765 2.4
    endloop
  endfacet
  facet normal 0.991554 -0.129691 0
    outer loop
      vertex -8.60788 -1.18201 0
      vertex -8.60788 -1.18201 2.4
      vertex -8.65832 -1.56765 0
    endloop
  endfacet
  facet normal 0.991554 -0.129691 0
    outer loop
      vertex -8.65832 -1.56765 2.4
      vertex -8.65832 -1.56765 0
      vertex -8.60788 -1.18201 2.4
    endloop
  endfacet
  facet normal 0.995684 -0.0928053 0
    outer loop
      vertex -8.57153 -0.79202 0
      vertex -8.57153 -0.79202 2.4
      vertex -8.60788 -1.18201 0
    endloop
  endfacet
  facet normal 0.995684 -0.0928053 0
    outer loop
      vertex -8.60788 -1.18201 2.4
      vertex -8.60788 -1.18201 0
      vertex -8.57153 -0.79202 2.4
    endloop
  endfacet
  facet normal 0.998445 -0.0557379 0
    outer loop
      vertex -8.54953 -0.397929 0
      vertex -8.54953 -0.397929 2.4
      vertex -8.57153 -0.79202 0
    endloop
  endfacet
  facet normal 0.998445 -0.0557379 0
    outer loop
      vertex -8.57153 -0.79202 2.4
      vertex -8.57153 -0.79202 0
      vertex -8.54953 -0.397929 2.4
    endloop
  endfacet
  facet normal 0.999828 -0.0185677 0
    outer loop
      vertex -8.54214 5.19039e-06 0
      vertex -8.54214 5.19039e-06 2.4
      vertex -8.54953 -0.397929 0
    endloop
  endfacet
  facet normal 0.999828 -0.0185677 0
    outer loop
      vertex -8.54953 -0.397929 2.4
      vertex -8.54953 -0.397929 0
      vertex -8.54214 5.19039e-06 2.4
    endloop
  endfacet
  facet normal 0.999828 0.0185677 -0
    outer loop
      vertex -8.54953 0.39794 0
      vertex -8.54953 0.39794 2.4
      vertex -8.54214 5.19039e-06 0
    endloop
  endfacet
  facet normal 0.999828 0.0185677 0
    outer loop
      vertex -8.54214 5.19039e-06 2.4
      vertex -8.54214 5.19039e-06 0
      vertex -8.54953 0.39794 2.4
    endloop
  endfacet
  facet normal 0.998445 0.0557376 -0
    outer loop
      vertex -8.57153 0.792033 0
      vertex -8.57153 0.792033 2.4
      vertex -8.54953 0.39794 0
    endloop
  endfacet
  facet normal 0.998445 0.0557376 0
    outer loop
      vertex -8.54953 0.39794 2.4
      vertex -8.54953 0.39794 0
      vertex -8.57153 0.792033 2.4
    endloop
  endfacet
  facet normal 0.995684 0.092806 -0
    outer loop
      vertex -8.60788 1.18202 0
      vertex -8.60788 1.18202 2.4
      vertex -8.57153 0.792033 0
    endloop
  endfacet
  facet normal 0.995684 0.092806 0
    outer loop
      vertex -8.57153 0.792033 2.4
      vertex -8.57153 0.792033 0
      vertex -8.60788 1.18202 2.4
    endloop
  endfacet
  facet normal 0.991554 0.129691 -0
    outer loop
      vertex -8.65832 1.56766 0
      vertex -8.65832 1.56766 2.4
      vertex -8.60788 1.18202 0
    endloop
  endfacet
  facet normal 0.991554 0.129691 0
    outer loop
      vertex -8.60788 1.18202 2.4
      vertex -8.60788 1.18202 0
      vertex -8.65832 1.56766 2.4
    endloop
  endfacet
  facet normal 0.986066 0.166354 -0
    outer loop
      vertex -8.7226 1.94868 0
      vertex -8.7226 1.94868 2.4
      vertex -8.65832 1.56766 0
    endloop
  endfacet
  facet normal 0.986066 0.166354 0
    outer loop
      vertex -8.65832 1.56766 2.4
      vertex -8.65832 1.56766 0
      vertex -8.7226 1.94868 2.4
    endloop
  endfacet
  facet normal 0.979242 0.202695 -0
    outer loop
      vertex -8.80046 2.32483 0
      vertex -8.80046 2.32483 2.4
      vertex -8.7226 1.94868 0
    endloop
  endfacet
  facet normal 0.979242 0.202695 0
    outer loop
      vertex -8.7226 1.94868 2.4
      vertex -8.7226 1.94868 0
      vertex -8.80046 2.32483 2.4
    endloop
  endfacet
  facet normal 0.971106 0.238648 -0
    outer loop
      vertex -8.89164 2.69586 0
      vertex -8.89164 2.69586 2.4
      vertex -8.80046 2.32483 0
    endloop
  endfacet
  facet normal 0.971106 0.238648 0
    outer loop
      vertex -8.80046 2.32483 2.4
      vertex -8.80046 2.32483 0
      vertex -8.89164 2.69586 2.4
    endloop
  endfacet
  facet normal 0.961671 0.274207 -0
    outer loop
      vertex -8.9959 3.06151 0
      vertex -8.9959 3.06151 2.4
      vertex -8.89164 2.69586 0
    endloop
  endfacet
  facet normal 0.961671 0.274207 0
    outer loop
      vertex -8.89164 2.69586 2.4
      vertex -8.89164 2.69586 0
      vertex -8.9959 3.06151 2.4
    endloop
  endfacet
  facet normal 0.950982 0.309246 -0
    outer loop
      vertex -9.11297 3.42152 0
      vertex -9.11297 3.42152 2.4
      vertex -8.9959 3.06151 0
    endloop
  endfacet
  facet normal 0.950982 0.309246 0
    outer loop
      vertex -8.9959 3.06151 2.4
      vertex -8.9959 3.06151 0
      vertex -9.11297 3.42152 2.4
    endloop
  endfacet
  facet normal 0.939056 0.343763 -0
    outer loop
      vertex -9.2426 3.77563 0
      vertex -9.2426 3.77563 2.4
      vertex -9.11297 3.42152 0
    endloop
  endfacet
  facet normal 0.939056 0.343763 0
    outer loop
      vertex -9.11297 3.42152 2.4
      vertex -9.11297 3.42152 0
      vertex -9.2426 3.77563 2.4
    endloop
  endfacet
  facet normal 0.925945 0.377659 -0
    outer loop
      vertex -9.38452 4.12359 0
      vertex -9.38452 4.12359 2.4
      vertex -9.2426 3.77563 0
    endloop
  endfacet
  facet normal 0.925945 0.377659 0
    outer loop
      vertex -9.2426 3.77563 2.4
      vertex -9.2426 3.77563 0
      vertex -9.38452 4.12359 2.4
    endloop
  endfacet
  facet normal 0.911644 0.410982 -0
    outer loop
      vertex -9.5385 4.46515 0
      vertex -9.5385 4.46515 2.4
      vertex -9.38452 4.12359 0
    endloop
  endfacet
  facet normal 0.911644 0.410982 0
    outer loop
      vertex -9.38452 4.12359 2.4
      vertex -9.38452 4.12359 0
      vertex -9.5385 4.46515 2.4
    endloop
  endfacet
  facet normal 0.896229 0.443592 -0
    outer loop
      vertex -9.70426 4.80005 0
      vertex -9.70426 4.80005 2.4
      vertex -9.5385 4.46515 0
    endloop
  endfacet
  facet normal 0.896229 0.443592 0
    outer loop
      vertex -9.5385 4.46515 2.4
      vertex -9.5385 4.46515 0
      vertex -9.70426 4.80005 2.4
    endloop
  endfacet
  facet normal 0.879697 0.475536 -0
    outer loop
      vertex -9.88155 5.12802 0
      vertex -9.88155 5.12802 2.4
      vertex -9.70426 4.80005 0
    endloop
  endfacet
  facet normal 0.879697 0.475536 0
    outer loop
      vertex -9.70426 4.80005 2.4
      vertex -9.70426 4.80005 0
      vertex -9.88155 5.12802 2.4
    endloop
  endfacet
  facet normal 0.862117 0.506709 -0
    outer loop
      vertex -10.0701 5.44882 0
      vertex -10.0701 5.44882 2.4
      vertex -9.88155 5.12802 0
    endloop
  endfacet
  facet normal 0.862117 0.506709 0
    outer loop
      vertex -9.88155 5.12802 2.4
      vertex -9.88155 5.12802 0
      vertex -10.0701 5.44882 2.4
    endloop
  endfacet
  facet normal 0.843439 0.537226 -0
    outer loop
      vertex -10.2697 5.76219 0
      vertex -10.2697 5.76219 2.4
      vertex -10.0701 5.44882 0
    endloop
  endfacet
  facet normal 0.843439 0.537226 0
    outer loop
      vertex -10.0701 5.44882 2.4
      vertex -10.0701 5.44882 0
      vertex -10.2697 5.76219 2.4
    endloop
  endfacet
  facet normal 0.823734 0.566977 -0
    outer loop
      vertex -10.4801 6.06787 0
      vertex -10.4801 6.06787 2.4
      vertex -10.2697 5.76219 0
    endloop
  endfacet
  facet normal 0.823734 0.566977 0
    outer loop
      vertex -10.2697 5.76219 2.4
      vertex -10.2697 5.76219 0
      vertex -10.4801 6.06787 2.4
    endloop
  endfacet
  facet normal 0.803232 0.595666 -0
    outer loop
      vertex -10.7009 6.36561 0
      vertex -10.7009 6.36561 2.4
      vertex -10.4801 6.06787 0
    endloop
  endfacet
  facet normal 0.803232 0.595666 0
    outer loop
      vertex -10.4801 6.06787 2.4
      vertex -10.4801 6.06787 0
      vertex -10.7009 6.36561 2.4
    endloop
  endfacet
  facet normal 0.781558 0.623832 -0
    outer loop
      vertex -10.932 6.65514 0
      vertex -10.932 6.65514 2.4
      vertex -10.7009 6.36561 0
    endloop
  endfacet
  facet normal 0.781558 0.623832 0
    outer loop
      vertex -10.7009 6.36561 2.4
      vertex -10.7009 6.36561 0
      vertex -10.932 6.65514 2.4
    endloop
  endfacet
  facet normal 0.759024 0.651063 -0
    outer loop
      vertex -11.1731 6.93622 0
      vertex -11.1731 6.93622 2.4
      vertex -10.932 6.65514 0
    endloop
  endfacet
  facet normal 0.759024 0.651063 0
    outer loop
      vertex -10.932 6.65514 2.4
      vertex -10.932 6.65514 0
      vertex -11.1731 6.93622 2.4
    endloop
  endfacet
  facet normal 0.534167 -0.845379 0
    outer loop
      vertex -10.9663 7.06689 0
      vertex -10.9663 7.06689 2.4
      vertex -11.1731 6.93622 0
    endloop
  endfacet
  facet normal 0.534167 -0.845379 0
    outer loop
      vertex -11.1731 6.93622 2.4
      vertex -11.1731 6.93622 0
      vertex -10.9663 7.06689 2.4
    endloop
  endfacet
  facet normal 0.512121 -0.858913 0
    outer loop
      vertex -10.756 7.19228 0
      vertex -10.756 7.19228 2.4
      vertex -10.9663 7.06689 0
    endloop
  endfacet
  facet normal 0.512121 -0.858913 0
    outer loop
      vertex -10.9663 7.06689 2.4
      vertex -10.9663 7.06689 0
      vertex -10.756 7.19228 2.4
    endloop
  endfacet
  facet normal 0.489324 -0.872102 0
    outer loop
      vertex -10.5422 7.31224 0
      vertex -10.5422 7.31224 2.4
      vertex -10.756 7.19228 0
    endloop
  endfacet
  facet normal 0.489324 -0.872102 0
    outer loop
      vertex -10.756 7.19228 2.4
      vertex -10.756 7.19228 0
      vertex -10.5422 7.31224 2.4
    endloop
  endfacet
  facet normal 0.465751 -0.884916 0
    outer loop
      vertex -10.3249 7.42661 0
      vertex -10.3249 7.42661 2.4
      vertex -10.5422 7.31224 0
    endloop
  endfacet
  facet normal 0.465751 -0.884916 0
    outer loop
      vertex -10.5422 7.31224 2.4
      vertex -10.5422 7.31224 0
      vertex -10.3249 7.42661 2.4
    endloop
  endfacet
  facet normal 0.441772 -0.897127 0
    outer loop
      vertex -10.1043 7.53524 0
      vertex -10.1043 7.53524 2.4
      vertex -10.3249 7.42661 0
    endloop
  endfacet
  facet normal 0.441772 -0.897127 0
    outer loop
      vertex -10.3249 7.42661 2.4
      vertex -10.3249 7.42661 0
      vertex -10.1043 7.53524 2.4
    endloop
  endfacet
  facet normal 0.416931 -0.908938 0
    outer loop
      vertex -9.88032 7.63798 0
      vertex -9.88032 7.63798 2.4
      vertex -10.1043 7.53524 0
    endloop
  endfacet
  facet normal 0.416931 -0.908938 0
    outer loop
      vertex -10.1043 7.53524 2.4
      vertex -10.1043 7.53524 0
      vertex -9.88032 7.63798 2.4
    endloop
  endfacet
  facet normal 0.391528 -0.920166 0
    outer loop
      vertex -9.65308 7.73467 0
      vertex -9.65308 7.73467 2.4
      vertex -9.88032 7.63798 0
    endloop
  endfacet
  facet normal 0.391528 -0.920166 0
    outer loop
      vertex -9.88032 7.63798 2.4
      vertex -9.88032 7.63798 0
      vertex -9.65308 7.73467 2.4
    endloop
  endfacet
  facet normal 0.365422 -0.930842 0
    outer loop
      vertex -9.4226 7.82515 0
      vertex -9.4226 7.82515 2.4
      vertex -9.65308 7.73467 0
    endloop
  endfacet
  facet normal 0.365422 -0.930842 0
    outer loop
      vertex -9.65308 7.73467 2.4
      vertex -9.65308 7.73467 0
      vertex -9.4226 7.82515 2.4
    endloop
  endfacet
  facet normal 0.338812 -0.940854 0
    outer loop
      vertex -9.18895 7.90929 0
      vertex -9.18895 7.90929 2.4
      vertex -9.4226 7.82515 0
    endloop
  endfacet
  facet normal 0.338812 -0.940854 0
    outer loop
      vertex -9.4226 7.82515 2.4
      vertex -9.4226 7.82515 0
      vertex -9.18895 7.90929 2.4
    endloop
  endfacet
  facet normal 0.311504 -0.950245 0
    outer loop
      vertex -8.95217 7.98691 0
      vertex -8.95217 7.98691 2.4
      vertex -9.18895 7.90929 0
    endloop
  endfacet
  facet normal 0.311504 -0.950245 0
    outer loop
      vertex -9.18895 7.90929 2.4
      vertex -9.18895 7.90929 0
      vertex -8.95217 7.98691 2.4
    endloop
  endfacet
  facet normal 0.283685 -0.958917 0
    outer loop
      vertex -8.71231 8.05787 0
      vertex -8.71231 8.05787 2.4
      vertex -8.95217 7.98691 0
    endloop
  endfacet
  facet normal 0.283685 -0.958917 0
    outer loop
      vertex -8.95217 7.98691 2.4
      vertex -8.95217 7.98691 0
      vertex -8.71231 8.05787 2.4
    endloop
  endfacet
  facet normal 0.255328 -0.966855 0
    outer loop
      vertex -8.46943 8.12201 0
      vertex -8.46943 8.12201 2.4
      vertex -8.71231 8.05787 0
    endloop
  endfacet
  facet normal 0.255328 -0.966855 0
    outer loop
      vertex -8.71231 8.05787 2.4
      vertex -8.71231 8.05787 0
      vertex -8.46943 8.12201 2.4
    endloop
  endfacet
  facet normal 0.226497 -0.974012 0
    outer loop
      vertex -8.22358 8.17918 0
      vertex -8.22358 8.17918 2.4
      vertex -8.46943 8.12201 0
    endloop
  endfacet
  facet normal 0.226497 -0.974012 0
    outer loop
      vertex -8.46943 8.12201 2.4
      vertex -8.46943 8.12201 0
      vertex -8.22358 8.17918 2.4
    endloop
  endfacet
  facet normal 0.197238 -0.980356 0
    outer loop
      vertex -7.97481 8.22923 0
      vertex -7.97481 8.22923 2.4
      vertex -8.22358 8.17918 0
    endloop
  endfacet
  facet normal 0.197238 -0.980356 0
    outer loop
      vertex -8.22358 8.17918 2.4
      vertex -8.22358 8.17918 0
      vertex -7.97481 8.22923 2.4
    endloop
  endfacet
  facet normal 0.167562 -0.985862 0
    outer loop
      vertex -7.72317 8.272 0
      vertex -7.72317 8.272 2.4
      vertex -7.97481 8.22923 0
    endloop
  endfacet
  facet normal 0.167562 -0.985862 0
    outer loop
      vertex -7.97481 8.22923 2.4
      vertex -7.97481 8.22923 0
      vertex -7.72317 8.272 2.4
    endloop
  endfacet
  facet normal 0.137557 -0.990494 0
    outer loop
      vertex -7.4687 8.30734 0
      vertex -7.4687 8.30734 2.4
      vertex -7.72317 8.272 0
    endloop
  endfacet
  facet normal 0.137557 -0.990494 0
    outer loop
      vertex -7.72317 8.272 2.4
      vertex -7.72317 8.272 0
      vertex -7.4687 8.30734 2.4
    endloop
  endfacet
  facet normal 0.107258 -0.994231 0
    outer loop
      vertex -7.21147 8.33509 0
      vertex -7.21147 8.33509 2.4
      vertex -7.4687 8.30734 0
    endloop
  endfacet
  facet normal 0.107258 -0.994231 0
    outer loop
      vertex -7.4687 8.30734 2.4
      vertex -7.4687 8.30734 0
      vertex -7.21147 8.33509 2.4
    endloop
  endfacet
  facet normal 0.0767904 -0.997047 0
    outer loop
      vertex -6.95153 8.35511 0
      vertex -6.95153 8.35511 2.4
      vertex -7.21147 8.33509 0
    endloop
  endfacet
  facet normal 0.0767904 -0.997047 0
    outer loop
      vertex -7.21147 8.33509 2.4
      vertex -7.21147 8.33509 0
      vertex -6.95153 8.35511 2.4
    endloop
  endfacet
  facet normal 0.0461013 -0.998937 0
    outer loop
      vertex -6.68891 8.36723 0
      vertex -6.68891 8.36723 2.4
      vertex -6.95153 8.35511 0
    endloop
  endfacet
  facet normal 0.0461013 -0.998937 0
    outer loop
      vertex -6.95153 8.35511 2.4
      vertex -6.95153 8.35511 0
      vertex -6.68891 8.36723 2.4
    endloop
  endfacet
  facet normal 0.0153439 -0.999882 0
    outer loop
      vertex -6.42369 8.3713 0
      vertex -6.42369 8.3713 2.4
      vertex -6.68891 8.36723 0
    endloop
  endfacet
  facet normal 0.0153439 -0.999882 0
    outer loop
      vertex -6.68891 8.36723 2.4
      vertex -6.68891 8.36723 0
      vertex -6.42369 8.3713 2.4
    endloop
  endfacet
  facet normal -0.0144388 -0.999896 0
    outer loop
      vertex -6.15846 8.36747 0
      vertex -6.15846 8.36747 2.4
      vertex -6.42369 8.3713 0
    endloop
  endfacet
  facet normal -0.0144388 -0.999896 -0
    outer loop
      vertex -6.42369 8.3713 2.4
      vertex -6.42369 8.3713 0
      vertex -6.15846 8.36747 2.4
    endloop
  endfacet
  facet normal -0.0435214 -0.999052 0
    outer loop
      vertex -5.89585 8.35603 0
      vertex -5.89585 8.35603 2.4
      vertex -6.15846 8.36747 0
    endloop
  endfacet
  facet normal -0.0435214 -0.999052 -0
    outer loop
      vertex -6.15846 8.36747 2.4
      vertex -6.15846 8.36747 0
      vertex -5.89585 8.35603 2.4
    endloop
  endfacet
  facet normal -0.072823 -0.997345 0
    outer loop
      vertex -5.63591 8.33705 0
      vertex -5.63591 8.33705 2.4
      vertex -5.89585 8.35603 0
    endloop
  endfacet
  facet normal -0.072823 -0.997345 -0
    outer loop
      vertex -5.89585 8.35603 2.4
      vertex -5.89585 8.35603 0
      vertex -5.63591 8.33705 2.4
    endloop
  endfacet
  facet normal -0.10221 -0.994763 0
    outer loop
      vertex -5.37868 8.31062 0
      vertex -5.37868 8.31062 2.4
      vertex -5.63591 8.33705 0
    endloop
  endfacet
  facet normal -0.10221 -0.994763 -0
    outer loop
      vertex -5.63591 8.33705 2.4
      vertex -5.63591 8.33705 0
      vertex -5.37868 8.31062 2.4
    endloop
  endfacet
  facet normal -0.13175 -0.991283 0
    outer loop
      vertex -5.12422 8.2768 0
      vertex -5.12422 8.2768 2.4
      vertex -5.37868 8.31062 0
    endloop
  endfacet
  facet normal -0.13175 -0.991283 -0
    outer loop
      vertex -5.37868 8.31062 2.4
      vertex -5.37868 8.31062 0
      vertex -5.12422 8.2768 2.4
    endloop
  endfacet
  facet normal -0.161225 -0.986918 0
    outer loop
      vertex -4.87257 8.23569 0
      vertex -4.87257 8.23569 2.4
      vertex -5.12422 8.2768 0
    endloop
  endfacet
  facet normal -0.161225 -0.986918 -0
    outer loop
      vertex -5.12422 8.2768 2.4
      vertex -5.12422 8.2768 0
      vertex -4.87257 8.23569 2.4
    endloop
  endfacet
  facet normal -0.190786 -0.981632 0
    outer loop
      vertex -4.6238 8.18734 0
      vertex -4.6238 8.18734 2.4
      vertex -4.87257 8.23569 0
    endloop
  endfacet
  facet normal -0.190786 -0.981632 -0
    outer loop
      vertex -4.87257 8.23569 2.4
      vertex -4.87257 8.23569 0
      vertex -4.6238 8.18734 2.4
    endloop
  endfacet
  facet normal -0.220168 -0.975462 0
    outer loop
      vertex -4.37795 8.13185 0
      vertex -4.37795 8.13185 2.4
      vertex -4.6238 8.18734 0
    endloop
  endfacet
  facet normal -0.220168 -0.975462 -0
    outer loop
      vertex -4.6238 8.18734 2.4
      vertex -4.6238 8.18734 0
      vertex -4.37795 8.13185 2.4
    endloop
  endfacet
  facet normal -0.249472 -0.968382 0
    outer loop
      vertex -4.13507 8.06928 0
      vertex -4.13507 8.06928 2.4
      vertex -4.37795 8.13185 0
    endloop
  endfacet
  facet normal -0.249472 -0.968382 -0
    outer loop
      vertex -4.37795 8.13185 2.4
      vertex -4.37795 8.13185 0
      vertex -4.13507 8.06928 2.4
    endloop
  endfacet
  facet normal -0.278537 -0.960425 0
    outer loop
      vertex -3.89522 7.99972 0
      vertex -3.89522 7.99972 2.4
      vertex -4.13507 8.06928 0
    endloop
  endfacet
  facet normal -0.278537 -0.960425 -0
    outer loop
      vertex -4.13507 8.06928 2.4
      vertex -4.13507 8.06928 0
      vertex -3.89522 7.99972 2.4
    endloop
  endfacet
  facet normal -0.307401 -0.95158 0
    outer loop
      vertex -3.65844 7.92323 0
      vertex -3.65844 7.92323 2.4
      vertex -3.89522 7.99972 0
    endloop
  endfacet
  facet normal -0.307401 -0.95158 -0
    outer loop
      vertex -3.89522 7.99972 2.4
      vertex -3.89522 7.99972 0
      vertex -3.65844 7.92323 2.4
    endloop
  endfacet
  facet normal -0.335884 -0.941903 0
    outer loop
      vertex -3.42479 7.83991 0
      vertex -3.42479 7.83991 2.4
      vertex -3.65844 7.92323 0
    endloop
  endfacet
  facet normal -0.335884 -0.941903 -0
    outer loop
      vertex -3.65844 7.92323 2.4
      vertex -3.65844 7.92323 0
      vertex -3.42479 7.83991 2.4
    endloop
  endfacet
  facet normal -0.364056 -0.931377 0
    outer loop
      vertex -3.19431 7.74982 0
      vertex -3.19431 7.74982 2.4
      vertex -3.42479 7.83991 0
    endloop
  endfacet
  facet normal -0.364056 -0.931377 -0
    outer loop
      vertex -3.42479 7.83991 2.4
      vertex -3.42479 7.83991 0
      vertex -3.19431 7.74982 2.4
    endloop
  endfacet
  facet normal -0.391822 -0.920041 0
    outer loop
      vertex -2.96706 7.65304 0
      vertex -2.96706 7.65304 2.4
      vertex -3.19431 7.74982 0
    endloop
  endfacet
  facet normal -0.391822 -0.920041 -0
    outer loop
      vertex -3.19431 7.74982 2.4
      vertex -3.19431 7.74982 0
      vertex -2.96706 7.65304 2.4
    endloop
  endfacet
  facet normal -0.419138 -0.907923 0
    outer loop
      vertex -2.7431 7.54965 0
      vertex -2.7431 7.54965 2.4
      vertex -2.96706 7.65304 0
    endloop
  endfacet
  facet normal -0.419138 -0.907923 -0
    outer loop
      vertex -2.96706 7.65304 2.4
      vertex -2.96706 7.65304 0
      vertex -2.7431 7.54965 2.4
    endloop
  endfacet
  facet normal -0.445931 -0.895067 0
    outer loop
      vertex -2.52247 7.43973 0
      vertex -2.52247 7.43973 2.4
      vertex -2.7431 7.54965 0
    endloop
  endfacet
  facet normal -0.445931 -0.895067 -0
    outer loop
      vertex -2.7431 7.54965 2.4
      vertex -2.7431 7.54965 0
      vertex -2.52247 7.43973 2.4
    endloop
  endfacet
  facet normal -0.472192 -0.881496 0
    outer loop
      vertex -2.30521 7.32335 0
      vertex -2.30521 7.32335 2.4
      vertex -2.52247 7.43973 0
    endloop
  endfacet
  facet normal -0.472192 -0.881496 -0
    outer loop
      vertex -2.52247 7.43973 2.4
      vertex -2.52247 7.43973 0
      vertex -2.30521 7.32335 2.4
    endloop
  endfacet
  facet normal -0.497951 -0.867205 0
    outer loop
      vertex -2.0914 7.20058 0
      vertex -2.0914 7.20058 2.4
      vertex -2.30521 7.32335 0
    endloop
  endfacet
  facet normal -0.497951 -0.867205 -0
    outer loop
      vertex -2.30521 7.32335 2.4
      vertex -2.30521 7.32335 0
      vertex -2.0914 7.20058 2.4
    endloop
  endfacet
  facet normal -0.52298 -0.852345 0
    outer loop
      vertex -1.88106 7.07152 0
      vertex -1.88106 7.07152 2.4
      vertex -2.0914 7.20058 0
    endloop
  endfacet
  facet normal -0.52298 -0.852345 -0
    outer loop
      vertex -2.0914 7.20058 2.4
      vertex -2.0914 7.20058 0
      vertex -1.88106 7.07152 2.4
    endloop
  endfacet
  facet normal -0.547508 -0.836801 0
    outer loop
      vertex -1.67427 6.93622 0
      vertex -1.67427 6.93622 2.4
      vertex -1.88106 7.07152 0
    endloop
  endfacet
  facet normal -0.547508 -0.836801 -0
    outer loop
      vertex -1.88106 7.07152 2.4
      vertex -1.88106 7.07152 0
      vertex -1.67427 6.93622 2.4
    endloop
  endfacet
  facet normal -0.75869 0.651451 0
    outer loop
      vertex -1.91562 6.65514 0
      vertex -1.91562 6.65514 2.4
      vertex -1.67427 6.93622 0
    endloop
  endfacet
  facet normal -0.75869 0.651451 0
    outer loop
      vertex -1.67427 6.93622 2.4
      vertex -1.67427 6.93622 0
      vertex -1.91562 6.65514 2.4
    endloop
  endfacet
  facet normal -0.780624 0.625001 0
    outer loop
      vertex -2.14743 6.36561 0
      vertex -2.14743 6.36561 2.4
      vertex -1.91562 6.65514 0
    endloop
  endfacet
  facet normal -0.780624 0.625001 0
    outer loop
      vertex -1.91562 6.65514 2.4
      vertex -1.91562 6.65514 0
      vertex -2.14743 6.36561 2.4
    endloop
  endfacet
  facet normal -0.801709 0.597714 0
    outer loop
      vertex -2.36941 6.06787 0
      vertex -2.36941 6.06787 2.4
      vertex -2.14743 6.36561 0
    endloop
  endfacet
  facet normal -0.801709 0.597714 0
    outer loop
      vertex -2.14743 6.36561 2.4
      vertex -2.14743 6.36561 0
      vertex -2.36941 6.06787 2.4
    endloop
  endfacet
  facet normal -0.821934 0.569583 0
    outer loop
      vertex -2.58124 5.76219 0
      vertex -2.58124 5.76219 2.4
      vertex -2.36941 6.06787 0
    endloop
  endfacet
  facet normal -0.821934 0.569583 0
    outer loop
      vertex -2.36941 6.06787 2.4
      vertex -2.36941 6.06787 0
      vertex -2.58124 5.76219 2.4
    endloop
  endfacet
  facet normal -0.841279 0.540602 0
    outer loop
      vertex -2.78261 5.44882 0
      vertex -2.78261 5.44882 2.4
      vertex -2.58124 5.76219 0
    endloop
  endfacet
  facet normal -0.841279 0.540602 0
    outer loop
      vertex -2.58124 5.76219 2.4
      vertex -2.58124 5.76219 0
      vertex -2.78261 5.44882 2.4
    endloop
  endfacet
  facet normal -0.859696 0.510806 0
    outer loop
      vertex -2.97322 5.12802 0
      vertex -2.97322 5.12802 2.4
      vertex -2.78261 5.44882 0
    endloop
  endfacet
  facet normal -0.859696 0.510806 0
    outer loop
      vertex -2.78261 5.44882 2.4
      vertex -2.78261 5.44882 0
      vertex -2.97322 5.12802 2.4
    endloop
  endfacet
  facet normal -0.877167 0.480186 0
    outer loop
      vertex -3.15276 4.80005 0
      vertex -3.15276 4.80005 2.4
      vertex -2.97322 5.12802 0
    endloop
  endfacet
  facet normal -0.877167 0.480186 0
    outer loop
      vertex -2.97322 5.12802 2.4
      vertex -2.97322 5.12802 0
      vertex -3.15276 4.80005 2.4
    endloop
  endfacet
  facet normal -0.893668 0.448729 0
    outer loop
      vertex -3.32092 4.46515 0
      vertex -3.32092 4.46515 2.4
      vertex -3.15276 4.80005 0
    endloop
  endfacet
  facet normal -0.893668 0.448729 0
    outer loop
      vertex -3.15276 4.80005 2.4
      vertex -3.15276 4.80005 0
      vertex -3.32092 4.46515 2.4
    endloop
  endfacet
  facet normal -0.909144 0.416482 0
    outer loop
      vertex -3.47739 4.12359 0
      vertex -3.47739 4.12359 2.4
      vertex -3.32092 4.46515 0
    endloop
  endfacet
  facet normal -0.909144 0.416482 0
    outer loop
      vertex -3.32092 4.46515 2.4
      vertex -3.32092 4.46515 0
      vertex -3.47739 4.12359 2.4
    endloop
  endfacet
  facet normal -0.923541 0.383499 0
    outer loop
      vertex -3.62188 3.77563 0
      vertex -3.62188 3.77563 2.4
      vertex -3.47739 4.12359 0
    endloop
  endfacet
  facet normal -0.923541 0.383499 0
    outer loop
      vertex -3.47739 4.12359 2.4
      vertex -3.47739 4.12359 0
      vertex -3.62188 3.77563 2.4
    endloop
  endfacet
  facet normal -0.93686 0.349705 0
    outer loop
      vertex -3.75406 3.42152 0
      vertex -3.75406 3.42152 2.4
      vertex -3.62188 3.77563 0
    endloop
  endfacet
  facet normal -0.93686 0.349705 0
    outer loop
      vertex -3.62188 3.77563 2.4
      vertex -3.62188 3.77563 0
      vertex -3.75406 3.42152 2.4
    endloop
  endfacet
  facet normal -0.949025 0.315199 0
    outer loop
      vertex -3.87363 3.06151 0
      vertex -3.87363 3.06151 2.4
      vertex -3.75406 3.42152 0
    endloop
  endfacet
  facet normal -0.949025 0.315199 0
    outer loop
      vertex -3.75406 3.42152 2.4
      vertex -3.75406 3.42152 0
      vertex -3.87363 3.06151 2.4
    endloop
  endfacet
  facet normal -0.959991 0.280029 0
    outer loop
      vertex -3.98029 2.69586 0
      vertex -3.98029 2.69586 2.4
      vertex -3.87363 3.06151 0
    endloop
  endfacet
  facet normal -0.959991 0.280029 0
    outer loop
      vertex -3.87363 3.06151 2.4
      vertex -3.87363 3.06151 0
      vertex -3.98029 2.69586 2.4
    endloop
  endfacet
  facet normal -0.969728 0.24419 0
    outer loop
      vertex -4.07372 2.32483 0
      vertex -4.07372 2.32483 2.4
      vertex -3.98029 2.69586 0
    endloop
  endfacet
  facet normal -0.969728 0.24419 0
    outer loop
      vertex -3.98029 2.69586 2.4
      vertex -3.98029 2.69586 0
      vertex -4.07372 2.32483 2.4
    endloop
  endfacet
  facet normal -0.978176 0.207779 0
    outer loop
      vertex -4.15362 1.94868 0
      vertex -4.15362 1.94868 2.4
      vertex -4.07372 2.32483 0
    endloop
  endfacet
  facet normal -0.978176 0.207779 0
    outer loop
      vertex -4.07372 2.32483 2.4
      vertex -4.07372 2.32483 0
      vertex -4.15362 1.94868 2.4
    endloop
  endfacet
  facet normal -0.985296 0.170853 0
    outer loop
      vertex -4.21969 1.56766 0
      vertex -4.21969 1.56766 2.4
      vertex -4.15362 1.94868 0
    endloop
  endfacet
  facet normal -0.985296 0.170853 0
    outer loop
      vertex -4.15362 1.94868 2.4
      vertex -4.15362 1.94868 0
      vertex -4.21969 1.56766 2.4
    endloop
  endfacet
  facet normal -0.991058 0.133429 0
    outer loop
      vertex -4.27161 1.18202 0
      vertex -4.27161 1.18202 2.4
      vertex -4.21969 1.56766 0
    endloop
  endfacet
  facet normal -0.991058 0.133429 0
    outer loop
      vertex -4.21969 1.56766 2.4
      vertex -4.21969 1.56766 0
      vertex -4.27161 1.18202 2.4
    endloop
  endfacet
  facet normal -0.995418 0.0956144 0
    outer loop
      vertex -4.30907 0.792033 0
      vertex -4.30907 0.792033 2.4
      vertex -4.27161 1.18202 0
    endloop
  endfacet
  facet normal -0.995418 0.0956144 0
    outer loop
      vertex -4.27161 1.18202 2.4
      vertex -4.27161 1.18202 0
      vertex -4.30907 0.792033 2.4
    endloop
  endfacet
  facet normal -0.998344 0.0575305 0
    outer loop
      vertex -4.33178 0.39794 0
      vertex -4.33178 0.39794 2.4
      vertex -4.30907 0.792033 0
    endloop
  endfacet
  facet normal -0.998344 0.0575305 0
    outer loop
      vertex -4.30907 0.792033 2.4
      vertex -4.30907 0.792033 0
      vertex -4.33178 0.39794 2.4
    endloop
  endfacet
  facet normal -0.999816 0.0191956 0
    outer loop
      vertex -4.33942 5.19039e-06 0
      vertex -4.33942 5.19039e-06 2.4
      vertex -4.33178 0.39794 0
    endloop
  endfacet
  facet normal -0.999816 0.0191956 0
    outer loop
      vertex -4.33178 0.39794 2.4
      vertex -4.33178 0.39794 0
      vertex -4.33942 5.19039e-06 2.4
    endloop
  endfacet
  facet normal -0.999827 -0.0185928 0
    outer loop
      vertex -4.33202 -0.397929 0
      vertex -4.33202 -0.397929 2.4
      vertex -4.33942 5.19039e-06 0
    endloop
  endfacet
  facet normal -0.999827 -0.0185928 -0
    outer loop
      vertex -4.33942 5.19039e-06 2.4
      vertex -4.33942 5.19039e-06 0
      vertex -4.33202 -0.397929 2.4
    endloop
  endfacet
  facet normal -0.998443 -0.0557884 0
    outer loop
      vertex -4.31 -0.79202 0
      vertex -4.31 -0.79202 2.4
      vertex -4.33202 -0.397929 0
    endloop
  endfacet
  facet normal -0.998443 -0.0557884 -0
    outer loop
      vertex -4.33202 -0.397929 2.4
      vertex -4.33202 -0.397929 0
      vertex -4.31 -0.79202 2.4
    endloop
  endfacet
  facet normal -0.995665 -0.0930077 0
    outer loop
      vertex -4.27357 -1.18201 0
      vertex -4.27357 -1.18201 2.4
      vertex -4.31 -0.79202 0
    endloop
  endfacet
  facet normal -0.995665 -0.0930077 -0
    outer loop
      vertex -4.31 -0.79202 2.4
      vertex -4.31 -0.79202 0
      vertex -4.27357 -1.18201 2.4
    endloop
  endfacet
  facet normal -0.991501 -0.130095 0
    outer loop
      vertex -4.22297 -1.56765 0
      vertex -4.22297 -1.56765 2.4
      vertex -4.27357 -1.18201 0
    endloop
  endfacet
  facet normal -0.991501 -0.130095 -0
    outer loop
      vertex -4.27357 -1.18201 2.4
      vertex -4.27357 -1.18201 0
      vertex -4.22297 -1.56765 2.4
    endloop
  endfacet
  facet normal -0.985955 -0.167008 0
    outer loop
      vertex -4.15843 -1.94867 0
      vertex -4.15843 -1.94867 2.4
      vertex -4.22297 -1.56765 0
    endloop
  endfacet
  facet normal -0.985955 -0.167008 -0
    outer loop
      vertex -4.22297 -1.56765 2.4
      vertex -4.22297 -1.56765 0
      vertex -4.15843 -1.94867 2.4
    endloop
  endfacet
  facet normal -0.97904 -0.203668 0
    outer loop
      vertex -4.08018 -2.32482 0
      vertex -4.08018 -2.32482 2.4
      vertex -4.15843 -1.94867 0
    endloop
  endfacet
  facet normal -0.97904 -0.203668 -0
    outer loop
      vertex -4.15843 -1.94867 2.4
      vertex -4.15843 -1.94867 0
      vertex -4.08018 -2.32482 2.4
    endloop
  endfacet
  facet normal -0.970772 -0.240005 0
    outer loop
      vertex -3.98845 -2.69585 0
      vertex -3.98845 -2.69585 2.4
      vertex -4.08018 -2.32482 0
    endloop
  endfacet
  facet normal -0.970772 -0.240005 -0
    outer loop
      vertex -4.08018 -2.32482 2.4
      vertex -4.08018 -2.32482 0
      vertex -3.98845 -2.69585 2.4
    endloop
  endfacet
  facet normal -0.96117 -0.275957 0
    outer loop
      vertex -3.88347 -3.0615 0
      vertex -3.88347 -3.0615 2.4
      vertex -3.98845 -2.69585 0
    endloop
  endfacet
  facet normal -0.96117 -0.275957 -0
    outer loop
      vertex -3.98845 -2.69585 2.4
      vertex -3.98845 -2.69585 0
      vertex -3.88347 -3.0615 2.4
    endloop
  endfacet
  facet normal -0.950255 -0.311473 0
    outer loop
      vertex -3.76547 -3.4215 0
      vertex -3.76547 -3.4215 2.4
      vertex -3.88347 -3.0615 0
    endloop
  endfacet
  facet normal -0.950255 -0.311473 -0
    outer loop
      vertex -3.88347 -3.0615 2.4
      vertex -3.88347 -3.0615 0
      vertex -3.76547 -3.4215 2.4
    endloop
  endfacet
  facet normal -0.938064 -0.346463 0
    outer loop
      vertex -3.63468 -3.77562 0
      vertex -3.63468 -3.77562 2.4
      vertex -3.76547 -3.4215 0
    endloop
  endfacet
  facet normal -0.938064 -0.346463 -0
    outer loop
      vertex -3.76547 -3.4215 2.4
      vertex -3.76547 -3.4215 0
      vertex -3.63468 -3.77562 2.4
    endloop
  endfacet
  facet normal -0.92462 -0.380891 0
    outer loop
      vertex -3.49134 -4.12358 0
      vertex -3.49134 -4.12358 2.4
      vertex -3.63468 -3.77562 0
    endloop
  endfacet
  facet normal -0.92462 -0.380891 -0
    outer loop
      vertex -3.63468 -3.77562 2.4
      vertex -3.63468 -3.77562 0
      vertex -3.49134 -4.12358 2.4
    endloop
  endfacet
  facet normal -0.909959 -0.414698 0
    outer loop
      vertex -3.33568 -4.46514 0
      vertex -3.33568 -4.46514 2.4
      vertex -3.49134 -4.12358 0
    endloop
  endfacet
  facet normal -0.909959 -0.414698 -0
    outer loop
      vertex -3.49134 -4.12358 2.4
      vertex -3.49134 -4.12358 0
      vertex -3.33568 -4.46514 2.4
    endloop
  endfacet
  facet normal -0.894085 -0.447897 0
    outer loop
      vertex -3.16791 -4.80004 0
      vertex -3.16791 -4.80004 2.4
      vertex -3.33568 -4.46514 0
    endloop
  endfacet
  facet normal -0.894085 -0.447897 -0
    outer loop
      vertex -3.33568 -4.46514 2.4
      vertex -3.33568 -4.46514 0
      vertex -3.16791 -4.80004 2.4
    endloop
  endfacet
  facet normal -0.877065 -0.480371 0
    outer loop
      vertex -2.98828 -5.12801 0
      vertex -2.98828 -5.12801 2.4
      vertex -3.16791 -4.80004 0
    endloop
  endfacet
  facet normal -0.877065 -0.480371 -0
    outer loop
      vertex -3.16791 -4.80004 2.4
      vertex -3.16791 -4.80004 0
      vertex -2.98828 -5.12801 2.4
    endloop
  endfacet
  facet normal -0.858931 -0.512092 0
    outer loop
      vertex -2.79702 -5.44881 0
      vertex -2.79702 -5.44881 2.4
      vertex -2.98828 -5.12801 0
    endloop
  endfacet
  facet normal -0.858931 -0.512092 -0
    outer loop
      vertex -2.98828 -5.12801 2.4
      vertex -2.98828 -5.12801 0
      vertex -2.79702 -5.44881 2.4
    endloop
  endfacet
  facet normal -0.839691 -0.543065 0
    outer loop
      vertex -2.59435 -5.76218 0
      vertex -2.59435 -5.76218 2.4
      vertex -2.79702 -5.44881 0
    endloop
  endfacet
  facet normal -0.839691 -0.543065 -0
    outer loop
      vertex -2.79702 -5.44881 2.4
      vertex -2.79702 -5.44881 0
      vertex -2.59435 -5.76218 2.4
    endloop
  endfacet
  facet normal -0.819403 -0.573218 0
    outer loop
      vertex -2.38051 -6.06786 0
      vertex -2.38051 -6.06786 2.4
      vertex -2.59435 -5.76218 0
    endloop
  endfacet
  facet normal -0.819403 -0.573218 -0
    outer loop
      vertex -2.59435 -5.76218 2.4
      vertex -2.59435 -5.76218 0
      vertex -2.38051 -6.06786 2.4
    endloop
  endfacet
  facet normal -0.798098 -0.602527 0
    outer loop
      vertex -2.15573 -6.3656 0
      vertex -2.15573 -6.3656 2.4
      vertex -2.38051 -6.06786 0
    endloop
  endfacet
  facet normal -0.798098 -0.602527 -0
    outer loop
      vertex -2.38051 -6.06786 2.4
      vertex -2.38051 -6.06786 0
      vertex -2.15573 -6.3656 2.4
    endloop
  endfacet
  facet normal -0.77579 -0.630991 0
    outer loop
      vertex -1.92024 -6.65513 0
      vertex -1.92024 -6.65513 2.4
      vertex -2.15573 -6.3656 0
    endloop
  endfacet
  facet normal -0.77579 -0.630991 -0
    outer loop
      vertex -2.15573 -6.3656 2.4
      vertex -2.15573 -6.3656 0
      vertex -1.92024 -6.65513 2.4
    endloop
  endfacet
  facet normal -0.752544 -0.658543 0
    outer loop
      vertex -1.67427 -6.93621 0
      vertex -1.67427 -6.93621 2.4
      vertex -1.92024 -6.65513 0
    endloop
  endfacet
  facet normal -0.752544 -0.658543 -0
    outer loop
      vertex -1.92024 -6.65513 2.4
      vertex -1.92024 -6.65513 0
      vertex -1.67427 -6.93621 2.4
    endloop
  endfacet
  facet normal -0.534185 0.845367 0
    outer loop
      vertex -1.88106 -7.06688 0
      vertex -1.88106 -7.06688 2.4
      vertex -1.67427 -6.93621 0
    endloop
  endfacet
  facet normal -0.534185 0.845367 0
    outer loop
      vertex -1.67427 -6.93621 2.4
      vertex -1.67427 -6.93621 0
      vertex -1.88106 -7.06688 2.4
    endloop
  endfacet
  facet normal -0.512049 0.858956 0
    outer loop
      vertex -2.0914 -7.19227 0
      vertex -2.0914 -7.19227 2.4
      vertex -1.88106 -7.06688 0
    endloop
  endfacet
  facet normal -0.512049 0.858956 0
    outer loop
      vertex -1.88106 -7.06688 2.4
      vertex -1.88106 -7.06688 0
      vertex -2.0914 -7.19227 2.4
    endloop
  endfacet
  facet normal -0.489306 0.872112 0
    outer loop
      vertex -2.30521 -7.31223 0
      vertex -2.30521 -7.31223 2.4
      vertex -2.0914 -7.19227 0
    endloop
  endfacet
  facet normal -0.489306 0.872112 0
    outer loop
      vertex -2.0914 -7.19227 2.4
      vertex -2.0914 -7.19227 0
      vertex -2.30521 -7.31223 2.4
    endloop
  endfacet
  facet normal -0.465819 0.88488 0
    outer loop
      vertex -2.52247 -7.4266 0
      vertex -2.52247 -7.4266 2.4
      vertex -2.30521 -7.31223 0
    endloop
  endfacet
  facet normal -0.465819 0.88488 0
    outer loop
      vertex -2.30521 -7.31223 2.4
      vertex -2.30521 -7.31223 0
      vertex -2.52247 -7.4266 2.4
    endloop
  endfacet
  facet normal -0.441724 0.897151 0
    outer loop
      vertex -2.7431 -7.53523 0
      vertex -2.7431 -7.53523 2.4
      vertex -2.52247 -7.4266 0
    endloop
  endfacet
  facet normal -0.441724 0.897151 0
    outer loop
      vertex -2.52247 -7.4266 2.4
      vertex -2.52247 -7.4266 0
      vertex -2.7431 -7.53523 2.4
    endloop
  endfacet
  facet normal -0.416962 0.908924 0
    outer loop
      vertex -2.96706 -7.63797 0
      vertex -2.96706 -7.63797 2.4
      vertex -2.7431 -7.53523 0
    endloop
  endfacet
  facet normal -0.416962 0.908924 0
    outer loop
      vertex -2.7431 -7.53523 2.4
      vertex -2.7431 -7.53523 0
      vertex -2.96706 -7.63797 2.4
    endloop
  endfacet
  facet normal -0.391479 0.920187 0
    outer loop
      vertex -3.19431 -7.73465 0
      vertex -3.19431 -7.73465 2.4
      vertex -2.96706 -7.63797 0
    endloop
  endfacet
  facet normal -0.391479 0.920187 0
    outer loop
      vertex -2.96706 -7.63797 2.4
      vertex -2.96706 -7.63797 0
      vertex -3.19431 -7.73465 2.4
    endloop
  endfacet
  facet normal -0.365457 0.930828 0
    outer loop
      vertex -3.42479 -7.82514 0
      vertex -3.42479 -7.82514 2.4
      vertex -3.19431 -7.73465 0
    endloop
  endfacet
  facet normal -0.365457 0.930828 0
    outer loop
      vertex -3.19431 -7.73465 2.4
      vertex -3.19431 -7.73465 0
      vertex -3.42479 -7.82514 2.4
    endloop
  endfacet
  facet normal -0.338777 0.940867 0
    outer loop
      vertex -3.65844 -7.90927 0
      vertex -3.65844 -7.90927 2.4
      vertex -3.42479 -7.82514 0
    endloop
  endfacet
  facet normal -0.338777 0.940867 0
    outer loop
      vertex -3.42479 -7.82514 2.4
      vertex -3.42479 -7.82514 0
      vertex -3.65844 -7.90927 2.4
    endloop
  endfacet
  facet normal -0.311504 0.950245 0
    outer loop
      vertex -3.89522 -7.98689 0
      vertex -3.89522 -7.98689 2.4
      vertex -3.65844 -7.90927 0
    endloop
  endfacet
  facet normal -0.311504 0.950245 0
    outer loop
      vertex -3.65844 -7.90927 2.4
      vertex -3.65844 -7.90927 0
      vertex -3.89522 -7.98689 2.4
    endloop
  endfacet
  facet normal -0.283696 0.958914 0
    outer loop
      vertex -4.13507 -8.05785 0
      vertex -4.13507 -8.05785 2.4
      vertex -3.89522 -7.98689 0
    endloop
  endfacet
  facet normal -0.283696 0.958914 0
    outer loop
      vertex -3.89522 -7.98689 2.4
      vertex -3.89522 -7.98689 0
      vertex -4.13507 -8.05785 2.4
    endloop
  endfacet
  facet normal -0.255365 0.966845 0
    outer loop
      vertex -4.37795 -8.122 0
      vertex -4.37795 -8.122 2.4
      vertex -4.13507 -8.05785 0
    endloop
  endfacet
  facet normal -0.255365 0.966845 0
    outer loop
      vertex -4.13507 -8.05785 2.4
      vertex -4.13507 -8.05785 0
      vertex -4.37795 -8.122 2.4
    endloop
  endfacet
  facet normal -0.226497 0.974012 0
    outer loop
      vertex -4.6238 -8.17917 0
      vertex -4.6238 -8.17917 2.4
      vertex -4.37795 -8.122 0
    endloop
  endfacet
  facet normal -0.226497 0.974012 0
    outer loop
      vertex -4.37795 -8.122 2.4
      vertex -4.37795 -8.122 0
      vertex -4.6238 -8.17917 2.4
    endloop
  endfacet
  facet normal -0.197238 0.980356 0
    outer loop
      vertex -4.87257 -8.22922 0
      vertex -4.87257 -8.22922 2.4
      vertex -4.6238 -8.17917 0
    endloop
  endfacet
  facet normal -0.197238 0.980356 0
    outer loop
      vertex -4.6238 -8.17917 2.4
      vertex -4.6238 -8.17917 0
      vertex -4.87257 -8.22922 2.4
    endloop
  endfacet
  facet normal -0.167556 0.985863 0
    outer loop
      vertex -5.12422 -8.27199 0
      vertex -5.12422 -8.27199 2.4
      vertex -4.87257 -8.22922 0
    endloop
  endfacet
  facet normal -0.167556 0.985863 0
    outer loop
      vertex -4.87257 -8.22922 2.4
      vertex -4.87257 -8.22922 0
      vertex -5.12422 -8.27199 2.4
    endloop
  endfacet
  facet normal -0.137562 0.990493 0
    outer loop
      vertex -5.37868 -8.30733 0
      vertex -5.37868 -8.30733 2.4
      vertex -5.12422 -8.27199 0
    endloop
  endfacet
  facet normal -0.137562 0.990493 0
    outer loop
      vertex -5.12422 -8.27199 2.4
      vertex -5.12422 -8.27199 0
      vertex -5.37868 -8.30733 2.4
    endloop
  endfacet
  facet normal -0.107258 0.994231 0
    outer loop
      vertex -5.63591 -8.33508 0
      vertex -5.63591 -8.33508 2.4
      vertex -5.37868 -8.30733 0
    endloop
  endfacet
  facet normal -0.107258 0.994231 0
    outer loop
      vertex -5.37868 -8.30733 2.4
      vertex -5.37868 -8.30733 0
      vertex -5.63591 -8.33508 2.4
    endloop
  endfacet
  facet normal -0.0767522 0.99705 0
    outer loop
      vertex -5.89585 -8.35509 0
      vertex -5.89585 -8.35509 2.4
      vertex -5.63591 -8.33508 0
    endloop
  endfacet
  facet normal -0.0767522 0.99705 0
    outer loop
      vertex -5.63591 -8.33508 2.4
      vertex -5.63591 -8.33508 0
      vertex -5.89585 -8.35509 2.4
    endloop
  endfacet
  facet normal -0.046141 0.998935 0
    outer loop
      vertex -6.15846 -8.36722 0
      vertex -6.15846 -8.36722 2.4
      vertex -5.89585 -8.35509 0
    endloop
  endfacet
  facet normal -0.046141 0.998935 0
    outer loop
      vertex -5.89585 -8.35509 2.4
      vertex -5.89585 -8.35509 0
      vertex -6.15846 -8.36722 2.4
    endloop
  endfacet
  facet normal -0.0153434 0.999882 0
    outer loop
      vertex -6.42369 -8.37129 0
      vertex -6.42369 -8.37129 2.4
      vertex -6.15846 -8.36722 0
    endloop
  endfacet
  facet normal -0.0153434 0.999882 0
    outer loop
      vertex -6.15846 -8.36722 2.4
      vertex -6.15846 -8.36722 0
      vertex -6.42369 -8.37129 2.4
    endloop
  endfacet
  facet normal 0.0156159 0.999878 -0
    outer loop
      vertex -6.68429 -8.36722 0
      vertex -6.68429 -8.36722 2.4
      vertex -6.42369 -8.37129 0
    endloop
  endfacet
  facet normal 0.0156159 0.999878 0
    outer loop
      vertex -6.42369 -8.37129 2.4
      vertex -6.42369 -8.37129 0
      vertex -6.68429 -8.36722 2.4
    endloop
  endfacet
  facet normal 0.046141 0.998935 -0
    outer loop
      vertex 5.89585 -8.35509 0
      vertex 5.89585 -8.35509 2.4
      vertex 6.15846 -8.36722 0
    endloop
  endfacet
  facet normal 0.046141 0.998935 0
    outer loop
      vertex 6.15846 -8.36722 2.4
      vertex 6.15846 -8.36722 0
      vertex 5.89585 -8.35509 2.4
    endloop
  endfacet
  facet normal 0.0767522 0.99705 -0
    outer loop
      vertex 5.63591 -8.33508 0
      vertex 5.63591 -8.33508 2.4
      vertex 5.89585 -8.35509 0
    endloop
  endfacet
  facet normal 0.0767522 0.99705 0
    outer loop
      vertex 5.89585 -8.35509 2.4
      vertex 5.89585 -8.35509 0
      vertex 5.63591 -8.33508 2.4
    endloop
  endfacet
  facet normal 0.107258 0.994231 -0
    outer loop
      vertex 5.37868 -8.30733 0
      vertex 5.37868 -8.30733 2.4
      vertex 5.63591 -8.33508 0
    endloop
  endfacet
  facet normal 0.107258 0.994231 0
    outer loop
      vertex 5.63591 -8.33508 2.4
      vertex 5.63591 -8.33508 0
      vertex 5.37868 -8.30733 2.4
    endloop
  endfacet
  facet normal 0.137562 0.990493 -0
    outer loop
      vertex 5.12422 -8.27199 0
      vertex 5.12422 -8.27199 2.4
      vertex 5.37868 -8.30733 0
    endloop
  endfacet
  facet normal 0.137562 0.990493 0
    outer loop
      vertex 5.37868 -8.30733 2.4
      vertex 5.37868 -8.30733 0
      vertex 5.12422 -8.27199 2.4
    endloop
  endfacet
  facet normal 0.167556 0.985863 -0
    outer loop
      vertex 4.87257 -8.22922 0
      vertex 4.87257 -8.22922 2.4
      vertex 5.12422 -8.27199 0
    endloop
  endfacet
  facet normal 0.167556 0.985863 0
    outer loop
      vertex 5.12422 -8.27199 2.4
      vertex 5.12422 -8.27199 0
      vertex 4.87257 -8.22922 2.4
    endloop
  endfacet
  facet normal 0.197238 0.980356 -0
    outer loop
      vertex 4.6238 -8.17917 0
      vertex 4.6238 -8.17917 2.4
      vertex 4.87257 -8.22922 0
    endloop
  endfacet
  facet normal 0.197238 0.980356 0
    outer loop
      vertex 4.87257 -8.22922 2.4
      vertex 4.87257 -8.22922 0
      vertex 4.6238 -8.17917 2.4
    endloop
  endfacet
  facet normal 0.226497 0.974012 -0
    outer loop
      vertex 4.37795 -8.122 0
      vertex 4.37795 -8.122 2.4
      vertex 4.6238 -8.17917 0
    endloop
  endfacet
  facet normal 0.226497 0.974012 0
    outer loop
      vertex 4.6238 -8.17917 2.4
      vertex 4.6238 -8.17917 0
      vertex 4.37795 -8.122 2.4
    endloop
  endfacet
  facet normal 0.255365 0.966845 -0
    outer loop
      vertex 4.13507 -8.05785 0
      vertex 4.13507 -8.05785 2.4
      vertex 4.37795 -8.122 0
    endloop
  endfacet
  facet normal 0.255365 0.966845 0
    outer loop
      vertex 4.37795 -8.122 2.4
      vertex 4.37795 -8.122 0
      vertex 4.13507 -8.05785 2.4
    endloop
  endfacet
  facet normal 0.283685 0.958917 -0
    outer loop
      vertex 3.89521 -7.98689 0
      vertex 3.89521 -7.98689 2.4
      vertex 4.13507 -8.05785 0
    endloop
  endfacet
  facet normal 0.283685 0.958917 0
    outer loop
      vertex 4.13507 -8.05785 2.4
      vertex 4.13507 -8.05785 0
      vertex 3.89521 -7.98689 2.4
    endloop
  endfacet
  facet normal 0.311504 0.950245 -0
    outer loop
      vertex 3.65843 -7.90927 0
      vertex 3.65843 -7.90927 2.4
      vertex 3.89521 -7.98689 0
    endloop
  endfacet
  facet normal 0.311504 0.950245 0
    outer loop
      vertex 3.89521 -7.98689 2.4
      vertex 3.89521 -7.98689 0
      vertex 3.65843 -7.90927 2.4
    endloop
  endfacet
  facet normal 0.338777 0.940867 -0
    outer loop
      vertex 3.42478 -7.82514 0
      vertex 3.42478 -7.82514 2.4
      vertex 3.65843 -7.90927 0
    endloop
  endfacet
  facet normal 0.338777 0.940867 0
    outer loop
      vertex 3.65843 -7.90927 2.4
      vertex 3.65843 -7.90927 0
      vertex 3.42478 -7.82514 2.4
    endloop
  endfacet
  facet normal 0.365457 0.930828 -0
    outer loop
      vertex 3.1943 -7.73465 0
      vertex 3.1943 -7.73465 2.4
      vertex 3.42478 -7.82514 0
    endloop
  endfacet
  facet normal 0.365457 0.930828 0
    outer loop
      vertex 3.42478 -7.82514 2.4
      vertex 3.42478 -7.82514 0
      vertex 3.1943 -7.73465 2.4
    endloop
  endfacet
  facet normal 0.391494 0.920181 -0
    outer loop
      vertex 2.96706 -7.63797 0
      vertex 2.96706 -7.63797 2.4
      vertex 3.1943 -7.73465 0
    endloop
  endfacet
  facet normal 0.391494 0.920181 0
    outer loop
      vertex 3.1943 -7.73465 2.4
      vertex 3.1943 -7.73465 0
      vertex 2.96706 -7.63797 2.4
    endloop
  endfacet
  facet normal 0.416947 0.908931 -0
    outer loop
      vertex 2.74309 -7.53523 0
      vertex 2.74309 -7.53523 2.4
      vertex 2.96706 -7.63797 0
    endloop
  endfacet
  facet normal 0.416947 0.908931 0
    outer loop
      vertex 2.96706 -7.63797 2.4
      vertex 2.96706 -7.63797 0
      vertex 2.74309 -7.53523 2.4
    endloop
  endfacet
  facet normal 0.441724 0.897151 -0
    outer loop
      vertex 2.52246 -7.4266 0
      vertex 2.52246 -7.4266 2.4
      vertex 2.74309 -7.53523 0
    endloop
  endfacet
  facet normal 0.441724 0.897151 0
    outer loop
      vertex 2.74309 -7.53523 2.4
      vertex 2.74309 -7.53523 0
      vertex 2.52246 -7.4266 2.4
    endloop
  endfacet
  facet normal 0.465819 0.88488 -0
    outer loop
      vertex 2.3052 -7.31223 0
      vertex 2.3052 -7.31223 2.4
      vertex 2.52246 -7.4266 0
    endloop
  endfacet
  facet normal 0.465819 0.88488 0
    outer loop
      vertex 2.52246 -7.4266 2.4
      vertex 2.52246 -7.4266 0
      vertex 2.3052 -7.31223 2.4
    endloop
  endfacet
  facet normal 0.489306 0.872112 -0
    outer loop
      vertex 2.09139 -7.19227 0
      vertex 2.09139 -7.19227 2.4
      vertex 2.3052 -7.31223 0
    endloop
  endfacet
  facet normal 0.489306 0.872112 0
    outer loop
      vertex 2.3052 -7.31223 2.4
      vertex 2.3052 -7.31223 0
      vertex 2.09139 -7.19227 2.4
    endloop
  endfacet
  facet normal 0.512049 0.858956 -0
    outer loop
      vertex 1.88105 -7.06688 0
      vertex 1.88105 -7.06688 2.4
      vertex 2.09139 -7.19227 0
    endloop
  endfacet
  facet normal 0.512049 0.858956 0
    outer loop
      vertex 2.09139 -7.19227 2.4
      vertex 2.09139 -7.19227 0
      vertex 1.88105 -7.06688 2.4
    endloop
  endfacet
  facet normal 0.534167 0.845379 -0
    outer loop
      vertex 1.67425 -6.93621 0
      vertex 1.67425 -6.93621 2.4
      vertex 1.88105 -7.06688 0
    endloop
  endfacet
  facet normal 0.534167 0.845379 0
    outer loop
      vertex 1.88105 -7.06688 2.4
      vertex 1.88105 -7.06688 0
      vertex 1.67425 -6.93621 2.4
    endloop
  endfacet
  facet normal 0.75869 -0.651451 0
    outer loop
      vertex 1.9156 -6.65513 0
      vertex 1.9156 -6.65513 2.4
      vertex 1.67425 -6.93621 0
    endloop
  endfacet
  facet normal 0.75869 -0.651451 0
    outer loop
      vertex 1.67425 -6.93621 2.4
      vertex 1.67425 -6.93621 0
      vertex 1.9156 -6.65513 2.4
    endloop
  endfacet
  facet normal 0.780611 -0.625017 0
    outer loop
      vertex 2.14742 -6.3656 0
      vertex 2.14742 -6.3656 2.4
      vertex 1.9156 -6.65513 0
    endloop
  endfacet
  facet normal 0.780611 -0.625017 0
    outer loop
      vertex 1.9156 -6.65513 2.4
      vertex 1.9156 -6.65513 0
      vertex 2.14742 -6.3656 2.4
    endloop
  endfacet
  facet normal 0.801709 -0.597714 0
    outer loop
      vertex 2.3694 -6.06786 0
      vertex 2.3694 -6.06786 2.4
      vertex 2.14742 -6.3656 0
    endloop
  endfacet
  facet normal 0.801709 -0.597714 0
    outer loop
      vertex 2.14742 -6.3656 2.4
      vertex 2.14742 -6.3656 0
      vertex 2.3694 -6.06786 2.4
    endloop
  endfacet
  facet normal 0.821934 -0.569583 0
    outer loop
      vertex 2.58123 -5.76218 0
      vertex 2.58123 -5.76218 2.4
      vertex 2.3694 -6.06786 0
    endloop
  endfacet
  facet normal 0.821934 -0.569583 0
    outer loop
      vertex 2.3694 -6.06786 2.4
      vertex 2.3694 -6.06786 0
      vertex 2.58123 -5.76218 2.4
    endloop
  endfacet
  facet normal 0.841279 -0.540602 0
    outer loop
      vertex 2.7826 -5.44881 0
      vertex 2.7826 -5.44881 2.4
      vertex 2.58123 -5.76218 0
    endloop
  endfacet
  facet normal 0.841279 -0.540602 0
    outer loop
      vertex 2.58123 -5.76218 2.4
      vertex 2.58123 -5.76218 0
      vertex 2.7826 -5.44881 2.4
    endloop
  endfacet
  facet normal 0.859696 -0.510806 0
    outer loop
      vertex 2.97321 -5.12801 0
      vertex 2.97321 -5.12801 2.4
      vertex 2.7826 -5.44881 0
    endloop
  endfacet
  facet normal 0.859696 -0.510806 0
    outer loop
      vertex 2.7826 -5.44881 2.4
      vertex 2.7826 -5.44881 0
      vertex 2.97321 -5.12801 2.4
    endloop
  endfacet
  facet normal 0.877167 -0.480186 0
    outer loop
      vertex 3.15275 -4.80004 0
      vertex 3.15275 -4.80004 2.4
      vertex 2.97321 -5.12801 0
    endloop
  endfacet
  facet normal 0.877167 -0.480186 0
    outer loop
      vertex 2.97321 -5.12801 2.4
      vertex 2.97321 -5.12801 0
      vertex 3.15275 -4.80004 2.4
    endloop
  endfacet
  facet normal 0.893668 -0.448729 0
    outer loop
      vertex 3.32091 -4.46514 0
      vertex 3.32091 -4.46514 2.4
      vertex 3.15275 -4.80004 0
    endloop
  endfacet
  facet normal 0.893668 -0.448729 0
    outer loop
      vertex 3.15275 -4.80004 2.4
      vertex 3.15275 -4.80004 0
      vertex 3.32091 -4.46514 2.4
    endloop
  endfacet
  facet normal 0.909144 -0.416482 0
    outer loop
      vertex 3.47738 -4.12358 0
      vertex 3.47738 -4.12358 2.4
      vertex 3.32091 -4.46514 0
    endloop
  endfacet
  facet normal 0.909144 -0.416482 0
    outer loop
      vertex 3.32091 -4.46514 2.4
      vertex 3.32091 -4.46514 0
      vertex 3.47738 -4.12358 2.4
    endloop
  endfacet
  facet normal 0.923551 -0.383477 0
    outer loop
      vertex 3.62186 -3.77562 0
      vertex 3.62186 -3.77562 2.4
      vertex 3.47738 -4.12358 0
    endloop
  endfacet
  facet normal 0.923551 -0.383477 0
    outer loop
      vertex 3.47738 -4.12358 2.4
      vertex 3.47738 -4.12358 0
      vertex 3.62186 -3.77562 2.4
    endloop
  endfacet
  facet normal 0.936863 -0.349697 0
    outer loop
      vertex 3.75404 -3.4215 0
      vertex 3.75404 -3.4215 2.4
      vertex 3.62186 -3.77562 0
    endloop
  endfacet
  facet normal 0.936863 -0.349697 0
    outer loop
      vertex 3.62186 -3.77562 2.4
      vertex 3.62186 -3.77562 0
      vertex 3.75404 -3.4215 2.4
    endloop
  endfacet
  facet normal 0.949015 -0.315231 0
    outer loop
      vertex 3.87362 -3.0615 0
      vertex 3.87362 -3.0615 2.4
      vertex 3.75404 -3.4215 0
    endloop
  endfacet
  facet normal 0.949015 -0.315231 0
    outer loop
      vertex 3.75404 -3.4215 2.4
      vertex 3.75404 -3.4215 0
      vertex 3.87362 -3.0615 2.4
    endloop
  endfacet
  facet normal 0.959991 -0.280029 0
    outer loop
      vertex 3.98028 -2.69585 0
      vertex 3.98028 -2.69585 2.4
      vertex 3.87362 -3.0615 0
    endloop
  endfacet
  facet normal 0.959991 -0.280029 0
    outer loop
      vertex 3.87362 -3.0615 2.4
      vertex 3.87362 -3.0615 0
      vertex 3.98028 -2.69585 2.4
    endloop
  endfacet
  facet normal 0.969728 -0.24419 0
    outer loop
      vertex 4.07371 -2.32482 0
      vertex 4.07371 -2.32482 2.4
      vertex 3.98028 -2.69585 0
    endloop
  endfacet
  facet normal 0.969728 -0.24419 0
    outer loop
      vertex 3.98028 -2.69585 2.4
      vertex 3.98028 -2.69585 0
      vertex 4.07371 -2.32482 2.4
    endloop
  endfacet
  facet normal 0.978176 -0.207779 0
    outer loop
      vertex 4.15361 -1.94867 0
      vertex 4.15361 -1.94867 2.4
      vertex 4.07371 -2.32482 0
    endloop
  endfacet
  facet normal 0.978176 -0.207779 0
    outer loop
      vertex 4.07371 -2.32482 2.4
      vertex 4.07371 -2.32482 0
      vertex 4.15361 -1.94867 2.4
    endloop
  endfacet
  facet normal 0.985296 -0.170853 0
    outer loop
      vertex 4.21968 -1.56765 0
      vertex 4.21968 -1.56765 2.4
      vertex 4.15361 -1.94867 0
    endloop
  endfacet
  facet normal 0.985296 -0.170853 0
    outer loop
      vertex 4.15361 -1.94867 2.4
      vertex 4.15361 -1.94867 0
      vertex 4.21968 -1.56765 2.4
    endloop
  endfacet
  facet normal 0.991058 -0.133429 0
    outer loop
      vertex 4.2716 -1.18201 0
      vertex 4.2716 -1.18201 2.4
      vertex 4.21968 -1.56765 0
    endloop
  endfacet
  facet normal 0.991058 -0.133429 0
    outer loop
      vertex 4.21968 -1.56765 2.4
      vertex 4.21968 -1.56765 0
      vertex 4.2716 -1.18201 2.4
    endloop
  endfacet
  facet normal 0.995419 -0.0956137 0
    outer loop
      vertex 4.30906 -0.79202 0
      vertex 4.30906 -0.79202 2.4
      vertex 4.2716 -1.18201 0
    endloop
  endfacet
  facet normal 0.995419 -0.0956137 0
    outer loop
      vertex 4.2716 -1.18201 2.4
      vertex 4.2716 -1.18201 0
      vertex 4.30906 -0.79202 2.4
    endloop
  endfacet
  facet normal 0.998344 -0.0575308 0
    outer loop
      vertex 4.33177 -0.397929 0
      vertex 4.33177 -0.397929 2.4
      vertex 4.30906 -0.79202 0
    endloop
  endfacet
  facet normal 0.998344 -0.0575308 0
    outer loop
      vertex 4.30906 -0.79202 2.4
      vertex 4.30906 -0.79202 0
      vertex 4.33177 -0.397929 2.4
    endloop
  endfacet
  facet normal 0.999816 -0.0191705 0
    outer loop
      vertex 4.3394 5.19039e-06 0
      vertex 4.3394 5.19039e-06 2.4
      vertex 4.33177 -0.397929 0
    endloop
  endfacet
  facet normal 0.999816 -0.0191705 0
    outer loop
      vertex 4.33177 -0.397929 2.4
      vertex 4.33177 -0.397929 0
      vertex 4.3394 5.19039e-06 2.4
    endloop
  endfacet
  facet normal 0.999828 0.0185677 -0
    outer loop
      vertex 4.33201 0.39794 0
      vertex 4.33201 0.39794 2.4
      vertex 4.3394 5.19039e-06 0
    endloop
  endfacet
  facet normal 0.999828 0.0185677 0
    outer loop
      vertex 4.3394 5.19039e-06 2.4
      vertex 4.3394 5.19039e-06 0
      vertex 4.33201 0.39794 2.4
    endloop
  endfacet
  facet normal 0.998441 0.0558134 -0
    outer loop
      vertex 4.30998 0.792033 0
      vertex 4.30998 0.792033 2.4
      vertex 4.33201 0.39794 0
    endloop
  endfacet
  facet normal 0.998441 0.0558134 0
    outer loop
      vertex 4.33201 0.39794 2.4
      vertex 4.33201 0.39794 0
      vertex 4.30998 0.792033 2.4
    endloop
  endfacet
  facet normal 0.995668 0.0929831 -0
    outer loop
      vertex 4.27356 1.18202 0
      vertex 4.27356 1.18202 2.4
      vertex 4.30998 0.792033 0
    endloop
  endfacet
  facet normal 0.995668 0.0929831 0
    outer loop
      vertex 4.30998 0.792033 2.4
      vertex 4.30998 0.792033 0
      vertex 4.27356 1.18202 2.4
    endloop
  endfacet
  facet normal 0.991501 0.130095 -0
    outer loop
      vertex 4.22296 1.56766 0
      vertex 4.22296 1.56766 2.4
      vertex 4.27356 1.18202 0
    endloop
  endfacet
  facet normal 0.991501 0.130095 0
    outer loop
      vertex 4.27356 1.18202 2.4
      vertex 4.27356 1.18202 0
      vertex 4.22296 1.56766 2.4
    endloop
  endfacet
  facet normal 0.985955 0.167008 -0
    outer loop
      vertex 4.15842 1.94868 0
      vertex 4.15842 1.94868 2.4
      vertex 4.22296 1.56766 0
    endloop
  endfacet
  facet normal 0.985955 0.167008 0
    outer loop
      vertex 4.22296 1.56766 2.4
      vertex 4.22296 1.56766 0
      vertex 4.15842 1.94868 2.4
    endloop
  endfacet
  facet normal 0.97904 0.203668 -0
    outer loop
      vertex 4.08017 2.32483 0
      vertex 4.08017 2.32483 2.4
      vertex 4.15842 1.94868 0
    endloop
  endfacet
  facet normal 0.97904 0.203668 0
    outer loop
      vertex 4.15842 1.94868 2.4
      vertex 4.15842 1.94868 0
      vertex 4.08017 2.32483 2.4
    endloop
  endfacet
  facet normal 0.970772 0.240005 -0
    outer loop
      vertex 3.98844 2.69586 0
      vertex 3.98844 2.69586 2.4
      vertex 4.08017 2.32483 0
    endloop
  endfacet
  facet normal 0.970772 0.240005 0
    outer loop
      vertex 4.08017 2.32483 2.4
      vertex 4.08017 2.32483 0
      vertex 3.98844 2.69586 2.4
    endloop
  endfacet
  facet normal 0.96117 0.275957 -0
    outer loop
      vertex 3.88346 3.06151 0
      vertex 3.88346 3.06151 2.4
      vertex 3.98844 2.69586 0
    endloop
  endfacet
  facet normal 0.96117 0.275957 0
    outer loop
      vertex 3.98844 2.69586 2.4
      vertex 3.98844 2.69586 0
      vertex 3.88346 3.06151 2.4
    endloop
  endfacet
  facet normal 0.950258 0.311465 -0
    outer loop
      vertex 3.76546 3.42152 0
      vertex 3.76546 3.42152 2.4
      vertex 3.88346 3.06151 0
    endloop
  endfacet
  facet normal 0.950258 0.311465 0
    outer loop
      vertex 3.88346 3.06151 2.4
      vertex 3.88346 3.06151 0
      vertex 3.76546 3.42152 2.4
    endloop
  endfacet
  facet normal 0.938069 0.346448 -0
    outer loop
      vertex 3.63468 3.77563 0
      vertex 3.63468 3.77563 2.4
      vertex 3.76546 3.42152 0
    endloop
  endfacet
  facet normal 0.938069 0.346448 0
    outer loop
      vertex 3.76546 3.42152 2.4
      vertex 3.76546 3.42152 0
      vertex 3.63468 3.77563 2.4
    endloop
  endfacet
  facet normal 0.92462 0.380891 -0
    outer loop
      vertex 3.49134 4.12359 0
      vertex 3.49134 4.12359 2.4
      vertex 3.63468 3.77563 0
    endloop
  endfacet
  facet normal 0.92462 0.380891 0
    outer loop
      vertex 3.63468 3.77563 2.4
      vertex 3.63468 3.77563 0
      vertex 3.49134 4.12359 2.4
    endloop
  endfacet
  facet normal 0.909949 0.41472 -0
    outer loop
      vertex 3.33567 4.46515 0
      vertex 3.33567 4.46515 2.4
      vertex 3.49134 4.12359 0
    endloop
  endfacet
  facet normal 0.909949 0.41472 0
    outer loop
      vertex 3.49134 4.12359 2.4
      vertex 3.49134 4.12359 0
      vertex 3.33567 4.46515 2.4
    endloop
  endfacet
  facet normal 0.894085 0.447897 -0
    outer loop
      vertex 3.1679 4.80005 0
      vertex 3.1679 4.80005 2.4
      vertex 3.33567 4.46515 0
    endloop
  endfacet
  facet normal 0.894085 0.447897 0
    outer loop
      vertex 3.33567 4.46515 2.4
      vertex 3.33567 4.46515 0
      vertex 3.1679 4.80005 2.4
    endloop
  endfacet
  facet normal 0.877077 0.48035 -0
    outer loop
      vertex 2.98828 5.12802 0
      vertex 2.98828 5.12802 2.4
      vertex 3.1679 4.80005 0
    endloop
  endfacet
  facet normal 0.877077 0.48035 0
    outer loop
      vertex 3.1679 4.80005 2.4
      vertex 3.1679 4.80005 0
      vertex 2.98828 5.12802 2.4
    endloop
  endfacet
  facet normal 0.858919 0.512112 -0
    outer loop
      vertex 2.79701 5.44882 0
      vertex 2.79701 5.44882 2.4
      vertex 2.98828 5.12802 0
    endloop
  endfacet
  facet normal 0.858919 0.512112 0
    outer loop
      vertex 2.98828 5.12802 2.4
      vertex 2.98828 5.12802 0
      vertex 2.79701 5.44882 2.4
    endloop
  endfacet
  facet normal 0.839703 0.543046 -0
    outer loop
      vertex 2.59435 5.76219 0
      vertex 2.59435 5.76219 2.4
      vertex 2.79701 5.44882 0
    endloop
  endfacet
  facet normal 0.839703 0.543046 0
    outer loop
      vertex 2.79701 5.44882 2.4
      vertex 2.79701 5.44882 0
      vertex 2.59435 5.76219 2.4
    endloop
  endfacet
  facet normal 0.819403 0.573218 -0
    outer loop
      vertex 2.38051 6.06787 0
      vertex 2.38051 6.06787 2.4
      vertex 2.59435 5.76219 0
    endloop
  endfacet
  facet normal 0.819403 0.573218 0
    outer loop
      vertex 2.59435 5.76219 2.4
      vertex 2.59435 5.76219 0
      vertex 2.38051 6.06787 2.4
    endloop
  endfacet
  facet normal 0.798098 0.602527 -0
    outer loop
      vertex 2.15573 6.36561 0
      vertex 2.15573 6.36561 2.4
      vertex 2.38051 6.06787 0
    endloop
  endfacet
  facet normal 0.798098 0.602527 0
    outer loop
      vertex 2.38051 6.06787 2.4
      vertex 2.38051 6.06787 0
      vertex 2.15573 6.36561 2.4
    endloop
  endfacet
  facet normal 0.775777 0.631007 -0
    outer loop
      vertex 1.92023 6.65514 0
      vertex 1.92023 6.65514 2.4
      vertex 2.15573 6.36561 0
    endloop
  endfacet
  facet normal 0.775777 0.631007 0
    outer loop
      vertex 2.15573 6.36561 2.4
      vertex 2.15573 6.36561 0
      vertex 1.92023 6.65514 2.4
    endloop
  endfacet
  facet normal 0.75253 0.658558 -0
    outer loop
      vertex 1.67425 6.93622 0
      vertex 1.67425 6.93622 2.4
      vertex 1.92023 6.65514 0
    endloop
  endfacet
  facet normal 0.75253 0.658558 0
    outer loop
      vertex 1.92023 6.65514 2.4
      vertex 1.92023 6.65514 0
      vertex 1.67425 6.93622 2.4
    endloop
  endfacet
  facet normal 0.534167 -0.845379 0
    outer loop
      vertex 1.88105 7.06689 0
      vertex 1.88105 7.06689 2.4
      vertex 1.67425 6.93622 0
    endloop
  endfacet
  facet normal 0.534167 -0.845379 0
    outer loop
      vertex 1.67425 6.93622 2.4
      vertex 1.67425 6.93622 0
      vertex 1.88105 7.06689 2.4
    endloop
  endfacet
  facet normal 0.512049 -0.858956 0
    outer loop
      vertex 2.09139 7.19228 0
      vertex 2.09139 7.19228 2.4
      vertex 1.88105 7.06689 0
    endloop
  endfacet
  facet normal 0.512049 -0.858956 0
    outer loop
      vertex 1.88105 7.06689 2.4
      vertex 1.88105 7.06689 0
      vertex 2.09139 7.19228 2.4
    endloop
  endfacet
  facet normal 0.489306 -0.872112 0
    outer loop
      vertex 2.3052 7.31224 0
      vertex 2.3052 7.31224 2.4
      vertex 2.09139 7.19228 0
    endloop
  endfacet
  facet normal 0.489306 -0.872112 0
    outer loop
      vertex 2.09139 7.19228 2.4
      vertex 2.09139 7.19228 0
      vertex 2.3052 7.31224 2.4
    endloop
  endfacet
  facet normal 0.465819 -0.88488 0
    outer loop
      vertex 2.52246 7.42661 0
      vertex 2.52246 7.42661 2.4
      vertex 2.3052 7.31224 0
    endloop
  endfacet
  facet normal 0.465819 -0.88488 0
    outer loop
      vertex 2.3052 7.31224 2.4
      vertex 2.3052 7.31224 0
      vertex 2.52246 7.42661 2.4
    endloop
  endfacet
  facet normal 0.441724 -0.897151 0
    outer loop
      vertex 2.74309 7.53524 0
      vertex 2.74309 7.53524 2.4
      vertex 2.52246 7.42661 0
    endloop
  endfacet
  facet normal 0.441724 -0.897151 0
    outer loop
      vertex 2.52246 7.42661 2.4
      vertex 2.52246 7.42661 0
      vertex 2.74309 7.53524 2.4
    endloop
  endfacet
  facet normal 0.416947 -0.908931 0
    outer loop
      vertex 2.96706 7.63798 0
      vertex 2.96706 7.63798 2.4
      vertex 2.74309 7.53524 0
    endloop
  endfacet
  facet normal 0.416947 -0.908931 0
    outer loop
      vertex 2.74309 7.53524 2.4
      vertex 2.74309 7.53524 0
      vertex 2.96706 7.63798 2.4
    endloop
  endfacet
  facet normal 0.391528 -0.920166 0
    outer loop
      vertex 3.1943 7.73467 0
      vertex 3.1943 7.73467 2.4
      vertex 2.96706 7.63798 0
    endloop
  endfacet
  facet normal 0.391528 -0.920166 0
    outer loop
      vertex 2.96706 7.63798 2.4
      vertex 2.96706 7.63798 0
      vertex 3.1943 7.73467 2.4
    endloop
  endfacet
  facet normal 0.365422 -0.930842 0
    outer loop
      vertex 3.42478 7.82515 0
      vertex 3.42478 7.82515 2.4
      vertex 3.1943 7.73467 0
    endloop
  endfacet
  facet normal 0.365422 -0.930842 0
    outer loop
      vertex 3.1943 7.73467 2.4
      vertex 3.1943 7.73467 0
      vertex 3.42478 7.82515 2.4
    endloop
  endfacet
  facet normal 0.338812 -0.940854 0
    outer loop
      vertex 3.65843 7.90929 0
      vertex 3.65843 7.90929 2.4
      vertex 3.42478 7.82515 0
    endloop
  endfacet
  facet normal 0.338812 -0.940854 0
    outer loop
      vertex 3.42478 7.82515 2.4
      vertex 3.42478 7.82515 0
      vertex 3.65843 7.90929 2.4
    endloop
  endfacet
  facet normal 0.311504 -0.950245 0
    outer loop
      vertex 3.89521 7.98691 0
      vertex 3.89521 7.98691 2.4
      vertex 3.65843 7.90929 0
    endloop
  endfacet
  facet normal 0.311504 -0.950245 0
    outer loop
      vertex 3.65843 7.90929 2.4
      vertex 3.65843 7.90929 0
      vertex 3.89521 7.98691 2.4
    endloop
  endfacet
  facet normal 0.283685 -0.958917 0
    outer loop
      vertex 4.13507 8.05787 0
      vertex 4.13507 8.05787 2.4
      vertex 3.89521 7.98691 0
    endloop
  endfacet
  facet normal 0.283685 -0.958917 0
    outer loop
      vertex 3.89521 7.98691 2.4
      vertex 3.89521 7.98691 0
      vertex 4.13507 8.05787 2.4
    endloop
  endfacet
  facet normal 0.255328 -0.966855 0
    outer loop
      vertex 4.37795 8.12201 0
      vertex 4.37795 8.12201 2.4
      vertex 4.13507 8.05787 0
    endloop
  endfacet
  facet normal 0.255328 -0.966855 0
    outer loop
      vertex 4.13507 8.05787 2.4
      vertex 4.13507 8.05787 0
      vertex 4.37795 8.12201 2.4
    endloop
  endfacet
  facet normal 0.226497 -0.974012 0
    outer loop
      vertex 4.6238 8.17918 0
      vertex 4.6238 8.17918 2.4
      vertex 4.37795 8.12201 0
    endloop
  endfacet
  facet normal 0.226497 -0.974012 0
    outer loop
      vertex 4.37795 8.12201 2.4
      vertex 4.37795 8.12201 0
      vertex 4.6238 8.17918 2.4
    endloop
  endfacet
  facet normal 0.197238 -0.980356 0
    outer loop
      vertex 4.87257 8.22923 0
      vertex 4.87257 8.22923 2.4
      vertex 4.6238 8.17918 0
    endloop
  endfacet
  facet normal 0.197238 -0.980356 0
    outer loop
      vertex 4.6238 8.17918 2.4
      vertex 4.6238 8.17918 0
      vertex 4.87257 8.22923 2.4
    endloop
  endfacet
  facet normal 0.167556 -0.985863 0
    outer loop
      vertex 5.12422 8.272 0
      vertex 5.12422 8.272 2.4
      vertex 4.87257 8.22923 0
    endloop
  endfacet
  facet normal 0.167556 -0.985863 0
    outer loop
      vertex 4.87257 8.22923 2.4
      vertex 4.87257 8.22923 0
      vertex 5.12422 8.272 2.4
    endloop
  endfacet
  facet normal 0.137562 -0.990493 0
    outer loop
      vertex 5.37868 8.30734 0
      vertex 5.37868 8.30734 2.4
      vertex 5.12422 8.272 0
    endloop
  endfacet
  facet normal 0.137562 -0.990493 0
    outer loop
      vertex 5.12422 8.272 2.4
      vertex 5.12422 8.272 0
      vertex 5.37868 8.30734 2.4
    endloop
  endfacet
  facet normal 0.107258 -0.994231 0
    outer loop
      vertex 5.63591 8.33509 0
      vertex 5.63591 8.33509 2.4
      vertex 5.37868 8.30734 0
    endloop
  endfacet
  facet normal 0.107258 -0.994231 0
    outer loop
      vertex 5.37868 8.30734 2.4
      vertex 5.37868 8.30734 0
      vertex 5.63591 8.33509 2.4
    endloop
  endfacet
  facet normal 0.0767904 -0.997047 0
    outer loop
      vertex 5.89585 8.35511 0
      vertex 5.89585 8.35511 2.4
      vertex 5.63591 8.33509 0
    endloop
  endfacet
  facet normal 0.0767904 -0.997047 0
    outer loop
      vertex 5.63591 8.33509 2.4
      vertex 5.63591 8.33509 0
      vertex 5.89585 8.35511 2.4
    endloop
  endfacet
  facet normal 0.046103 -0.998937 0
    outer loop
      vertex 6.15846 8.36723 0
      vertex 6.15846 8.36723 2.4
      vertex 5.89585 8.35511 0
    endloop
  endfacet
  facet normal 0.046103 -0.998937 0
    outer loop
      vertex 5.89585 8.35511 2.4
      vertex 5.89585 8.35511 0
      vertex 6.15846 8.36723 2.4
    endloop
  endfacet
  facet normal 0.0153434 -0.999882 0
    outer loop
      vertex 6.42369 8.3713 0
      vertex 6.42369 8.3713 2.4
      vertex 6.15846 8.36723 0
    endloop
  endfacet
  facet normal 0.0153434 -0.999882 0
    outer loop
      vertex 6.15846 8.36723 2.4
      vertex 6.15846 8.36723 0
      vertex 6.42369 8.3713 2.4
    endloop
  endfacet
  facet normal -0.0144393 -0.999896 0
    outer loop
      vertex 6.68891 8.36747 0
      vertex 6.68891 8.36747 2.4
      vertex 6.42369 8.3713 0
    endloop
  endfacet
  facet normal -0.0144393 -0.999896 -0
    outer loop
      vertex 6.42369 8.3713 2.4
      vertex 6.42369 8.3713 0
      vertex 6.68891 8.36747 2.4
    endloop
  endfacet
  facet normal -0.0435214 -0.999052 0
    outer loop
      vertex 6.95152 8.35603 0
      vertex 6.95152 8.35603 2.4
      vertex 6.68891 8.36747 0
    endloop
  endfacet
  facet normal -0.0435214 -0.999052 -0
    outer loop
      vertex 6.68891 8.36747 2.4
      vertex 6.68891 8.36747 0
      vertex 6.95152 8.35603 2.4
    endloop
  endfacet
  facet normal -0.0728202 -0.997345 0
    outer loop
      vertex 7.21147 8.33705 0
      vertex 7.21147 8.33705 2.4
      vertex 6.95152 8.35603 0
    endloop
  endfacet
  facet normal -0.0728202 -0.997345 -0
    outer loop
      vertex 6.95152 8.35603 2.4
      vertex 6.95152 8.35603 0
      vertex 7.21147 8.33705 2.4
    endloop
  endfacet
  facet normal -0.10221 -0.994763 0
    outer loop
      vertex 7.4687 8.31062 0
      vertex 7.4687 8.31062 2.4
      vertex 7.21147 8.33705 0
    endloop
  endfacet
  facet normal -0.10221 -0.994763 -0
    outer loop
      vertex 7.21147 8.33705 2.4
      vertex 7.21147 8.33705 0
      vertex 7.4687 8.31062 2.4
    endloop
  endfacet
  facet normal -0.13175 -0.991283 0
    outer loop
      vertex 7.72316 8.2768 0
      vertex 7.72316 8.2768 2.4
      vertex 7.4687 8.31062 0
    endloop
  endfacet
  facet normal -0.13175 -0.991283 -0
    outer loop
      vertex 7.4687 8.31062 2.4
      vertex 7.4687 8.31062 0
      vertex 7.72316 8.2768 2.4
    endloop
  endfacet
  facet normal -0.161231 -0.986917 0
    outer loop
      vertex 7.9748 8.23569 0
      vertex 7.9748 8.23569 2.4
      vertex 7.72316 8.2768 0
    endloop
  endfacet
  facet normal -0.161231 -0.986917 -0
    outer loop
      vertex 7.72316 8.2768 2.4
      vertex 7.72316 8.2768 0
      vertex 7.9748 8.23569 2.4
    endloop
  endfacet
  facet normal -0.190786 -0.981632 0
    outer loop
      vertex 8.22357 8.18734 0
      vertex 8.22357 8.18734 2.4
      vertex 7.9748 8.23569 0
    endloop
  endfacet
  facet normal -0.190786 -0.981632 -0
    outer loop
      vertex 7.9748 8.23569 2.4
      vertex 7.9748 8.23569 0
      vertex 8.22357 8.18734 2.4
    endloop
  endfacet
  facet normal -0.220168 -0.975462 0
    outer loop
      vertex 8.46942 8.13185 0
      vertex 8.46942 8.13185 2.4
      vertex 8.22357 8.18734 0
    endloop
  endfacet
  facet normal -0.220168 -0.975462 -0
    outer loop
      vertex 8.22357 8.18734 2.4
      vertex 8.22357 8.18734 0
      vertex 8.46942 8.13185 2.4
    endloop
  endfacet
  facet normal -0.249472 -0.968382 0
    outer loop
      vertex 8.7123 8.06928 0
      vertex 8.7123 8.06928 2.4
      vertex 8.46942 8.13185 0
    endloop
  endfacet
  facet normal -0.249472 -0.968382 -0
    outer loop
      vertex 8.46942 8.13185 2.4
      vertex 8.46942 8.13185 0
      vertex 8.7123 8.06928 2.4
    endloop
  endfacet
  facet normal -0.278527 -0.960428 0
    outer loop
      vertex 8.95216 7.99972 0
      vertex 8.95216 7.99972 2.4
      vertex 8.7123 8.06928 0
    endloop
  endfacet
  facet normal -0.278527 -0.960428 -0
    outer loop
      vertex 8.7123 8.06928 2.4
      vertex 8.7123 8.06928 0
      vertex 8.95216 7.99972 2.4
    endloop
  endfacet
  facet normal -0.307401 -0.95158 0
    outer loop
      vertex 9.18894 7.92323 0
      vertex 9.18894 7.92323 2.4
      vertex 8.95216 7.99972 0
    endloop
  endfacet
  facet normal -0.307401 -0.95158 -0
    outer loop
      vertex 8.95216 7.99972 2.4
      vertex 8.95216 7.99972 0
      vertex 9.18894 7.92323 2.4
    endloop
  endfacet
  facet normal -0.335884 -0.941903 0
    outer loop
      vertex 9.42259 7.83991 0
      vertex 9.42259 7.83991 2.4
      vertex 9.18894 7.92323 0
    endloop
  endfacet
  facet normal -0.335884 -0.941903 -0
    outer loop
      vertex 9.18894 7.92323 2.4
      vertex 9.18894 7.92323 0
      vertex 9.42259 7.83991 2.4
    endloop
  endfacet
  facet normal -0.364056 -0.931377 0
    outer loop
      vertex 9.65307 7.74982 0
      vertex 9.65307 7.74982 2.4
      vertex 9.42259 7.83991 0
    endloop
  endfacet
  facet normal -0.364056 -0.931377 -0
    outer loop
      vertex 9.42259 7.83991 2.4
      vertex 9.42259 7.83991 0
      vertex 9.65307 7.74982 2.4
    endloop
  endfacet
  facet normal -0.391822 -0.920041 0
    outer loop
      vertex 9.88032 7.65304 0
      vertex 9.88032 7.65304 2.4
      vertex 9.65307 7.74982 0
    endloop
  endfacet
  facet normal -0.391822 -0.920041 -0
    outer loop
      vertex 9.65307 7.74982 2.4
      vertex 9.65307 7.74982 0
      vertex 9.88032 7.65304 2.4
    endloop
  endfacet
  facet normal -0.419107 -0.907937 0
    outer loop
      vertex 10.1043 7.54965 0
      vertex 10.1043 7.54965 2.4
      vertex 9.88032 7.65304 0
    endloop
  endfacet
  facet normal -0.419107 -0.907937 -0
    outer loop
      vertex 9.88032 7.65304 2.4
      vertex 9.88032 7.65304 0
      vertex 10.1043 7.54965 2.4
    endloop
  endfacet
  facet normal -0.44598 -0.895043 0
    outer loop
      vertex 10.3249 7.43973 0
      vertex 10.3249 7.43973 2.4
      vertex 10.1043 7.54965 0
    endloop
  endfacet
  facet normal -0.44598 -0.895043 -0
    outer loop
      vertex 10.1043 7.54965 2.4
      vertex 10.1043 7.54965 0
      vertex 10.3249 7.43973 2.4
    endloop
  endfacet
  facet normal -0.472125 -0.881532 0
    outer loop
      vertex 10.5422 7.32335 0
      vertex 10.5422 7.32335 2.4
      vertex 10.3249 7.43973 0
    endloop
  endfacet
  facet normal -0.472125 -0.881532 -0
    outer loop
      vertex 10.3249 7.43973 2.4
      vertex 10.3249 7.43973 0
      vertex 10.5422 7.32335 2.4
    endloop
  endfacet
  facet normal -0.497968 -0.867195 0
    outer loop
      vertex 10.756 7.20058 0
      vertex 10.756 7.20058 2.4
      vertex 10.5422 7.32335 0
    endloop
  endfacet
  facet normal -0.497968 -0.867195 -0
    outer loop
      vertex 10.5422 7.32335 2.4
      vertex 10.5422 7.32335 0
      vertex 10.756 7.20058 2.4
    endloop
  endfacet
  facet normal -0.523052 -0.852301 0
    outer loop
      vertex 10.9663 7.07152 0
      vertex 10.9663 7.07152 2.4
      vertex 10.756 7.20058 0
    endloop
  endfacet
  facet normal -0.523052 -0.852301 -0
    outer loop
      vertex 10.756 7.20058 2.4
      vertex 10.756 7.20058 0
      vertex 10.9663 7.07152 2.4
    endloop
  endfacet
  facet normal -0.547489 -0.836813 0
    outer loop
      vertex 11.1731 6.93622 0
      vertex 11.1731 6.93622 2.4
      vertex 10.9663 7.07152 0
    endloop
  endfacet
  facet normal -0.547489 -0.836813 -0
    outer loop
      vertex 10.9663 7.07152 2.4
      vertex 10.9663 7.07152 0
      vertex 11.1731 6.93622 2.4
    endloop
  endfacet
  facet normal -0.758757 0.651374 0
    outer loop
      vertex 10.9318 6.65514 0
      vertex 10.9318 6.65514 2.4
      vertex 11.1731 6.93622 0
    endloop
  endfacet
  facet normal -0.758757 0.651374 0
    outer loop
      vertex 11.1731 6.93622 2.4
      vertex 11.1731 6.93622 0
      vertex 10.9318 6.65514 2.4
    endloop
  endfacet
  facet normal -0.780637 0.624984 0
    outer loop
      vertex 10.7 6.36561 0
      vertex 10.7 6.36561 2.4
      vertex 10.9318 6.65514 0
    endloop
  endfacet
  facet normal -0.780637 0.624984 0
    outer loop
      vertex 10.9318 6.65514 2.4
      vertex 10.9318 6.65514 0
      vertex 10.7 6.36561 2.4
    endloop
  endfacet
  facet normal -0.801683 0.597749 0
    outer loop
      vertex 10.478 6.06787 0
      vertex 10.478 6.06787 2.4
      vertex 10.7 6.36561 0
    endloop
  endfacet
  facet normal -0.801683 0.597749 0
    outer loop
      vertex 10.7 6.36561 2.4
      vertex 10.7 6.36561 0
      vertex 10.478 6.06787 2.4
    endloop
  endfacet
  facet normal -0.821971 0.569529 0
    outer loop
      vertex 10.2662 5.76219 0
      vertex 10.2662 5.76219 2.4
      vertex 10.478 6.06787 0
    endloop
  endfacet
  facet normal -0.821971 0.569529 0
    outer loop
      vertex 10.478 6.06787 2.4
      vertex 10.478 6.06787 0
      vertex 10.2662 5.76219 2.4
    endloop
  endfacet
  facet normal -0.841242 0.540659 0
    outer loop
      vertex 10.0648 5.44882 0
      vertex 10.0648 5.44882 2.4
      vertex 10.2662 5.76219 0
    endloop
  endfacet
  facet normal -0.841242 0.540659 0
    outer loop
      vertex 10.2662 5.76219 2.4
      vertex 10.2662 5.76219 0
      vertex 10.0648 5.44882 2.4
    endloop
  endfacet
  facet normal -0.859672 0.510846 0
    outer loop
      vertex 9.87417 5.12802 0
      vertex 9.87417 5.12802 2.4
      vertex 10.0648 5.44882 0
    endloop
  endfacet
  facet normal -0.859672 0.510846 0
    outer loop
      vertex 10.0648 5.44882 2.4
      vertex 10.0648 5.44882 0
      vertex 9.87417 5.12802 2.4
    endloop
  endfacet
  facet normal -0.877167 0.480186 0
    outer loop
      vertex 9.69463 4.80005 0
      vertex 9.69463 4.80005 2.4
      vertex 9.87417 5.12802 0
    endloop
  endfacet
  facet normal -0.877167 0.480186 0
    outer loop
      vertex 9.87417 5.12802 2.4
      vertex 9.87417 5.12802 0
      vertex 9.69463 4.80005 2.4
    endloop
  endfacet
  facet normal -0.893668 0.448729 0
    outer loop
      vertex 9.52647 4.46515 0
      vertex 9.52647 4.46515 2.4
      vertex 9.69463 4.80005 0
    endloop
  endfacet
  facet normal -0.893668 0.448729 0
    outer loop
      vertex 9.69463 4.80005 2.4
      vertex 9.69463 4.80005 0
      vertex 9.52647 4.46515 2.4
    endloop
  endfacet
  facet normal -0.909144 0.416482 0
    outer loop
      vertex 9.37 4.12359 0
      vertex 9.37 4.12359 2.4
      vertex 9.52647 4.46515 0
    endloop
  endfacet
  facet normal -0.909144 0.416482 0
    outer loop
      vertex 9.52647 4.46515 2.4
      vertex 9.52647 4.46515 0
      vertex 9.37 4.12359 2.4
    endloop
  endfacet
  facet normal -0.923541 0.383499 0
    outer loop
      vertex 9.22551 3.77563 0
      vertex 9.22551 3.77563 2.4
      vertex 9.37 4.12359 0
    endloop
  endfacet
  facet normal -0.923541 0.383499 0
    outer loop
      vertex 9.37 4.12359 2.4
      vertex 9.37 4.12359 0
      vertex 9.22551 3.77563 2.4
    endloop
  endfacet
  facet normal -0.93686 0.349705 0
    outer loop
      vertex 9.09333 3.42152 0
      vertex 9.09333 3.42152 2.4
      vertex 9.22551 3.77563 0
    endloop
  endfacet
  facet normal -0.93686 0.349705 0
    outer loop
      vertex 9.22551 3.77563 2.4
      vertex 9.22551 3.77563 0
      vertex 9.09333 3.42152 2.4
    endloop
  endfacet
  facet normal -0.949025 0.315199 0
    outer loop
      vertex 8.97376 3.06151 0
      vertex 8.97376 3.06151 2.4
      vertex 9.09333 3.42152 0
    endloop
  endfacet
  facet normal -0.949025 0.315199 0
    outer loop
      vertex 9.09333 3.42152 2.4
      vertex 9.09333 3.42152 0
      vertex 8.97376 3.06151 2.4
    endloop
  endfacet
  facet normal -0.959991 0.280029 0
    outer loop
      vertex 8.8671 2.69586 0
      vertex 8.8671 2.69586 2.4
      vertex 8.97376 3.06151 0
    endloop
  endfacet
  facet normal -0.959991 0.280029 0
    outer loop
      vertex 8.97376 3.06151 2.4
      vertex 8.97376 3.06151 0
      vertex 8.8671 2.69586 2.4
    endloop
  endfacet
  facet normal -0.969728 0.24419 0
    outer loop
      vertex 8.77367 2.32483 0
      vertex 8.77367 2.32483 2.4
      vertex 8.8671 2.69586 0
    endloop
  endfacet
  facet normal -0.969728 0.24419 0
    outer loop
      vertex 8.8671 2.69586 2.4
      vertex 8.8671 2.69586 0
      vertex 8.77367 2.32483 2.4
    endloop
  endfacet
  facet normal -0.978176 0.207779 0
    outer loop
      vertex 8.69377 1.94868 0
      vertex 8.69377 1.94868 2.4
      vertex 8.77367 2.32483 0
    endloop
  endfacet
  facet normal -0.978176 0.207779 0
    outer loop
      vertex 8.77367 2.32483 2.4
      vertex 8.77367 2.32483 0
      vertex 8.69377 1.94868 2.4
    endloop
  endfacet
  facet normal -0.985296 0.170853 0
    outer loop
      vertex 8.6277 1.56766 0
      vertex 8.6277 1.56766 2.4
      vertex 8.69377 1.94868 0
    endloop
  endfacet
  facet normal -0.985296 0.170853 0
    outer loop
      vertex 8.69377 1.94868 2.4
      vertex 8.69377 1.94868 0
      vertex 8.6277 1.56766 2.4
    endloop
  endfacet
  facet normal -0.991058 0.133429 0
    outer loop
      vertex 8.57578 1.18202 0
      vertex 8.57578 1.18202 2.4
      vertex 8.6277 1.56766 0
    endloop
  endfacet
  facet normal -0.991058 0.133429 0
    outer loop
      vertex 8.6277 1.56766 2.4
      vertex 8.6277 1.56766 0
      vertex 8.57578 1.18202 2.4
    endloop
  endfacet
  facet normal -0.995418 0.0956144 0
    outer loop
      vertex 8.53832 0.792033 0
      vertex 8.53832 0.792033 2.4
      vertex 8.57578 1.18202 0
    endloop
  endfacet
  facet normal -0.995418 0.0956144 0
    outer loop
      vertex 8.57578 1.18202 2.4
      vertex 8.57578 1.18202 0
      vertex 8.53832 0.792033 2.4
    endloop
  endfacet
  facet normal -0.998344 0.0575305 0
    outer loop
      vertex 8.51561 0.39794 0
      vertex 8.51561 0.39794 2.4
      vertex 8.53832 0.792033 0
    endloop
  endfacet
  facet normal -0.998344 0.0575305 0
    outer loop
      vertex 8.53832 0.792033 2.4
      vertex 8.53832 0.792033 0
      vertex 8.51561 0.39794 2.4
    endloop
  endfacet
  facet normal -0.999816 0.0191956 0
    outer loop
      vertex 8.50797 5.19039e-06 0
      vertex 8.50797 5.19039e-06 2.4
      vertex 8.51561 0.39794 0
    endloop
  endfacet
  facet normal -0.999816 0.0191956 0
    outer loop
      vertex 8.51561 0.39794 2.4
      vertex 8.51561 0.39794 0
      vertex 8.50797 5.19039e-06 2.4
    endloop
  endfacet
  facet normal -0.999827 -0.0185928 0
    outer loop
      vertex 8.51537 -0.397929 0
      vertex 8.51537 -0.397929 2.4
      vertex 8.50797 5.19039e-06 0
    endloop
  endfacet
  facet normal -0.999827 -0.0185928 -0
    outer loop
      vertex 8.50797 5.19039e-06 2.4
      vertex 8.50797 5.19039e-06 0
      vertex 8.51537 -0.397929 2.4
    endloop
  endfacet
  facet normal -0.998443 -0.0557884 0
    outer loop
      vertex 8.53739 -0.79202 0
      vertex 8.53739 -0.79202 2.4
      vertex 8.51537 -0.397929 0
    endloop
  endfacet
  facet normal -0.998443 -0.0557884 -0
    outer loop
      vertex 8.51537 -0.397929 2.4
      vertex 8.51537 -0.397929 0
      vertex 8.53739 -0.79202 2.4
    endloop
  endfacet
  facet normal -0.995665 -0.0930077 0
    outer loop
      vertex 8.57382 -1.18201 0
      vertex 8.57382 -1.18201 2.4
      vertex 8.53739 -0.79202 0
    endloop
  endfacet
  facet normal -0.995665 -0.0930077 -0
    outer loop
      vertex 8.53739 -0.79202 2.4
      vertex 8.53739 -0.79202 0
      vertex 8.57382 -1.18201 2.4
    endloop
  endfacet
  facet normal -0.991501 -0.130095 0
    outer loop
      vertex 8.62442 -1.56765 0
      vertex 8.62442 -1.56765 2.4
      vertex 8.57382 -1.18201 0
    endloop
  endfacet
  facet normal -0.991501 -0.130095 -0
    outer loop
      vertex 8.57382 -1.18201 2.4
      vertex 8.57382 -1.18201 0
      vertex 8.62442 -1.56765 2.4
    endloop
  endfacet
  facet normal -0.985955 -0.167008 0
    outer loop
      vertex 8.68896 -1.94867 0
      vertex 8.68896 -1.94867 2.4
      vertex 8.62442 -1.56765 0
    endloop
  endfacet
  facet normal -0.985955 -0.167008 -0
    outer loop
      vertex 8.62442 -1.56765 2.4
      vertex 8.62442 -1.56765 0
      vertex 8.68896 -1.94867 2.4
    endloop
  endfacet
  facet normal -0.97904 -0.203668 0
    outer loop
      vertex 8.76721 -2.32482 0
      vertex 8.76721 -2.32482 2.4
      vertex 8.68896 -1.94867 0
    endloop
  endfacet
  facet normal -0.97904 -0.203668 -0
    outer loop
      vertex 8.68896 -1.94867 2.4
      vertex 8.68896 -1.94867 0
      vertex 8.76721 -2.32482 2.4
    endloop
  endfacet
  facet normal -0.970772 -0.240005 0
    outer loop
      vertex 8.85894 -2.69585 0
      vertex 8.85894 -2.69585 2.4
      vertex 8.76721 -2.32482 0
    endloop
  endfacet
  facet normal -0.970772 -0.240005 -0
    outer loop
      vertex 8.76721 -2.32482 2.4
      vertex 8.76721 -2.32482 0
      vertex 8.85894 -2.69585 2.4
    endloop
  endfacet
  facet normal -0.96117 -0.275957 0
    outer loop
      vertex 8.96392 -3.0615 0
      vertex 8.96392 -3.0615 2.4
      vertex 8.85894 -2.69585 0
    endloop
  endfacet
  facet normal -0.96117 -0.275957 -0
    outer loop
      vertex 8.85894 -2.69585 2.4
      vertex 8.85894 -2.69585 0
      vertex 8.96392 -3.0615 2.4
    endloop
  endfacet
  facet normal -0.950263 -0.311449 0
    outer loop
      vertex 9.08191 -3.4215 0
      vertex 9.08191 -3.4215 2.4
      vertex 8.96392 -3.0615 0
    endloop
  endfacet
  facet normal -0.950263 -0.311449 -0
    outer loop
      vertex 8.96392 -3.0615 2.4
      vertex 8.96392 -3.0615 0
      vertex 9.08191 -3.4215 2.4
    endloop
  endfacet
  facet normal -0.938064 -0.346463 0
    outer loop
      vertex 9.2127 -3.77562 0
      vertex 9.2127 -3.77562 2.4
      vertex 9.08191 -3.4215 0
    endloop
  endfacet
  facet normal -0.938064 -0.346463 -0
    outer loop
      vertex 9.08191 -3.4215 2.4
      vertex 9.08191 -3.4215 0
      vertex 9.2127 -3.77562 2.4
    endloop
  endfacet
  facet normal -0.92462 -0.380891 0
    outer loop
      vertex 9.35604 -4.12358 0
      vertex 9.35604 -4.12358 2.4
      vertex 9.2127 -3.77562 0
    endloop
  endfacet
  facet normal -0.92462 -0.380891 -0
    outer loop
      vertex 9.2127 -3.77562 2.4
      vertex 9.2127 -3.77562 0
      vertex 9.35604 -4.12358 2.4
    endloop
  endfacet
  facet normal -0.909949 -0.41472 0
    outer loop
      vertex 9.51171 -4.46514 0
      vertex 9.51171 -4.46514 2.4
      vertex 9.35604 -4.12358 0
    endloop
  endfacet
  facet normal -0.909949 -0.41472 -0
    outer loop
      vertex 9.35604 -4.12358 2.4
      vertex 9.35604 -4.12358 0
      vertex 9.51171 -4.46514 2.4
    endloop
  endfacet
  facet normal -0.894096 -0.447876 0
    outer loop
      vertex 9.67947 -4.80004 0
      vertex 9.67947 -4.80004 2.4
      vertex 9.51171 -4.46514 0
    endloop
  endfacet
  facet normal -0.894096 -0.447876 -0
    outer loop
      vertex 9.51171 -4.46514 2.4
      vertex 9.51171 -4.46514 0
      vertex 9.67947 -4.80004 2.4
    endloop
  endfacet
  facet normal -0.877065 -0.480371 0
    outer loop
      vertex 9.8591 -5.12801 0
      vertex 9.8591 -5.12801 2.4
      vertex 9.67947 -4.80004 0
    endloop
  endfacet
  facet normal -0.877065 -0.480371 -0
    outer loop
      vertex 9.67947 -4.80004 2.4
      vertex 9.67947 -4.80004 0
      vertex 9.8591 -5.12801 2.4
    endloop
  endfacet
  facet normal -0.858884 -0.512171 0
    outer loop
      vertex 10.0504 -5.44881 0
      vertex 10.0504 -5.44881 2.4
      vertex 9.8591 -5.12801 0
    endloop
  endfacet
  facet normal -0.858884 -0.512171 -0
    outer loop
      vertex 9.8591 -5.12801 2.4
      vertex 9.8591 -5.12801 0
      vertex 10.0504 -5.44881 2.4
    endloop
  endfacet
  facet normal -0.839776 -0.542932 0
    outer loop
      vertex 10.253 -5.76218 0
      vertex 10.253 -5.76218 2.4
      vertex 10.0504 -5.44881 0
    endloop
  endfacet
  facet normal -0.839776 -0.542932 -0
    outer loop
      vertex 10.0504 -5.44881 2.4
      vertex 10.0504 -5.44881 0
      vertex 10.253 -5.76218 2.4
    endloop
  endfacet
  facet normal -0.819328 -0.573326 0
    outer loop
      vertex 10.4669 -6.06786 0
      vertex 10.4669 -6.06786 2.4
      vertex 10.253 -5.76218 0
    endloop
  endfacet
  facet normal -0.819328 -0.573326 -0
    outer loop
      vertex 10.253 -5.76218 2.4
      vertex 10.253 -5.76218 0
      vertex 10.4669 -6.06786 2.4
    endloop
  endfacet
  facet normal -0.798072 -0.602562 0
    outer loop
      vertex 10.6917 -6.3656 0
      vertex 10.6917 -6.3656 2.4
      vertex 10.4669 -6.06786 0
    endloop
  endfacet
  facet normal -0.798072 -0.602562 -0
    outer loop
      vertex 10.4669 -6.06786 2.4
      vertex 10.4669 -6.06786 0
      vertex 10.6917 -6.3656 2.4
    endloop
  endfacet
  facet normal -0.775908 -0.630846 0
    outer loop
      vertex 10.9271 -6.65513 0
      vertex 10.9271 -6.65513 2.4
      vertex 10.6917 -6.3656 0
    endloop
  endfacet
  facet normal -0.775908 -0.630846 -0
    outer loop
      vertex 10.6917 -6.3656 2.4
      vertex 10.6917 -6.3656 0
      vertex 10.9271 -6.65513 2.4
    endloop
  endfacet
  facet normal -0.752504 -0.658588 0
    outer loop
      vertex 11.1731 -6.93621 0
      vertex 11.1731 -6.93621 2.4
      vertex 10.9271 -6.65513 0
    endloop
  endfacet
  facet normal -0.752504 -0.658588 -0
    outer loop
      vertex 10.9271 -6.65513 2.4
      vertex 10.9271 -6.65513 0
      vertex 11.1731 -6.93621 2.4
    endloop
  endfacet
  facet normal -0.534167 0.845379 0
    outer loop
      vertex 10.9663 -7.06688 0
      vertex 10.9663 -7.06688 2.4
      vertex 11.1731 -6.93621 0
    endloop
  endfacet
  facet normal -0.534167 0.845379 0
    outer loop
      vertex 11.1731 -6.93621 2.4
      vertex 11.1731 -6.93621 0
      vertex 10.9663 -7.06688 2.4
    endloop
  endfacet
  facet normal -0.512121 0.858913 0
    outer loop
      vertex 10.756 -7.19227 0
      vertex 10.756 -7.19227 2.4
      vertex 10.9663 -7.06688 0
    endloop
  endfacet
  facet normal -0.512121 0.858913 0
    outer loop
      vertex 10.9663 -7.06688 2.4
      vertex 10.9663 -7.06688 0
      vertex 10.756 -7.19227 2.4
    endloop
  endfacet
  facet normal -0.489324 0.872102 0
    outer loop
      vertex 10.5422 -7.31223 0
      vertex 10.5422 -7.31223 2.4
      vertex 10.756 -7.19227 0
    endloop
  endfacet
  facet normal -0.489324 0.872102 0
    outer loop
      vertex 10.756 -7.19227 2.4
      vertex 10.756 -7.19227 0
      vertex 10.5422 -7.31223 2.4
    endloop
  endfacet
  facet normal -0.465751 0.884916 0
    outer loop
      vertex 10.3249 -7.4266 0
      vertex 10.3249 -7.4266 2.4
      vertex 10.5422 -7.31223 0
    endloop
  endfacet
  facet normal -0.465751 0.884916 0
    outer loop
      vertex 10.5422 -7.31223 2.4
      vertex 10.5422 -7.31223 0
      vertex 10.3249 -7.4266 2.4
    endloop
  endfacet
  facet normal -0.441772 0.897127 0
    outer loop
      vertex 10.1043 -7.53523 0
      vertex 10.1043 -7.53523 2.4
      vertex 10.3249 -7.4266 0
    endloop
  endfacet
  facet normal -0.441772 0.897127 0
    outer loop
      vertex 10.3249 -7.4266 2.4
      vertex 10.3249 -7.4266 0
      vertex 10.1043 -7.53523 2.4
    endloop
  endfacet
  facet normal -0.416931 0.908938 0
    outer loop
      vertex 9.88032 -7.63797 0
      vertex 9.88032 -7.63797 2.4
      vertex 10.1043 -7.53523 0
    endloop
  endfacet
  facet normal -0.416931 0.908938 0
    outer loop
      vertex 10.1043 -7.53523 2.4
      vertex 10.1043 -7.53523 0
      vertex 9.88032 -7.63797 2.4
    endloop
  endfacet
  facet normal -0.391479 0.920187 0
    outer loop
      vertex 9.65307 -7.73465 0
      vertex 9.65307 -7.73465 2.4
      vertex 9.88032 -7.63797 0
    endloop
  endfacet
  facet normal -0.391479 0.920187 0
    outer loop
      vertex 9.88032 -7.63797 2.4
      vertex 9.88032 -7.63797 0
      vertex 9.65307 -7.73465 2.4
    endloop
  endfacet
  facet normal -0.365457 0.930828 0
    outer loop
      vertex 9.42259 -7.82514 0
      vertex 9.42259 -7.82514 2.4
      vertex 9.65307 -7.73465 0
    endloop
  endfacet
  facet normal -0.365457 0.930828 0
    outer loop
      vertex 9.65307 -7.73465 2.4
      vertex 9.65307 -7.73465 0
      vertex 9.42259 -7.82514 2.4
    endloop
  endfacet
  facet normal -0.338777 0.940867 0
    outer loop
      vertex 9.18894 -7.90927 0
      vertex 9.18894 -7.90927 2.4
      vertex 9.42259 -7.82514 0
    endloop
  endfacet
  facet normal -0.338777 0.940867 0
    outer loop
      vertex 9.42259 -7.82514 2.4
      vertex 9.42259 -7.82514 0
      vertex 9.18894 -7.90927 2.4
    endloop
  endfacet
  facet normal -0.311504 0.950245 0
    outer loop
      vertex 8.95216 -7.98689 0
      vertex 8.95216 -7.98689 2.4
      vertex 9.18894 -7.90927 0
    endloop
  endfacet
  facet normal -0.311504 0.950245 0
    outer loop
      vertex 9.18894 -7.90927 2.4
      vertex 9.18894 -7.90927 0
      vertex 8.95216 -7.98689 2.4
    endloop
  endfacet
  facet normal -0.283685 0.958917 0
    outer loop
      vertex 8.7123 -8.05785 0
      vertex 8.7123 -8.05785 2.4
      vertex 8.95216 -7.98689 0
    endloop
  endfacet
  facet normal -0.283685 0.958917 0
    outer loop
      vertex 8.95216 -7.98689 2.4
      vertex 8.95216 -7.98689 0
      vertex 8.7123 -8.05785 2.4
    endloop
  endfacet
  facet normal -0.255365 0.966845 0
    outer loop
      vertex 8.46942 -8.122 0
      vertex 8.46942 -8.122 2.4
      vertex 8.7123 -8.05785 0
    endloop
  endfacet
  facet normal -0.255365 0.966845 0
    outer loop
      vertex 8.7123 -8.05785 2.4
      vertex 8.7123 -8.05785 0
      vertex 8.46942 -8.122 2.4
    endloop
  endfacet
  facet normal -0.226497 0.974012 0
    outer loop
      vertex 8.22357 -8.17917 0
      vertex 8.22357 -8.17917 2.4
      vertex 8.46942 -8.122 0
    endloop
  endfacet
  facet normal -0.226497 0.974012 0
    outer loop
      vertex 8.46942 -8.122 2.4
      vertex 8.46942 -8.122 0
      vertex 8.22357 -8.17917 2.4
    endloop
  endfacet
  facet normal -0.197238 0.980356 0
    outer loop
      vertex 7.9748 -8.22922 0
      vertex 7.9748 -8.22922 2.4
      vertex 8.22357 -8.17917 0
    endloop
  endfacet
  facet normal -0.197238 0.980356 0
    outer loop
      vertex 8.22357 -8.17917 2.4
      vertex 8.22357 -8.17917 0
      vertex 7.9748 -8.22922 2.4
    endloop
  endfacet
  facet normal -0.167562 0.985862 0
    outer loop
      vertex 7.72316 -8.27199 0
      vertex 7.72316 -8.27199 2.4
      vertex 7.9748 -8.22922 0
    endloop
  endfacet
  facet normal -0.167562 0.985862 0
    outer loop
      vertex 7.9748 -8.22922 2.4
      vertex 7.9748 -8.22922 0
      vertex 7.72316 -8.27199 2.4
    endloop
  endfacet
  facet normal -0.137562 0.990493 0
    outer loop
      vertex 7.4687 -8.30733 0
      vertex 7.4687 -8.30733 2.4
      vertex 7.72316 -8.27199 0
    endloop
  endfacet
  facet normal -0.137562 0.990493 0
    outer loop
      vertex 7.72316 -8.27199 2.4
      vertex 7.72316 -8.27199 0
      vertex 7.4687 -8.30733 2.4
    endloop
  endfacet
  facet normal -0.107258 0.994231 0
    outer loop
      vertex 7.21147 -8.33508 0
      vertex 7.21147 -8.33508 2.4
      vertex 7.4687 -8.30733 0
    endloop
  endfacet
  facet normal -0.107258 0.994231 0
    outer loop
      vertex 7.4687 -8.30733 2.4
      vertex 7.4687 -8.30733 0
      vertex 7.21147 -8.33508 2.4
    endloop
  endfacet
  facet normal -0.0767493 0.99705 0
    outer loop
      vertex 6.95152 -8.35509 0
      vertex 6.95152 -8.35509 2.4
      vertex 7.21147 -8.33508 0
    endloop
  endfacet
  facet normal -0.0767493 0.99705 0
    outer loop
      vertex 7.21147 -8.33508 2.4
      vertex 7.21147 -8.33508 0
      vertex 6.95152 -8.35509 2.4
    endloop
  endfacet
  facet normal -0.046141 0.998935 0
    outer loop
      vertex 6.68891 -8.36722 0
      vertex 6.68891 -8.36722 2.4
      vertex 6.95152 -8.35509 0
    endloop
  endfacet
  facet normal -0.046141 0.998935 0
    outer loop
      vertex 6.95152 -8.35509 2.4
      vertex 6.95152 -8.35509 0
      vertex 6.68891 -8.36722 2.4
    endloop
  endfacet
  facet normal -0.0153439 0.999882 0
    outer loop
      vertex 6.42369 -8.37129 0
      vertex 6.42369 -8.37129 2.4
      vertex 6.68891 -8.36722 0
    endloop
  endfacet
  facet normal -0.0153439 0.999882 0
    outer loop
      vertex 6.68891 -8.36722 2.4
      vertex 6.68891 -8.36722 0
      vertex 6.42369 -8.37129 2.4
    endloop
  endfacet
  facet normal 0.0153434 0.999882 -0
    outer loop
      vertex 6.15846 -8.36722 0
      vertex 6.15846 -8.36722 2.4
      vertex 6.42369 -8.37129 0
    endloop
  endfacet
  facet normal 0.0153434 0.999882 0
    outer loop
      vertex 6.42369 -8.37129 2.4
      vertex 6.42369 -8.37129 0
      vertex 6.15846 -8.36722 2.4
    endloop
  endfacet
  facet normal 0.0441269 0.999026 -0
    outer loop
      vertex 18.7515 -8.35602 0
      vertex 18.7515 -8.35602 2.4
      vertex 19.0105 -8.36746 0
    endloop
  endfacet
  facet normal 0.0441269 0.999026 0
    outer loop
      vertex 19.0105 -8.36746 2.4
      vertex 19.0105 -8.36746 0
      vertex 18.7515 -8.35602 2.4
    endloop
  endfacet
  facet normal 0.0736231 0.997286 -0
    outer loop
      vertex 18.4944 -8.33704 0
      vertex 18.4944 -8.33704 2.4
      vertex 18.7515 -8.35602 0
    endloop
  endfacet
  facet normal 0.0736231 0.997286 0
    outer loop
      vertex 18.7515 -8.35602 2.4
      vertex 18.7515 -8.35602 0
      vertex 18.4944 -8.33704 2.4
    endloop
  endfacet
  facet normal 0.103015 0.99468 -0
    outer loop
      vertex 18.2392 -8.31061 0
      vertex 18.2392 -8.31061 2.4
      vertex 18.4944 -8.33704 0
    endloop
  endfacet
  facet normal 0.103015 0.99468 0
    outer loop
      vertex 18.4944 -8.33704 2.4
      vertex 18.4944 -8.33704 0
      vertex 18.2392 -8.31061 2.4
    endloop
  endfacet
  facet normal 0.132394 0.991197 -0
    outer loop
      vertex 17.986 -8.27679 0
      vertex 17.986 -8.27679 2.4
      vertex 18.2392 -8.31061 0
    endloop
  endfacet
  facet normal 0.132394 0.991197 0
    outer loop
      vertex 18.2392 -8.31061 2.4
      vertex 18.2392 -8.31061 0
      vertex 17.986 -8.27679 2.4
    endloop
  endfacet
  facet normal 0.16167 0.986845 -0
    outer loop
      vertex 17.735 -8.23567 0
      vertex 17.735 -8.23567 2.4
      vertex 17.986 -8.27679 0
    endloop
  endfacet
  facet normal 0.16167 0.986845 0
    outer loop
      vertex 17.986 -8.27679 2.4
      vertex 17.986 -8.27679 0
      vertex 17.735 -8.23567 2.4
    endloop
  endfacet
  facet normal 0.1908 0.981629 -0
    outer loop
      vertex 17.4863 -8.18733 0
      vertex 17.4863 -8.18733 2.4
      vertex 17.735 -8.23567 0
    endloop
  endfacet
  facet normal 0.1908 0.981629 0
    outer loop
      vertex 17.735 -8.23567 2.4
      vertex 17.735 -8.23567 0
      vertex 17.4863 -8.18733 2.4
    endloop
  endfacet
  facet normal 0.21987 0.975529 -0
    outer loop
      vertex 17.2401 -8.13184 0
      vertex 17.2401 -8.13184 2.4
      vertex 17.4863 -8.18733 0
    endloop
  endfacet
  facet normal 0.21987 0.975529 0
    outer loop
      vertex 17.4863 -8.18733 2.4
      vertex 17.4863 -8.18733 0
      vertex 17.2401 -8.13184 2.4
    endloop
  endfacet
  facet normal 0.248684 0.968585 -0
    outer loop
      vertex 16.9964 -8.06927 0
      vertex 16.9964 -8.06927 2.4
      vertex 17.2401 -8.13184 0
    endloop
  endfacet
  facet normal 0.248684 0.968585 0
    outer loop
      vertex 17.2401 -8.13184 2.4
      vertex 17.2401 -8.13184 0
      vertex 16.9964 -8.06927 2.4
    endloop
  endfacet
  facet normal 0.277311 0.96078 -0
    outer loop
      vertex 16.7554 -7.99971 0
      vertex 16.7554 -7.99971 2.4
      vertex 16.9964 -8.06927 0
    endloop
  endfacet
  facet normal 0.277311 0.96078 0
    outer loop
      vertex 16.9964 -8.06927 2.4
      vertex 16.9964 -8.06927 0
      vertex 16.7554 -7.99971 2.4
    endloop
  endfacet
  facet normal 0.305704 0.952127 -0
    outer loop
      vertex 16.5172 -7.92323 0
      vertex 16.5172 -7.92323 2.4
      vertex 16.7554 -7.99971 0
    endloop
  endfacet
  facet normal 0.305704 0.952127 0
    outer loop
      vertex 16.7554 -7.99971 2.4
      vertex 16.7554 -7.99971 0
      vertex 16.5172 -7.92323 2.4
    endloop
  endfacet
  facet normal 0.333954 0.942589 -0
    outer loop
      vertex 16.282 -7.8399 0
      vertex 16.282 -7.8399 2.4
      vertex 16.5172 -7.92323 0
    endloop
  endfacet
  facet normal 0.333954 0.942589 0
    outer loop
      vertex 16.5172 -7.92323 2.4
      vertex 16.5172 -7.92323 0
      vertex 16.282 -7.8399 2.4
    endloop
  endfacet
  facet normal 0.361714 0.932289 -0
    outer loop
      vertex 16.0498 -7.74981 0
      vertex 16.0498 -7.74981 2.4
      vertex 16.282 -7.8399 0
    endloop
  endfacet
  facet normal 0.361714 0.932289 0
    outer loop
      vertex 16.282 -7.8399 2.4
      vertex 16.282 -7.8399 0
      vertex 16.0498 -7.74981 2.4
    endloop
  endfacet
  facet normal 0.389393 0.921072 -0
    outer loop
      vertex 15.8209 -7.65304 0
      vertex 15.8209 -7.65304 2.4
      vertex 16.0498 -7.74981 0
    endloop
  endfacet
  facet normal 0.389393 0.921072 0
    outer loop
      vertex 16.0498 -7.74981 2.4
      vertex 16.0498 -7.74981 0
      vertex 15.8209 -7.65304 2.4
    endloop
  endfacet
  facet normal 0.416621 0.90908 -0
    outer loop
      vertex 15.5953 -7.54965 0
      vertex 15.5953 -7.54965 2.4
      vertex 15.8209 -7.65304 0
    endloop
  endfacet
  facet normal 0.416621 0.90908 0
    outer loop
      vertex 15.8209 -7.65304 2.4
      vertex 15.8209 -7.65304 0
      vertex 15.5953 -7.54965 2.4
    endloop
  endfacet
  facet normal 0.443434 0.896307 -0
    outer loop
      vertex 15.3731 -7.43972 0
      vertex 15.3731 -7.43972 2.4
      vertex 15.5953 -7.54965 0
    endloop
  endfacet
  facet normal 0.443434 0.896307 0
    outer loop
      vertex 15.5953 -7.54965 2.4
      vertex 15.5953 -7.54965 0
      vertex 15.3731 -7.43972 2.4
    endloop
  endfacet
  facet normal 0.469938 0.882699 -0
    outer loop
      vertex 15.1545 -7.32334 0
      vertex 15.1545 -7.32334 2.4
      vertex 15.3731 -7.43972 0
    endloop
  endfacet
  facet normal 0.469938 0.882699 0
    outer loop
      vertex 15.3731 -7.43972 2.4
      vertex 15.3731 -7.43972 0
      vertex 15.1545 -7.32334 2.4
    endloop
  endfacet
  facet normal 0.496222 0.868196 -0
    outer loop
      vertex 14.9397 -7.20057 0
      vertex 14.9397 -7.20057 2.4
      vertex 15.1545 -7.32334 0
    endloop
  endfacet
  facet normal 0.496222 0.868196 0
    outer loop
      vertex 15.1545 -7.32334 2.4
      vertex 15.1545 -7.32334 0
      vertex 14.9397 -7.20057 2.4
    endloop
  endfacet
  facet normal 0.52179 0.853074 -0
    outer loop
      vertex 14.7287 -7.07151 0
      vertex 14.7287 -7.07151 2.4
      vertex 14.9397 -7.20057 0
    endloop
  endfacet
  facet normal 0.52179 0.853074 0
    outer loop
      vertex 14.9397 -7.20057 2.4
      vertex 14.9397 -7.20057 0
      vertex 14.7287 -7.07151 2.4
    endloop
  endfacet
  facet normal 0.546933 0.837176 -0
    outer loop
      vertex 14.5216 -6.93621 0
      vertex 14.5216 -6.93621 2.4
      vertex 14.7287 -7.07151 0
    endloop
  endfacet
  facet normal 0.546933 0.837176 0
    outer loop
      vertex 14.7287 -7.07151 2.4
      vertex 14.7287 -7.07151 0
      vertex 14.5216 -6.93621 2.4
    endloop
  endfacet
  facet normal 0.758624 -0.651529 0
    outer loop
      vertex 14.763 -6.65513 0
      vertex 14.763 -6.65513 2.4
      vertex 14.5216 -6.93621 0
    endloop
  endfacet
  facet normal 0.758624 -0.651529 0
    outer loop
      vertex 14.5216 -6.93621 2.4
      vertex 14.5216 -6.93621 0
      vertex 14.763 -6.65513 2.4
    endloop
  endfacet
  facet normal 0.780637 -0.624984 0
    outer loop
      vertex 14.9948 -6.3656 0
      vertex 14.9948 -6.3656 2.4
      vertex 14.763 -6.65513 0
    endloop
  endfacet
  facet normal 0.780637 -0.624984 0
    outer loop
      vertex 14.763 -6.65513 2.4
      vertex 14.763 -6.65513 0
      vertex 14.9948 -6.3656 2.4
    endloop
  endfacet
  facet normal 0.801683 -0.597749 0
    outer loop
      vertex 15.2168 -6.06786 0
      vertex 15.2168 -6.06786 2.4
      vertex 14.9948 -6.3656 0
    endloop
  endfacet
  facet normal 0.801683 -0.597749 0
    outer loop
      vertex 14.9948 -6.3656 2.4
      vertex 14.9948 -6.3656 0
      vertex 15.2168 -6.06786 2.4
    endloop
  endfacet
  facet normal 0.821971 -0.569529 0
    outer loop
      vertex 15.4286 -5.76218 0
      vertex 15.4286 -5.76218 2.4
      vertex 15.2168 -6.06786 0
    endloop
  endfacet
  facet normal 0.821971 -0.569529 0
    outer loop
      vertex 15.2168 -6.06786 2.4
      vertex 15.2168 -6.06786 0
      vertex 15.4286 -5.76218 2.4
    endloop
  endfacet
  facet normal 0.841242 -0.540659 0
    outer loop
      vertex 15.63 -5.44881 0
      vertex 15.63 -5.44881 2.4
      vertex 15.4286 -5.76218 0
    endloop
  endfacet
  facet normal 0.841242 -0.540659 0
    outer loop
      vertex 15.4286 -5.76218 2.4
      vertex 15.4286 -5.76218 0
      vertex 15.63 -5.44881 2.4
    endloop
  endfacet
  facet normal 0.859708 -0.510786 0
    outer loop
      vertex 15.8206 -5.12801 0
      vertex 15.8206 -5.12801 2.4
      vertex 15.63 -5.44881 0
    endloop
  endfacet
  facet normal 0.859708 -0.510786 0
    outer loop
      vertex 15.63 -5.44881 2.4
      vertex 15.63 -5.44881 0
      vertex 15.8206 -5.12801 2.4
    endloop
  endfacet
  facet normal 0.877212 -0.480103 0
    outer loop
      vertex 16.0001 -4.80004 0
      vertex 16.0001 -4.80004 2.4
      vertex 15.8206 -5.12801 0
    endloop
  endfacet
  facet normal 0.877212 -0.480103 0
    outer loop
      vertex 15.8206 -5.12801 2.4
      vertex 15.8206 -5.12801 0
      vertex 16.0001 -4.80004 2.4
    endloop
  endfacet
  facet normal 0.893625 -0.448814 0
    outer loop
      vertex 16.1683 -4.46514 0
      vertex 16.1683 -4.46514 2.4
      vertex 16.0001 -4.80004 0
    endloop
  endfacet
  facet normal 0.893625 -0.448814 0
    outer loop
      vertex 16.0001 -4.80004 2.4
      vertex 16.0001 -4.80004 0
      vertex 16.1683 -4.46514 2.4
    endloop
  endfacet
  facet normal 0.909114 -0.416548 0
    outer loop
      vertex 16.3248 -4.12358 0
      vertex 16.3248 -4.12358 2.4
      vertex 16.1683 -4.46514 0
    endloop
  endfacet
  facet normal 0.909114 -0.416548 0
    outer loop
      vertex 16.1683 -4.46514 2.4
      vertex 16.1683 -4.46514 0
      vertex 16.3248 -4.12358 2.4
    endloop
  endfacet
  facet normal 0.923626 -0.383296 0
    outer loop
      vertex 16.4692 -3.77562 0
      vertex 16.4692 -3.77562 2.4
      vertex 16.3248 -4.12358 0
    endloop
  endfacet
  facet normal 0.923626 -0.383296 0
    outer loop
      vertex 16.3248 -4.12358 2.4
      vertex 16.3248 -4.12358 0
      vertex 16.4692 -3.77562 2.4
    endloop
  endfacet
  facet normal 0.936846 -0.349743 0
    outer loop
      vertex 16.6014 -3.4215 0
      vertex 16.6014 -3.4215 2.4
      vertex 16.4692 -3.77562 0
    endloop
  endfacet
  facet normal 0.936846 -0.349743 0
    outer loop
      vertex 16.4692 -3.77562 2.4
      vertex 16.4692 -3.77562 0
      vertex 16.6014 -3.4215 2.4
    endloop
  endfacet
  facet normal 0.948999 -0.315279 0
    outer loop
      vertex 16.721 -3.0615 0
      vertex 16.721 -3.0615 2.4
      vertex 16.6014 -3.4215 0
    endloop
  endfacet
  facet normal 0.948999 -0.315279 0
    outer loop
      vertex 16.6014 -3.4215 2.4
      vertex 16.6014 -3.4215 0
      vertex 16.721 -3.0615 2.4
    endloop
  endfacet
  facet normal 0.959963 -0.280126 0
    outer loop
      vertex 16.8277 -2.69585 0
      vertex 16.8277 -2.69585 2.4
      vertex 16.721 -3.0615 0
    endloop
  endfacet
  facet normal 0.959963 -0.280126 0
    outer loop
      vertex 16.721 -3.0615 2.4
      vertex 16.721 -3.0615 0
      vertex 16.8277 -2.69585 2.4
    endloop
  endfacet
  facet normal 0.969746 -0.244116 0
    outer loop
      vertex 16.9211 -2.32482 0
      vertex 16.9211 -2.32482 2.4
      vertex 16.8277 -2.69585 0
    endloop
  endfacet
  facet normal 0.969746 -0.244116 0
    outer loop
      vertex 16.8277 -2.69585 2.4
      vertex 16.8277 -2.69585 0
      vertex 16.9211 -2.32482 2.4
    endloop
  endfacet
  facet normal 0.978176 -0.207779 0
    outer loop
      vertex 17.001 -1.94867 0
      vertex 17.001 -1.94867 2.4
      vertex 16.9211 -2.32482 0
    endloop
  endfacet
  facet normal 0.978176 -0.207779 0
    outer loop
      vertex 16.9211 -2.32482 2.4
      vertex 16.9211 -2.32482 0
      vertex 17.001 -1.94867 2.4
    endloop
  endfacet
  facet normal 0.985283 -0.170929 0
    outer loop
      vertex 17.0671 -1.56765 0
      vertex 17.0671 -1.56765 2.4
      vertex 17.001 -1.94867 0
    endloop
  endfacet
  facet normal 0.985283 -0.170929 0
    outer loop
      vertex 17.001 -1.94867 2.4
      vertex 17.001 -1.94867 0
      vertex 17.0671 -1.56765 2.4
    endloop
  endfacet
  facet normal 0.991065 -0.133379 0
    outer loop
      vertex 17.119 -1.18201 0
      vertex 17.119 -1.18201 2.4
      vertex 17.0671 -1.56765 0
    endloop
  endfacet
  facet normal 0.991065 -0.133379 0
    outer loop
      vertex 17.0671 -1.56765 2.4
      vertex 17.0671 -1.56765 0
      vertex 17.119 -1.18201 2.4
    endloop
  endfacet
  facet normal 0.995433 -0.0954619 0
    outer loop
      vertex 17.1564 -0.79202 0
      vertex 17.1564 -0.79202 2.4
      vertex 17.119 -1.18201 0
    endloop
  endfacet
  facet normal 0.995433 -0.0954619 0
    outer loop
      vertex 17.119 -1.18201 2.4
      vertex 17.119 -1.18201 0
      vertex 17.1564 -0.79202 2.4
    endloop
  endfacet
  facet normal 0.998345 -0.0575056 0
    outer loop
      vertex 17.1791 -0.397929 0
      vertex 17.1791 -0.397929 2.4
      vertex 17.1564 -0.79202 0
    endloop
  endfacet
  facet normal 0.998345 -0.0575056 0
    outer loop
      vertex 17.1564 -0.79202 2.4
      vertex 17.1564 -0.79202 0
      vertex 17.1791 -0.397929 2.4
    endloop
  endfacet
  facet normal 0.999813 -0.0193463 0
    outer loop
      vertex 17.1868 5.19039e-06 0
      vertex 17.1868 5.19039e-06 2.4
      vertex 17.1791 -0.397929 0
    endloop
  endfacet
  facet normal 0.999813 -0.0193463 0
    outer loop
      vertex 17.1791 -0.397929 2.4
      vertex 17.1791 -0.397929 0
      vertex 17.1868 5.19039e-06 2.4
    endloop
  endfacet
  facet normal 0.999827 0.0185928 -0
    outer loop
      vertex 17.1794 0.39794 0
      vertex 17.1794 0.39794 2.4
      vertex 17.1868 5.19039e-06 0
    endloop
  endfacet
  facet normal 0.999827 0.0185928 0
    outer loop
      vertex 17.1868 5.19039e-06 2.4
      vertex 17.1868 5.19039e-06 0
      vertex 17.1794 0.39794 2.4
    endloop
  endfacet
  facet normal 0.998445 0.0557376 -0
    outer loop
      vertex 17.1574 0.792033 0
      vertex 17.1574 0.792033 2.4
      vertex 17.1794 0.39794 0
    endloop
  endfacet
  facet normal 0.998445 0.0557376 0
    outer loop
      vertex 17.1794 0.39794 2.4
      vertex 17.1794 0.39794 0
      vertex 17.1574 0.792033 2.4
    endloop
  endfacet
  facet normal 0.995649 0.0931856 -0
    outer loop
      vertex 17.1209 1.18202 0
      vertex 17.1209 1.18202 2.4
      vertex 17.1574 0.792033 0
    endloop
  endfacet
  facet normal 0.995649 0.0931856 0
    outer loop
      vertex 17.1574 0.792033 2.4
      vertex 17.1574 0.792033 0
      vertex 17.1209 1.18202 2.4
    endloop
  endfacet
  facet normal 0.991501 0.130095 -0
    outer loop
      vertex 17.0703 1.56766 0
      vertex 17.0703 1.56766 2.4
      vertex 17.1209 1.18202 0
    endloop
  endfacet
  facet normal 0.991501 0.130095 0
    outer loop
      vertex 17.1209 1.18202 2.4
      vertex 17.1209 1.18202 0
      vertex 17.0703 1.56766 2.4
    endloop
  endfacet
  facet normal 0.985973 0.166908 -0
    outer loop
      vertex 17.0058 1.94868 0
      vertex 17.0058 1.94868 2.4
      vertex 17.0703 1.56766 0
    endloop
  endfacet
  facet normal 0.985973 0.166908 0
    outer loop
      vertex 17.0703 1.56766 2.4
      vertex 17.0703 1.56766 0
      vertex 17.0058 1.94868 2.4
    endloop
  endfacet
  facet normal 0.979014 0.203793 -0
    outer loop
      vertex 16.9275 2.32483 0
      vertex 16.9275 2.32483 2.4
      vertex 17.0058 1.94868 0
    endloop
  endfacet
  facet normal 0.979014 0.203793 0
    outer loop
      vertex 17.0058 1.94868 2.4
      vertex 17.0058 1.94868 0
      vertex 16.9275 2.32483 2.4
    endloop
  endfacet
  facet normal 0.97079 0.239931 -0
    outer loop
      vertex 16.8358 2.69586 0
      vertex 16.8358 2.69586 2.4
      vertex 16.9275 2.32483 0
    endloop
  endfacet
  facet normal 0.97079 0.239931 0
    outer loop
      vertex 16.9275 2.32483 2.4
      vertex 16.9275 2.32483 0
      vertex 16.8358 2.69586 2.4
    endloop
  endfacet
  facet normal 0.961156 0.276005 -0
    outer loop
      vertex 16.7308 3.06151 0
      vertex 16.7308 3.06151 2.4
      vertex 16.8358 2.69586 0
    endloop
  endfacet
  facet normal 0.961156 0.276005 0
    outer loop
      vertex 16.8358 2.69586 2.4
      vertex 16.8358 2.69586 0
      vertex 16.7308 3.06151 2.4
    endloop
  endfacet
  facet normal 0.950258 0.311465 -0
    outer loop
      vertex 16.6128 3.42152 0
      vertex 16.6128 3.42152 2.4
      vertex 16.7308 3.06151 0
    endloop
  endfacet
  facet normal 0.950258 0.311465 0
    outer loop
      vertex 16.7308 3.06151 2.4
      vertex 16.7308 3.06151 0
      vertex 16.6128 3.42152 2.4
    endloop
  endfacet
  facet normal 0.938138 0.346261 -0
    outer loop
      vertex 16.4821 3.77563 0
      vertex 16.4821 3.77563 2.4
      vertex 16.6128 3.42152 0
    endloop
  endfacet
  facet normal 0.938138 0.346261 0
    outer loop
      vertex 16.6128 3.42152 2.4
      vertex 16.6128 3.42152 0
      vertex 16.4821 3.77563 2.4
    endloop
  endfacet
  facet normal 0.924564 0.381028 -0
    outer loop
      vertex 16.3387 4.12359 0
      vertex 16.3387 4.12359 2.4
      vertex 16.4821 3.77563 0
    endloop
  endfacet
  facet normal 0.924564 0.381028 0
    outer loop
      vertex 16.4821 3.77563 2.4
      vertex 16.4821 3.77563 0
      vertex 16.3387 4.12359 2.4
    endloop
  endfacet
  facet normal 0.909919 0.414786 -0
    outer loop
      vertex 16.183 4.46515 0
      vertex 16.183 4.46515 2.4
      vertex 16.3387 4.12359 0
    endloop
  endfacet
  facet normal 0.909919 0.414786 0
    outer loop
      vertex 16.3387 4.12359 2.4
      vertex 16.3387 4.12359 0
      vertex 16.183 4.46515 2.4
    endloop
  endfacet
  facet normal 0.89416 0.447748 -0
    outer loop
      vertex 16.0153 4.80005 0
      vertex 16.0153 4.80005 2.4
      vertex 16.183 4.46515 0
    endloop
  endfacet
  facet normal 0.89416 0.447748 0
    outer loop
      vertex 16.183 4.46515 2.4
      vertex 16.183 4.46515 0
      vertex 16.0153 4.80005 2.4
    endloop
  endfacet
  facet normal 0.877099 0.480309 -0
    outer loop
      vertex 15.8357 5.12802 0
      vertex 15.8357 5.12802 2.4
      vertex 16.0153 4.80005 0
    endloop
  endfacet
  facet normal 0.877099 0.480309 0
    outer loop
      vertex 16.0153 4.80005 2.4
      vertex 16.0153 4.80005 0
      vertex 15.8357 5.12802 2.4
    endloop
  endfacet
  facet normal 0.858884 0.512171 -0
    outer loop
      vertex 15.6444 5.44882 0
      vertex 15.6444 5.44882 2.4
      vertex 15.8357 5.12802 0
    endloop
  endfacet
  facet normal 0.858884 0.512171 0
    outer loop
      vertex 15.8357 5.12802 2.4
      vertex 15.8357 5.12802 0
      vertex 15.6444 5.44882 2.4
    endloop
  endfacet
  facet normal 0.839654 0.543121 -0
    outer loop
      vertex 15.4417 5.76219 0
      vertex 15.4417 5.76219 2.4
      vertex 15.6444 5.44882 0
    endloop
  endfacet
  facet normal 0.839654 0.543121 0
    outer loop
      vertex 15.6444 5.44882 2.4
      vertex 15.6444 5.44882 0
      vertex 15.4417 5.76219 2.4
    endloop
  endfacet
  facet normal 0.819454 0.573146 -0
    outer loop
      vertex 15.2279 6.06787 0
      vertex 15.2279 6.06787 2.4
      vertex 15.4417 5.76219 0
    endloop
  endfacet
  facet normal 0.819454 0.573146 0
    outer loop
      vertex 15.4417 5.76219 2.4
      vertex 15.4417 5.76219 0
      vertex 15.2279 6.06787 2.4
    endloop
  endfacet
  facet normal 0.798072 0.602562 -0
    outer loop
      vertex 15.0031 6.36561 0
      vertex 15.0031 6.36561 2.4
      vertex 15.2279 6.06787 0
    endloop
  endfacet
  facet normal 0.798072 0.602562 0
    outer loop
      vertex 15.2279 6.06787 2.4
      vertex 15.2279 6.06787 0
      vertex 15.0031 6.36561 2.4
    endloop
  endfacet
  facet normal 0.775777 0.631007 -0
    outer loop
      vertex 14.7676 6.65514 0
      vertex 14.7676 6.65514 2.4
      vertex 15.0031 6.36561 0
    endloop
  endfacet
  facet normal 0.775777 0.631007 0
    outer loop
      vertex 15.0031 6.36561 2.4
      vertex 15.0031 6.36561 0
      vertex 14.7676 6.65514 2.4
    endloop
  endfacet
  facet normal 0.752504 0.658588 -0
    outer loop
      vertex 14.5216 6.93622 0
      vertex 14.5216 6.93622 2.4
      vertex 14.7676 6.65514 0
    endloop
  endfacet
  facet normal 0.752504 0.658588 0
    outer loop
      vertex 14.7676 6.65514 2.4
      vertex 14.7676 6.65514 0
      vertex 14.5216 6.93622 2.4
    endloop
  endfacet
  facet normal 0.534167 -0.845379 0
    outer loop
      vertex 14.7284 7.06689 0
      vertex 14.7284 7.06689 2.4
      vertex 14.5216 6.93622 0
    endloop
  endfacet
  facet normal 0.534167 -0.845379 0
    outer loop
      vertex 14.5216 6.93622 2.4
      vertex 14.5216 6.93622 0
      vertex 14.7284 7.06689 2.4
    endloop
  endfacet
  facet normal 0.511942 -0.85902 0
    outer loop
      vertex 14.9388 7.19228 0
      vertex 14.9388 7.19228 2.4
      vertex 14.7284 7.06689 0
    endloop
  endfacet
  facet normal 0.511942 -0.85902 0
    outer loop
      vertex 14.7284 7.06689 2.4
      vertex 14.7284 7.06689 0
      vertex 14.9388 7.19228 2.4
    endloop
  endfacet
  facet normal 0.489324 -0.872102 0
    outer loop
      vertex 15.1526 7.31224 0
      vertex 15.1526 7.31224 2.4
      vertex 14.9388 7.19228 0
    endloop
  endfacet
  facet normal 0.489324 -0.872102 0
    outer loop
      vertex 14.9388 7.19228 2.4
      vertex 14.9388 7.19228 0
      vertex 15.1526 7.31224 2.4
    endloop
  endfacet
  facet normal 0.465919 -0.884827 0
    outer loop
      vertex 15.3698 7.42661 0
      vertex 15.3698 7.42661 2.4
      vertex 15.1526 7.31224 0
    endloop
  endfacet
  facet normal 0.465919 -0.884827 0
    outer loop
      vertex 15.1526 7.31224 2.4
      vertex 15.1526 7.31224 0
      vertex 15.3698 7.42661 2.4
    endloop
  endfacet
  facet normal 0.441611 -0.897207 0
    outer loop
      vertex 15.5905 7.53524 0
      vertex 15.5905 7.53524 2.4
      vertex 15.3698 7.42661 0
    endloop
  endfacet
  facet normal 0.441611 -0.897207 0
    outer loop
      vertex 15.3698 7.42661 2.4
      vertex 15.3698 7.42661 0
      vertex 15.5905 7.53524 2.4
    endloop
  endfacet
  facet normal 0.417054 -0.908882 0
    outer loop
      vertex 15.8144 7.63798 0
      vertex 15.8144 7.63798 2.4
      vertex 15.5905 7.53524 0
    endloop
  endfacet
  facet normal 0.417054 -0.908882 0
    outer loop
      vertex 15.5905 7.53524 2.4
      vertex 15.5905 7.53524 0
      vertex 15.8144 7.63798 2.4
    endloop
  endfacet
  facet normal 0.391441 -0.920203 0
    outer loop
      vertex 16.0417 7.73467 0
      vertex 16.0417 7.73467 2.4
      vertex 15.8144 7.63798 0
    endloop
  endfacet
  facet normal 0.391441 -0.920203 0
    outer loop
      vertex 15.8144 7.63798 2.4
      vertex 15.8144 7.63798 0
      vertex 16.0417 7.73467 2.4
    endloop
  endfacet
  facet normal 0.365395 -0.930853 0
    outer loop
      vertex 16.2722 7.82515 0
      vertex 16.2722 7.82515 2.4
      vertex 16.0417 7.73467 0
    endloop
  endfacet
  facet normal 0.365395 -0.930853 0
    outer loop
      vertex 16.0417 7.73467 2.4
      vertex 16.0417 7.73467 0
      vertex 16.2722 7.82515 2.4
    endloop
  endfacet
  facet normal 0.338876 -0.940831 0
    outer loop
      vertex 16.5058 7.90929 0
      vertex 16.5058 7.90929 2.4
      vertex 16.2722 7.82515 0
    endloop
  endfacet
  facet normal 0.338876 -0.940831 0
    outer loop
      vertex 16.2722 7.82515 2.4
      vertex 16.2722 7.82515 0
      vertex 16.5058 7.90929 2.4
    endloop
  endfacet
  facet normal 0.311481 -0.950253 0
    outer loop
      vertex 16.7426 7.98691 0
      vertex 16.7426 7.98691 2.4
      vertex 16.5058 7.90929 0
    endloop
  endfacet
  facet normal 0.311481 -0.950253 0
    outer loop
      vertex 16.5058 7.90929 2.4
      vertex 16.5058 7.90929 0
      vertex 16.7426 7.98691 2.4
    endloop
  endfacet
  facet normal 0.283642 -0.95893 0
    outer loop
      vertex 16.9825 8.05787 0
      vertex 16.9825 8.05787 2.4
      vertex 16.7426 7.98691 0
    endloop
  endfacet
  facet normal 0.283642 -0.95893 0
    outer loop
      vertex 16.7426 7.98691 2.4
      vertex 16.7426 7.98691 0
      vertex 16.9825 8.05787 2.4
    endloop
  endfacet
  facet normal 0.255407 -0.966834 0
    outer loop
      vertex 17.2253 8.12201 0
      vertex 17.2253 8.12201 2.4
      vertex 16.9825 8.05787 0
    endloop
  endfacet
  facet normal 0.255407 -0.966834 0
    outer loop
      vertex 16.9825 8.05787 2.4
      vertex 16.9825 8.05787 0
      vertex 17.2253 8.12201 2.4
    endloop
  endfacet
  facet normal 0.226453 -0.974022 0
    outer loop
      vertex 17.4712 8.17918 0
      vertex 17.4712 8.17918 2.4
      vertex 17.2253 8.12201 0
    endloop
  endfacet
  facet normal 0.226453 -0.974022 0
    outer loop
      vertex 17.2253 8.12201 2.4
      vertex 17.2253 8.12201 0
      vertex 17.4712 8.17918 2.4
    endloop
  endfacet
  facet normal 0.197215 -0.98036 0
    outer loop
      vertex 17.72 8.22923 0
      vertex 17.72 8.22923 2.4
      vertex 17.4712 8.17918 0
    endloop
  endfacet
  facet normal 0.197215 -0.98036 0
    outer loop
      vertex 17.4712 8.17918 2.4
      vertex 17.4712 8.17918 0
      vertex 17.72 8.22923 2.4
    endloop
  endfacet
  facet normal 0.167588 -0.985857 0
    outer loop
      vertex 17.9716 8.272 0
      vertex 17.9716 8.272 2.4
      vertex 17.72 8.22923 0
    endloop
  endfacet
  facet normal 0.167588 -0.985857 0
    outer loop
      vertex 17.72 8.22923 2.4
      vertex 17.72 8.22923 0
      vertex 17.9716 8.272 2.4
    endloop
  endfacet
  facet normal 0.137541 -0.990496 0
    outer loop
      vertex 18.2261 8.30734 0
      vertex 18.2261 8.30734 2.4
      vertex 17.9716 8.272 0
    endloop
  endfacet
  facet normal 0.137541 -0.990496 0
    outer loop
      vertex 17.9716 8.272 2.4
      vertex 17.9716 8.272 0
      vertex 18.2261 8.30734 2.4
    endloop
  endfacet
  facet normal 0.10727 -0.99423 0
    outer loop
      vertex 18.4833 8.33509 0
      vertex 18.4833 8.33509 2.4
      vertex 18.2261 8.30734 0
    endloop
  endfacet
  facet normal 0.10727 -0.99423 0
    outer loop
      vertex 18.2261 8.30734 2.4
      vertex 18.2261 8.30734 0
      vertex 18.4833 8.33509 2.4
    endloop
  endfacet
  facet normal 0.0768021 -0.997046 0
    outer loop
      vertex 18.7432 8.35511 0
      vertex 18.7432 8.35511 2.4
      vertex 18.4833 8.33509 0
    endloop
  endfacet
  facet normal 0.0768021 -0.997046 0
    outer loop
      vertex 18.4833 8.33509 2.4
      vertex 18.4833 8.33509 0
      vertex 18.7432 8.35511 2.4
    endloop
  endfacet
  facet normal 0.0461048 -0.998937 0
    outer loop
      vertex 19.0058 8.36723 0
      vertex 19.0058 8.36723 2.4
      vertex 18.7432 8.35511 0
    endloop
  endfacet
  facet normal 0.0461048 -0.998937 0
    outer loop
      vertex 18.7432 8.35511 2.4
      vertex 18.7432 8.35511 0
      vertex 19.0058 8.36723 2.4
    endloop
  endfacet
  facet normal 0.0153393 -0.999882 0
    outer loop
      vertex 19.2711 8.3713 0
      vertex 19.2711 8.3713 2.4
      vertex 19.0058 8.36723 0
    endloop
  endfacet
  facet normal 0.0153393 -0.999882 0
    outer loop
      vertex 19.0058 8.36723 2.4
      vertex 19.0058 8.36723 0
      vertex 19.2711 8.3713 2.4
    endloop
  endfacet
  facet normal -0.0399738 -0.999201 0
    outer loop
      vertex 19.9665 8.34348 0
      vertex 19.9665 8.34348 2.4
      vertex 19.2711 8.3713 0
    endloop
  endfacet
  facet normal -0.0399738 -0.999201 -0
    outer loop
      vertex 19.2711 8.3713 2.4
      vertex 19.2711 8.3713 0
      vertex 19.9665 8.34348 2.4
    endloop
  endfacet
  facet normal -0.119712 -0.992809 0
    outer loop
      vertex 20.6468 8.26145 0
      vertex 20.6468 8.26145 2.4
      vertex 19.9665 8.34348 0
    endloop
  endfacet
  facet normal -0.119712 -0.992809 -0
    outer loop
      vertex 19.9665 8.34348 2.4
      vertex 19.9665 8.34348 0
      vertex 20.6468 8.26145 2.4
    endloop
  endfacet
  facet normal -0.198148 -0.980172 0
    outer loop
      vertex 21.3099 8.1274 0
      vertex 21.3099 8.1274 2.4
      vertex 20.6468 8.26145 0
    endloop
  endfacet
  facet normal -0.198148 -0.980172 -0
    outer loop
      vertex 20.6468 8.26145 2.4
      vertex 20.6468 8.26145 0
      vertex 21.3099 8.1274 2.4
    endloop
  endfacet
  facet normal -0.274767 -0.961511 0
    outer loop
      vertex 21.9534 7.94351 0
      vertex 21.9534 7.94351 2.4
      vertex 21.3099 8.1274 0
    endloop
  endfacet
  facet normal -0.274767 -0.961511 -0
    outer loop
      vertex 21.3099 8.1274 2.4
      vertex 21.3099 8.1274 0
      vertex 21.9534 7.94351 2.4
    endloop
  endfacet
  facet normal -0.348926 -0.93715 0
    outer loop
      vertex 22.5753 7.71196 0
      vertex 22.5753 7.71196 2.4
      vertex 21.9534 7.94351 0
    endloop
  endfacet
  facet normal -0.348926 -0.93715 -0
    outer loop
      vertex 21.9534 7.94351 2.4
      vertex 21.9534 7.94351 0
      vertex 22.5753 7.71196 2.4
    endloop
  endfacet
  facet normal -0.420429 -0.907325 0
    outer loop
      vertex 23.1732 7.43491 0
      vertex 23.1732 7.43491 2.4
      vertex 22.5753 7.71196 0
    endloop
  endfacet
  facet normal -0.420429 -0.907325 -0
    outer loop
      vertex 22.5753 7.71196 2.4
      vertex 22.5753 7.71196 0
      vertex 23.1732 7.43491 2.4
    endloop
  endfacet
  facet normal -0.488898 -0.872341 0
    outer loop
      vertex 23.7448 7.11456 0
      vertex 23.7448 7.11456 2.4
      vertex 23.1732 7.43491 0
    endloop
  endfacet
  facet normal -0.488898 -0.872341 -0
    outer loop
      vertex 23.1732 7.43491 2.4
      vertex 23.1732 7.43491 0
      vertex 23.7448 7.11456 2.4
    endloop
  endfacet
  facet normal -0.553936 -0.832559 0
    outer loop
      vertex 24.2881 6.75308 0
      vertex 24.2881 6.75308 2.4
      vertex 23.7448 7.11456 0
    endloop
  endfacet
  facet normal -0.553936 -0.832559 -0
    outer loop
      vertex 23.7448 7.11456 2.4
      vertex 23.7448 7.11456 0
      vertex 24.2881 6.75308 2.4
    endloop
  endfacet
  facet normal -0.615617 -0.788046 0
    outer loop
      vertex 24.8007 6.35264 0
      vertex 24.8007 6.35264 2.4
      vertex 24.2881 6.75308 0
    endloop
  endfacet
  facet normal -0.615617 -0.788046 -0
    outer loop
      vertex 24.2881 6.75308 2.4
      vertex 24.2881 6.75308 0
      vertex 24.8007 6.35264 2.4
    endloop
  endfacet
  facet normal -0.67354 -0.739151 0
    outer loop
      vertex 25.2805 5.91543 0
      vertex 25.2805 5.91543 2.4
      vertex 24.8007 6.35264 0
    endloop
  endfacet
  facet normal -0.67354 -0.739151 -0
    outer loop
      vertex 24.8007 6.35264 2.4
      vertex 24.8007 6.35264 0
      vertex 25.2805 5.91543 2.4
    endloop
  endfacet
  facet normal -0.727774 -0.685817 0
    outer loop
      vertex 25.7251 5.44363 0
      vertex 25.7251 5.44363 2.4
      vertex 25.2805 5.91543 0
    endloop
  endfacet
  facet normal -0.727774 -0.685817 -0
    outer loop
      vertex 25.2805 5.91543 2.4
      vertex 25.2805 5.91543 0
      vertex 25.7251 5.44363 2.4
    endloop
  endfacet
  facet normal -0.777907 -0.628379 0
    outer loop
      vertex 26.1324 4.93941 0
      vertex 26.1324 4.93941 2.4
      vertex 25.7251 5.44363 0
    endloop
  endfacet
  facet normal -0.777907 -0.628379 -0
    outer loop
      vertex 25.7251 5.44363 2.4
      vertex 25.7251 5.44363 0
      vertex 26.1324 4.93941 2.4
    endloop
  endfacet
  facet normal -0.823856 -0.5668 0
    outer loop
      vertex 26.5001 4.40495 0
      vertex 26.5001 4.40495 2.4
      vertex 26.1324 4.93941 0
    endloop
  endfacet
  facet normal -0.823856 -0.5668 -0
    outer loop
      vertex 26.1324 4.93941 2.4
      vertex 26.1324 4.93941 0
      vertex 26.5001 4.40495 2.4
    endloop
  endfacet
  facet normal -0.865272 -0.501302 0
    outer loop
      vertex 26.826 3.84243 0
      vertex 26.826 3.84243 2.4
      vertex 26.5001 4.40495 0
    endloop
  endfacet
  facet normal -0.865272 -0.501302 -0
    outer loop
      vertex 26.5001 4.40495 2.4
      vertex 26.5001 4.40495 0
      vertex 26.826 3.84243 2.4
    endloop
  endfacet
  facet normal -0.901781 -0.432193 0
    outer loop
      vertex 27.108 3.25403 0
      vertex 27.108 3.25403 2.4
      vertex 26.826 3.84243 0
    endloop
  endfacet
  facet normal -0.901781 -0.432193 -0
    outer loop
      vertex 26.826 3.84243 2.4
      vertex 26.826 3.84243 0
      vertex 27.108 3.25403 2.4
    endloop
  endfacet
  facet normal -0.933257 -0.359209 0
    outer loop
      vertex 27.3436 2.64192 0
      vertex 27.3436 2.64192 2.4
      vertex 27.108 3.25403 0
    endloop
  endfacet
  facet normal -0.933257 -0.359209 -0
    outer loop
      vertex 27.108 3.25403 2.4
      vertex 27.108 3.25403 0
      vertex 27.3436 2.64192 2.4
    endloop
  endfacet
  facet normal -0.959023 -0.28333 0
    outer loop
      vertex 27.5308 2.00828 0
      vertex 27.5308 2.00828 2.4
      vertex 27.3436 2.64192 0
    endloop
  endfacet
  facet normal -0.959023 -0.28333 -0
    outer loop
      vertex 27.3436 2.64192 2.4
      vertex 27.3436 2.64192 0
      vertex 27.5308 2.00828 2.4
    endloop
  endfacet
  facet normal -0.978872 -0.204475 0
    outer loop
      vertex 27.6672 1.3553 0
      vertex 27.6672 1.3553 2.4
      vertex 27.5308 2.00828 0
    endloop
  endfacet
  facet normal -0.978872 -0.204475 -0
    outer loop
      vertex 27.5308 2.00828 2.4
      vertex 27.5308 2.00828 0
      vertex 27.6672 1.3553 2.4
    endloop
  endfacet
  facet normal -0.992327 -0.123642 0
    outer loop
      vertex 27.7507 0.685147 0
      vertex 27.7507 0.685147 2.4
      vertex 27.6672 1.3553 0
    endloop
  endfacet
  facet normal -0.992327 -0.123642 -0
    outer loop
      vertex 27.6672 1.3553 2.4
      vertex 27.6672 1.3553 0
      vertex 27.7507 0.685147 2.4
    endloop
  endfacet
  facet normal -0.999148 -0.0412701 0
    outer loop
      vertex 27.779 5.19039e-06 0
      vertex 27.779 5.19039e-06 2.4
      vertex 27.7507 0.685147 0
    endloop
  endfacet
  facet normal -0.999148 -0.0412701 -0
    outer loop
      vertex 27.7507 0.685147 2.4
      vertex 27.7507 0.685147 0
      vertex 27.779 5.19039e-06 2.4
    endloop
  endfacet
  facet normal -0.999148 0.0412701 0
    outer loop
      vertex 27.7507 -0.685137 0
      vertex 27.7507 -0.685137 2.4
      vertex 27.779 5.19039e-06 0
    endloop
  endfacet
  facet normal -0.999148 0.0412701 0
    outer loop
      vertex 27.779 5.19039e-06 2.4
      vertex 27.779 5.19039e-06 0
      vertex 27.7507 -0.685137 2.4
    endloop
  endfacet
  facet normal -0.992327 0.123642 0
    outer loop
      vertex 27.6672 -1.35529 0
      vertex 27.6672 -1.35529 2.4
      vertex 27.7507 -0.685137 0
    endloop
  endfacet
  facet normal -0.992327 0.123642 0
    outer loop
      vertex 27.7507 -0.685137 2.4
      vertex 27.7507 -0.685137 0
      vertex 27.6672 -1.35529 2.4
    endloop
  endfacet
  facet normal -0.978872 0.204475 0
    outer loop
      vertex 27.5308 -2.00827 0
      vertex 27.5308 -2.00827 2.4
      vertex 27.6672 -1.35529 0
    endloop
  endfacet
  facet normal -0.978872 0.204475 0
    outer loop
      vertex 27.6672 -1.35529 2.4
      vertex 27.6672 -1.35529 0
      vertex 27.5308 -2.00827 2.4
    endloop
  endfacet
  facet normal -0.959023 0.28333 0
    outer loop
      vertex 27.3436 -2.64191 0
      vertex 27.3436 -2.64191 2.4
      vertex 27.5308 -2.00827 0
    endloop
  endfacet
  facet normal -0.959023 0.28333 0
    outer loop
      vertex 27.5308 -2.00827 2.4
      vertex 27.5308 -2.00827 0
      vertex 27.3436 -2.64191 2.4
    endloop
  endfacet
  facet normal -0.933257 0.359209 0
    outer loop
      vertex 27.108 -3.25402 0
      vertex 27.108 -3.25402 2.4
      vertex 27.3436 -2.64191 0
    endloop
  endfacet
  facet normal -0.933257 0.359209 0
    outer loop
      vertex 27.3436 -2.64191 2.4
      vertex 27.3436 -2.64191 0
      vertex 27.108 -3.25402 2.4
    endloop
  endfacet
  facet normal -0.901781 0.432193 0
    outer loop
      vertex 26.826 -3.84242 0
      vertex 26.826 -3.84242 2.4
      vertex 27.108 -3.25402 0
    endloop
  endfacet
  facet normal -0.901781 0.432193 0
    outer loop
      vertex 27.108 -3.25402 2.4
      vertex 27.108 -3.25402 0
      vertex 26.826 -3.84242 2.4
    endloop
  endfacet
  facet normal -0.865272 0.501302 0
    outer loop
      vertex 26.5001 -4.40494 0
      vertex 26.5001 -4.40494 2.4
      vertex 26.826 -3.84242 0
    endloop
  endfacet
  facet normal -0.865272 0.501302 0
    outer loop
      vertex 26.826 -3.84242 2.4
      vertex 26.826 -3.84242 0
      vertex 26.5001 -4.40494 2.4
    endloop
  endfacet
  facet normal -0.823856 0.5668 0
    outer loop
      vertex 26.1324 -4.9394 0
      vertex 26.1324 -4.9394 2.4
      vertex 26.5001 -4.40494 0
    endloop
  endfacet
  facet normal -0.823856 0.5668 0
    outer loop
      vertex 26.5001 -4.40494 2.4
      vertex 26.5001 -4.40494 0
      vertex 26.1324 -4.9394 2.4
    endloop
  endfacet
  facet normal -0.777907 0.628379 0
    outer loop
      vertex 25.7251 -5.44362 0
      vertex 25.7251 -5.44362 2.4
      vertex 26.1324 -4.9394 0
    endloop
  endfacet
  facet normal -0.777907 0.628379 0
    outer loop
      vertex 26.1324 -4.9394 2.4
      vertex 26.1324 -4.9394 0
      vertex 25.7251 -5.44362 2.4
    endloop
  endfacet
  facet normal -0.727781 0.685809 0
    outer loop
      vertex 25.2805 -5.91543 0
      vertex 25.2805 -5.91543 2.4
      vertex 25.7251 -5.44362 0
    endloop
  endfacet
  facet normal -0.727781 0.685809 0
    outer loop
      vertex 25.7251 -5.44362 2.4
      vertex 25.7251 -5.44362 0
      vertex 25.2805 -5.91543 2.4
    endloop
  endfacet
  facet normal -0.673531 0.739159 0
    outer loop
      vertex 24.8007 -6.35263 0
      vertex 24.8007 -6.35263 2.4
      vertex 25.2805 -5.91543 0
    endloop
  endfacet
  facet normal -0.673531 0.739159 0
    outer loop
      vertex 25.2805 -5.91543 2.4
      vertex 25.2805 -5.91543 0
      vertex 24.8007 -6.35263 2.4
    endloop
  endfacet
  facet normal -0.615617 0.788046 0
    outer loop
      vertex 24.2881 -6.75307 0
      vertex 24.2881 -6.75307 2.4
      vertex 24.8007 -6.35263 0
    endloop
  endfacet
  facet normal -0.615617 0.788046 0
    outer loop
      vertex 24.8007 -6.35263 2.4
      vertex 24.8007 -6.35263 0
      vertex 24.2881 -6.75307 2.4
    endloop
  endfacet
  facet normal -0.553936 0.832559 0
    outer loop
      vertex 23.7448 -7.11455 0
      vertex 23.7448 -7.11455 2.4
      vertex 24.2881 -6.75307 0
    endloop
  endfacet
  facet normal -0.553936 0.832559 0
    outer loop
      vertex 24.2881 -6.75307 2.4
      vertex 24.2881 -6.75307 0
      vertex 23.7448 -7.11455 2.4
    endloop
  endfacet
  facet normal -0.488898 0.872341 0
    outer loop
      vertex 23.1732 -7.4349 0
      vertex 23.1732 -7.4349 2.4
      vertex 23.7448 -7.11455 0
    endloop
  endfacet
  facet normal -0.488898 0.872341 0
    outer loop
      vertex 23.7448 -7.11455 2.4
      vertex 23.7448 -7.11455 0
      vertex 23.1732 -7.4349 2.4
    endloop
  endfacet
  facet normal -0.420417 0.907331 0
    outer loop
      vertex 22.5753 -7.71194 0
      vertex 22.5753 -7.71194 2.4
      vertex 23.1732 -7.4349 0
    endloop
  endfacet
  facet normal -0.420417 0.907331 0
    outer loop
      vertex 23.1732 -7.4349 2.4
      vertex 23.1732 -7.4349 0
      vertex 22.5753 -7.71194 2.4
    endloop
  endfacet
  facet normal -0.348939 0.937145 0
    outer loop
      vertex 21.9534 -7.9435 0
      vertex 21.9534 -7.9435 2.4
      vertex 22.5753 -7.71194 0
    endloop
  endfacet
  facet normal -0.348939 0.937145 0
    outer loop
      vertex 22.5753 -7.71194 2.4
      vertex 22.5753 -7.71194 0
      vertex 21.9534 -7.9435 2.4
    endloop
  endfacet
  facet normal -0.274767 0.961511 0
    outer loop
      vertex 21.3099 -8.12739 0
      vertex 21.3099 -8.12739 2.4
      vertex 21.9534 -7.9435 0
    endloop
  endfacet
  facet normal -0.274767 0.961511 0
    outer loop
      vertex 21.9534 -7.9435 2.4
      vertex 21.9534 -7.9435 0
      vertex 21.3099 -8.12739 2.4
    endloop
  endfacet
  facet normal -0.198148 0.980172 0
    outer loop
      vertex 20.6468 -8.26144 0
      vertex 20.6468 -8.26144 2.4
      vertex 21.3099 -8.12739 0
    endloop
  endfacet
  facet normal -0.198148 0.980172 0
    outer loop
      vertex 21.3099 -8.12739 2.4
      vertex 21.3099 -8.12739 0
      vertex 20.6468 -8.26144 2.4
    endloop
  endfacet
  facet normal -0.119698 0.99281 0
    outer loop
      vertex 19.9665 -8.34346 0
      vertex 19.9665 -8.34346 2.4
      vertex 20.6468 -8.26144 0
    endloop
  endfacet
  facet normal -0.119698 0.99281 0
    outer loop
      vertex 20.6468 -8.26144 2.4
      vertex 20.6468 -8.26144 0
      vertex 19.9665 -8.34346 2.4
    endloop
  endfacet
  facet normal -0.0399881 0.9992 0
    outer loop
      vertex 19.2711 -8.37129 0
      vertex 19.2711 -8.37129 2.4
      vertex 19.9665 -8.34346 0
    endloop
  endfacet
  facet normal -0.0399881 0.9992 0
    outer loop
      vertex 19.9665 -8.34346 2.4
      vertex 19.9665 -8.34346 0
      vertex 19.2711 -8.37129 2.4
    endloop
  endfacet
  facet normal 0.0146953 0.999892 -0
    outer loop
      vertex 19.0105 -8.36746 0
      vertex 19.0105 -8.36746 2.4
      vertex 19.2711 -8.37129 0
    endloop
  endfacet
  facet normal 0.0146953 0.999892 0
    outer loop
      vertex 19.2711 -8.37129 2.4
      vertex 19.2711 -8.37129 0
      vertex 19.0105 -8.36746 2.4
    endloop
  endfacet
  facet normal 0.782723 0.62237 -0
    outer loop
      vertex 12.4735 -5.01314 0
      vertex 12.4735 -5.01314 2.4
      vertex 12.6565 -5.24329 0
    endloop
  endfacet
  facet normal 0.782723 0.62237 0
    outer loop
      vertex 12.6565 -5.24329 2.4
      vertex 12.6565 -5.24329 0
      vertex 12.4735 -5.01314 2.4
    endloop
  endfacet
  facet normal 0.803888 0.59478 -0
    outer loop
      vertex 12.2986 -4.77675 0
      vertex 12.2986 -4.77675 2.4
      vertex 12.4735 -5.01314 0
    endloop
  endfacet
  facet normal 0.803888 0.59478 0
    outer loop
      vertex 12.4735 -5.01314 2.4
      vertex 12.4735 -5.01314 0
      vertex 12.2986 -4.77675 2.4
    endloop
  endfacet
  facet normal 0.824165 0.56635 -0
    outer loop
      vertex 12.132 -4.53431 0
      vertex 12.132 -4.53431 2.4
      vertex 12.2986 -4.77675 0
    endloop
  endfacet
  facet normal 0.824165 0.56635 0
    outer loop
      vertex 12.2986 -4.77675 2.4
      vertex 12.2986 -4.77675 0
      vertex 12.132 -4.53431 2.4
    endloop
  endfacet
  facet normal 0.843512 0.537111 -0
    outer loop
      vertex 11.9739 -4.28602 0
      vertex 11.9739 -4.28602 2.4
      vertex 12.132 -4.53431 0
    endloop
  endfacet
  facet normal 0.843512 0.537111 0
    outer loop
      vertex 12.132 -4.53431 2.4
      vertex 12.132 -4.53431 0
      vertex 11.9739 -4.28602 2.4
    endloop
  endfacet
  facet normal 0.862039 0.506842 -0
    outer loop
      vertex 11.8246 -4.03209 0
      vertex 11.8246 -4.03209 2.4
      vertex 11.9739 -4.28602 0
    endloop
  endfacet
  facet normal 0.862039 0.506842 0
    outer loop
      vertex 11.9739 -4.28602 2.4
      vertex 11.9739 -4.28602 0
      vertex 11.8246 -4.03209 2.4
    endloop
  endfacet
  facet normal 0.879265 0.476332 -0
    outer loop
      vertex 11.6841 -3.77274 0
      vertex 11.6841 -3.77274 2.4
      vertex 11.8246 -4.03209 0
    endloop
  endfacet
  facet normal 0.879265 0.476332 0
    outer loop
      vertex 11.8246 -4.03209 2.4
      vertex 11.8246 -4.03209 0
      vertex 11.6841 -3.77274 2.4
    endloop
  endfacet
  facet normal 0.895771 0.444517 -0
    outer loop
      vertex 11.5528 -3.50815 0
      vertex 11.5528 -3.50815 2.4
      vertex 11.6841 -3.77274 0
    endloop
  endfacet
  facet normal 0.895771 0.444517 0
    outer loop
      vertex 11.6841 -3.77274 2.4
      vertex 11.6841 -3.77274 0
      vertex 11.5528 -3.50815 2.4
    endloop
  endfacet
  facet normal 0.911065 0.412262 -0
    outer loop
      vertex 11.4308 -3.23854 0
      vertex 11.4308 -3.23854 2.4
      vertex 11.5528 -3.50815 0
    endloop
  endfacet
  facet normal 0.911065 0.412262 0
    outer loop
      vertex 11.5528 -3.50815 2.4
      vertex 11.5528 -3.50815 0
      vertex 11.4308 -3.23854 2.4
    endloop
  endfacet
  facet normal 0.925266 0.379318 -0
    outer loop
      vertex 11.3183 -2.96412 0
      vertex 11.3183 -2.96412 2.4
      vertex 11.4308 -3.23854 0
    endloop
  endfacet
  facet normal 0.925266 0.379318 0
    outer loop
      vertex 11.4308 -3.23854 2.4
      vertex 11.4308 -3.23854 0
      vertex 11.3183 -2.96412 2.4
    endloop
  endfacet
  facet normal 0.938457 0.345397 -0
    outer loop
      vertex 11.2156 -2.68508 0
      vertex 11.2156 -2.68508 2.4
      vertex 11.3183 -2.96412 0
    endloop
  endfacet
  facet normal 0.938457 0.345397 0
    outer loop
      vertex 11.3183 -2.96412 2.4
      vertex 11.3183 -2.96412 0
      vertex 11.2156 -2.68508 2.4
    endloop
  endfacet
  facet normal 0.95036 0.311154 -0
    outer loop
      vertex 11.1228 -2.40164 0
      vertex 11.1228 -2.40164 2.4
      vertex 11.2156 -2.68508 0
    endloop
  endfacet
  facet normal 0.95036 0.311154 0
    outer loop
      vertex 11.2156 -2.68508 2.4
      vertex 11.2156 -2.68508 0
      vertex 11.1228 -2.40164 2.4
    endloop
  endfacet
  facet normal 0.961157 0.276001 -0
    outer loop
      vertex 11.0402 -2.11399 0
      vertex 11.0402 -2.11399 2.4
      vertex 11.1228 -2.40164 0
    endloop
  endfacet
  facet normal 0.961157 0.276001 0
    outer loop
      vertex 11.1228 -2.40164 2.4
      vertex 11.1228 -2.40164 0
      vertex 11.0402 -2.11399 2.4
    endloop
  endfacet
  facet normal 0.97062 0.240617 -0
    outer loop
      vertex 10.9679 -1.82234 0
      vertex 10.9679 -1.82234 2.4
      vertex 11.0402 -2.11399 0
    endloop
  endfacet
  facet normal 0.97062 0.240617 0
    outer loop
      vertex 11.0402 -2.11399 2.4
      vertex 11.0402 -2.11399 0
      vertex 10.9679 -1.82234 2.4
    endloop
  endfacet
  facet normal 0.978881 0.204431 -0
    outer loop
      vertex 10.9062 -1.5269 0
      vertex 10.9062 -1.5269 2.4
      vertex 10.9679 -1.82234 0
    endloop
  endfacet
  facet normal 0.978881 0.204431 0
    outer loop
      vertex 10.9679 -1.82234 2.4
      vertex 10.9679 -1.82234 0
      vertex 10.9062 -1.5269 2.4
    endloop
  endfacet
  facet normal 0.985765 0.168129 -0
    outer loop
      vertex 10.8552 -1.22788 0
      vertex 10.8552 -1.22788 2.4
      vertex 10.9062 -1.5269 0
    endloop
  endfacet
  facet normal 0.985765 0.168129 0
    outer loop
      vertex 10.9062 -1.5269 2.4
      vertex 10.9062 -1.5269 0
      vertex 10.8552 -1.22788 2.4
    endloop
  endfacet
  facet normal 0.991365 0.131128 -0
    outer loop
      vertex 10.8152 -0.925468 0
      vertex 10.8152 -0.925468 2.4
      vertex 10.8552 -1.22788 0
    endloop
  endfacet
  facet normal 0.991365 0.131128 0
    outer loop
      vertex 10.8552 -1.22788 2.4
      vertex 10.8552 -1.22788 0
      vertex 10.8152 -0.925468 2.4
    endloop
  endfacet
  facet normal 0.995588 0.0938291 -0
    outer loop
      vertex 10.7864 -0.619881 0
      vertex 10.7864 -0.619881 2.4
      vertex 10.8152 -0.925468 0
    endloop
  endfacet
  facet normal 0.995588 0.0938291 0
    outer loop
      vertex 10.8152 -0.925468 2.4
      vertex 10.8152 -0.925468 0
      vertex 10.7864 -0.619881 2.4
    endloop
  endfacet
  facet normal 0.998414 0.0563013 -0
    outer loop
      vertex 10.769 -0.31132 0
      vertex 10.769 -0.31132 2.4
      vertex 10.7864 -0.619881 0
    endloop
  endfacet
  facet normal 0.998414 0.0563013 0
    outer loop
      vertex 10.7864 -0.619881 2.4
      vertex 10.7864 -0.619881 0
      vertex 10.769 -0.31132 2.4
    endloop
  endfacet
  facet normal 0.99982 0.0189478 -0
    outer loop
      vertex 10.7631 5.19039e-06 0
      vertex 10.7631 5.19039e-06 2.4
      vertex 10.769 -0.31132 0
    endloop
  endfacet
  facet normal 0.99982 0.0189478 0
    outer loop
      vertex 10.769 -0.31132 2.4
      vertex 10.769 -0.31132 0
      vertex 10.7631 5.19039e-06 2.4
    endloop
  endfacet
  facet normal 0.99982 -0.0189477 0
    outer loop
      vertex 10.769 0.311333 0
      vertex 10.769 0.311333 2.4
      vertex 10.7631 5.19039e-06 0
    endloop
  endfacet
  facet normal 0.99982 -0.0189477 0
    outer loop
      vertex 10.7631 5.19039e-06 2.4
      vertex 10.7631 5.19039e-06 0
      vertex 10.769 0.311333 2.4
    endloop
  endfacet
  facet normal 0.998414 -0.0563019 0
    outer loop
      vertex 10.7864 0.619891 0
      vertex 10.7864 0.619891 2.4
      vertex 10.769 0.311333 0
    endloop
  endfacet
  facet normal 0.998414 -0.0563019 0
    outer loop
      vertex 10.769 0.311333 2.4
      vertex 10.769 0.311333 0
      vertex 10.7864 0.619891 2.4
    endloop
  endfacet
  facet normal 0.995588 -0.0938291 0
    outer loop
      vertex 10.8152 0.925478 0
      vertex 10.8152 0.925478 2.4
      vertex 10.7864 0.619891 0
    endloop
  endfacet
  facet normal 0.995588 -0.0938291 0
    outer loop
      vertex 10.7864 0.619891 2.4
      vertex 10.7864 0.619891 0
      vertex 10.8152 0.925478 2.4
    endloop
  endfacet
  facet normal 0.991365 -0.131128 0
    outer loop
      vertex 10.8552 1.22789 0
      vertex 10.8552 1.22789 2.4
      vertex 10.8152 0.925478 0
    endloop
  endfacet
  facet normal 0.991365 -0.131128 0
    outer loop
      vertex 10.8152 0.925478 2.4
      vertex 10.8152 0.925478 0
      vertex 10.8552 1.22789 2.4
    endloop
  endfacet
  facet normal 0.985765 -0.168129 0
    outer loop
      vertex 10.9062 1.52691 0
      vertex 10.9062 1.52691 2.4
      vertex 10.8552 1.22789 0
    endloop
  endfacet
  facet normal 0.985765 -0.168129 0
    outer loop
      vertex 10.8552 1.22789 2.4
      vertex 10.8552 1.22789 0
      vertex 10.9062 1.52691 2.4
    endloop
  endfacet
  facet normal 0.978881 -0.204431 0
    outer loop
      vertex 10.9679 1.82235 0
      vertex 10.9679 1.82235 2.4
      vertex 10.9062 1.52691 0
    endloop
  endfacet
  facet normal 0.978881 -0.204431 0
    outer loop
      vertex 10.9062 1.52691 2.4
      vertex 10.9062 1.52691 0
      vertex 10.9679 1.82235 2.4
    endloop
  endfacet
  facet normal 0.97062 -0.240617 0
    outer loop
      vertex 11.0402 2.114 0
      vertex 11.0402 2.114 2.4
      vertex 10.9679 1.82235 0
    endloop
  endfacet
  facet normal 0.97062 -0.240617 0
    outer loop
      vertex 10.9679 1.82235 2.4
      vertex 10.9679 1.82235 0
      vertex 11.0402 2.114 2.4
    endloop
  endfacet
  facet normal 0.961155 -0.27601 0
    outer loop
      vertex 11.1228 2.40164 0
      vertex 11.1228 2.40164 2.4
      vertex 11.0402 2.114 0
    endloop
  endfacet
  facet normal 0.961155 -0.27601 0
    outer loop
      vertex 11.0402 2.114 2.4
      vertex 11.0402 2.114 0
      vertex 11.1228 2.40164 2.4
    endloop
  endfacet
  facet normal 0.950363 -0.311144 0
    outer loop
      vertex 11.2156 2.68509 0
      vertex 11.2156 2.68509 2.4
      vertex 11.1228 2.40164 0
    endloop
  endfacet
  facet normal 0.950363 -0.311144 0
    outer loop
      vertex 11.1228 2.40164 2.4
      vertex 11.1228 2.40164 0
      vertex 11.2156 2.68509 2.4
    endloop
  endfacet
  facet normal 0.938457 -0.345397 0
    outer loop
      vertex 11.3183 2.96413 0
      vertex 11.3183 2.96413 2.4
      vertex 11.2156 2.68509 0
    endloop
  endfacet
  facet normal 0.938457 -0.345397 0
    outer loop
      vertex 11.2156 2.68509 2.4
      vertex 11.2156 2.68509 0
      vertex 11.3183 2.96413 2.4
    endloop
  endfacet
  facet normal 0.925266 -0.379318 0
    outer loop
      vertex 11.4308 3.23855 0
      vertex 11.4308 3.23855 2.4
      vertex 11.3183 2.96413 0
    endloop
  endfacet
  facet normal 0.925266 -0.379318 0
    outer loop
      vertex 11.3183 2.96413 2.4
      vertex 11.3183 2.96413 0
      vertex 11.4308 3.23855 2.4
    endloop
  endfacet
  facet normal 0.911065 -0.412262 0
    outer loop
      vertex 11.5528 3.50816 0
      vertex 11.5528 3.50816 2.4
      vertex 11.4308 3.23855 0
    endloop
  endfacet
  facet normal 0.911065 -0.412262 0
    outer loop
      vertex 11.4308 3.23855 2.4
      vertex 11.4308 3.23855 0
      vertex 11.5528 3.50816 2.4
    endloop
  endfacet
  facet normal 0.895764 -0.44453 0
    outer loop
      vertex 11.6841 3.77274 0
      vertex 11.6841 3.77274 2.4
      vertex 11.5528 3.50816 0
    endloop
  endfacet
  facet normal 0.895764 -0.44453 0
    outer loop
      vertex 11.5528 3.50816 2.4
      vertex 11.5528 3.50816 0
      vertex 11.6841 3.77274 2.4
    endloop
  endfacet
  facet normal 0.879273 -0.476318 0
    outer loop
      vertex 11.8246 4.0321 0
      vertex 11.8246 4.0321 2.4
      vertex 11.6841 3.77274 0
    endloop
  endfacet
  facet normal 0.879273 -0.476318 0
    outer loop
      vertex 11.6841 3.77274 2.4
      vertex 11.6841 3.77274 0
      vertex 11.8246 4.0321 2.4
    endloop
  endfacet
  facet normal 0.86203 -0.506857 0
    outer loop
      vertex 11.9739 4.28602 0
      vertex 11.9739 4.28602 2.4
      vertex 11.8246 4.0321 0
    endloop
  endfacet
  facet normal 0.86203 -0.506857 0
    outer loop
      vertex 11.8246 4.0321 2.4
      vertex 11.8246 4.0321 0
      vertex 11.9739 4.28602 2.4
    endloop
  endfacet
  facet normal 0.843512 -0.537111 0
    outer loop
      vertex 12.132 4.53431 0
      vertex 12.132 4.53431 2.4
      vertex 11.9739 4.28602 0
    endloop
  endfacet
  facet normal 0.843512 -0.537111 0
    outer loop
      vertex 11.9739 4.28602 2.4
      vertex 11.9739 4.28602 0
      vertex 12.132 4.53431 2.4
    endloop
  endfacet
  facet normal 0.824165 -0.56635 0
    outer loop
      vertex 12.2986 4.77675 0
      vertex 12.2986 4.77675 2.4
      vertex 12.132 4.53431 0
    endloop
  endfacet
  facet normal 0.824165 -0.56635 0
    outer loop
      vertex 12.132 4.53431 2.4
      vertex 12.132 4.53431 0
      vertex 12.2986 4.77675 2.4
    endloop
  endfacet
  facet normal 0.803888 -0.59478 0
    outer loop
      vertex 12.4735 5.01314 0
      vertex 12.4735 5.01314 2.4
      vertex 12.2986 4.77675 0
    endloop
  endfacet
  facet normal 0.803888 -0.59478 0
    outer loop
      vertex 12.2986 4.77675 2.4
      vertex 12.2986 4.77675 0
      vertex 12.4735 5.01314 2.4
    endloop
  endfacet
  facet normal 0.782723 -0.62237 0
    outer loop
      vertex 12.6565 5.24329 0
      vertex 12.6565 5.24329 2.4
      vertex 12.4735 5.01314 0
    endloop
  endfacet
  facet normal 0.782723 -0.62237 0
    outer loop
      vertex 12.4735 5.01314 2.4
      vertex 12.4735 5.01314 0
      vertex 12.6565 5.24329 2.4
    endloop
  endfacet
  facet normal 0.760642 -0.649171 0
    outer loop
      vertex 12.8474 5.46697 0
      vertex 12.8474 5.46697 2.4
      vertex 12.6565 5.24329 0
    endloop
  endfacet
  facet normal 0.760642 -0.649171 0
    outer loop
      vertex 12.6565 5.24329 2.4
      vertex 12.6565 5.24329 0
      vertex 12.8474 5.46697 2.4
    endloop
  endfacet
  facet normal -0.760642 -0.649171 0
    outer loop
      vertex 13.0383 5.24329 0
      vertex 13.0383 5.24329 2.4
      vertex 12.8474 5.46697 0
    endloop
  endfacet
  facet normal -0.760642 -0.649171 -0
    outer loop
      vertex 12.8474 5.46697 2.4
      vertex 12.8474 5.46697 0
      vertex 13.0383 5.24329 2.4
    endloop
  endfacet
  facet normal -0.782723 -0.62237 0
    outer loop
      vertex 13.2213 5.01314 0
      vertex 13.2213 5.01314 2.4
      vertex 13.0383 5.24329 0
    endloop
  endfacet
  facet normal -0.782723 -0.62237 -0
    outer loop
      vertex 13.0383 5.24329 2.4
      vertex 13.0383 5.24329 0
      vertex 13.2213 5.01314 2.4
    endloop
  endfacet
  facet normal -0.804051 -0.59456 0
    outer loop
      vertex 13.3961 4.77675 0
      vertex 13.3961 4.77675 2.4
      vertex 13.2213 5.01314 0
    endloop
  endfacet
  facet normal -0.804051 -0.59456 -0
    outer loop
      vertex 13.2213 5.01314 2.4
      vertex 13.2213 5.01314 0
      vertex 13.3961 4.77675 2.4
    endloop
  endfacet
  facet normal -0.824165 -0.56635 0
    outer loop
      vertex 13.5627 4.53431 0
      vertex 13.5627 4.53431 2.4
      vertex 13.3961 4.77675 0
    endloop
  endfacet
  facet normal -0.824165 -0.56635 -0
    outer loop
      vertex 13.3961 4.77675 2.4
      vertex 13.3961 4.77675 0
      vertex 13.5627 4.53431 2.4
    endloop
  endfacet
  facet normal -0.843512 -0.537111 0
    outer loop
      vertex 13.7208 4.28602 0
      vertex 13.7208 4.28602 2.4
      vertex 13.5627 4.53431 0
    endloop
  endfacet
  facet normal -0.843512 -0.537111 -0
    outer loop
      vertex 13.5627 4.53431 2.4
      vertex 13.5627 4.53431 0
      vertex 13.7208 4.28602 2.4
    endloop
  endfacet
  facet normal -0.861882 -0.507109 0
    outer loop
      vertex 13.8702 4.0321 0
      vertex 13.8702 4.0321 2.4
      vertex 13.7208 4.28602 0
    endloop
  endfacet
  facet normal -0.861882 -0.507109 -0
    outer loop
      vertex 13.7208 4.28602 2.4
      vertex 13.7208 4.28602 0
      vertex 13.8702 4.0321 2.4
    endloop
  endfacet
  facet normal -0.879415 -0.476056 0
    outer loop
      vertex 14.0106 3.77274 0
      vertex 14.0106 3.77274 2.4
      vertex 13.8702 4.0321 0
    endloop
  endfacet
  facet normal -0.879415 -0.476056 -0
    outer loop
      vertex 13.8702 4.0321 2.4
      vertex 13.8702 4.0321 0
      vertex 14.0106 3.77274 2.4
    endloop
  endfacet
  facet normal -0.895629 -0.444802 0
    outer loop
      vertex 14.142 3.50816 0
      vertex 14.142 3.50816 2.4
      vertex 14.0106 3.77274 0
    endloop
  endfacet
  facet normal -0.895629 -0.444802 -0
    outer loop
      vertex 14.0106 3.77274 2.4
      vertex 14.0106 3.77274 0
      vertex 14.142 3.50816 2.4
    endloop
  endfacet
  facet normal -0.911065 -0.412262 0
    outer loop
      vertex 14.264 3.23855 0
      vertex 14.264 3.23855 2.4
      vertex 14.142 3.50816 0
    endloop
  endfacet
  facet normal -0.911065 -0.412262 -0
    outer loop
      vertex 14.142 3.50816 2.4
      vertex 14.142 3.50816 0
      vertex 14.264 3.23855 2.4
    endloop
  endfacet
  facet normal -0.925385 -0.379029 0
    outer loop
      vertex 14.3764 2.96413 0
      vertex 14.3764 2.96413 2.4
      vertex 14.264 3.23855 0
    endloop
  endfacet
  facet normal -0.925385 -0.379029 -0
    outer loop
      vertex 14.264 3.23855 2.4
      vertex 14.264 3.23855 0
      vertex 14.3764 2.96413 2.4
    endloop
  endfacet
  facet normal -0.938457 -0.345397 0
    outer loop
      vertex 14.4791 2.68509 0
      vertex 14.4791 2.68509 2.4
      vertex 14.3764 2.96413 0
    endloop
  endfacet
  facet normal -0.938457 -0.345397 -0
    outer loop
      vertex 14.3764 2.96413 2.4
      vertex 14.3764 2.96413 0
      vertex 14.4791 2.68509 2.4
    endloop
  endfacet
  facet normal -0.950363 -0.311144 0
    outer loop
      vertex 14.5719 2.40164 0
      vertex 14.5719 2.40164 2.4
      vertex 14.4791 2.68509 0
    endloop
  endfacet
  facet normal -0.950363 -0.311144 -0
    outer loop
      vertex 14.4791 2.68509 2.4
      vertex 14.4791 2.68509 0
      vertex 14.5719 2.40164 2.4
    endloop
  endfacet
  facet normal -0.961066 -0.276318 0
    outer loop
      vertex 14.6546 2.114 0
      vertex 14.6546 2.114 2.4
      vertex 14.5719 2.40164 0
    endloop
  endfacet
  facet normal -0.961066 -0.276318 -0
    outer loop
      vertex 14.5719 2.40164 2.4
      vertex 14.5719 2.40164 0
      vertex 14.6546 2.114 2.4
    endloop
  endfacet
  facet normal -0.970698 -0.240303 0
    outer loop
      vertex 14.7268 1.82235 0
      vertex 14.7268 1.82235 2.4
      vertex 14.6546 2.114 0
    endloop
  endfacet
  facet normal -0.970698 -0.240303 -0
    outer loop
      vertex 14.6546 2.114 2.4
      vertex 14.6546 2.114 0
      vertex 14.7268 1.82235 2.4
    endloop
  endfacet
  facet normal -0.978815 -0.204748 0
    outer loop
      vertex 14.7886 1.52691 0
      vertex 14.7886 1.52691 2.4
      vertex 14.7268 1.82235 0
    endloop
  endfacet
  facet normal -0.978815 -0.204748 -0
    outer loop
      vertex 14.7268 1.82235 2.4
      vertex 14.7268 1.82235 0
      vertex 14.7886 1.52691 2.4
    endloop
  endfacet
  facet normal -0.98582 -0.167809 0
    outer loop
      vertex 14.8395 1.22789 0
      vertex 14.8395 1.22789 2.4
      vertex 14.7886 1.52691 0
    endloop
  endfacet
  facet normal -0.98582 -0.167809 -0
    outer loop
      vertex 14.7886 1.52691 2.4
      vertex 14.7886 1.52691 0
      vertex 14.8395 1.22789 2.4
    endloop
  endfacet
  facet normal -0.991365 -0.131128 0
    outer loop
      vertex 14.8795 0.925478 0
      vertex 14.8795 0.925478 2.4
      vertex 14.8395 1.22789 0
    endloop
  endfacet
  facet normal -0.991365 -0.131128 -0
    outer loop
      vertex 14.8395 1.22789 2.4
      vertex 14.8395 1.22789 0
      vertex 14.8795 0.925478 2.4
    endloop
  endfacet
  facet normal -0.995558 -0.094152 0
    outer loop
      vertex 14.9084 0.619891 0
      vertex 14.9084 0.619891 2.4
      vertex 14.8795 0.925478 0
    endloop
  endfacet
  facet normal -0.995558 -0.094152 -0
    outer loop
      vertex 14.8795 0.925478 2.4
      vertex 14.8795 0.925478 0
      vertex 14.9084 0.619891 2.4
    endloop
  endfacet
  facet normal -0.998414 -0.0563019 0
    outer loop
      vertex 14.9258 0.311333 0
      vertex 14.9258 0.311333 2.4
      vertex 14.9084 0.619891 0
    endloop
  endfacet
  facet normal -0.998414 -0.0563019 -0
    outer loop
      vertex 14.9084 0.619891 2.4
      vertex 14.9084 0.619891 0
      vertex 14.9258 0.311333 2.4
    endloop
  endfacet
  facet normal -0.99982 -0.0189477 0
    outer loop
      vertex 14.9317 5.19039e-06 0
      vertex 14.9317 5.19039e-06 2.4
      vertex 14.9258 0.311333 0
    endloop
  endfacet
  facet normal -0.99982 -0.0189477 -0
    outer loop
      vertex 14.9258 0.311333 2.4
      vertex 14.9258 0.311333 0
      vertex 14.9317 5.19039e-06 2.4
    endloop
  endfacet
  facet normal -0.99982 0.0189478 0
    outer loop
      vertex 14.9258 -0.31132 0
      vertex 14.9258 -0.31132 2.4
      vertex 14.9317 5.19039e-06 0
    endloop
  endfacet
  facet normal -0.99982 0.0189478 0
    outer loop
      vertex 14.9317 5.19039e-06 2.4
      vertex 14.9317 5.19039e-06 0
      vertex 14.9258 -0.31132 2.4
    endloop
  endfacet
  facet normal -0.998414 0.0563013 0
    outer loop
      vertex 14.9084 -0.619881 0
      vertex 14.9084 -0.619881 2.4
      vertex 14.9258 -0.31132 0
    endloop
  endfacet
  facet normal -0.998414 0.0563013 0
    outer loop
      vertex 14.9258 -0.31132 2.4
      vertex 14.9258 -0.31132 0
      vertex 14.9084 -0.619881 2.4
    endloop
  endfacet
  facet normal -0.995558 0.094152 0
    outer loop
      vertex 14.8795 -0.925468 0
      vertex 14.8795 -0.925468 2.4
      vertex 14.9084 -0.619881 0
    endloop
  endfacet
  facet normal -0.995558 0.094152 0
    outer loop
      vertex 14.9084 -0.619881 2.4
      vertex 14.9084 -0.619881 0
      vertex 14.8795 -0.925468 2.4
    endloop
  endfacet
  facet normal -0.991365 0.131128 0
    outer loop
      vertex 14.8395 -1.22788 0
      vertex 14.8395 -1.22788 2.4
      vertex 14.8795 -0.925468 0
    endloop
  endfacet
  facet normal -0.991365 0.131128 0
    outer loop
      vertex 14.8795 -0.925468 2.4
      vertex 14.8795 -0.925468 0
      vertex 14.8395 -1.22788 2.4
    endloop
  endfacet
  facet normal -0.98582 0.167809 0
    outer loop
      vertex 14.7886 -1.5269 0
      vertex 14.7886 -1.5269 2.4
      vertex 14.8395 -1.22788 0
    endloop
  endfacet
  facet normal -0.98582 0.167809 0
    outer loop
      vertex 14.8395 -1.22788 2.4
      vertex 14.8395 -1.22788 0
      vertex 14.7886 -1.5269 2.4
    endloop
  endfacet
  facet normal -0.978815 0.204748 0
    outer loop
      vertex 14.7268 -1.82234 0
      vertex 14.7268 -1.82234 2.4
      vertex 14.7886 -1.5269 0
    endloop
  endfacet
  facet normal -0.978815 0.204748 0
    outer loop
      vertex 14.7886 -1.5269 2.4
      vertex 14.7886 -1.5269 0
      vertex 14.7268 -1.82234 2.4
    endloop
  endfacet
  facet normal -0.970698 0.240303 0
    outer loop
      vertex 14.6546 -2.11399 0
      vertex 14.6546 -2.11399 2.4
      vertex 14.7268 -1.82234 0
    endloop
  endfacet
  facet normal -0.970698 0.240303 0
    outer loop
      vertex 14.7268 -1.82234 2.4
      vertex 14.7268 -1.82234 0
      vertex 14.6546 -2.11399 2.4
    endloop
  endfacet
  facet normal -0.961069 0.276309 0
    outer loop
      vertex 14.5719 -2.40164 0
      vertex 14.5719 -2.40164 2.4
      vertex 14.6546 -2.11399 0
    endloop
  endfacet
  facet normal -0.961069 0.276309 0
    outer loop
      vertex 14.6546 -2.11399 2.4
      vertex 14.6546 -2.11399 0
      vertex 14.5719 -2.40164 2.4
    endloop
  endfacet
  facet normal -0.95036 0.311154 0
    outer loop
      vertex 14.4791 -2.68508 0
      vertex 14.4791 -2.68508 2.4
      vertex 14.5719 -2.40164 0
    endloop
  endfacet
  facet normal -0.95036 0.311154 0
    outer loop
      vertex 14.5719 -2.40164 2.4
      vertex 14.5719 -2.40164 0
      vertex 14.4791 -2.68508 2.4
    endloop
  endfacet
  facet normal -0.938457 0.345397 0
    outer loop
      vertex 14.3764 -2.96412 0
      vertex 14.3764 -2.96412 2.4
      vertex 14.4791 -2.68508 0
    endloop
  endfacet
  facet normal -0.938457 0.345397 0
    outer loop
      vertex 14.4791 -2.68508 2.4
      vertex 14.4791 -2.68508 0
      vertex 14.3764 -2.96412 2.4
    endloop
  endfacet
  facet normal -0.925385 0.379029 0
    outer loop
      vertex 14.264 -3.23854 0
      vertex 14.264 -3.23854 2.4
      vertex 14.3764 -2.96412 0
    endloop
  endfacet
  facet normal -0.925385 0.379029 0
    outer loop
      vertex 14.3764 -2.96412 2.4
      vertex 14.3764 -2.96412 0
      vertex 14.264 -3.23854 2.4
    endloop
  endfacet
  facet normal -0.911065 0.412262 0
    outer loop
      vertex 14.142 -3.50815 0
      vertex 14.142 -3.50815 2.4
      vertex 14.264 -3.23854 0
    endloop
  endfacet
  facet normal -0.911065 0.412262 0
    outer loop
      vertex 14.264 -3.23854 2.4
      vertex 14.264 -3.23854 0
      vertex 14.142 -3.50815 2.4
    endloop
  endfacet
  facet normal -0.895636 0.444788 0
    outer loop
      vertex 14.0106 -3.77274 0
      vertex 14.0106 -3.77274 2.4
      vertex 14.142 -3.50815 0
    endloop
  endfacet
  facet normal -0.895636 0.444788 0
    outer loop
      vertex 14.142 -3.50815 2.4
      vertex 14.142 -3.50815 0
      vertex 14.0106 -3.77274 2.4
    endloop
  endfacet
  facet normal -0.879407 0.47607 0
    outer loop
      vertex 13.8702 -4.03209 0
      vertex 13.8702 -4.03209 2.4
      vertex 14.0106 -3.77274 0
    endloop
  endfacet
  facet normal -0.879407 0.47607 0
    outer loop
      vertex 14.0106 -3.77274 2.4
      vertex 14.0106 -3.77274 0
      vertex 13.8702 -4.03209 2.4
    endloop
  endfacet
  facet normal -0.861891 0.507094 0
    outer loop
      vertex 13.7208 -4.28602 0
      vertex 13.7208 -4.28602 2.4
      vertex 13.8702 -4.03209 0
    endloop
  endfacet
  facet normal -0.861891 0.507094 0
    outer loop
      vertex 13.8702 -4.03209 2.4
      vertex 13.8702 -4.03209 0
      vertex 13.7208 -4.28602 2.4
    endloop
  endfacet
  facet normal -0.843512 0.537111 0
    outer loop
      vertex 13.5627 -4.53431 0
      vertex 13.5627 -4.53431 2.4
      vertex 13.7208 -4.28602 0
    endloop
  endfacet
  facet normal -0.843512 0.537111 0
    outer loop
      vertex 13.7208 -4.28602 2.4
      vertex 13.7208 -4.28602 0
      vertex 13.5627 -4.53431 2.4
    endloop
  endfacet
  facet normal -0.824165 0.56635 0
    outer loop
      vertex 13.3961 -4.77675 0
      vertex 13.3961 -4.77675 2.4
      vertex 13.5627 -4.53431 0
    endloop
  endfacet
  facet normal -0.824165 0.56635 0
    outer loop
      vertex 13.5627 -4.53431 2.4
      vertex 13.5627 -4.53431 0
      vertex 13.3961 -4.77675 2.4
    endloop
  endfacet
  facet normal -0.804051 0.59456 0
    outer loop
      vertex 13.2213 -5.01314 0
      vertex 13.2213 -5.01314 2.4
      vertex 13.3961 -4.77675 0
    endloop
  endfacet
  facet normal -0.804051 0.59456 0
    outer loop
      vertex 13.3961 -4.77675 2.4
      vertex 13.3961 -4.77675 0
      vertex 13.2213 -5.01314 2.4
    endloop
  endfacet
  facet normal -0.782723 0.62237 0
    outer loop
      vertex 13.0383 -5.24329 0
      vertex 13.0383 -5.24329 2.4
      vertex 13.2213 -5.01314 0
    endloop
  endfacet
  facet normal -0.782723 0.62237 0
    outer loop
      vertex 13.2213 -5.01314 2.4
      vertex 13.2213 -5.01314 0
      vertex 13.0383 -5.24329 2.4
    endloop
  endfacet
  facet normal -0.760642 0.649171 0
    outer loop
      vertex 12.8474 -5.46697 0
      vertex 12.8474 -5.46697 2.4
      vertex 13.0383 -5.24329 0
    endloop
  endfacet
  facet normal -0.760642 0.649171 0
    outer loop
      vertex 13.0383 -5.24329 2.4
      vertex 13.0383 -5.24329 0
      vertex 12.8474 -5.46697 2.4
    endloop
  endfacet
  facet normal 0.760642 0.649171 -0
    outer loop
      vertex 12.6565 -5.24329 0
      vertex 12.6565 -5.24329 2.4
      vertex 12.8474 -5.46697 0
    endloop
  endfacet
  facet normal 0.760642 0.649171 0
    outer loop
      vertex 12.8474 -5.46697 2.4
      vertex 12.8474 -5.46697 0
      vertex 12.6565 -5.24329 2.4
    endloop
  endfacet
  facet normal 0.782745 0.622343 -0
    outer loop
      vertex -0.373874 -5.01314 0
      vertex -0.373874 -5.01314 2.4
      vertex -0.190887 -5.24329 0
    endloop
  endfacet
  facet normal 0.782745 0.622343 0
    outer loop
      vertex -0.190887 -5.24329 2.4
      vertex -0.190887 -5.24329 0
      vertex -0.373874 -5.01314 2.4
    endloop
  endfacet
  facet normal 0.8039 0.594765 -0
    outer loop
      vertex -0.548767 -4.77675 0
      vertex -0.548767 -4.77675 2.4
      vertex -0.373874 -5.01314 0
    endloop
  endfacet
  facet normal 0.8039 0.594765 0
    outer loop
      vertex -0.373874 -5.01314 2.4
      vertex -0.373874 -5.01314 0
      vertex -0.548767 -4.77675 2.4
    endloop
  endfacet
  facet normal 0.824184 0.566322 -0
    outer loop
      vertex -0.715355 -4.53431 0
      vertex -0.715355 -4.53431 2.4
      vertex -0.548767 -4.77675 0
    endloop
  endfacet
  facet normal 0.824184 0.566322 0
    outer loop
      vertex -0.548767 -4.77675 2.4
      vertex -0.548767 -4.77675 0
      vertex -0.715355 -4.53431 2.4
    endloop
  endfacet
  facet normal 0.843539 0.537067 -0
    outer loop
      vertex -0.873437 -4.28602 0
      vertex -0.873437 -4.28602 2.4
      vertex -0.715355 -4.53431 0
    endloop
  endfacet
  facet normal 0.843539 0.537067 0
    outer loop
      vertex -0.715355 -4.53431 2.4
      vertex -0.715355 -4.53431 0
      vertex -0.873437 -4.28602 2.4
    endloop
  endfacet
  facet normal 0.861945 0.507001 -0
    outer loop
      vertex -1.0228 -4.03209 0
      vertex -1.0228 -4.03209 2.4
      vertex -0.873437 -4.28602 0
    endloop
  endfacet
  facet normal 0.861945 0.507001 0
    outer loop
      vertex -0.873437 -4.28602 2.4
      vertex -0.873437 -4.28602 0
      vertex -1.0228 -4.03209 2.4
    endloop
  endfacet
  facet normal 0.879336 0.476201 -0
    outer loop
      vertex -1.16325 -3.77274 0
      vertex -1.16325 -3.77274 2.4
      vertex -1.0228 -4.03209 0
    endloop
  endfacet
  facet normal 0.879336 0.476201 0
    outer loop
      vertex -1.0228 -4.03209 2.4
      vertex -1.0228 -4.03209 0
      vertex -1.16325 -3.77274 2.4
    endloop
  endfacet
  facet normal 0.89573 0.444598 -0
    outer loop
      vertex -1.29458 -3.50815 0
      vertex -1.29458 -3.50815 2.4
      vertex -1.16325 -3.77274 0
    endloop
  endfacet
  facet normal 0.89573 0.444598 0
    outer loop
      vertex -1.16325 -3.77274 2.4
      vertex -1.16325 -3.77274 0
      vertex -1.29458 -3.50815 2.4
    endloop
  endfacet
  facet normal 0.911065 0.412262 -0
    outer loop
      vertex -1.41658 -3.23854 0
      vertex -1.41658 -3.23854 2.4
      vertex -1.29458 -3.50815 0
    endloop
  endfacet
  facet normal 0.911065 0.412262 0
    outer loop
      vertex -1.29458 -3.50815 2.4
      vertex -1.29458 -3.50815 0
      vertex -1.41658 -3.23854 2.4
    endloop
  endfacet
  facet normal 0.925302 0.379231 -0
    outer loop
      vertex -1.52905 -2.96412 0
      vertex -1.52905 -2.96412 2.4
      vertex -1.41658 -3.23854 0
    endloop
  endfacet
  facet normal 0.925302 0.379231 0
    outer loop
      vertex -1.41658 -3.23854 2.4
      vertex -1.41658 -3.23854 0
      vertex -1.52905 -2.96412 2.4
    endloop
  endfacet
  facet normal 0.938435 0.345456 -0
    outer loop
      vertex -1.63177 -2.68508 0
      vertex -1.63177 -2.68508 2.4
      vertex -1.52905 -2.96412 0
    endloop
  endfacet
  facet normal 0.938435 0.345456 0
    outer loop
      vertex -1.52905 -2.96412 2.4
      vertex -1.52905 -2.96412 0
      vertex -1.63177 -2.68508 2.4
    endloop
  endfacet
  facet normal 0.95037 0.311123 -0
    outer loop
      vertex -1.72456 -2.40164 0
      vertex -1.72456 -2.40164 2.4
      vertex -1.63177 -2.68508 0
    endloop
  endfacet
  facet normal 0.95037 0.311123 0
    outer loop
      vertex -1.63177 -2.68508 2.4
      vertex -1.63177 -2.68508 0
      vertex -1.72456 -2.40164 2.4
    endloop
  endfacet
  facet normal 0.961122 0.276124 -0
    outer loop
      vertex -1.8072 -2.11399 0
      vertex -1.8072 -2.11399 2.4
      vertex -1.72456 -2.40164 0
    endloop
  endfacet
  facet normal 0.961122 0.276124 0
    outer loop
      vertex -1.72456 -2.40164 2.4
      vertex -1.72456 -2.40164 0
      vertex -1.8072 -2.11399 2.4
    endloop
  endfacet
  facet normal 0.970636 0.240554 -0
    outer loop
      vertex -1.87948 -1.82234 0
      vertex -1.87948 -1.82234 2.4
      vertex -1.8072 -2.11399 0
    endloop
  endfacet
  facet normal 0.970636 0.240554 0
    outer loop
      vertex -1.8072 -2.11399 2.4
      vertex -1.8072 -2.11399 0
      vertex -1.87948 -1.82234 2.4
    endloop
  endfacet
  facet normal 0.978861 0.204526 -0
    outer loop
      vertex -1.94121 -1.5269 0
      vertex -1.94121 -1.5269 2.4
      vertex -1.87948 -1.82234 0
    endloop
  endfacet
  facet normal 0.978861 0.204526 0
    outer loop
      vertex -1.87948 -1.82234 2.4
      vertex -1.87948 -1.82234 0
      vertex -1.94121 -1.5269 2.4
    endloop
  endfacet
  facet normal 0.985787 0.168001 -0
    outer loop
      vertex -1.99217 -1.22788 0
      vertex -1.99217 -1.22788 2.4
      vertex -1.94121 -1.5269 0
    endloop
  endfacet
  facet normal 0.985787 0.168001 0
    outer loop
      vertex -1.94121 -1.5269 2.4
      vertex -1.94121 -1.5269 0
      vertex -1.99217 -1.22788 2.4
    endloop
  endfacet
  facet normal 0.991365 0.131128 -0
    outer loop
      vertex -2.03217 -0.925468 0
      vertex -2.03217 -0.925468 2.4
      vertex -1.99217 -1.22788 0
    endloop
  endfacet
  facet normal 0.991365 0.131128 0
    outer loop
      vertex -1.99217 -1.22788 2.4
      vertex -1.99217 -1.22788 0
      vertex -2.03217 -0.925468 2.4
    endloop
  endfacet
  facet normal 0.995582 0.0938937 -0
    outer loop
      vertex -2.06099 -0.619881 0
      vertex -2.06099 -0.619881 2.4
      vertex -2.03217 -0.925468 0
    endloop
  endfacet
  facet normal 0.995582 0.0938937 0
    outer loop
      vertex -2.03217 -0.925468 2.4
      vertex -2.03217 -0.925468 0
      vertex -2.06099 -0.619881 2.4
    endloop
  endfacet
  facet normal 0.998407 0.0564304 -0
    outer loop
      vertex -2.07843 -0.31132 0
      vertex -2.07843 -0.31132 2.4
      vertex -2.06099 -0.619881 0
    endloop
  endfacet
  facet normal 0.998407 0.0564304 0
    outer loop
      vertex -2.06099 -0.619881 2.4
      vertex -2.06099 -0.619881 0
      vertex -2.07843 -0.31132 2.4
    endloop
  endfacet
  facet normal 0.999823 0.0188194 -0
    outer loop
      vertex -2.08429 5.19039e-06 0
      vertex -2.08429 5.19039e-06 2.4
      vertex -2.07843 -0.31132 0
    endloop
  endfacet
  facet normal 0.999823 0.0188194 0
    outer loop
      vertex -2.07843 -0.31132 2.4
      vertex -2.07843 -0.31132 0
      vertex -2.08429 5.19039e-06 2.4
    endloop
  endfacet
  facet normal 0.999823 -0.0188193 0
    outer loop
      vertex -2.07843 0.311333 0
      vertex -2.07843 0.311333 2.4
      vertex -2.08429 5.19039e-06 0
    endloop
  endfacet
  facet normal 0.999823 -0.0188193 0
    outer loop
      vertex -2.08429 5.19039e-06 2.4
      vertex -2.08429 5.19039e-06 0
      vertex -2.07843 0.311333 2.4
    endloop
  endfacet
  facet normal 0.998407 -0.0564309 0
    outer loop
      vertex -2.06099 0.619891 0
      vertex -2.06099 0.619891 2.4
      vertex -2.07843 0.311333 0
    endloop
  endfacet
  facet normal 0.998407 -0.0564309 0
    outer loop
      vertex -2.07843 0.311333 2.4
      vertex -2.07843 0.311333 0
      vertex -2.06099 0.619891 2.4
    endloop
  endfacet
  facet normal 0.995582 -0.0938937 0
    outer loop
      vertex -2.03217 0.925478 0
      vertex -2.03217 0.925478 2.4
      vertex -2.06099 0.619891 0
    endloop
  endfacet
  facet normal 0.995582 -0.0938937 0
    outer loop
      vertex -2.06099 0.619891 2.4
      vertex -2.06099 0.619891 0
      vertex -2.03217 0.925478 2.4
    endloop
  endfacet
  facet normal 0.991365 -0.131128 0
    outer loop
      vertex -1.99217 1.22789 0
      vertex -1.99217 1.22789 2.4
      vertex -2.03217 0.925478 0
    endloop
  endfacet
  facet normal 0.991365 -0.131128 0
    outer loop
      vertex -2.03217 0.925478 2.4
      vertex -2.03217 0.925478 0
      vertex -1.99217 1.22789 2.4
    endloop
  endfacet
  facet normal 0.985787 -0.168001 0
    outer loop
      vertex -1.94121 1.52691 0
      vertex -1.94121 1.52691 2.4
      vertex -1.99217 1.22789 0
    endloop
  endfacet
  facet normal 0.985787 -0.168001 0
    outer loop
      vertex -1.99217 1.22789 2.4
      vertex -1.99217 1.22789 0
      vertex -1.94121 1.52691 2.4
    endloop
  endfacet
  facet normal 0.978861 -0.204526 0
    outer loop
      vertex -1.87948 1.82235 0
      vertex -1.87948 1.82235 2.4
      vertex -1.94121 1.52691 0
    endloop
  endfacet
  facet normal 0.978861 -0.204526 0
    outer loop
      vertex -1.94121 1.52691 2.4
      vertex -1.94121 1.52691 0
      vertex -1.87948 1.82235 2.4
    endloop
  endfacet
  facet normal 0.970636 -0.240554 0
    outer loop
      vertex -1.8072 2.114 0
      vertex -1.8072 2.114 2.4
      vertex -1.87948 1.82235 0
    endloop
  endfacet
  facet normal 0.970636 -0.240554 0
    outer loop
      vertex -1.87948 1.82235 2.4
      vertex -1.87948 1.82235 0
      vertex -1.8072 2.114 2.4
    endloop
  endfacet
  facet normal 0.961119 -0.276133 0
    outer loop
      vertex -1.72456 2.40164 0
      vertex -1.72456 2.40164 2.4
      vertex -1.8072 2.114 0
    endloop
  endfacet
  facet normal 0.961119 -0.276133 0
    outer loop
      vertex -1.8072 2.114 2.4
      vertex -1.8072 2.114 0
      vertex -1.72456 2.40164 2.4
    endloop
  endfacet
  facet normal 0.950373 -0.311113 0
    outer loop
      vertex -1.63177 2.68509 0
      vertex -1.63177 2.68509 2.4
      vertex -1.72456 2.40164 0
    endloop
  endfacet
  facet normal 0.950373 -0.311113 0
    outer loop
      vertex -1.72456 2.40164 2.4
      vertex -1.72456 2.40164 0
      vertex -1.63177 2.68509 2.4
    endloop
  endfacet
  facet normal 0.938435 -0.345456 0
    outer loop
      vertex -1.52905 2.96413 0
      vertex -1.52905 2.96413 2.4
      vertex -1.63177 2.68509 0
    endloop
  endfacet
  facet normal 0.938435 -0.345456 0
    outer loop
      vertex -1.63177 2.68509 2.4
      vertex -1.63177 2.68509 0
      vertex -1.52905 2.96413 2.4
    endloop
  endfacet
  facet normal 0.925302 -0.379231 0
    outer loop
      vertex -1.41658 3.23855 0
      vertex -1.41658 3.23855 2.4
      vertex -1.52905 2.96413 0
    endloop
  endfacet
  facet normal 0.925302 -0.379231 0
    outer loop
      vertex -1.52905 2.96413 2.4
      vertex -1.52905 2.96413 0
      vertex -1.41658 3.23855 2.4
    endloop
  endfacet
  facet normal 0.911065 -0.412262 0
    outer loop
      vertex -1.29458 3.50816 0
      vertex -1.29458 3.50816 2.4
      vertex -1.41658 3.23855 0
    endloop
  endfacet
  facet normal 0.911065 -0.412262 0
    outer loop
      vertex -1.41658 3.23855 2.4
      vertex -1.41658 3.23855 0
      vertex -1.29458 3.50816 2.4
    endloop
  endfacet
  facet normal 0.895723 -0.444612 0
    outer loop
      vertex -1.16325 3.77274 0
      vertex -1.16325 3.77274 2.4
      vertex -1.29458 3.50816 0
    endloop
  endfacet
  facet normal 0.895723 -0.444612 0
    outer loop
      vertex -1.29458 3.50816 2.4
      vertex -1.29458 3.50816 0
      vertex -1.16325 3.77274 2.4
    endloop
  endfacet
  facet normal 0.879344 -0.476187 0
    outer loop
      vertex -1.0228 4.0321 0
      vertex -1.0228 4.0321 2.4
      vertex -1.16325 3.77274 0
    endloop
  endfacet
  facet normal 0.879344 -0.476187 0
    outer loop
      vertex -1.16325 3.77274 2.4
      vertex -1.16325 3.77274 0
      vertex -1.0228 4.0321 2.4
    endloop
  endfacet
  facet normal 0.861937 -0.507016 0
    outer loop
      vertex -0.873437 4.28602 0
      vertex -0.873437 4.28602 2.4
      vertex -1.0228 4.0321 0
    endloop
  endfacet
  facet normal 0.861937 -0.507016 0
    outer loop
      vertex -1.0228 4.0321 2.4
      vertex -1.0228 4.0321 0
      vertex -0.873437 4.28602 2.4
    endloop
  endfacet
  facet normal 0.843539 -0.537067 0
    outer loop
      vertex -0.715355 4.53431 0
      vertex -0.715355 4.53431 2.4
      vertex -0.873437 4.28602 0
    endloop
  endfacet
  facet normal 0.843539 -0.537067 0
    outer loop
      vertex -0.873437 4.28602 2.4
      vertex -0.873437 4.28602 0
      vertex -0.715355 4.53431 2.4
    endloop
  endfacet
  facet normal 0.824184 -0.566322 0
    outer loop
      vertex -0.548767 4.77675 0
      vertex -0.548767 4.77675 2.4
      vertex -0.715355 4.53431 0
    endloop
  endfacet
  facet normal 0.824184 -0.566322 0
    outer loop
      vertex -0.715355 4.53431 2.4
      vertex -0.715355 4.53431 0
      vertex -0.548767 4.77675 2.4
    endloop
  endfacet
  facet normal 0.8039 -0.594765 0
    outer loop
      vertex -0.373874 5.01314 0
      vertex -0.373874 5.01314 2.4
      vertex -0.548767 4.77675 0
    endloop
  endfacet
  facet normal 0.8039 -0.594765 0
    outer loop
      vertex -0.548767 4.77675 2.4
      vertex -0.548767 4.77675 0
      vertex -0.373874 5.01314 2.4
    endloop
  endfacet
  facet normal 0.782745 -0.622343 0
    outer loop
      vertex -0.190887 5.24329 0
      vertex -0.190887 5.24329 2.4
      vertex -0.373874 5.01314 0
    endloop
  endfacet
  facet normal 0.782745 -0.622343 0
    outer loop
      vertex -0.373874 5.01314 2.4
      vertex -0.373874 5.01314 0
      vertex -0.190887 5.24329 2.4
    endloop
  endfacet
  facet normal 0.760673 -0.649135 0
    outer loop
      vertex -5.19039e-06 5.46697 0
      vertex -5.19039e-06 5.46697 2.4
      vertex -0.190887 5.24329 0
    endloop
  endfacet
  facet normal 0.760673 -0.649135 0
    outer loop
      vertex -0.190887 5.24329 2.4
      vertex -0.190887 5.24329 0
      vertex -5.19039e-06 5.46697 2.4
    endloop
  endfacet
  facet normal -0.760672 -0.649136 0
    outer loop
      vertex 0.190877 5.24329 0
      vertex 0.190877 5.24329 2.4
      vertex -5.19039e-06 5.46697 0
    endloop
  endfacet
  facet normal -0.760672 -0.649136 -0
    outer loop
      vertex -5.19039e-06 5.46697 2.4
      vertex -5.19039e-06 5.46697 0
      vertex 0.190877 5.24329 2.4
    endloop
  endfacet
  facet normal -0.78274 -0.622349 0
    outer loop
      vertex 0.373867 5.01314 0
      vertex 0.373867 5.01314 2.4
      vertex 0.190877 5.24329 0
    endloop
  endfacet
  facet normal -0.78274 -0.622349 -0
    outer loop
      vertex 0.190877 5.24329 2.4
      vertex 0.190877 5.24329 0
      vertex 0.373867 5.01314 2.4
    endloop
  endfacet
  facet normal -0.803901 -0.594763 0
    outer loop
      vertex 0.548759 4.77675 0
      vertex 0.548759 4.77675 2.4
      vertex 0.373867 5.01314 0
    endloop
  endfacet
  facet normal -0.803901 -0.594763 -0
    outer loop
      vertex 0.373867 5.01314 2.4
      vertex 0.373867 5.01314 0
      vertex 0.548759 4.77675 2.4
    endloop
  endfacet
  facet normal -0.824182 -0.566325 0
    outer loop
      vertex 0.715348 4.53431 0
      vertex 0.715348 4.53431 2.4
      vertex 0.548759 4.77675 0
    endloop
  endfacet
  facet normal -0.824182 -0.566325 -0
    outer loop
      vertex 0.548759 4.77675 2.4
      vertex 0.548759 4.77675 0
      vertex 0.715348 4.53431 2.4
    endloop
  endfacet
  facet normal -0.843541 -0.537065 0
    outer loop
      vertex 0.873429 4.28602 0
      vertex 0.873429 4.28602 2.4
      vertex 0.715348 4.53431 0
    endloop
  endfacet
  facet normal -0.843541 -0.537065 -0
    outer loop
      vertex 0.715348 4.53431 2.4
      vertex 0.715348 4.53431 0
      vertex 0.873429 4.28602 2.4
    endloop
  endfacet
  facet normal -0.861925 -0.507036 0
    outer loop
      vertex 1.0228 4.0321 0
      vertex 1.0228 4.0321 2.4
      vertex 0.873429 4.28602 0
    endloop
  endfacet
  facet normal -0.861925 -0.507036 -0
    outer loop
      vertex 0.873429 4.28602 2.4
      vertex 0.873429 4.28602 0
      vertex 1.0228 4.0321 2.4
    endloop
  endfacet
  facet normal -0.879344 -0.476187 0
    outer loop
      vertex 1.16325 3.77274 0
      vertex 1.16325 3.77274 2.4
      vertex 1.0228 4.0321 0
    endloop
  endfacet
  facet normal -0.879344 -0.476187 -0
    outer loop
      vertex 1.0228 4.0321 2.4
      vertex 1.0228 4.0321 0
      vertex 1.16325 3.77274 2.4
    endloop
  endfacet
  facet normal -0.895737 -0.444585 0
    outer loop
      vertex 1.29457 3.50816 0
      vertex 1.29457 3.50816 2.4
      vertex 1.16325 3.77274 0
    endloop
  endfacet
  facet normal -0.895737 -0.444585 -0
    outer loop
      vertex 1.16325 3.77274 2.4
      vertex 1.16325 3.77274 0
      vertex 1.29457 3.50816 2.4
    endloop
  endfacet
  facet normal -0.911065 -0.412262 0
    outer loop
      vertex 1.41657 3.23855 0
      vertex 1.41657 3.23855 2.4
      vertex 1.29457 3.50816 0
    endloop
  endfacet
  facet normal -0.911065 -0.412262 -0
    outer loop
      vertex 1.29457 3.50816 2.4
      vertex 1.29457 3.50816 0
      vertex 1.41657 3.23855 2.4
    endloop
  endfacet
  facet normal -0.925302 -0.379231 0
    outer loop
      vertex 1.52904 2.96413 0
      vertex 1.52904 2.96413 2.4
      vertex 1.41657 3.23855 0
    endloop
  endfacet
  facet normal -0.925302 -0.379231 -0
    outer loop
      vertex 1.41657 3.23855 2.4
      vertex 1.41657 3.23855 0
      vertex 1.52904 2.96413 2.4
    endloop
  endfacet
  facet normal -0.938424 -0.345486 0
    outer loop
      vertex 1.63177 2.68509 0
      vertex 1.63177 2.68509 2.4
      vertex 1.52904 2.96413 0
    endloop
  endfacet
  facet normal -0.938424 -0.345486 -0
    outer loop
      vertex 1.52904 2.96413 2.4
      vertex 1.52904 2.96413 0
      vertex 1.63177 2.68509 2.4
    endloop
  endfacet
  facet normal -0.950383 -0.311083 0
    outer loop
      vertex 1.72455 2.40164 0
      vertex 1.72455 2.40164 2.4
      vertex 1.63177 2.68509 0
    endloop
  endfacet
  facet normal -0.950383 -0.311083 -0
    outer loop
      vertex 1.63177 2.68509 2.4
      vertex 1.63177 2.68509 0
      vertex 1.72455 2.40164 2.4
    endloop
  endfacet
  facet normal -0.961119 -0.276133 0
    outer loop
      vertex 1.80719 2.114 0
      vertex 1.80719 2.114 2.4
      vertex 1.72455 2.40164 0
    endloop
  endfacet
  facet normal -0.961119 -0.276133 -0
    outer loop
      vertex 1.72455 2.40164 2.4
      vertex 1.72455 2.40164 0
      vertex 1.80719 2.114 2.4
    endloop
  endfacet
  facet normal -0.970636 -0.240554 0
    outer loop
      vertex 1.87947 1.82235 0
      vertex 1.87947 1.82235 2.4
      vertex 1.80719 2.114 0
    endloop
  endfacet
  facet normal -0.970636 -0.240554 -0
    outer loop
      vertex 1.80719 2.114 2.4
      vertex 1.80719 2.114 0
      vertex 1.87947 1.82235 2.4
    endloop
  endfacet
  facet normal -0.978861 -0.204526 0
    outer loop
      vertex 1.9412 1.52691 0
      vertex 1.9412 1.52691 2.4
      vertex 1.87947 1.82235 0
    endloop
  endfacet
  facet normal -0.978861 -0.204526 -0
    outer loop
      vertex 1.87947 1.82235 2.4
      vertex 1.87947 1.82235 0
      vertex 1.9412 1.52691 2.4
    endloop
  endfacet
  facet normal -0.985787 -0.168001 0
    outer loop
      vertex 1.99216 1.22789 0
      vertex 1.99216 1.22789 2.4
      vertex 1.9412 1.52691 0
    endloop
  endfacet
  facet normal -0.985787 -0.168001 -0
    outer loop
      vertex 1.9412 1.52691 2.4
      vertex 1.9412 1.52691 0
      vertex 1.99216 1.22789 2.4
    endloop
  endfacet
  facet normal -0.991365 -0.131128 0
    outer loop
      vertex 2.03216 0.925478 0
      vertex 2.03216 0.925478 2.4
      vertex 1.99216 1.22789 0
    endloop
  endfacet
  facet normal -0.991365 -0.131128 -0
    outer loop
      vertex 1.99216 1.22789 2.4
      vertex 1.99216 1.22789 0
      vertex 2.03216 0.925478 2.4
    endloop
  endfacet
  facet normal -0.995585 -0.0938614 0
    outer loop
      vertex 2.06097 0.619891 0
      vertex 2.06097 0.619891 2.4
      vertex 2.03216 0.925478 0
    endloop
  endfacet
  facet normal -0.995585 -0.0938614 -0
    outer loop
      vertex 2.03216 0.925478 2.4
      vertex 2.03216 0.925478 0
      vertex 2.06097 0.619891 2.4
    endloop
  endfacet
  facet normal -0.998405 -0.0564632 0
    outer loop
      vertex 2.07842 0.311333 0
      vertex 2.07842 0.311333 2.4
      vertex 2.06097 0.619891 0
    endloop
  endfacet
  facet normal -0.998405 -0.0564632 -0
    outer loop
      vertex 2.06097 0.619891 2.4
      vertex 2.06097 0.619891 0
      vertex 2.07842 0.311333 2.4
    endloop
  endfacet
  facet normal -0.999823 -0.0188193 0
    outer loop
      vertex 2.08428 5.19039e-06 0
      vertex 2.08428 5.19039e-06 2.4
      vertex 2.07842 0.311333 0
    endloop
  endfacet
  facet normal -0.999823 -0.0188193 -0
    outer loop
      vertex 2.07842 0.311333 2.4
      vertex 2.07842 0.311333 0
      vertex 2.08428 5.19039e-06 2.4
    endloop
  endfacet
  facet normal -0.999823 0.0188194 0
    outer loop
      vertex 2.07842 -0.31132 0
      vertex 2.07842 -0.31132 2.4
      vertex 2.08428 5.19039e-06 0
    endloop
  endfacet
  facet normal -0.999823 0.0188194 0
    outer loop
      vertex 2.08428 5.19039e-06 2.4
      vertex 2.08428 5.19039e-06 0
      vertex 2.07842 -0.31132 2.4
    endloop
  endfacet
  facet normal -0.998405 0.0564626 0
    outer loop
      vertex 2.06097 -0.619881 0
      vertex 2.06097 -0.619881 2.4
      vertex 2.07842 -0.31132 0
    endloop
  endfacet
  facet normal -0.998405 0.0564626 0
    outer loop
      vertex 2.07842 -0.31132 2.4
      vertex 2.07842 -0.31132 0
      vertex 2.06097 -0.619881 2.4
    endloop
  endfacet
  facet normal -0.995585 0.0938614 0
    outer loop
      vertex 2.03216 -0.925468 0
      vertex 2.03216 -0.925468 2.4
      vertex 2.06097 -0.619881 0
    endloop
  endfacet
  facet normal -0.995585 0.0938614 0
    outer loop
      vertex 2.06097 -0.619881 2.4
      vertex 2.06097 -0.619881 0
      vertex 2.03216 -0.925468 2.4
    endloop
  endfacet
  facet normal -0.991365 0.131128 0
    outer loop
      vertex 1.99216 -1.22788 0
      vertex 1.99216 -1.22788 2.4
      vertex 2.03216 -0.925468 0
    endloop
  endfacet
  facet normal -0.991365 0.131128 0
    outer loop
      vertex 2.03216 -0.925468 2.4
      vertex 2.03216 -0.925468 0
      vertex 1.99216 -1.22788 2.4
    endloop
  endfacet
  facet normal -0.985787 0.168001 0
    outer loop
      vertex 1.9412 -1.5269 0
      vertex 1.9412 -1.5269 2.4
      vertex 1.99216 -1.22788 0
    endloop
  endfacet
  facet normal -0.985787 0.168001 0
    outer loop
      vertex 1.99216 -1.22788 2.4
      vertex 1.99216 -1.22788 0
      vertex 1.9412 -1.5269 2.4
    endloop
  endfacet
  facet normal -0.978861 0.204526 0
    outer loop
      vertex 1.87947 -1.82234 0
      vertex 1.87947 -1.82234 2.4
      vertex 1.9412 -1.5269 0
    endloop
  endfacet
  facet normal -0.978861 0.204526 0
    outer loop
      vertex 1.9412 -1.5269 2.4
      vertex 1.9412 -1.5269 0
      vertex 1.87947 -1.82234 2.4
    endloop
  endfacet
  facet normal -0.970636 0.240554 0
    outer loop
      vertex 1.80719 -2.11399 0
      vertex 1.80719 -2.11399 2.4
      vertex 1.87947 -1.82234 0
    endloop
  endfacet
  facet normal -0.970636 0.240554 0
    outer loop
      vertex 1.87947 -1.82234 2.4
      vertex 1.87947 -1.82234 0
      vertex 1.80719 -2.11399 2.4
    endloop
  endfacet
  facet normal -0.961122 0.276124 0
    outer loop
      vertex 1.72455 -2.40164 0
      vertex 1.72455 -2.40164 2.4
      vertex 1.80719 -2.11399 0
    endloop
  endfacet
  facet normal -0.961122 0.276124 0
    outer loop
      vertex 1.80719 -2.11399 2.4
      vertex 1.80719 -2.11399 0
      vertex 1.72455 -2.40164 2.4
    endloop
  endfacet
  facet normal -0.950379 0.311093 0
    outer loop
      vertex 1.63177 -2.68508 0
      vertex 1.63177 -2.68508 2.4
      vertex 1.72455 -2.40164 0
    endloop
  endfacet
  facet normal -0.950379 0.311093 0
    outer loop
      vertex 1.72455 -2.40164 2.4
      vertex 1.72455 -2.40164 0
      vertex 1.63177 -2.68508 2.4
    endloop
  endfacet
  facet normal -0.938424 0.345486 0
    outer loop
      vertex 1.52904 -2.96412 0
      vertex 1.52904 -2.96412 2.4
      vertex 1.63177 -2.68508 0
    endloop
  endfacet
  facet normal -0.938424 0.345486 0
    outer loop
      vertex 1.63177 -2.68508 2.4
      vertex 1.63177 -2.68508 0
      vertex 1.52904 -2.96412 2.4
    endloop
  endfacet
  facet normal -0.925302 0.379231 0
    outer loop
      vertex 1.41657 -3.23854 0
      vertex 1.41657 -3.23854 2.4
      vertex 1.52904 -2.96412 0
    endloop
  endfacet
  facet normal -0.925302 0.379231 0
    outer loop
      vertex 1.52904 -2.96412 2.4
      vertex 1.52904 -2.96412 0
      vertex 1.41657 -3.23854 2.4
    endloop
  endfacet
  facet normal -0.911065 0.412262 0
    outer loop
      vertex 1.29457 -3.50815 0
      vertex 1.29457 -3.50815 2.4
      vertex 1.41657 -3.23854 0
    endloop
  endfacet
  facet normal -0.911065 0.412262 0
    outer loop
      vertex 1.41657 -3.23854 2.4
      vertex 1.41657 -3.23854 0
      vertex 1.29457 -3.50815 2.4
    endloop
  endfacet
  facet normal -0.895744 0.444571 0
    outer loop
      vertex 1.16325 -3.77274 0
      vertex 1.16325 -3.77274 2.4
      vertex 1.29457 -3.50815 0
    endloop
  endfacet
  facet normal -0.895744 0.444571 0
    outer loop
      vertex 1.29457 -3.50815 2.4
      vertex 1.29457 -3.50815 0
      vertex 1.16325 -3.77274 2.4
    endloop
  endfacet
  facet normal -0.879336 0.476201 0
    outer loop
      vertex 1.0228 -4.03209 0
      vertex 1.0228 -4.03209 2.4
      vertex 1.16325 -3.77274 0
    endloop
  endfacet
  facet normal -0.879336 0.476201 0
    outer loop
      vertex 1.16325 -3.77274 2.4
      vertex 1.16325 -3.77274 0
      vertex 1.0228 -4.03209 2.4
    endloop
  endfacet
  facet normal -0.861934 0.507021 0
    outer loop
      vertex 0.873429 -4.28602 0
      vertex 0.873429 -4.28602 2.4
      vertex 1.0228 -4.03209 0
    endloop
  endfacet
  facet normal -0.861934 0.507021 0
    outer loop
      vertex 1.0228 -4.03209 2.4
      vertex 1.0228 -4.03209 0
      vertex 0.873429 -4.28602 2.4
    endloop
  endfacet
  facet normal -0.843541 0.537065 0
    outer loop
      vertex 0.715348 -4.53431 0
      vertex 0.715348 -4.53431 2.4
      vertex 0.873429 -4.28602 0
    endloop
  endfacet
  facet normal -0.843541 0.537065 0
    outer loop
      vertex 0.873429 -4.28602 2.4
      vertex 0.873429 -4.28602 0
      vertex 0.715348 -4.53431 2.4
    endloop
  endfacet
  facet normal -0.824182 0.566325 0
    outer loop
      vertex 0.548759 -4.77675 0
      vertex 0.548759 -4.77675 2.4
      vertex 0.715348 -4.53431 0
    endloop
  endfacet
  facet normal -0.824182 0.566325 0
    outer loop
      vertex 0.715348 -4.53431 2.4
      vertex 0.715348 -4.53431 0
      vertex 0.548759 -4.77675 2.4
    endloop
  endfacet
  facet normal -0.803901 0.594763 0
    outer loop
      vertex 0.373867 -5.01314 0
      vertex 0.373867 -5.01314 2.4
      vertex 0.548759 -4.77675 0
    endloop
  endfacet
  facet normal -0.803901 0.594763 0
    outer loop
      vertex 0.548759 -4.77675 2.4
      vertex 0.548759 -4.77675 0
      vertex 0.373867 -5.01314 2.4
    endloop
  endfacet
  facet normal -0.78274 0.622349 0
    outer loop
      vertex 0.190877 -5.24329 0
      vertex 0.190877 -5.24329 2.4
      vertex 0.373867 -5.01314 0
    endloop
  endfacet
  facet normal -0.78274 0.622349 0
    outer loop
      vertex 0.373867 -5.01314 2.4
      vertex 0.373867 -5.01314 0
      vertex 0.190877 -5.24329 2.4
    endloop
  endfacet
  facet normal -0.760672 0.649136 0
    outer loop
      vertex -5.19039e-06 -5.46697 0
      vertex -5.19039e-06 -5.46697 2.4
      vertex 0.190877 -5.24329 0
    endloop
  endfacet
  facet normal -0.760672 0.649136 0
    outer loop
      vertex 0.190877 -5.24329 2.4
      vertex 0.190877 -5.24329 0
      vertex -5.19039e-06 -5.46697 2.4
    endloop
  endfacet
  facet normal 0.760673 0.649135 -0
    outer loop
      vertex -0.190887 -5.24329 0
      vertex -0.190887 -5.24329 2.4
      vertex -5.19039e-06 -5.46697 0
    endloop
  endfacet
  facet normal 0.760673 0.649135 0
    outer loop
      vertex -5.19039e-06 -5.46697 2.4
      vertex -5.19039e-06 -5.46697 0
      vertex -0.190887 -5.24329 2.4
    endloop
  endfacet
  facet normal 0.782723 0.62237 -0
    outer loop
      vertex -13.2213 -5.01314 0
      vertex -13.2213 -5.01314 2.4
      vertex -13.0383 -5.24329 0
    endloop
  endfacet
  facet normal 0.782723 0.62237 0
    outer loop
      vertex -13.0383 -5.24329 2.4
      vertex -13.0383 -5.24329 0
      vertex -13.2213 -5.01314 2.4
    endloop
  endfacet
  facet normal 0.804051 0.59456 -0
    outer loop
      vertex -13.3961 -4.77675 0
      vertex -13.3961 -4.77675 2.4
      vertex -13.2213 -5.01314 0
    endloop
  endfacet
  facet normal 0.804051 0.59456 0
    outer loop
      vertex -13.2213 -5.01314 2.4
      vertex -13.2213 -5.01314 0
      vertex -13.3961 -4.77675 2.4
    endloop
  endfacet
  facet normal 0.824165 0.56635 -0
    outer loop
      vertex -13.5627 -4.53431 0
      vertex -13.5627 -4.53431 2.4
      vertex -13.3961 -4.77675 0
    endloop
  endfacet
  facet normal 0.824165 0.56635 0
    outer loop
      vertex -13.3961 -4.77675 2.4
      vertex -13.3961 -4.77675 0
      vertex -13.5627 -4.53431 2.4
    endloop
  endfacet
  facet normal 0.843512 0.537111 -0
    outer loop
      vertex -13.7208 -4.28602 0
      vertex -13.7208 -4.28602 2.4
      vertex -13.5627 -4.53431 0
    endloop
  endfacet
  facet normal 0.843512 0.537111 0
    outer loop
      vertex -13.5627 -4.53431 2.4
      vertex -13.5627 -4.53431 0
      vertex -13.7208 -4.28602 2.4
    endloop
  endfacet
  facet normal 0.861891 0.507094 -0
    outer loop
      vertex -13.8702 -4.03209 0
      vertex -13.8702 -4.03209 2.4
      vertex -13.7208 -4.28602 0
    endloop
  endfacet
  facet normal 0.861891 0.507094 0
    outer loop
      vertex -13.7208 -4.28602 2.4
      vertex -13.7208 -4.28602 0
      vertex -13.8702 -4.03209 2.4
    endloop
  endfacet
  facet normal 0.879407 0.47607 -0
    outer loop
      vertex -14.0106 -3.77274 0
      vertex -14.0106 -3.77274 2.4
      vertex -13.8702 -4.03209 0
    endloop
  endfacet
  facet normal 0.879407 0.47607 0
    outer loop
      vertex -13.8702 -4.03209 2.4
      vertex -13.8702 -4.03209 0
      vertex -14.0106 -3.77274 2.4
    endloop
  endfacet
  facet normal 0.895636 0.444788 -0
    outer loop
      vertex -14.142 -3.50815 0
      vertex -14.142 -3.50815 2.4
      vertex -14.0106 -3.77274 0
    endloop
  endfacet
  facet normal 0.895636 0.444788 0
    outer loop
      vertex -14.0106 -3.77274 2.4
      vertex -14.0106 -3.77274 0
      vertex -14.142 -3.50815 2.4
    endloop
  endfacet
  facet normal 0.911065 0.412262 -0
    outer loop
      vertex -14.264 -3.23854 0
      vertex -14.264 -3.23854 2.4
      vertex -14.142 -3.50815 0
    endloop
  endfacet
  facet normal 0.911065 0.412262 0
    outer loop
      vertex -14.142 -3.50815 2.4
      vertex -14.142 -3.50815 0
      vertex -14.264 -3.23854 2.4
    endloop
  endfacet
  facet normal 0.925385 0.379029 -0
    outer loop
      vertex -14.3764 -2.96412 0
      vertex -14.3764 -2.96412 2.4
      vertex -14.264 -3.23854 0
    endloop
  endfacet
  facet normal 0.925385 0.379029 0
    outer loop
      vertex -14.264 -3.23854 2.4
      vertex -14.264 -3.23854 0
      vertex -14.3764 -2.96412 2.4
    endloop
  endfacet
  facet normal 0.938348 0.345693 -0
    outer loop
      vertex -14.4792 -2.68508 0
      vertex -14.4792 -2.68508 2.4
      vertex -14.3764 -2.96412 0
    endloop
  endfacet
  facet normal 0.938348 0.345693 0
    outer loop
      vertex -14.3764 -2.96412 2.4
      vertex -14.3764 -2.96412 0
      vertex -14.4792 -2.68508 2.4
    endloop
  endfacet
  facet normal 0.950459 0.310851 -0
    outer loop
      vertex -14.5719 -2.40164 0
      vertex -14.5719 -2.40164 2.4
      vertex -14.4792 -2.68508 0
    endloop
  endfacet
  facet normal 0.950459 0.310851 0
    outer loop
      vertex -14.4792 -2.68508 2.4
      vertex -14.4792 -2.68508 0
      vertex -14.5719 -2.40164 2.4
    endloop
  endfacet
  facet normal 0.961069 0.276309 -0
    outer loop
      vertex -14.6546 -2.11399 0
      vertex -14.6546 -2.11399 2.4
      vertex -14.5719 -2.40164 0
    endloop
  endfacet
  facet normal 0.961069 0.276309 0
    outer loop
      vertex -14.5719 -2.40164 2.4
      vertex -14.5719 -2.40164 0
      vertex -14.6546 -2.11399 2.4
    endloop
  endfacet
  facet normal 0.97062 0.240617 -0
    outer loop
      vertex -14.7269 -1.82234 0
      vertex -14.7269 -1.82234 2.4
      vertex -14.6546 -2.11399 0
    endloop
  endfacet
  facet normal 0.97062 0.240617 0
    outer loop
      vertex -14.6546 -2.11399 2.4
      vertex -14.6546 -2.11399 0
      vertex -14.7269 -1.82234 2.4
    endloop
  endfacet
  facet normal 0.978881 0.204431 -0
    outer loop
      vertex -14.7886 -1.5269 0
      vertex -14.7886 -1.5269 2.4
      vertex -14.7269 -1.82234 0
    endloop
  endfacet
  facet normal 0.978881 0.204431 0
    outer loop
      vertex -14.7269 -1.82234 2.4
      vertex -14.7269 -1.82234 0
      vertex -14.7886 -1.5269 2.4
    endloop
  endfacet
  facet normal 0.98582 0.167809 -0
    outer loop
      vertex -14.8395 -1.22788 0
      vertex -14.8395 -1.22788 2.4
      vertex -14.7886 -1.5269 0
    endloop
  endfacet
  facet normal 0.98582 0.167809 0
    outer loop
      vertex -14.7886 -1.5269 2.4
      vertex -14.7886 -1.5269 0
      vertex -14.8395 -1.22788 2.4
    endloop
  endfacet
  facet normal 0.991365 0.131128 -0
    outer loop
      vertex -14.8795 -0.925468 0
      vertex -14.8795 -0.925468 2.4
      vertex -14.8395 -1.22788 0
    endloop
  endfacet
  facet normal 0.991365 0.131128 0
    outer loop
      vertex -14.8395 -1.22788 2.4
      vertex -14.8395 -1.22788 0
      vertex -14.8795 -0.925468 2.4
    endloop
  endfacet
  facet normal 0.995558 0.094152 -0
    outer loop
      vertex -14.9084 -0.619881 0
      vertex -14.9084 -0.619881 2.4
      vertex -14.8795 -0.925468 0
    endloop
  endfacet
  facet normal 0.995558 0.094152 0
    outer loop
      vertex -14.8795 -0.925468 2.4
      vertex -14.8795 -0.925468 0
      vertex -14.9084 -0.619881 2.4
    endloop
  endfacet
  facet normal 0.998414 0.0563013 -0
    outer loop
      vertex -14.9258 -0.31132 0
      vertex -14.9258 -0.31132 2.4
      vertex -14.9084 -0.619881 0
    endloop
  endfacet
  facet normal 0.998414 0.0563013 0
    outer loop
      vertex -14.9084 -0.619881 2.4
      vertex -14.9084 -0.619881 0
      vertex -14.9258 -0.31132 2.4
    endloop
  endfacet
  facet normal 0.99982 0.0189478 -0
    outer loop
      vertex -14.9317 5.19039e-06 0
      vertex -14.9317 5.19039e-06 2.4
      vertex -14.9258 -0.31132 0
    endloop
  endfacet
  facet normal 0.99982 0.0189478 0
    outer loop
      vertex -14.9258 -0.31132 2.4
      vertex -14.9258 -0.31132 0
      vertex -14.9317 5.19039e-06 2.4
    endloop
  endfacet
  facet normal 0.99982 -0.0189477 0
    outer loop
      vertex -14.9258 0.311333 0
      vertex -14.9258 0.311333 2.4
      vertex -14.9317 5.19039e-06 0
    endloop
  endfacet
  facet normal 0.99982 -0.0189477 0
    outer loop
      vertex -14.9317 5.19039e-06 2.4
      vertex -14.9317 5.19039e-06 0
      vertex -14.9258 0.311333 2.4
    endloop
  endfacet
  facet normal 0.998414 -0.0563019 0
    outer loop
      vertex -14.9084 0.619891 0
      vertex -14.9084 0.619891 2.4
      vertex -14.9258 0.311333 0
    endloop
  endfacet
  facet normal 0.998414 -0.0563019 0
    outer loop
      vertex -14.9258 0.311333 2.4
      vertex -14.9258 0.311333 0
      vertex -14.9084 0.619891 2.4
    endloop
  endfacet
  facet normal 0.995558 -0.094152 0
    outer loop
      vertex -14.8795 0.925478 0
      vertex -14.8795 0.925478 2.4
      vertex -14.9084 0.619891 0
    endloop
  endfacet
  facet normal 0.995558 -0.094152 0
    outer loop
      vertex -14.9084 0.619891 2.4
      vertex -14.9084 0.619891 0
      vertex -14.8795 0.925478 2.4
    endloop
  endfacet
  facet normal 0.991365 -0.131128 0
    outer loop
      vertex -14.8395 1.22789 0
      vertex -14.8395 1.22789 2.4
      vertex -14.8795 0.925478 0
    endloop
  endfacet
  facet normal 0.991365 -0.131128 0
    outer loop
      vertex -14.8795 0.925478 2.4
      vertex -14.8795 0.925478 0
      vertex -14.8395 1.22789 2.4
    endloop
  endfacet
  facet normal 0.98582 -0.167809 0
    outer loop
      vertex -14.7886 1.52691 0
      vertex -14.7886 1.52691 2.4
      vertex -14.8395 1.22789 0
    endloop
  endfacet
  facet normal 0.98582 -0.167809 0
    outer loop
      vertex -14.8395 1.22789 2.4
      vertex -14.8395 1.22789 0
      vertex -14.7886 1.52691 2.4
    endloop
  endfacet
  facet normal 0.978881 -0.204431 0
    outer loop
      vertex -14.7269 1.82235 0
      vertex -14.7269 1.82235 2.4
      vertex -14.7886 1.52691 0
    endloop
  endfacet
  facet normal 0.978881 -0.204431 0
    outer loop
      vertex -14.7886 1.52691 2.4
      vertex -14.7886 1.52691 0
      vertex -14.7269 1.82235 2.4
    endloop
  endfacet
  facet normal 0.97062 -0.240617 0
    outer loop
      vertex -14.6546 2.114 0
      vertex -14.6546 2.114 2.4
      vertex -14.7269 1.82235 0
    endloop
  endfacet
  facet normal 0.97062 -0.240617 0
    outer loop
      vertex -14.7269 1.82235 2.4
      vertex -14.7269 1.82235 0
      vertex -14.6546 2.114 2.4
    endloop
  endfacet
  facet normal 0.961066 -0.276318 0
    outer loop
      vertex -14.5719 2.40164 0
      vertex -14.5719 2.40164 2.4
      vertex -14.6546 2.114 0
    endloop
  endfacet
  facet normal 0.961066 -0.276318 0
    outer loop
      vertex -14.6546 2.114 2.4
      vertex -14.6546 2.114 0
      vertex -14.5719 2.40164 2.4
    endloop
  endfacet
  facet normal 0.950462 -0.310841 0
    outer loop
      vertex -14.4792 2.68509 0
      vertex -14.4792 2.68509 2.4
      vertex -14.5719 2.40164 0
    endloop
  endfacet
  facet normal 0.950462 -0.310841 0
    outer loop
      vertex -14.5719 2.40164 2.4
      vertex -14.5719 2.40164 0
      vertex -14.4792 2.68509 2.4
    endloop
  endfacet
  facet normal 0.938348 -0.345693 0
    outer loop
      vertex -14.3764 2.96413 0
      vertex -14.3764 2.96413 2.4
      vertex -14.4792 2.68509 0
    endloop
  endfacet
  facet normal 0.938348 -0.345693 0
    outer loop
      vertex -14.4792 2.68509 2.4
      vertex -14.4792 2.68509 0
      vertex -14.3764 2.96413 2.4
    endloop
  endfacet
  facet normal 0.925385 -0.379029 0
    outer loop
      vertex -14.264 3.23855 0
      vertex -14.264 3.23855 2.4
      vertex -14.3764 2.96413 0
    endloop
  endfacet
  facet normal 0.925385 -0.379029 0
    outer loop
      vertex -14.3764 2.96413 2.4
      vertex -14.3764 2.96413 0
      vertex -14.264 3.23855 2.4
    endloop
  endfacet
  facet normal 0.911065 -0.412262 0
    outer loop
      vertex -14.142 3.50816 0
      vertex -14.142 3.50816 2.4
      vertex -14.264 3.23855 0
    endloop
  endfacet
  facet normal 0.911065 -0.412262 0
    outer loop
      vertex -14.264 3.23855 2.4
      vertex -14.264 3.23855 0
      vertex -14.142 3.50816 2.4
    endloop
  endfacet
  facet normal 0.895629 -0.444802 0
    outer loop
      vertex -14.0106 3.77274 0
      vertex -14.0106 3.77274 2.4
      vertex -14.142 3.50816 0
    endloop
  endfacet
  facet normal 0.895629 -0.444802 0
    outer loop
      vertex -14.142 3.50816 2.4
      vertex -14.142 3.50816 0
      vertex -14.0106 3.77274 2.4
    endloop
  endfacet
  facet normal 0.879415 -0.476056 0
    outer loop
      vertex -13.8702 4.0321 0
      vertex -13.8702 4.0321 2.4
      vertex -14.0106 3.77274 0
    endloop
  endfacet
  facet normal 0.879415 -0.476056 0
    outer loop
      vertex -14.0106 3.77274 2.4
      vertex -14.0106 3.77274 0
      vertex -13.8702 4.0321 2.4
    endloop
  endfacet
  facet normal 0.861882 -0.507109 0
    outer loop
      vertex -13.7208 4.28602 0
      vertex -13.7208 4.28602 2.4
      vertex -13.8702 4.0321 0
    endloop
  endfacet
  facet normal 0.861882 -0.507109 0
    outer loop
      vertex -13.8702 4.0321 2.4
      vertex -13.8702 4.0321 0
      vertex -13.7208 4.28602 2.4
    endloop
  endfacet
  facet normal 0.843512 -0.537111 0
    outer loop
      vertex -13.5627 4.53431 0
      vertex -13.5627 4.53431 2.4
      vertex -13.7208 4.28602 0
    endloop
  endfacet
  facet normal 0.843512 -0.537111 0
    outer loop
      vertex -13.7208 4.28602 2.4
      vertex -13.7208 4.28602 0
      vertex -13.5627 4.53431 2.4
    endloop
  endfacet
  facet normal 0.824165 -0.56635 0
    outer loop
      vertex -13.3961 4.77675 0
      vertex -13.3961 4.77675 2.4
      vertex -13.5627 4.53431 0
    endloop
  endfacet
  facet normal 0.824165 -0.56635 0
    outer loop
      vertex -13.5627 4.53431 2.4
      vertex -13.5627 4.53431 0
      vertex -13.3961 4.77675 2.4
    endloop
  endfacet
  facet normal 0.804051 -0.59456 0
    outer loop
      vertex -13.2213 5.01314 0
      vertex -13.2213 5.01314 2.4
      vertex -13.3961 4.77675 0
    endloop
  endfacet
  facet normal 0.804051 -0.59456 0
    outer loop
      vertex -13.3961 4.77675 2.4
      vertex -13.3961 4.77675 0
      vertex -13.2213 5.01314 2.4
    endloop
  endfacet
  facet normal 0.782723 -0.62237 0
    outer loop
      vertex -13.0383 5.24329 0
      vertex -13.0383 5.24329 2.4
      vertex -13.2213 5.01314 0
    endloop
  endfacet
  facet normal 0.782723 -0.62237 0
    outer loop
      vertex -13.2213 5.01314 2.4
      vertex -13.2213 5.01314 0
      vertex -13.0383 5.24329 2.4
    endloop
  endfacet
  facet normal 0.760642 -0.649171 0
    outer loop
      vertex -12.8474 5.46697 0
      vertex -12.8474 5.46697 2.4
      vertex -13.0383 5.24329 0
    endloop
  endfacet
  facet normal 0.760642 -0.649171 0
    outer loop
      vertex -13.0383 5.24329 2.4
      vertex -13.0383 5.24329 0
      vertex -12.8474 5.46697 2.4
    endloop
  endfacet
  facet normal -0.760642 -0.649171 0
    outer loop
      vertex -12.6565 5.24329 0
      vertex -12.6565 5.24329 2.4
      vertex -12.8474 5.46697 0
    endloop
  endfacet
  facet normal -0.760642 -0.649171 -0
    outer loop
      vertex -12.8474 5.46697 2.4
      vertex -12.8474 5.46697 0
      vertex -12.6565 5.24329 2.4
    endloop
  endfacet
  facet normal -0.782723 -0.62237 0
    outer loop
      vertex -12.4735 5.01314 0
      vertex -12.4735 5.01314 2.4
      vertex -12.6565 5.24329 0
    endloop
  endfacet
  facet normal -0.782723 -0.62237 -0
    outer loop
      vertex -12.6565 5.24329 2.4
      vertex -12.6565 5.24329 0
      vertex -12.4735 5.01314 2.4
    endloop
  endfacet
  facet normal -0.803888 -0.59478 0
    outer loop
      vertex -12.2986 4.77675 0
      vertex -12.2986 4.77675 2.4
      vertex -12.4735 5.01314 0
    endloop
  endfacet
  facet normal -0.803888 -0.59478 -0
    outer loop
      vertex -12.4735 5.01314 2.4
      vertex -12.4735 5.01314 0
      vertex -12.2986 4.77675 2.4
    endloop
  endfacet
  facet normal -0.824165 -0.56635 0
    outer loop
      vertex -12.132 4.53431 0
      vertex -12.132 4.53431 2.4
      vertex -12.2986 4.77675 0
    endloop
  endfacet
  facet normal -0.824165 -0.56635 -0
    outer loop
      vertex -12.2986 4.77675 2.4
      vertex -12.2986 4.77675 0
      vertex -12.132 4.53431 2.4
    endloop
  endfacet
  facet normal -0.843512 -0.537111 0
    outer loop
      vertex -11.9739 4.28602 0
      vertex -11.9739 4.28602 2.4
      vertex -12.132 4.53431 0
    endloop
  endfacet
  facet normal -0.843512 -0.537111 -0
    outer loop
      vertex -12.132 4.53431 2.4
      vertex -12.132 4.53431 0
      vertex -11.9739 4.28602 2.4
    endloop
  endfacet
  facet normal -0.86203 -0.506857 0
    outer loop
      vertex -11.8246 4.0321 0
      vertex -11.8246 4.0321 2.4
      vertex -11.9739 4.28602 0
    endloop
  endfacet
  facet normal -0.86203 -0.506857 -0
    outer loop
      vertex -11.9739 4.28602 2.4
      vertex -11.9739 4.28602 0
      vertex -11.8246 4.0321 2.4
    endloop
  endfacet
  facet normal -0.879273 -0.476318 0
    outer loop
      vertex -11.6841 3.77274 0
      vertex -11.6841 3.77274 2.4
      vertex -11.8246 4.0321 0
    endloop
  endfacet
  facet normal -0.879273 -0.476318 -0
    outer loop
      vertex -11.8246 4.0321 2.4
      vertex -11.8246 4.0321 0
      vertex -11.6841 3.77274 2.4
    endloop
  endfacet
  facet normal -0.895764 -0.44453 0
    outer loop
      vertex -11.5528 3.50816 0
      vertex -11.5528 3.50816 2.4
      vertex -11.6841 3.77274 0
    endloop
  endfacet
  facet normal -0.895764 -0.44453 -0
    outer loop
      vertex -11.6841 3.77274 2.4
      vertex -11.6841 3.77274 0
      vertex -11.5528 3.50816 2.4
    endloop
  endfacet
  facet normal -0.911065 -0.412262 0
    outer loop
      vertex -11.4308 3.23855 0
      vertex -11.4308 3.23855 2.4
      vertex -11.5528 3.50816 0
    endloop
  endfacet
  facet normal -0.911065 -0.412262 -0
    outer loop
      vertex -11.5528 3.50816 2.4
      vertex -11.5528 3.50816 0
      vertex -11.4308 3.23855 2.4
    endloop
  endfacet
  facet normal -0.925266 -0.379318 0
    outer loop
      vertex -11.3183 2.96413 0
      vertex -11.3183 2.96413 2.4
      vertex -11.4308 3.23855 0
    endloop
  endfacet
  facet normal -0.925266 -0.379318 -0
    outer loop
      vertex -11.4308 3.23855 2.4
      vertex -11.4308 3.23855 0
      vertex -11.3183 2.96413 2.4
    endloop
  endfacet
  facet normal -0.938457 -0.345397 0
    outer loop
      vertex -11.2156 2.68509 0
      vertex -11.2156 2.68509 2.4
      vertex -11.3183 2.96413 0
    endloop
  endfacet
  facet normal -0.938457 -0.345397 -0
    outer loop
      vertex -11.3183 2.96413 2.4
      vertex -11.3183 2.96413 0
      vertex -11.2156 2.68509 2.4
    endloop
  endfacet
  facet normal -0.950363 -0.311144 0
    outer loop
      vertex -11.1228 2.40164 0
      vertex -11.1228 2.40164 2.4
      vertex -11.2156 2.68509 0
    endloop
  endfacet
  facet normal -0.950363 -0.311144 -0
    outer loop
      vertex -11.2156 2.68509 2.4
      vertex -11.2156 2.68509 0
      vertex -11.1228 2.40164 2.4
    endloop
  endfacet
  facet normal -0.961155 -0.27601 0
    outer loop
      vertex -11.0402 2.114 0
      vertex -11.0402 2.114 2.4
      vertex -11.1228 2.40164 0
    endloop
  endfacet
  facet normal -0.961155 -0.27601 -0
    outer loop
      vertex -11.1228 2.40164 2.4
      vertex -11.1228 2.40164 0
      vertex -11.0402 2.114 2.4
    endloop
  endfacet
  facet normal -0.97062 -0.240617 0
    outer loop
      vertex -10.9679 1.82235 0
      vertex -10.9679 1.82235 2.4
      vertex -11.0402 2.114 0
    endloop
  endfacet
  facet normal -0.97062 -0.240617 -0
    outer loop
      vertex -11.0402 2.114 2.4
      vertex -11.0402 2.114 0
      vertex -10.9679 1.82235 2.4
    endloop
  endfacet
  facet normal -0.978881 -0.204431 0
    outer loop
      vertex -10.9062 1.52691 0
      vertex -10.9062 1.52691 2.4
      vertex -10.9679 1.82235 0
    endloop
  endfacet
  facet normal -0.978881 -0.204431 -0
    outer loop
      vertex -10.9679 1.82235 2.4
      vertex -10.9679 1.82235 0
      vertex -10.9062 1.52691 2.4
    endloop
  endfacet
  facet normal -0.985765 -0.168129 0
    outer loop
      vertex -10.8552 1.22789 0
      vertex -10.8552 1.22789 2.4
      vertex -10.9062 1.52691 0
    endloop
  endfacet
  facet normal -0.985765 -0.168129 -0
    outer loop
      vertex -10.9062 1.52691 2.4
      vertex -10.9062 1.52691 0
      vertex -10.8552 1.22789 2.4
    endloop
  endfacet
  facet normal -0.991365 -0.131128 0
    outer loop
      vertex -10.8152 0.925478 0
      vertex -10.8152 0.925478 2.4
      vertex -10.8552 1.22789 0
    endloop
  endfacet
  facet normal -0.991365 -0.131128 -0
    outer loop
      vertex -10.8552 1.22789 2.4
      vertex -10.8552 1.22789 0
      vertex -10.8152 0.925478 2.4
    endloop
  endfacet
  facet normal -0.995588 -0.0938291 0
    outer loop
      vertex -10.7864 0.619891 0
      vertex -10.7864 0.619891 2.4
      vertex -10.8152 0.925478 0
    endloop
  endfacet
  facet normal -0.995588 -0.0938291 -0
    outer loop
      vertex -10.8152 0.925478 2.4
      vertex -10.8152 0.925478 0
      vertex -10.7864 0.619891 2.4
    endloop
  endfacet
  facet normal -0.998414 -0.0563019 0
    outer loop
      vertex -10.769 0.311333 0
      vertex -10.769 0.311333 2.4
      vertex -10.7864 0.619891 0
    endloop
  endfacet
  facet normal -0.998414 -0.0563019 -0
    outer loop
      vertex -10.7864 0.619891 2.4
      vertex -10.7864 0.619891 0
      vertex -10.769 0.311333 2.4
    endloop
  endfacet
  facet normal -0.99982 -0.0189477 0
    outer loop
      vertex -10.7631 5.19039e-06 0
      vertex -10.7631 5.19039e-06 2.4
      vertex -10.769 0.311333 0
    endloop
  endfacet
  facet normal -0.99982 -0.0189477 -0
    outer loop
      vertex -10.769 0.311333 2.4
      vertex -10.769 0.311333 0
      vertex -10.7631 5.19039e-06 2.4
    endloop
  endfacet
  facet normal -0.999993 0.00385446 0
    outer loop
      vertex -10.7643 -0.31132 0
      vertex -10.7643 -0.31132 2.4
      vertex -10.7631 5.19039e-06 0
    endloop
  endfacet
  facet normal -0.999993 0.00385446 0
    outer loop
      vertex -10.7631 5.19039e-06 2.4
      vertex -10.7631 5.19039e-06 0
      vertex -10.7643 -0.31132 2.4
    endloop
  endfacet
  facet normal -0.999001 0.0446791 0
    outer loop
      vertex -10.7781 -0.619881 0
      vertex -10.7781 -0.619881 2.4
      vertex -10.7643 -0.31132 0
    endloop
  endfacet
  facet normal -0.999001 0.0446791 0
    outer loop
      vertex -10.7643 -0.31132 2.4
      vertex -10.7643 -0.31132 0
      vertex -10.7781 -0.619881 2.4
    endloop
  endfacet
  facet normal -0.9964 0.0847759 0
    outer loop
      vertex -10.8041 -0.925468 0
      vertex -10.8041 -0.925468 2.4
      vertex -10.7781 -0.619881 0
    endloop
  endfacet
  facet normal -0.9964 0.0847759 0
    outer loop
      vertex -10.7781 -0.619881 2.4
      vertex -10.7781 -0.619881 0
      vertex -10.8041 -0.925468 2.4
    endloop
  endfacet
  facet normal -0.992198 0.124676 0
    outer loop
      vertex -10.8421 -1.22788 0
      vertex -10.8421 -1.22788 2.4
      vertex -10.8041 -0.925468 0
    endloop
  endfacet
  facet normal -0.992198 0.124676 0
    outer loop
      vertex -10.8041 -0.925468 2.4
      vertex -10.8041 -0.925468 0
      vertex -10.8421 -1.22788 2.4
    endloop
  endfacet
  facet normal -0.98652 0.163639 0
    outer loop
      vertex -10.8917 -1.5269 0
      vertex -10.8917 -1.5269 2.4
      vertex -10.8421 -1.22788 0
    endloop
  endfacet
  facet normal -0.98652 0.163639 0
    outer loop
      vertex -10.8421 -1.22788 2.4
      vertex -10.8421 -1.22788 0
      vertex -10.8917 -1.5269 2.4
    endloop
  endfacet
  facet normal -0.979277 0.202524 0
    outer loop
      vertex -10.9528 -1.82234 0
      vertex -10.9528 -1.82234 2.4
      vertex -10.8917 -1.5269 0
    endloop
  endfacet
  facet normal -0.979277 0.202524 0
    outer loop
      vertex -10.8917 -1.5269 2.4
      vertex -10.8917 -1.5269 0
      vertex -10.9528 -1.82234 2.4
    endloop
  endfacet
  facet normal -0.970698 0.240303 0
    outer loop
      vertex -11.025 -2.11399 0
      vertex -11.025 -2.11399 2.4
      vertex -10.9528 -1.82234 0
    endloop
  endfacet
  facet normal -0.970698 0.240303 0
    outer loop
      vertex -10.9528 -1.82234 2.4
      vertex -10.9528 -1.82234 0
      vertex -11.025 -2.11399 2.4
    endloop
  endfacet
  facet normal -0.960802 0.277235 0
    outer loop
      vertex -11.108 -2.40164 0
      vertex -11.108 -2.40164 2.4
      vertex -11.025 -2.11399 0
    endloop
  endfacet
  facet normal -0.960802 0.277235 0
    outer loop
      vertex -11.025 -2.11399 2.4
      vertex -11.025 -2.11399 0
      vertex -11.108 -2.40164 2.4
    endloop
  endfacet
  facet normal -0.949564 0.313573 0
    outer loop
      vertex -11.2016 -2.68508 0
      vertex -11.2016 -2.68508 2.4
      vertex -11.108 -2.40164 0
    endloop
  endfacet
  facet normal -0.949564 0.313573 0
    outer loop
      vertex -11.108 -2.40164 2.4
      vertex -11.108 -2.40164 0
      vertex -11.2016 -2.68508 2.4
    endloop
  endfacet
  facet normal -0.937144 0.348944 0
    outer loop
      vertex -11.3055 -2.96412 0
      vertex -11.3055 -2.96412 2.4
      vertex -11.2016 -2.68508 0
    endloop
  endfacet
  facet normal -0.937144 0.348944 0
    outer loop
      vertex -11.2016 -2.68508 2.4
      vertex -11.2016 -2.68508 0
      vertex -11.3055 -2.96412 2.4
    endloop
  endfacet
  facet normal -0.923604 0.383348 0
    outer loop
      vertex -11.4194 -3.23854 0
      vertex -11.4194 -3.23854 2.4
      vertex -11.3055 -2.96412 0
    endloop
  endfacet
  facet normal -0.923604 0.383348 0
    outer loop
      vertex -11.3055 -2.96412 2.4
      vertex -11.3055 -2.96412 0
      vertex -11.4194 -3.23854 2.4
    endloop
  endfacet
  facet normal -0.909156 0.416456 0
    outer loop
      vertex -11.5429 -3.50815 0
      vertex -11.5429 -3.50815 2.4
      vertex -11.4194 -3.23854 0
    endloop
  endfacet
  facet normal -0.909156 0.416456 0
    outer loop
      vertex -11.4194 -3.23854 2.4
      vertex -11.4194 -3.23854 0
      vertex -11.5429 -3.50815 2.4
    endloop
  endfacet
  facet normal -0.893337 0.449387 0
    outer loop
      vertex -11.676 -3.77274 0
      vertex -11.676 -3.77274 2.4
      vertex -11.5429 -3.50815 0
    endloop
  endfacet
  facet normal -0.893337 0.449387 0
    outer loop
      vertex -11.5429 -3.50815 2.4
      vertex -11.5429 -3.50815 0
      vertex -11.676 -3.77274 2.4
    endloop
  endfacet
  facet normal -0.876989 0.48051 0
    outer loop
      vertex -11.8181 -4.03209 0
      vertex -11.8181 -4.03209 2.4
      vertex -11.676 -3.77274 0
    endloop
  endfacet
  facet normal -0.876989 0.48051 0
    outer loop
      vertex -11.676 -3.77274 2.4
      vertex -11.676 -3.77274 0
      vertex -11.8181 -4.03209 2.4
    endloop
  endfacet
  facet normal -0.859514 0.511112 0
    outer loop
      vertex -11.9691 -4.28602 0
      vertex -11.9691 -4.28602 2.4
      vertex -11.8181 -4.03209 0
    endloop
  endfacet
  facet normal -0.859514 0.511112 0
    outer loop
      vertex -11.8181 -4.03209 2.4
      vertex -11.8181 -4.03209 0
      vertex -11.9691 -4.28602 2.4
    endloop
  endfacet
  facet normal -0.841202 0.540722 0
    outer loop
      vertex -12.1287 -4.53431 0
      vertex -12.1287 -4.53431 2.4
      vertex -11.9691 -4.28602 0
    endloop
  endfacet
  facet normal -0.841202 0.540722 0
    outer loop
      vertex -11.9691 -4.28602 2.4
      vertex -11.9691 -4.28602 0
      vertex -12.1287 -4.53431 2.4
    endloop
  endfacet
  facet normal -0.821943 0.56957 0
    outer loop
      vertex -12.2967 -4.77675 0
      vertex -12.2967 -4.77675 2.4
      vertex -12.1287 -4.53431 0
    endloop
  endfacet
  facet normal -0.821943 0.56957 0
    outer loop
      vertex -12.1287 -4.53431 2.4
      vertex -12.1287 -4.53431 0
      vertex -12.2967 -4.77675 2.4
    endloop
  endfacet
  facet normal -0.802263 0.596971 0
    outer loop
      vertex -12.4726 -5.01314 0
      vertex -12.4726 -5.01314 2.4
      vertex -12.2967 -4.77675 0
    endloop
  endfacet
  facet normal -0.802263 0.596971 0
    outer loop
      vertex -12.2967 -4.77675 2.4
      vertex -12.2967 -4.77675 0
      vertex -12.4726 -5.01314 2.4
    endloop
  endfacet
  facet normal -0.781564 0.623825 0
    outer loop
      vertex -12.6563 -5.24329 0
      vertex -12.6563 -5.24329 2.4
      vertex -12.4726 -5.01314 0
    endloop
  endfacet
  facet normal -0.781564 0.623825 0
    outer loop
      vertex -12.4726 -5.01314 2.4
      vertex -12.4726 -5.01314 0
      vertex -12.6563 -5.24329 2.4
    endloop
  endfacet
  facet normal -0.760307 0.649564 0
    outer loop
      vertex -12.8474 -5.46697 0
      vertex -12.8474 -5.46697 2.4
      vertex -12.6563 -5.24329 0
    endloop
  endfacet
  facet normal -0.760307 0.649564 0
    outer loop
      vertex -12.6563 -5.24329 2.4
      vertex -12.6563 -5.24329 0
      vertex -12.8474 -5.46697 2.4
    endloop
  endfacet
  facet normal 0.760642 0.649171 -0
    outer loop
      vertex -13.0383 -5.24329 0
      vertex -13.0383 -5.24329 2.4
      vertex -12.8474 -5.46697 0
    endloop
  endfacet
  facet normal 0.760642 0.649171 0
    outer loop
      vertex -12.8474 -5.46697 2.4
      vertex -12.8474 -5.46697 0
      vertex -13.0383 -5.24329 2.4
    endloop
  endfacet
endsolid OpenSCAD_Model
