solid OpenSCAD_Model
  facet normal 0 0 -1
    outer loop
      vertex 27.3041 1.72414 0
      vertex 26.7398 3.04075 0
      vertex 29.6238 2.47649 0
    endloop
  endfacet
  facet normal 0 0 -1
    outer loop
      vertex 27.4922 0.909089 0
      vertex 29.6238 2.47649 0
      vertex 29.9373 1.09718 0
    endloop
  endfacet
  facet normal 0 0 -1
    outer loop
      vertex 25.7994 4.42006 0
      vertex 28.1191 5.3605 0
      vertex 26.7398 3.04075 0
    endloop
  endfacet
  facet normal -0 0 -1
    outer loop
      vertex 28.1191 5.3605 0
      vertex 25.7994 4.42006 0
      vertex 25.674 7.93104 0
    endloop
  endfacet
  facet normal 0 0 -1
    outer loop
      vertex 27.4922 0.470219 0
      vertex 27.4922 0.909089 0
      vertex 27.5549 0.407522 0
    endloop
  endfacet
  facet normal 0 0 -1
    outer loop
      vertex 22.6646 10.0627 0
      vertex 25.674 7.93104 0
      vertex 22.7273 7.24138 0
    endloop
  endfacet
  facet normal 0 0 -1
    outer loop
      vertex 11.3793 6.61442 0
      vertex 12.069 6.9906 0
      vertex 18.0251 1.34796 0
    endloop
  endfacet
  facet normal 0 0 -1
    outer loop
      vertex 16.0815 10.1254 0
      vertex 15.768 10.4389 0
      vertex 19.0909 11.8182 0
    endloop
  endfacet
  facet normal 0 0 -1
    outer loop
      vertex 15.2665 10.6897 0
      vertex 13.8871 11.0031 0
      vertex 14.326 13.4483 0
    endloop
  endfacet
  facet normal 0 0 -1
    outer loop
      vertex 14.326 13.4483 0
      vertex 13.6364 11.1285 0
      vertex 13.1348 11.1912 0
    endloop
  endfacet
  facet normal 0 0 -1
    outer loop
      vertex 6.9906 12.3824 0
      vertex 8.74608 14.6395 0
      vertex 7.42947 12.3197 0
    endloop
  endfacet
  facet normal 0 0 -1
    outer loop
      vertex 5.2978 12.5705 0
      vertex 3.73041 12.6332 0
      vertex 3.66771 12.6959 0
    endloop
  endfacet
  facet normal 0 0 -1
    outer loop
      vertex 27.4922 -6.11285 0
      vertex 26.1129 -4.04389 0
      vertex 26.5517 -3.35423 0
    endloop
  endfacet
  facet normal 0 0 -1
    outer loop
      vertex -0.344828 12.7586 0
      vertex -0.407522 12.6959 0
      vertex -0.971786 12.6332 0
    endloop
  endfacet
  facet normal 0 -0 -1
    outer loop
      vertex 8.05643 5.10972 0
      vertex 8.18182 5.10972 0
      vertex 6.61442 4.48276 0
    endloop
  endfacet
  facet normal 0 -0 -1
    outer loop
      vertex -1.15987 2.10031 0
      vertex -1.03448 -2.66457 0
      vertex -1.97492 1.97492 0
    endloop
  endfacet
  facet normal -0 0 -1
    outer loop
      vertex -6.05016 3.04075 0
      vertex -15.7053 2.91536 0
      vertex -6.30094 3.60501 0
    endloop
  endfacet
  facet normal -0 0 -1
    outer loop
      vertex -26.6144 -3.41693 0
      vertex -28.9969 -4.04389 0
      vertex -27.116 -2.41379 0
    endloop
  endfacet
  facet normal -0 0 -1
    outer loop
      vertex -26.1129 -4.16928 0
      vertex -28.1191 -5.4232 0
      vertex -26.6144 -3.41693 0
    endloop
  endfacet
  facet normal -0 0 -1
    outer loop
      vertex -24.4828 -5.92476 0
      vertex -25.6113 -8.05643 0
      vertex -25.6113 -4.79624 0
    endloop
  endfacet
  facet normal 0 0 -1
    outer loop
      vertex -27.116 -2.41379 0
      vertex -28.9969 -4.04389 0
      vertex -29.6865 -2.47649 0
    endloop
  endfacet
  facet normal 0 0 -1
    outer loop
      vertex -25.6113 -8.05643 0
      vertex -23.7931 -6.48903 0
      vertex -22.7273 -7.24138 0
    endloop
  endfacet
  facet normal 0 0 -1
    outer loop
      vertex -15.7053 2.91536 0
      vertex -14.3887 5.04702 0
      vertex -6.30094 3.60501 0
    endloop
  endfacet
  facet normal 0 0 -1
    outer loop
      vertex -27.4295 1.28526 0
      vertex -29.373 3.10345 0
      vertex -27.0533 2.3511 0
    endloop
  endfacet
  facet normal 0 0 -1
    outer loop
      vertex -22.4138 -10.2508 0
      vertex -21.8495 -7.74295 0
      vertex -21.4734 -7.80564 0
    endloop
  endfacet
  facet normal 0 0 -1
    outer loop
      vertex -3.47962 -12.7586 0
      vertex -5.04702 -12.6332 0
      vertex -3.54232 -12.6959 0
    endloop
  endfacet
  facet normal 0 0 -1
    outer loop
      vertex -4.48276 2.03762 0
      vertex -3.60501 1.97492 0
      vertex -3.54232 1.91223 0
    endloop
  endfacet
  facet normal 0 0 -1
    outer loop
      vertex -6.30094 3.60501 0
      vertex -14.3887 5.04702 0
      vertex -6.36363 3.91849 0
    endloop
  endfacet
  facet normal 0 0 -1
    outer loop
      vertex -2.41379 -15.2665 0
      vertex -0.59561 -12.884 0
      vertex -0.219434 -12.884 0
    endloop
  endfacet
  facet normal 0 0 -1
    outer loop
      vertex -9.37304 -5.67398 0
      vertex -15.7053 2.91536 0
      vertex -8.93417 -5.48589 0
    endloop
  endfacet
  facet normal 0 0 -1
    outer loop
      vertex -9.81191 11.1285 0
      vertex -9.62382 11.442 0
      vertex -4.79624 9.18495 0
    endloop
  endfacet
  facet normal -0 0 -1
    outer loop
      vertex -18.7147 9.37304 0
      vertex -21.348 8.05643 0
      vertex -19.7179 11.5047 0
    endloop
  endfacet
  facet normal 0 0 -1
    outer loop
      vertex -5.04702 -12.6332 0
      vertex -6.30094 -12.5078 0
      vertex -5.10972 -12.5705 0
    endloop
  endfacet
  facet normal 0 0 -1
    outer loop
      vertex -6.36363 3.91849 0
      vertex -6.30094 3.8558 0
      vertex -6.30094 3.60501 0
    endloop
  endfacet
  facet normal 0 0 -1
    outer loop
      vertex -16.9592 0.721001 0
      vertex -9.9373 -5.92476 0
      vertex -11.8182 -6.8652 0
    endloop
  endfacet
  facet normal 0 0 -1
    outer loop
      vertex -21.0972 -7.55486 0
      vertex -16.0815 -9.9373 0
      vertex -19.2163 -11.8182 0
    endloop
  endfacet
  facet normal 0 0 -1
    outer loop
      vertex -19.2163 -11.8182 0
      vertex -22.4138 -10.2508 0
      vertex -21.4734 -7.80564 0
    endloop
  endfacet
  facet normal 0 0 -1
    outer loop
      vertex -6.17555 6.11285 0
      vertex -10.815 10 0
      vertex -5.73668 7.30407 0
    endloop
  endfacet
  facet normal 0 0 -1
    outer loop
      vertex -9.81191 11.1285 0
      vertex -4.79624 9.18495 0
      vertex -5.48589 7.86834 0
    endloop
  endfacet
  facet normal 0 0 -1
    outer loop
      vertex -6.36363 5.2978 0
      vertex -12.8213 7.36677 0
      vertex -6.17555 6.11285 0
    endloop
  endfacet
  facet normal 0 0 -1
    outer loop
      vertex -6.36363 5.2978 0
      vertex -6.17555 6.11285 0
      vertex -6.30094 5.3605 0
    endloop
  endfacet
  facet normal 0 -0 -1
    outer loop
      vertex -5.48589 7.86834 0
      vertex -5.48589 7.74295 0
      vertex -5.73668 7.30407 0
    endloop
  endfacet
  facet normal 0 -0 -1
    outer loop
      vertex -15.2665 13.1348 0
      vertex -13.8871 11.0658 0
      vertex -16.5204 10.2508 0
    endloop
  endfacet
  facet normal 0 0 -1
    outer loop
      vertex -3.98119 10.3762 0
      vertex -9.62382 11.442 0
      vertex -9.68652 11.6928 0
    endloop
  endfacet
  facet normal 0 0 -1
    outer loop
      vertex -4.23198 15.1411 0
      vertex -9.68652 11.6928 0
      vertex -9.81191 14.3887 0
    endloop
  endfacet
  facet normal 0 0 -1
    outer loop
      vertex -4.79624 9.18495 0
      vertex -9.62382 11.442 0
      vertex -3.98119 10.3762 0
    endloop
  endfacet
  facet normal 0 -0 -1
    outer loop
      vertex 0.846394 2.60188 0
      vertex 1.34796 -2.10031 0
      vertex 0.15674 2.41379 0
    endloop
  endfacet
  facet normal 0 -0 -1
    outer loop
      vertex -9.81191 14.3887 0
      vertex -9.68652 11.6928 0
      vertex -10 11.8182 0
    endloop
  endfacet
  facet normal 0 0 -1
    outer loop
      vertex -3.98119 10.3762 0
      vertex -4.23198 15.1411 0
      vertex -2.91536 11.5047 0
    endloop
  endfacet
  facet normal 0 0 -1
    outer loop
      vertex -2.91536 11.5047 0
      vertex -4.23198 15.1411 0
      vertex -1.97492 12.1944 0
    endloop
  endfacet
  facet normal 0 0 -1
    outer loop
      vertex -1.97492 12.1944 0
      vertex -4.23198 15.1411 0
      vertex -0.971786 12.6332 0
    endloop
  endfacet
  facet normal 0 0 -1
    outer loop
      vertex -4.23198 15.1411 0
      vertex 2.3511 15.2665 0
      vertex -0.344828 12.7586 0
    endloop
  endfacet
  facet normal 0 0 -1
    outer loop
      vertex -0.344828 12.7586 0
      vertex 2.3511 15.2665 0
      vertex 2.47649 12.7586 0
    endloop
  endfacet
  facet normal 0 0 -1
    outer loop
      vertex -4.23198 15.1411 0
      vertex -0.344828 12.7586 0
      vertex -0.971786 12.6332 0
    endloop
  endfacet
  facet normal 0 0 -1
    outer loop
      vertex 2.47649 12.7586 0
      vertex 3.66771 12.6959 0
      vertex 2.53918 12.6959 0
    endloop
  endfacet
  facet normal 0 0 -1
    outer loop
      vertex 2.47649 12.7586 0
      vertex 2.3511 15.2665 0
      vertex 3.66771 12.6959 0
    endloop
  endfacet
  facet normal 0 0 -1
    outer loop
      vertex 3.66771 12.6959 0
      vertex 2.3511 15.2665 0
      vertex 5.2978 12.5705 0
    endloop
  endfacet
  facet normal 0 0 -1
    outer loop
      vertex 2.3511 15.2665 0
      vertex 8.74608 14.6395 0
      vertex 5.2978 12.5705 0
    endloop
  endfacet
  facet normal 0 0 -1
    outer loop
      vertex 5.2978 12.5705 0
      vertex 5.92476 12.5078 0
      vertex 5.3605 12.5078 0
    endloop
  endfacet
  facet normal 0 0 -1
    outer loop
      vertex 5.2978 12.5705 0
      vertex 8.74608 14.6395 0
      vertex 5.92476 12.5078 0
    endloop
  endfacet
  facet normal 0 0 -1
    outer loop
      vertex 5.98746 12.4451 0
      vertex 5.92476 12.5078 0
      vertex 6.48903 12.4451 0
    endloop
  endfacet
  facet normal 0 0 -1
    outer loop
      vertex 6.48903 12.4451 0
      vertex 5.92476 12.5078 0
      vertex 8.74608 14.6395 0
    endloop
  endfacet
  facet normal 0 0 -1
    outer loop
      vertex 6.55172 12.3824 0
      vertex 6.48903 12.4451 0
      vertex 6.9906 12.3824 0
    endloop
  endfacet
  facet normal 0 0 -1
    outer loop
      vertex 6.9906 12.3824 0
      vertex 6.48903 12.4451 0
      vertex 8.74608 14.6395 0
    endloop
  endfacet
  facet normal 0 0 -1
    outer loop
      vertex 7.05329 12.3197 0
      vertex 6.9906 12.3824 0
      vertex 7.42947 12.3197 0
    endloop
  endfacet
  facet normal 0 0 -1
    outer loop
      vertex 7.42947 12.3197 0
      vertex 8.74608 14.6395 0
      vertex 7.93104 12.2571 0
    endloop
  endfacet
  facet normal 0 0 -1
    outer loop
      vertex 7.42947 12.3197 0
      vertex 7.93104 12.2571 0
      vertex 7.49216 12.2571 0
    endloop
  endfacet
  facet normal 0 0 -1
    outer loop
      vertex 7.99373 12.1944 0
      vertex 8.74608 14.6395 0
      vertex 10.1881 11.8809 0
    endloop
  endfacet
  facet normal 0 0 -1
    outer loop
      vertex 7.93104 12.2571 0
      vertex 8.74608 14.6395 0
      vertex 7.99373 12.1944 0
    endloop
  endfacet
  facet normal 0 0 -1
    outer loop
      vertex 10.1881 11.8809 0
      vertex 8.74608 14.6395 0
      vertex 11.7555 11.5674 0
    endloop
  endfacet
  facet normal 0 0 -1
    outer loop
      vertex 10.2508 11.8182 0
      vertex 10.1881 11.8809 0
      vertex 11.7555 11.5674 0
    endloop
  endfacet
  facet normal 0 0 -1
    outer loop
      vertex 8.74608 14.6395 0
      vertex 14.326 13.4483 0
      vertex 11.7555 11.5674 0
    endloop
  endfacet
  facet normal 0 0 -1
    outer loop
      vertex 11.7555 11.5674 0
      vertex 14.326 13.4483 0
      vertex 13.1348 11.1912 0
    endloop
  endfacet
  facet normal -0 0 -1
    outer loop
      vertex 17.4608 0.282131 0
      vertex 17.1473 -0.407522 0
      vertex 11.3793 6.61442 0
    endloop
  endfacet
  facet normal 0 0 -1
    outer loop
      vertex 14.326 13.4483 0
      vertex 13.8871 11.0031 0
      vertex 13.6364 11.1285 0
    endloop
  endfacet
  facet normal 0 0 -1
    outer loop
      vertex 15.768 10.4389 0
      vertex 15.2665 10.6897 0
      vertex 14.326 13.4483 0
    endloop
  endfacet
  facet normal -0 0 -1
    outer loop
      vertex 19.0909 11.8182 0
      vertex 15.768 10.4389 0
      vertex 14.326 13.4483 0
    endloop
  endfacet
  facet normal 0 0 -1
    outer loop
      vertex 16.0188 9.74922 0
      vertex 16.0815 10.1254 0
      vertex 19.0909 11.8182 0
    endloop
  endfacet
  facet normal 0 0 -1
    outer loop
      vertex 15.0157 8.87147 0
      vertex 16.0188 9.74922 0
      vertex 20.1567 5.61129 0
    endloop
  endfacet
  facet normal -0 0 -1
    outer loop
      vertex 17.5862 0.407522 0
      vertex 17.4608 0.282131 0
      vertex 18.0251 1.34796 0
    endloop
  endfacet
  facet normal 0 0 -1
    outer loop
      vertex 17.1473 -0.407522 0
      vertex 8.18182 5.10972 0
      vertex 11.3793 6.61442 0
    endloop
  endfacet
  facet normal -0 0 -1
    outer loop
      vertex 17.1473 -0.407522 0
      vertex 15.768 -2.85266 0
      vertex 8.18182 5.10972 0
    endloop
  endfacet
  facet normal 0 0 -1
    outer loop
      vertex 11.3793 6.61442 0
      vertex 11.5047 6.73981 0
      vertex 12.069 6.9906 0
    endloop
  endfacet
  facet normal 0 0 -1
    outer loop
      vertex 5.61129 4.10658 0
      vertex 5.4232 -2.47649 0
      vertex 4.85893 -2.16301 0
    endloop
  endfacet
  facet normal 0 -0 -1
    outer loop
      vertex 1.97492 2.91536 0
      vertex 2.2884 -1.97492 0
      vertex 1.53605 2.85266 0
    endloop
  endfacet
  facet normal 0 0 -1
    outer loop
      vertex 15.2665 -13.1348 0
      vertex 11.1912 -11.6928 0
      vertex 13.6991 -11.1285 0
    endloop
  endfacet
  facet normal 0 0 -1
    outer loop
      vertex 1.66144 -2.10031 0
      vertex 1.34796 -2.10031 0
      vertex 1.72414 -2.03762 0
    endloop
  endfacet
  facet normal 0 0 -1
    outer loop
      vertex 0.407522 -2.2884 0
      vertex -1.15987 2.10031 0
      vertex -0.846394 2.16301 0
    endloop
  endfacet
  facet normal 0 0 -1
    outer loop
      vertex 6.61442 4.48276 0
      vertex 6.11285 4.29467 0
      vertex 6.30094 4.42006 0
    endloop
  endfacet
  facet normal 0 0 -1
    outer loop
      vertex 6.30094 -3.8558 0
      vertex 6.30094 -3.54232 0
      vertex 6.36363 -3.91849 0
    endloop
  endfacet
  facet normal 0 0 -1
    outer loop
      vertex 6.11285 4.29467 0
      vertex 5.61129 4.10658 0
      vertex 5.79937 4.23197 0
    endloop
  endfacet
  facet normal -0 0 -1
    outer loop
      vertex 0.407522 -2.2884 0
      vertex -0.59561 -2.60188 0
      vertex -1.15987 2.10031 0
    endloop
  endfacet
  facet normal 0 0 -1
    outer loop
      vertex 10.1254 -14.3887 0
      vertex 9.74922 -11.7555 0
      vertex 10.2508 -11.8182 0
    endloop
  endfacet
  facet normal 0 0 -1
    outer loop
      vertex 2.66457 3.10345 0
      vertex 1.97492 2.91536 0
      vertex 2.2257 3.04075 0
    endloop
  endfacet
  facet normal -0 0 -1
    outer loop
      vertex -8.4953 -5.2978 0
      vertex -8.93417 -5.48589 0
      vertex -15.7053 2.91536 0
    endloop
  endfacet
  facet normal 0 0 -1
    outer loop
      vertex -1.15987 2.10031 0
      vertex -0.59561 -2.60188 0
      vertex -1.03448 -2.66457 0
    endloop
  endfacet
  facet normal -0 0 -1
    outer loop
      vertex 10.6897 -10.1881 0
      vertex 9.68652 -11.3166 0
      vertex 5.73668 -7.36677 0
    endloop
  endfacet
  facet normal 0 0 -1
    outer loop
      vertex 0.15674 2.41379 0
      vertex 0.658307 2.60188 0
      vertex 0.846394 2.60188 0
    endloop
  endfacet
  facet normal -0 0 -1
    outer loop
      vertex -1.03448 -2.66457 0
      vertex -1.47335 -2.78997 0
      vertex -1.97492 1.97492 0
    endloop
  endfacet
  facet normal 0 0 -1
    outer loop
      vertex -0.846394 2.16301 0
      vertex -0.0313457 2.41379 0
      vertex 0.15674 2.41379 0
    endloop
  endfacet
  facet normal 0 -0 -1
    outer loop
      vertex -1.97492 1.97492 0
      vertex -1.47335 -2.78997 0
      vertex -2.60188 1.91223 0
    endloop
  endfacet
  facet normal 0 0 -1
    outer loop
      vertex -1.15987 2.10031 0
      vertex -1.09718 2.16301 0
      vertex -0.846394 2.16301 0
    endloop
  endfacet
  facet normal -0 0 -1
    outer loop
      vertex -5.2978 2.3511 0
      vertex -7.24138 -4.79624 0
      vertex -6.05016 3.04075 0
    endloop
  endfacet
  facet normal 0 0 -1
    outer loop
      vertex -1.97492 1.97492 0
      vertex -1.91223 2.03762 0
      vertex -1.15987 2.10031 0
    endloop
  endfacet
  facet normal 0 -0 -1
    outer loop
      vertex -2.53918 1.97492 0
      vertex -1.97492 1.97492 0
      vertex -2.60188 1.91223 0
    endloop
  endfacet
  facet normal 0 0 -1
    outer loop
      vertex -12.8213 7.36677 0
      vertex -6.36363 5.2978 0
      vertex -6.36363 3.91849 0
    endloop
  endfacet
  facet normal -0 0 -1
    outer loop
      vertex -26.5517 3.35423 0
      vertex -27.0533 2.3511 0
      vertex -28.558 4.67085 0
    endloop
  endfacet
  facet normal 0 -0 -1
    outer loop
      vertex -22.7273 -7.24138 0
      vertex -22.4138 -10.2508 0
      vertex -25.6113 -8.05643 0
    endloop
  endfacet
  facet normal -0 0 -1
    outer loop
      vertex -21.8495 -7.74295 0
      vertex -22.4138 -10.2508 0
      vertex -22.7273 -7.24138 0
    endloop
  endfacet
  facet normal -0 0 -1
    outer loop
      vertex -23.7931 -6.48903 0
      vertex -25.6113 -8.05643 0
      vertex -24.4828 -5.92476 0
    endloop
  endfacet
  facet normal 0 0 -1
    outer loop
      vertex -25.6113 -8.05643 0
      vertex -28.1191 -5.4232 0
      vertex -25.6113 -4.79624 0
    endloop
  endfacet
  facet normal -0 -0 -1
    outer loop
      vertex -11.8809 -11.5047 0
      vertex -11.5674 -11.6301 0
      vertex -12.1317 -11.5047 0
    endloop
  endfacet
  facet normal -0 0 -1
    outer loop
      vertex -25.6113 -4.79624 0
      vertex -28.1191 -5.4232 0
      vertex -26.1129 -4.16928 0
    endloop
  endfacet
  facet normal -0 0 -1
    outer loop
      vertex -13.6364 -7.93104 0
      vertex -15.3292 -9.12226 0
      vertex -18.7147 -2.60188 0
    endloop
  endfacet
  facet normal 0 0 -1
    outer loop
      vertex -28.1191 -5.4232 0
      vertex -28.9969 -4.04389 0
      vertex -26.6144 -3.41693 0
    endloop
  endfacet
  facet normal 0 -0 -1
    outer loop
      vertex -27.4922 -1.15987 0
      vertex -27.116 -2.41379 0
      vertex -29.6865 -2.47649 0
    endloop
  endfacet
  facet normal 0 0 -1
    outer loop
      vertex -30 -0.909089 0
      vertex -27.4922 -1.15987 0
      vertex -29.6865 -2.47649 0
    endloop
  endfacet
  facet normal 0 0 -1
    outer loop
      vertex -30 -0.909089 0
      vertex -27.5549 0.59561 0
      vertex -27.4922 -1.15987 0
    endloop
  endfacet
  facet normal 0 0 -1
    outer loop
      vertex -27.5549 0.59561 0
      vertex -30 0.59561 0
      vertex -27.4295 1.28526 0
    endloop
  endfacet
  facet normal 0 0 -1
    outer loop
      vertex -30 -0.909089 0
      vertex -30 0.59561 0
      vertex -27.5549 0.59561 0
    endloop
  endfacet
  facet normal 0 0 -1
    outer loop
      vertex -30 0.59561 0
      vertex -29.373 3.10345 0
      vertex -27.4295 1.28526 0
    endloop
  endfacet
  facet normal 0 0 -1
    outer loop
      vertex -27.5549 0.59561 0
      vertex -27.4295 1.28526 0
      vertex -27.4922 0.658307 0
    endloop
  endfacet
  facet normal 0 0 -1
    outer loop
      vertex -27.0533 2.3511 0
      vertex -29.373 3.10345 0
      vertex -28.558 4.67085 0
    endloop
  endfacet
  facet normal 0 0 -1
    outer loop
      vertex -28.558 4.67085 0
      vertex -27.5549 6.05016 0
      vertex -25.8621 4.35737 0
    endloop
  endfacet
  facet normal 0 0 -1
    outer loop
      vertex -28.558 4.67085 0
      vertex -25.8621 4.35737 0
      vertex -26.5517 3.35423 0
    endloop
  endfacet
  facet normal 0 0 -1
    outer loop
      vertex -27.5549 6.05016 0
      vertex -24.8589 5.48589 0
      vertex -25.8621 4.35737 0
    endloop
  endfacet
  facet normal 0 0 -1
    outer loop
      vertex -24.8589 5.48589 0
      vertex -25.8621 7.68025 0
      vertex -23.0408 6.9906 0
    endloop
  endfacet
  facet normal 0 0 -1
    outer loop
      vertex -27.5549 6.05016 0
      vertex -25.8621 7.68025 0
      vertex -24.8589 5.48589 0
    endloop
  endfacet
  facet normal 0 0 -1
    outer loop
      vertex -23.0408 6.9906 0
      vertex -25.8621 7.68025 0
      vertex -23.7931 9.24765 0
    endloop
  endfacet
  facet normal -0 0 -1
    outer loop
      vertex -21.348 8.05643 0
      vertex -23.0408 6.9906 0
      vertex -23.7931 9.24765 0
    endloop
  endfacet
  facet normal 0 0 -1
    outer loop
      vertex -19.7179 11.5047 0
      vertex -21.348 8.05643 0
      vertex -23.7931 9.24765 0
    endloop
  endfacet
  facet normal 0 -0 -1
    outer loop
      vertex -16.9592 0.721001 0
      vertex -11.8182 -6.8652 0
      vertex -18.5893 -2.47649 0
    endloop
  endfacet
  facet normal -0 0 -1
    outer loop
      vertex -16.5204 10.2508 0
      vertex -18.7147 9.37304 0
      vertex -19.7179 11.5047 0
    endloop
  endfacet
  facet normal 0 0 -1
    outer loop
      vertex -15.2665 13.1348 0
      vertex -16.5204 10.2508 0
      vertex -19.7179 11.5047 0
    endloop
  endfacet
  facet normal 0 0 -1
    outer loop
      vertex -6.36363 3.91849 0
      vertex -14.3887 5.04702 0
      vertex -12.8213 7.36677 0
    endloop
  endfacet
  facet normal -0 0 -1
    outer loop
      vertex -12.6332 11.3793 0
      vertex -13.8871 11.0658 0
      vertex -15.2665 13.1348 0
    endloop
  endfacet
  facet normal -0 0 -1
    outer loop
      vertex -12.069 11.5047 0
      vertex -12.6332 11.3793 0
      vertex -15.2665 13.1348 0
    endloop
  endfacet
  facet normal 0 0 -1
    outer loop
      vertex -12.069 11.5047 0
      vertex -12.3824 11.3793 0
      vertex -12.6332 11.3793 0
    endloop
  endfacet
  facet normal 0 0 -1
    outer loop
      vertex -9.81191 14.3887 0
      vertex -12.069 11.5047 0
      vertex -15.2665 13.1348 0
    endloop
  endfacet
  facet normal 0 0 -1
    outer loop
      vertex -5.73668 7.30407 0
      vertex -10.815 10 0
      vertex -9.81191 11.1285 0
    endloop
  endfacet
  facet normal 0 0 -1
    outer loop
      vertex -10.3762 11.8182 0
      vertex -10.4389 11.7555 0
      vertex -12.069 11.5047 0
    endloop
  endfacet
  facet normal 0 0 -1
    outer loop
      vertex -9.81191 14.3887 0
      vertex -10.3762 11.8182 0
      vertex -12.069 11.5047 0
    endloop
  endfacet
  facet normal 0 0 -1
    outer loop
      vertex -5.73668 7.30407 0
      vertex -9.81191 11.1285 0
      vertex -5.48589 7.86834 0
    endloop
  endfacet
  facet normal 0 0 -1
    outer loop
      vertex -9.81191 14.3887 0
      vertex -10 11.8182 0
      vertex -10.3762 11.8182 0
    endloop
  endfacet
  facet normal 0 0 -1
    outer loop
      vertex -3.98119 10.3762 0
      vertex -9.68652 11.6928 0
      vertex -4.23198 15.1411 0
    endloop
  endfacet
  facet normal 0 0 -1
    outer loop
      vertex -6.17555 6.11285 0
      vertex -12.8213 7.36677 0
      vertex -10.815 10 0
    endloop
  endfacet
  facet normal 0 0 -1
    outer loop
      vertex -19.2163 -11.8182 0
      vertex -21.4734 -7.80564 0
      vertex -21.0972 -7.55486 0
    endloop
  endfacet
  facet normal 0 -0 -1
    outer loop
      vertex -6.30094 -12.5078 0
      vertex -5.04702 -12.6332 0
      vertex -8.36991 -14.7022 0
    endloop
  endfacet
  facet normal 0 0 -1
    outer loop
      vertex -14.1379 -11.0031 0
      vertex -12.1944 -11.442 0
      vertex -13.8871 -13.5737 0
    endloop
  endfacet
  facet normal 0 -0 -1
    outer loop
      vertex 19.0282 -9.18495 0
      vertex 19.1536 -9.18495 0
      vertex 18.5893 -9.43574 0
    endloop
  endfacet
  facet normal 0 0 -1
    outer loop
      vertex 9.62382 -11.6301 0
      vertex 9.74922 -11.7555 0
      vertex 10.1254 -14.3887 0
    endloop
  endfacet
  facet normal 0 0 -1
    outer loop
      vertex 0.846394 2.60188 0
      vertex 2.2884 -1.97492 0
      vertex 1.72414 -2.03762 0
    endloop
  endfacet
  facet normal 0 0 -1
    outer loop
      vertex 3.54232 -15.2038 0
      vertex 9.62382 -11.6301 0
      vertex 10.1254 -14.3887 0
    endloop
  endfacet
  facet normal -0 0 -1
    outer loop
      vertex 15.2665 -13.1348 0
      vertex 10.1254 -14.3887 0
      vertex 11.1912 -11.6928 0
    endloop
  endfacet
  facet normal 0 0 -1
    outer loop
      vertex 2.66457 3.10345 0
      vertex 4.42006 -2.03762 0
      vertex 4.04389 -1.97492 0
    endloop
  endfacet
  facet normal 0 0 -1
    outer loop
      vertex 23.1661 -6.9279 0
      vertex 25.9248 -7.68025 0
      vertex 24.232 -8.99686 0
    endloop
  endfacet
  facet normal 0 0 -1
    outer loop
      vertex 4.42006 -2.03762 0
      vertex 5.61129 4.10658 0
      vertex 4.85893 -2.16301 0
    endloop
  endfacet
  facet normal 0 0 -1
    outer loop
      vertex 27.0533 -2.3511 0
      vertex 27.4295 -1.22257 0
      vertex 29.6865 -2.2257 0
    endloop
  endfacet
  facet normal -0 0 -1
    outer loop
      vertex 18.0251 1.34796 0
      vertex 17.4608 0.282131 0
      vertex 11.3793 6.61442 0
    endloop
  endfacet
  facet normal 0 0 -1
    outer loop
      vertex 18.0251 1.34796 0
      vertex 12.069 6.9906 0
      vertex 13.4483 7.80564 0
    endloop
  endfacet
  facet normal -0 0 -1
    outer loop
      vertex 18.1505 1.47335 0
      vertex 18.0251 1.34796 0
      vertex 13.4483 7.80564 0
    endloop
  endfacet
  facet normal -0 0 -1
    outer loop
      vertex 20.1567 5.48589 0
      vertex 18.1505 1.47335 0
      vertex 13.4483 7.80564 0
    endloop
  endfacet
  facet normal 0 -0 -1
    outer loop
      vertex 15.0157 8.87147 0
      vertex 20.1567 5.48589 0
      vertex 13.4483 7.80564 0
    endloop
  endfacet
  facet normal 0 0 -1
    outer loop
      vertex 15.0157 8.87147 0
      vertex 20.1567 5.61129 0
      vertex 20.1567 5.48589 0
    endloop
  endfacet
  facet normal 0 0 -1
    outer loop
      vertex 16.0188 9.74922 0
      vertex 20.5956 6.42633 0
      vertex 20.1567 5.61129 0
    endloop
  endfacet
  facet normal 0 0 -1
    outer loop
      vertex 16.0188 9.74922 0
      vertex 20.9718 7.36677 0
      vertex 20.5956 6.42633 0
    endloop
  endfacet
  facet normal 0 0 -1
    outer loop
      vertex 16.0188 9.74922 0
      vertex 19.0909 11.8182 0
      vertex 20.9718 7.36677 0
    endloop
  endfacet
  facet normal 0 0 -1
    outer loop
      vertex 20.9718 7.36677 0
      vertex 19.0909 11.8182 0
      vertex 21.2853 7.68025 0
    endloop
  endfacet
  facet normal 0 0 -1
    outer loop
      vertex 21.2853 7.68025 0
      vertex 19.0909 11.8182 0
      vertex 22.6646 10.0627 0
    endloop
  endfacet
  facet normal 0 0 -1
    outer loop
      vertex 22.1003 7.61755 0
      vertex 21.7241 7.74295 0
      vertex 22.6646 10.0627 0
    endloop
  endfacet
  facet normal -0 0 -1
    outer loop
      vertex 21.7241 7.74295 0
      vertex 21.2853 7.68025 0
      vertex 22.6646 10.0627 0
    endloop
  endfacet
  facet normal 0 0 -1
    outer loop
      vertex 22.1003 7.61755 0
      vertex 22.6646 10.0627 0
      vertex 22.7273 7.24138 0
    endloop
  endfacet
  facet normal 0 0 -1
    outer loop
      vertex 22.7273 7.24138 0
      vertex 25.674 7.93104 0
      vertex 24.232 6.05016 0
    endloop
  endfacet
  facet normal 0 0 -1
    outer loop
      vertex 24.232 6.05016 0
      vertex 25.674 7.93104 0
      vertex 25.7994 4.42006 0
    endloop
  endfacet
  facet normal 0 0 -1
    outer loop
      vertex 26.7398 3.04075 0
      vertex 28.1191 5.3605 0
      vertex 29.6238 2.47649 0
    endloop
  endfacet
  facet normal 0 0 -1
    outer loop
      vertex 27.3041 1.72414 0
      vertex 29.6238 2.47649 0
      vertex 27.4922 0.909089 0
    endloop
  endfacet
  facet normal 0 0 -1
    outer loop
      vertex 27.5549 0.407522 0
      vertex 27.4922 0.909089 0
      vertex 29.9373 1.09718 0
    endloop
  endfacet
  facet normal -0 0 -1
    outer loop
      vertex 30 -0.532913 0
      vertex 27.4295 -1.22257 0
      vertex 27.5549 -0.344828 0
    endloop
  endfacet
  facet normal 0 0 -1
    outer loop
      vertex 30 -0.532913 0
      vertex 27.5549 -0.344828 0
      vertex 27.5549 0.407522 0
    endloop
  endfacet
  facet normal 0 0 -1
    outer loop
      vertex 27.4295 -1.22257 0
      vertex 27.4922 -0.407522 0
      vertex 27.5549 -0.344828 0
    endloop
  endfacet
  facet normal 0 0 -1
    outer loop
      vertex 30 -0.532913 0
      vertex 27.5549 0.407522 0
      vertex 29.9373 1.09718 0
    endloop
  endfacet
  facet normal 0 0 -1
    outer loop
      vertex 29.6865 -2.2257 0
      vertex 27.4295 -1.22257 0
      vertex 30 -0.532913 0
    endloop
  endfacet
  facet normal 0 0 -1
    outer loop
      vertex 29.185 -3.54232 0
      vertex 27.0533 -2.3511 0
      vertex 29.6865 -2.2257 0
    endloop
  endfacet
  facet normal 0 0 -1
    outer loop
      vertex 29.185 -3.54232 0
      vertex 26.5517 -3.35423 0
      vertex 27.0533 -2.3511 0
    endloop
  endfacet
  facet normal -0 0 -1
    outer loop
      vertex 29.185 -3.54232 0
      vertex 27.4922 -6.11285 0
      vertex 26.5517 -3.35423 0
    endloop
  endfacet
  facet normal 0 0 -1
    outer loop
      vertex 27.4922 -6.11285 0
      vertex 25.3605 -4.98432 0
      vertex 26.1129 -4.04389 0
    endloop
  endfacet
  facet normal 0 0 -1
    outer loop
      vertex 25.3605 -4.98432 0
      vertex 27.4922 -6.11285 0
      vertex 25.9248 -7.68025 0
    endloop
  endfacet
  facet normal 0 0 -1
    outer loop
      vertex 24.4201 -5.92476 0
      vertex 25.3605 -4.98432 0
      vertex 25.9248 -7.68025 0
    endloop
  endfacet
  facet normal 0 0 -1
    outer loop
      vertex 23.1661 -6.9279 0
      vertex 24.4201 -5.92476 0
      vertex 25.9248 -7.68025 0
    endloop
  endfacet
  facet normal 0 0 -1
    outer loop
      vertex 21.7241 -7.86834 0
      vertex 23.1661 -6.9279 0
      vertex 24.232 -8.99686 0
    endloop
  endfacet
  facet normal 0 0 -1
    outer loop
      vertex 20.2821 -11.2539 0
      vertex 21.7241 -7.86834 0
      vertex 24.232 -8.99686 0
    endloop
  endfacet
  facet normal 0 0 -1
    outer loop
      vertex 20.2821 -11.2539 0
      vertex 19.1536 -9.18495 0
      vertex 21.7241 -7.86834 0
    endloop
  endfacet
  facet normal 0 -0 -1
    outer loop
      vertex 19.1536 -9.18495 0
      vertex 20.2821 -11.2539 0
      vertex 18.5893 -9.43574 0
    endloop
  endfacet
  facet normal 0 -0 -1
    outer loop
      vertex 18.5893 -9.43574 0
      vertex 20.2821 -11.2539 0
      vertex 16.8966 -10.1254 0
    endloop
  endfacet
  facet normal 0 -0 -1
    outer loop
      vertex 16.8966 -10.1254 0
      vertex 20.2821 -11.2539 0
      vertex 15.2665 -13.1348 0
    endloop
  endfacet
  facet normal 0 0 -1
    outer loop
      vertex 15.2665 -13.1348 0
      vertex 13.6991 -11.1285 0
      vertex 16.8966 -10.1254 0
    endloop
  endfacet
  facet normal 0 0 -1
    outer loop
      vertex 11.1912 -11.6928 0
      vertex 10.1254 -14.3887 0
      vertex 10.2508 -11.8182 0
    endloop
  endfacet
  facet normal 0 0 -1
    outer loop
      vertex 10.2508 -11.8182 0
      vertex 10.3135 -11.7555 0
      vertex 11.1912 -11.6928 0
    endloop
  endfacet
  facet normal 0 0 -1
    outer loop
      vertex -2.41379 -15.2665 0
      vertex 0.344828 -12.8213 0
      vertex 3.54232 -15.2038 0
    endloop
  endfacet
  facet normal 0 0 -1
    outer loop
      vertex 6.11285 -6.36363 0
      vertex 6.30094 -5.61129 0
      vertex 12.4451 -7.93104 0
    endloop
  endfacet
  facet normal 0 0 -1
    outer loop
      vertex -0.59561 -12.884 0
      vertex -2.2884 -12.8213 0
      vertex -0.658307 -12.8213 0
    endloop
  endfacet
  facet normal -0 0 -1
    outer loop
      vertex -0.59561 -12.884 0
      vertex -2.41379 -15.2665 0
      vertex -2.2884 -12.8213 0
    endloop
  endfacet
  facet normal 0 0 -1
    outer loop
      vertex -2.2884 -12.8213 0
      vertex -3.47962 -12.7586 0
      vertex -2.3511 -12.7586 0
    endloop
  endfacet
  facet normal -0 0 -1
    outer loop
      vertex -2.2884 -12.8213 0
      vertex -2.41379 -15.2665 0
      vertex -3.47962 -12.7586 0
    endloop
  endfacet
  facet normal 0 -0 -1
    outer loop
      vertex -15.7053 2.91536 0
      vertex -9.37304 -5.67398 0
      vertex -16.9592 0.721001 0
    endloop
  endfacet
  facet normal -0 -0 -1
    outer loop
      vertex -3.47962 -12.7586 0
      vertex -2.41379 -15.2665 0
      vertex -5.04702 -12.6332 0
    endloop
  endfacet
  facet normal 0 0 -1
    outer loop
      vertex -2.41379 -15.2665 0
      vertex -8.36991 -14.7022 0
      vertex -5.04702 -12.6332 0
    endloop
  endfacet
  facet normal 0 -0 -1
    outer loop
      vertex -8.18182 -12.2571 0
      vertex -6.30094 -12.5078 0
      vertex -8.36991 -14.7022 0
    endloop
  endfacet
  facet normal 0 0 -1
    outer loop
      vertex -9.68652 -12.0063 0
      vertex -8.18182 -12.2571 0
      vertex -8.36991 -14.7022 0
    endloop
  endfacet
  facet normal -0 -0 -1
    outer loop
      vertex -6.36363 -12.4451 0
      vertex -6.30094 -12.5078 0
      vertex -8.18182 -12.2571 0
    endloop
  endfacet
  facet normal 0 0 -1
    outer loop
      vertex -9.37304 -5.67398 0
      vertex -8.93417 -5.48589 0
      vertex -9.24765 -5.67398 0
    endloop
  endfacet
  facet normal 0 0 -1
    outer loop
      vertex -18.5893 -2.47649 0
      vertex -11.8182 -6.8652 0
      vertex -13.6364 -7.93104 0
    endloop
  endfacet
  facet normal -0 -0 -1
    outer loop
      vertex -8.24451 -12.1944 0
      vertex -8.18182 -12.2571 0
      vertex -9.68652 -12.0063 0
    endloop
  endfacet
  facet normal -0 -0 -1
    outer loop
      vertex -9.68652 -12.0063 0
      vertex -8.36991 -14.7022 0
      vertex -11.5674 -11.6301 0
    endloop
  endfacet
  facet normal -0 -0 -1
    outer loop
      vertex -9.74922 -11.9436 0
      vertex -9.68652 -12.0063 0
      vertex -11.5674 -11.6301 0
    endloop
  endfacet
  facet normal 0 0 -1
    outer loop
      vertex -16.0815 -9.9373 0
      vertex -21.0972 -7.55486 0
      vertex -15.9561 -9.68652 0
    endloop
  endfacet
  facet normal 0 -0 -1
    outer loop
      vertex -11.5674 -11.6301 0
      vertex -8.36991 -14.7022 0
      vertex -13.8871 -13.5737 0
    endloop
  endfacet
  facet normal 0 -0 -1
    outer loop
      vertex -12.1317 -11.5047 0
      vertex -11.5674 -11.6301 0
      vertex -13.8871 -13.5737 0
    endloop
  endfacet
  facet normal 0 -0 -1
    outer loop
      vertex -12.1944 -11.442 0
      vertex -12.1317 -11.5047 0
      vertex -13.8871 -13.5737 0
    endloop
  endfacet
  facet normal 0 0 -1
    outer loop
      vertex -9.9373 -5.92476 0
      vertex -16.9592 0.721001 0
      vertex -9.37304 -5.67398 0
    endloop
  endfacet
  facet normal -0 -0 -1
    outer loop
      vertex -14.3887 -10.8777 0
      vertex -13.8871 -13.5737 0
      vertex -15.4545 -10.627 0
    endloop
  endfacet
  facet normal -0 -0 -1
    outer loop
      vertex -14.1379 -11.0031 0
      vertex -13.8871 -13.5737 0
      vertex -14.3887 -10.8777 0
    endloop
  endfacet
  facet normal 0 -0 -1
    outer loop
      vertex -15.8934 -10.3762 0
      vertex -15.4545 -10.627 0
      vertex -19.2163 -11.8182 0
    endloop
  endfacet
  facet normal 0 -0 -1
    outer loop
      vertex -15.4545 -10.627 0
      vertex -13.8871 -13.5737 0
      vertex -19.2163 -11.8182 0
    endloop
  endfacet
  facet normal 0 -0 -1
    outer loop
      vertex -16.0815 -10.1254 0
      vertex -15.8934 -10.3762 0
      vertex -19.2163 -11.8182 0
    endloop
  endfacet
  facet normal 0 -0 -1
    outer loop
      vertex -16.0815 -9.9373 0
      vertex -16.0815 -10.1254 0
      vertex -19.2163 -11.8182 0
    endloop
  endfacet
  facet normal 0 0 -1
    outer loop
      vertex -15.9561 -9.68652 0
      vertex -21.0972 -7.55486 0
      vertex -15.3292 -9.12226 0
    endloop
  endfacet
  facet normal 0 0 -1
    outer loop
      vertex -15.3292 -9.12226 0
      vertex -21.0972 -7.55486 0
      vertex -18.7147 -2.60188 0
    endloop
  endfacet
  facet normal 0 0 -1
    outer loop
      vertex -13.6364 -7.93104 0
      vertex -18.7147 -2.60188 0
      vertex -18.5893 -2.47649 0
    endloop
  endfacet
  facet normal 0 0 -1
    outer loop
      vertex -9.9373 -5.92476 0
      vertex -9.37304 -5.67398 0
      vertex -9.81191 -5.92476 0
    endloop
  endfacet
  facet normal 0 0 -1
    outer loop
      vertex -8.93417 -5.48589 0
      vertex -8.4953 -5.2978 0
      vertex -8.80878 -5.48589 0
    endloop
  endfacet
  facet normal 0 0 -1
    outer loop
      vertex -8.4953 -5.2978 0
      vertex -15.7053 2.91536 0
      vertex -6.05016 3.04075 0
    endloop
  endfacet
  facet normal -0 0 -1
    outer loop
      vertex -7.24138 -4.79624 0
      vertex -8.4953 -5.2978 0
      vertex -6.05016 3.04075 0
    endloop
  endfacet
  facet normal 0 0 -1
    outer loop
      vertex -7.24138 -4.79624 0
      vertex -8.36991 -5.2978 0
      vertex -8.4953 -5.2978 0
    endloop
  endfacet
  facet normal -0 0 -1
    outer loop
      vertex -4.48276 2.03762 0
      vertex -7.24138 -4.79624 0
      vertex -5.2978 2.3511 0
    endloop
  endfacet
  facet normal 0 -0 -1
    outer loop
      vertex -4.48276 2.03762 0
      vertex -1.47335 -2.78997 0
      vertex -7.24138 -4.79624 0
    endloop
  endfacet
  facet normal 0 0 -1
    outer loop
      vertex -4.48276 2.03762 0
      vertex -3.54232 1.91223 0
      vertex -1.47335 -2.78997 0
    endloop
  endfacet
  facet normal 0 0 -1
    outer loop
      vertex -1.47335 -2.78997 0
      vertex -3.54232 1.91223 0
      vertex -2.60188 1.91223 0
    endloop
  endfacet
  facet normal 0 0 -1
    outer loop
      vertex -1.28526 -2.78997 0
      vertex -1.47335 -2.78997 0
      vertex -1.03448 -2.66457 0
    endloop
  endfacet
  facet normal 0 0 -1
    outer loop
      vertex 0.407522 -2.2884 0
      vertex -0.846394 2.16301 0
      vertex 0.15674 2.41379 0
    endloop
  endfacet
  facet normal 0 0 -1
    outer loop
      vertex 0.658307 -2.2884 0
      vertex 0.407522 -2.2884 0
      vertex 1.34796 -2.10031 0
    endloop
  endfacet
  facet normal -0 0 -1
    outer loop
      vertex 1.34796 -2.10031 0
      vertex 0.407522 -2.2884 0
      vertex 0.15674 2.41379 0
    endloop
  endfacet
  facet normal 0 0 -1
    outer loop
      vertex 1.34796 -2.10031 0
      vertex 0.846394 2.60188 0
      vertex 1.72414 -2.03762 0
    endloop
  endfacet
  facet normal 0 0 -1
    outer loop
      vertex 5.86207 -2.85266 0
      vertex 5.4232 -2.47649 0
      vertex 6.61442 4.48276 0
    endloop
  endfacet
  facet normal 0 0 -1
    outer loop
      vertex 1.72414 -2.03762 0
      vertex 2.2884 -1.97492 0
      vertex 2.2257 -2.03762 0
    endloop
  endfacet
  facet normal 0 0 -1
    outer loop
      vertex 0.846394 2.60188 0
      vertex 1.53605 2.85266 0
      vertex 2.2884 -1.97492 0
    endloop
  endfacet
  facet normal 0 0 -1
    outer loop
      vertex 2.2884 -1.97492 0
      vertex 1.97492 2.91536 0
      vertex 2.66457 3.10345 0
    endloop
  endfacet
  facet normal 0 0 -1
    outer loop
      vertex 4.04389 -1.97492 0
      vertex 2.2884 -1.97492 0
      vertex 2.66457 3.10345 0
    endloop
  endfacet
  facet normal 0 0 -1
    outer loop
      vertex 4.10658 -2.03762 0
      vertex 4.04389 -1.97492 0
      vertex 4.42006 -2.03762 0
    endloop
  endfacet
  facet normal 0 0 -1
    outer loop
      vertex 4.42006 -2.03762 0
      vertex 2.66457 3.10345 0
      vertex 5.61129 4.10658 0
    endloop
  endfacet
  facet normal 0 0 -1
    outer loop
      vertex 5.4232 -2.47649 0
      vertex 6.11285 4.29467 0
      vertex 6.61442 4.48276 0
    endloop
  endfacet
  facet normal 0 -0 -1
    outer loop
      vertex 5.61129 4.10658 0
      vertex 6.11285 4.29467 0
      vertex 5.4232 -2.47649 0
    endloop
  endfacet
  facet normal 0 0 -1
    outer loop
      vertex 8.18182 5.10972 0
      vertex 5.86207 -2.85266 0
      vertex 6.61442 4.48276 0
    endloop
  endfacet
  facet normal 0 0 -1
    outer loop
      vertex 5.86207 -2.85266 0
      vertex 15.768 -2.85266 0
      vertex 6.30094 -3.54232 0
    endloop
  endfacet
  facet normal 0 -0 -1
    outer loop
      vertex 8.18182 5.10972 0
      vertex 15.768 -2.85266 0
      vertex 5.86207 -2.85266 0
    endloop
  endfacet
  facet normal 0 0 -1
    outer loop
      vertex 6.30094 -3.54232 0
      vertex 15.768 -2.85266 0
      vertex 14.1379 -5.48589 0
    endloop
  endfacet
  facet normal 0 0 -1
    outer loop
      vertex 6.30094 -3.54232 0
      vertex 14.1379 -5.48589 0
      vertex 6.36363 -3.91849 0
    endloop
  endfacet
  facet normal 0 -0 -1
    outer loop
      vertex 6.36363 -5.23511 0
      vertex 12.4451 -7.93104 0
      vertex 6.30094 -5.61129 0
    endloop
  endfacet
  facet normal 0 0 -1
    outer loop
      vertex 6.36363 -5.23511 0
      vertex 14.1379 -5.48589 0
      vertex 12.4451 -7.93104 0
    endloop
  endfacet
  facet normal 0 0 -1
    outer loop
      vertex 6.36363 -3.91849 0
      vertex 14.1379 -5.48589 0
      vertex 6.36363 -5.23511 0
    endloop
  endfacet
  facet normal 0 0 -1
    outer loop
      vertex 6.30094 -5.2978 0
      vertex 6.36363 -5.23511 0
      vertex 6.30094 -5.61129 0
    endloop
  endfacet
  facet normal 0 0 -1
    outer loop
      vertex 4.60815 -9.56113 0
      vertex 5.73668 -7.36677 0
      vertex 9.68652 -11.3166 0
    endloop
  endfacet
  facet normal -0 0 -1
    outer loop
      vertex 12.4451 -7.93104 0
      vertex 10.6897 -10.1881 0
      vertex 6.11285 -6.36363 0
    endloop
  endfacet
  facet normal 0 0 -1
    outer loop
      vertex 6.30094 -5.61129 0
      vertex 6.11285 -6.36363 0
      vertex 6.23824 -5.67398 0
    endloop
  endfacet
  facet normal 0 0 -1
    outer loop
      vertex 5.73668 -7.36677 0
      vertex 6.11285 -6.36363 0
      vertex 10.6897 -10.1881 0
    endloop
  endfacet
  facet normal -0 0 -1
    outer loop
      vertex 9.68652 -11.3166 0
      vertex 9.62382 -11.6301 0
      vertex 4.60815 -9.56113 0
    endloop
  endfacet
  facet normal 0 -0 -1
    outer loop
      vertex 4.60815 -9.56113 0
      vertex 9.62382 -11.6301 0
      vertex 3.7931 -10.6897 0
    endloop
  endfacet
  facet normal 0 -0 -1
    outer loop
      vertex 3.7931 -10.6897 0
      vertex 9.62382 -11.6301 0
      vertex 3.54232 -15.2038 0
    endloop
  endfacet
  facet normal 0 0 -1
    outer loop
      vertex 2.91536 -11.5674 0
      vertex 3.7931 -10.6897 0
      vertex 3.54232 -15.2038 0
    endloop
  endfacet
  facet normal 0 0 -1
    outer loop
      vertex 2.03762 -12.1944 0
      vertex 2.91536 -11.5674 0
      vertex 3.54232 -15.2038 0
    endloop
  endfacet
  facet normal 0 -0 -1
    outer loop
      vertex 0.909089 -12.6332 0
      vertex 1.09718 -12.6332 0
      vertex 0.344828 -12.8213 0
    endloop
  endfacet
  facet normal 0 0 -1
    outer loop
      vertex 1.09718 -12.6332 0
      vertex 2.03762 -12.1944 0
      vertex 3.54232 -15.2038 0
    endloop
  endfacet
  facet normal 0 -0 -1
    outer loop
      vertex -0.15674 -12.8213 0
      vertex 0.344828 -12.8213 0
      vertex -0.219434 -12.884 0
    endloop
  endfacet
  facet normal 0 -0 -1
    outer loop
      vertex -0.219434 -12.884 0
      vertex 0.344828 -12.8213 0
      vertex -2.41379 -15.2665 0
    endloop
  endfacet
  facet normal 0 0 -1
    outer loop
      vertex 0.344828 -12.8213 0
      vertex 1.09718 -12.6332 0
      vertex 3.54232 -15.2038 0
    endloop
  endfacet
  facet normal 0 0 1
    outer loop
      vertex 29.6238 2.47649 2.4
      vertex 26.7398 3.04075 2.4
      vertex 27.3041 1.72414 2.4
    endloop
  endfacet
  facet normal 0 0 1
    outer loop
      vertex 29.9373 1.09718 2.4
      vertex 29.6238 2.47649 2.4
      vertex 27.4922 0.909089 2.4
    endloop
  endfacet
  facet normal 0 -0 1
    outer loop
      vertex 26.7398 3.04075 2.4
      vertex 28.1191 5.3605 2.4
      vertex 25.7994 4.42006 2.4
    endloop
  endfacet
  facet normal 0 0 1
    outer loop
      vertex 25.674 7.93104 2.4
      vertex 25.7994 4.42006 2.4
      vertex 28.1191 5.3605 2.4
    endloop
  endfacet
  facet normal 0 0 1
    outer loop
      vertex 27.5549 0.407522 2.4
      vertex 27.4922 0.909089 2.4
      vertex 27.4922 0.470219 2.4
    endloop
  endfacet
  facet normal 0 -0 1
    outer loop
      vertex 22.7273 7.24138 2.4
      vertex 25.674 7.93104 2.4
      vertex 22.6646 10.0627 2.4
    endloop
  endfacet
  facet normal 0 0 1
    outer loop
      vertex 18.0251 1.34796 2.4
      vertex 12.069 6.9906 2.4
      vertex 11.3793 6.61442 2.4
    endloop
  endfacet
  facet normal 0 0 1
    outer loop
      vertex 19.0909 11.8182 2.4
      vertex 15.768 10.4389 2.4
      vertex 16.0815 10.1254 2.4
    endloop
  endfacet
  facet normal 0 0 1
    outer loop
      vertex 14.326 13.4483 2.4
      vertex 13.8871 11.0031 2.4
      vertex 15.2665 10.6897 2.4
    endloop
  endfacet
  facet normal -0 0 1
    outer loop
      vertex 13.1348 11.1912 2.4
      vertex 13.6364 11.1285 2.4
      vertex 14.326 13.4483 2.4
    endloop
  endfacet
  facet normal 0 -0 1
    outer loop
      vertex 7.42947 12.3197 2.4
      vertex 8.74608 14.6395 2.4
      vertex 6.9906 12.3824 2.4
    endloop
  endfacet
  facet normal 0 0 1
    outer loop
      vertex 3.66771 12.6959 2.4
      vertex 3.73041 12.6332 2.4
      vertex 5.2978 12.5705 2.4
    endloop
  endfacet
  facet normal 0 0 1
    outer loop
      vertex 26.5517 -3.35423 2.4
      vertex 26.1129 -4.04389 2.4
      vertex 27.4922 -6.11285 2.4
    endloop
  endfacet
  facet normal 0 0 1
    outer loop
      vertex -0.971786 12.6332 2.4
      vertex -0.407522 12.6959 2.4
      vertex -0.344828 12.7586 2.4
    endloop
  endfacet
  facet normal 0 0 1
    outer loop
      vertex 6.61442 4.48276 2.4
      vertex 8.18182 5.10972 2.4
      vertex 8.05643 5.10972 2.4
    endloop
  endfacet
  facet normal -0 0 1
    outer loop
      vertex -1.97492 1.97492 2.4
      vertex -1.03448 -2.66457 2.4
      vertex -1.15987 2.10031 2.4
    endloop
  endfacet
  facet normal 0 0 1
    outer loop
      vertex -6.30094 3.60501 2.4
      vertex -15.7053 2.91536 2.4
      vertex -6.05016 3.04075 2.4
    endloop
  endfacet
  facet normal 0 0 1
    outer loop
      vertex -27.116 -2.41379 2.4
      vertex -28.9969 -4.04389 2.4
      vertex -26.6144 -3.41693 2.4
    endloop
  endfacet
  facet normal 0 0 1
    outer loop
      vertex -26.6144 -3.41693 2.4
      vertex -28.1191 -5.4232 2.4
      vertex -26.1129 -4.16928 2.4
    endloop
  endfacet
  facet normal 0 0 1
    outer loop
      vertex -25.6113 -4.79624 2.4
      vertex -25.6113 -8.05643 2.4
      vertex -24.4828 -5.92476 2.4
    endloop
  endfacet
  facet normal -0 0 1
    outer loop
      vertex -29.6865 -2.47649 2.4
      vertex -28.9969 -4.04389 2.4
      vertex -27.116 -2.41379 2.4
    endloop
  endfacet
  facet normal 0 0 1
    outer loop
      vertex -22.7273 -7.24138 2.4
      vertex -23.7931 -6.48903 2.4
      vertex -25.6113 -8.05643 2.4
    endloop
  endfacet
  facet normal 0 0 1
    outer loop
      vertex -6.30094 3.60501 2.4
      vertex -14.3887 5.04702 2.4
      vertex -15.7053 2.91536 2.4
    endloop
  endfacet
  facet normal 0 0 1
    outer loop
      vertex -27.0533 2.3511 2.4
      vertex -29.373 3.10345 2.4
      vertex -27.4295 1.28526 2.4
    endloop
  endfacet
  facet normal 0 0 1
    outer loop
      vertex -21.4734 -7.80564 2.4
      vertex -21.8495 -7.74295 2.4
      vertex -22.4138 -10.2508 2.4
    endloop
  endfacet
  facet normal 0 0 1
    outer loop
      vertex -3.54232 -12.6959 2.4
      vertex -5.04702 -12.6332 2.4
      vertex -3.47962 -12.7586 2.4
    endloop
  endfacet
  facet normal 0 0 1
    outer loop
      vertex -3.54232 1.91223 2.4
      vertex -3.60501 1.97492 2.4
      vertex -4.48276 2.03762 2.4
    endloop
  endfacet
  facet normal 0 0 1
    outer loop
      vertex -6.36363 3.91849 2.4
      vertex -14.3887 5.04702 2.4
      vertex -6.30094 3.60501 2.4
    endloop
  endfacet
  facet normal 0 0 1
    outer loop
      vertex -0.219434 -12.884 2.4
      vertex -0.59561 -12.884 2.4
      vertex -2.41379 -15.2665 2.4
    endloop
  endfacet
  facet normal 0 0 1
    outer loop
      vertex -8.93417 -5.48589 2.4
      vertex -15.7053 2.91536 2.4
      vertex -9.37304 -5.67398 2.4
    endloop
  endfacet
  facet normal 0 0 1
    outer loop
      vertex -4.79624 9.18495 2.4
      vertex -9.62382 11.442 2.4
      vertex -9.81191 11.1285 2.4
    endloop
  endfacet
  facet normal 0 0 1
    outer loop
      vertex -19.7179 11.5047 2.4
      vertex -21.348 8.05643 2.4
      vertex -18.7147 9.37304 2.4
    endloop
  endfacet
  facet normal 0 0 1
    outer loop
      vertex -5.10972 -12.5705 2.4
      vertex -6.30094 -12.5078 2.4
      vertex -5.04702 -12.6332 2.4
    endloop
  endfacet
  facet normal 0 -0 1
    outer loop
      vertex -6.30094 3.60501 2.4
      vertex -6.30094 3.8558 2.4
      vertex -6.36363 3.91849 2.4
    endloop
  endfacet
  facet normal 0 -0 1
    outer loop
      vertex -11.8182 -6.8652 2.4
      vertex -9.9373 -5.92476 2.4
      vertex -16.9592 0.721001 2.4
    endloop
  endfacet
  facet normal 0 -0 1
    outer loop
      vertex -19.2163 -11.8182 2.4
      vertex -16.0815 -9.9373 2.4
      vertex -21.0972 -7.55486 2.4
    endloop
  endfacet
  facet normal 0 0 1
    outer loop
      vertex -21.4734 -7.80564 2.4
      vertex -22.4138 -10.2508 2.4
      vertex -19.2163 -11.8182 2.4
    endloop
  endfacet
  facet normal 0 0 1
    outer loop
      vertex -5.73668 7.30407 2.4
      vertex -10.815 10 2.4
      vertex -6.17555 6.11285 2.4
    endloop
  endfacet
  facet normal 0 -0 1
    outer loop
      vertex -5.48589 7.86834 2.4
      vertex -4.79624 9.18495 2.4
      vertex -9.81191 11.1285 2.4
    endloop
  endfacet
  facet normal 0 0 1
    outer loop
      vertex -6.17555 6.11285 2.4
      vertex -12.8213 7.36677 2.4
      vertex -6.36363 5.2978 2.4
    endloop
  endfacet
  facet normal 0 -0 1
    outer loop
      vertex -6.30094 5.3605 2.4
      vertex -6.17555 6.11285 2.4
      vertex -6.36363 5.2978 2.4
    endloop
  endfacet
  facet normal 0 0 1
    outer loop
      vertex -5.73668 7.30407 2.4
      vertex -5.48589 7.74295 2.4
      vertex -5.48589 7.86834 2.4
    endloop
  endfacet
  facet normal 0 0 1
    outer loop
      vertex -16.5204 10.2508 2.4
      vertex -13.8871 11.0658 2.4
      vertex -15.2665 13.1348 2.4
    endloop
  endfacet
  facet normal 0 0 1
    outer loop
      vertex -9.68652 11.6928 2.4
      vertex -9.62382 11.442 2.4
      vertex -3.98119 10.3762 2.4
    endloop
  endfacet
  facet normal -0 0 1
    outer loop
      vertex -9.81191 14.3887 2.4
      vertex -9.68652 11.6928 2.4
      vertex -4.23198 15.1411 2.4
    endloop
  endfacet
  facet normal 0 0 1
    outer loop
      vertex -3.98119 10.3762 2.4
      vertex -9.62382 11.442 2.4
      vertex -4.79624 9.18495 2.4
    endloop
  endfacet
  facet normal -0 0 1
    outer loop
      vertex 0.15674 2.41379 2.4
      vertex 1.34796 -2.10031 2.4
      vertex 0.846394 2.60188 2.4
    endloop
  endfacet
  facet normal -0 0 1
    outer loop
      vertex -10 11.8182 2.4
      vertex -9.68652 11.6928 2.4
      vertex -9.81191 14.3887 2.4
    endloop
  endfacet
  facet normal 0 0 1
    outer loop
      vertex -2.91536 11.5047 2.4
      vertex -4.23198 15.1411 2.4
      vertex -3.98119 10.3762 2.4
    endloop
  endfacet
  facet normal 0 0 1
    outer loop
      vertex -1.97492 12.1944 2.4
      vertex -4.23198 15.1411 2.4
      vertex -2.91536 11.5047 2.4
    endloop
  endfacet
  facet normal 0 0 1
    outer loop
      vertex -0.971786 12.6332 2.4
      vertex -4.23198 15.1411 2.4
      vertex -1.97492 12.1944 2.4
    endloop
  endfacet
  facet normal 0 -0 1
    outer loop
      vertex -0.344828 12.7586 2.4
      vertex 2.3511 15.2665 2.4
      vertex -4.23198 15.1411 2.4
    endloop
  endfacet
  facet normal 0 0 1
    outer loop
      vertex 2.47649 12.7586 2.4
      vertex 2.3511 15.2665 2.4
      vertex -0.344828 12.7586 2.4
    endloop
  endfacet
  facet normal 0 -0 1
    outer loop
      vertex -0.971786 12.6332 2.4
      vertex -0.344828 12.7586 2.4
      vertex -4.23198 15.1411 2.4
    endloop
  endfacet
  facet normal 0 -0 1
    outer loop
      vertex 2.53918 12.6959 2.4
      vertex 3.66771 12.6959 2.4
      vertex 2.47649 12.7586 2.4
    endloop
  endfacet
  facet normal 0 0 1
    outer loop
      vertex 3.66771 12.6959 2.4
      vertex 2.3511 15.2665 2.4
      vertex 2.47649 12.7586 2.4
    endloop
  endfacet
  facet normal 0 0 1
    outer loop
      vertex 5.2978 12.5705 2.4
      vertex 2.3511 15.2665 2.4
      vertex 3.66771 12.6959 2.4
    endloop
  endfacet
  facet normal 0 -0 1
    outer loop
      vertex 5.2978 12.5705 2.4
      vertex 8.74608 14.6395 2.4
      vertex 2.3511 15.2665 2.4
    endloop
  endfacet
  facet normal 0 -0 1
    outer loop
      vertex 5.3605 12.5078 2.4
      vertex 5.92476 12.5078 2.4
      vertex 5.2978 12.5705 2.4
    endloop
  endfacet
  facet normal 0 -0 1
    outer loop
      vertex 5.92476 12.5078 2.4
      vertex 8.74608 14.6395 2.4
      vertex 5.2978 12.5705 2.4
    endloop
  endfacet
  facet normal 0 0 1
    outer loop
      vertex 6.48903 12.4451 2.4
      vertex 5.92476 12.5078 2.4
      vertex 5.98746 12.4451 2.4
    endloop
  endfacet
  facet normal 0 0 1
    outer loop
      vertex 8.74608 14.6395 2.4
      vertex 5.92476 12.5078 2.4
      vertex 6.48903 12.4451 2.4
    endloop
  endfacet
  facet normal 0 0 1
    outer loop
      vertex 6.9906 12.3824 2.4
      vertex 6.48903 12.4451 2.4
      vertex 6.55172 12.3824 2.4
    endloop
  endfacet
  facet normal 0 0 1
    outer loop
      vertex 8.74608 14.6395 2.4
      vertex 6.48903 12.4451 2.4
      vertex 6.9906 12.3824 2.4
    endloop
  endfacet
  facet normal 0 0 1
    outer loop
      vertex 7.42947 12.3197 2.4
      vertex 6.9906 12.3824 2.4
      vertex 7.05329 12.3197 2.4
    endloop
  endfacet
  facet normal 0 -0 1
    outer loop
      vertex 7.93104 12.2571 2.4
      vertex 8.74608 14.6395 2.4
      vertex 7.42947 12.3197 2.4
    endloop
  endfacet
  facet normal 0 -0 1
    outer loop
      vertex 7.49216 12.2571 2.4
      vertex 7.93104 12.2571 2.4
      vertex 7.42947 12.3197 2.4
    endloop
  endfacet
  facet normal 0 0 1
    outer loop
      vertex 10.1881 11.8809 2.4
      vertex 8.74608 14.6395 2.4
      vertex 7.99373 12.1944 2.4
    endloop
  endfacet
  facet normal 0 -0 1
    outer loop
      vertex 7.99373 12.1944 2.4
      vertex 8.74608 14.6395 2.4
      vertex 7.93104 12.2571 2.4
    endloop
  endfacet
  facet normal 0 0 1
    outer loop
      vertex 11.7555 11.5674 2.4
      vertex 8.74608 14.6395 2.4
      vertex 10.1881 11.8809 2.4
    endloop
  endfacet
  facet normal 0 0 1
    outer loop
      vertex 11.7555 11.5674 2.4
      vertex 10.1881 11.8809 2.4
      vertex 10.2508 11.8182 2.4
    endloop
  endfacet
  facet normal 0 -0 1
    outer loop
      vertex 11.7555 11.5674 2.4
      vertex 14.326 13.4483 2.4
      vertex 8.74608 14.6395 2.4
    endloop
  endfacet
  facet normal 0 -0 1
    outer loop
      vertex 13.1348 11.1912 2.4
      vertex 14.326 13.4483 2.4
      vertex 11.7555 11.5674 2.4
    endloop
  endfacet
  facet normal 0 0 1
    outer loop
      vertex 11.3793 6.61442 2.4
      vertex 17.1473 -0.407522 2.4
      vertex 17.4608 0.282131 2.4
    endloop
  endfacet
  facet normal -0 0 1
    outer loop
      vertex 13.6364 11.1285 2.4
      vertex 13.8871 11.0031 2.4
      vertex 14.326 13.4483 2.4
    endloop
  endfacet
  facet normal 0 0 1
    outer loop
      vertex 14.326 13.4483 2.4
      vertex 15.2665 10.6897 2.4
      vertex 15.768 10.4389 2.4
    endloop
  endfacet
  facet normal 0 0 1
    outer loop
      vertex 14.326 13.4483 2.4
      vertex 15.768 10.4389 2.4
      vertex 19.0909 11.8182 2.4
    endloop
  endfacet
  facet normal 0 0 1
    outer loop
      vertex 19.0909 11.8182 2.4
      vertex 16.0815 10.1254 2.4
      vertex 16.0188 9.74922 2.4
    endloop
  endfacet
  facet normal 0 0 1
    outer loop
      vertex 20.1567 5.61129 2.4
      vertex 16.0188 9.74922 2.4
      vertex 15.0157 8.87147 2.4
    endloop
  endfacet
  facet normal 0 0 1
    outer loop
      vertex 18.0251 1.34796 2.4
      vertex 17.4608 0.282131 2.4
      vertex 17.5862 0.407522 2.4
    endloop
  endfacet
  facet normal 0 0 1
    outer loop
      vertex 11.3793 6.61442 2.4
      vertex 8.18182 5.10972 2.4
      vertex 17.1473 -0.407522 2.4
    endloop
  endfacet
  facet normal 0 0 1
    outer loop
      vertex 8.18182 5.10972 2.4
      vertex 15.768 -2.85266 2.4
      vertex 17.1473 -0.407522 2.4
    endloop
  endfacet
  facet normal 0 0 1
    outer loop
      vertex 12.069 6.9906 2.4
      vertex 11.5047 6.73981 2.4
      vertex 11.3793 6.61442 2.4
    endloop
  endfacet
  facet normal -0 0 1
    outer loop
      vertex 4.85893 -2.16301 2.4
      vertex 5.4232 -2.47649 2.4
      vertex 5.61129 4.10658 2.4
    endloop
  endfacet
  facet normal -0 0 1
    outer loop
      vertex 1.53605 2.85266 2.4
      vertex 2.2884 -1.97492 2.4
      vertex 1.97492 2.91536 2.4
    endloop
  endfacet
  facet normal 0 0 1
    outer loop
      vertex 13.6991 -11.1285 2.4
      vertex 11.1912 -11.6928 2.4
      vertex 15.2665 -13.1348 2.4
    endloop
  endfacet
  facet normal 0 0 1
    outer loop
      vertex 1.72414 -2.03762 2.4
      vertex 1.34796 -2.10031 2.4
      vertex 1.66144 -2.10031 2.4
    endloop
  endfacet
  facet normal 0 0 1
    outer loop
      vertex -0.846394 2.16301 2.4
      vertex -1.15987 2.10031 2.4
      vertex 0.407522 -2.2884 2.4
    endloop
  endfacet
  facet normal -0 0 1
    outer loop
      vertex 6.30094 4.42006 2.4
      vertex 6.11285 4.29467 2.4
      vertex 6.61442 4.48276 2.4
    endloop
  endfacet
  facet normal 0 0 1
    outer loop
      vertex 6.36363 -3.91849 2.4
      vertex 6.30094 -3.54232 2.4
      vertex 6.30094 -3.8558 2.4
    endloop
  endfacet
  facet normal -0 0 1
    outer loop
      vertex 5.79937 4.23197 2.4
      vertex 5.61129 4.10658 2.4
      vertex 6.11285 4.29467 2.4
    endloop
  endfacet
  facet normal 0 0 1
    outer loop
      vertex -1.15987 2.10031 2.4
      vertex -0.59561 -2.60188 2.4
      vertex 0.407522 -2.2884 2.4
    endloop
  endfacet
  facet normal 0 0 1
    outer loop
      vertex 10.2508 -11.8182 2.4
      vertex 9.74922 -11.7555 2.4
      vertex 10.1254 -14.3887 2.4
    endloop
  endfacet
  facet normal -0 0 1
    outer loop
      vertex 2.2257 3.04075 2.4
      vertex 1.97492 2.91536 2.4
      vertex 2.66457 3.10345 2.4
    endloop
  endfacet
  facet normal 0 0 1
    outer loop
      vertex -15.7053 2.91536 2.4
      vertex -8.93417 -5.48589 2.4
      vertex -8.4953 -5.2978 2.4
    endloop
  endfacet
  facet normal 0 -0 1
    outer loop
      vertex -1.03448 -2.66457 2.4
      vertex -0.59561 -2.60188 2.4
      vertex -1.15987 2.10031 2.4
    endloop
  endfacet
  facet normal 0 0 1
    outer loop
      vertex 5.73668 -7.36677 2.4
      vertex 9.68652 -11.3166 2.4
      vertex 10.6897 -10.1881 2.4
    endloop
  endfacet
  facet normal 0 0 1
    outer loop
      vertex 0.846394 2.60188 2.4
      vertex 0.658307 2.60188 2.4
      vertex 0.15674 2.41379 2.4
    endloop
  endfacet
  facet normal 0 0 1
    outer loop
      vertex -1.97492 1.97492 2.4
      vertex -1.47335 -2.78997 2.4
      vertex -1.03448 -2.66457 2.4
    endloop
  endfacet
  facet normal 0 0 1
    outer loop
      vertex 0.15674 2.41379 2.4
      vertex -0.0313457 2.41379 2.4
      vertex -0.846394 2.16301 2.4
    endloop
  endfacet
  facet normal -0 0 1
    outer loop
      vertex -2.60188 1.91223 2.4
      vertex -1.47335 -2.78997 2.4
      vertex -1.97492 1.97492 2.4
    endloop
  endfacet
  facet normal 0 0 1
    outer loop
      vertex -0.846394 2.16301 2.4
      vertex -1.09718 2.16301 2.4
      vertex -1.15987 2.10031 2.4
    endloop
  endfacet
  facet normal 0 0 1
    outer loop
      vertex -6.05016 3.04075 2.4
      vertex -7.24138 -4.79624 2.4
      vertex -5.2978 2.3511 2.4
    endloop
  endfacet
  facet normal 0 0 1
    outer loop
      vertex -1.15987 2.10031 2.4
      vertex -1.91223 2.03762 2.4
      vertex -1.97492 1.97492 2.4
    endloop
  endfacet
  facet normal 0 0 1
    outer loop
      vertex -2.60188 1.91223 2.4
      vertex -1.97492 1.97492 2.4
      vertex -2.53918 1.97492 2.4
    endloop
  endfacet
  facet normal 0 -0 1
    outer loop
      vertex -6.36363 3.91849 2.4
      vertex -6.36363 5.2978 2.4
      vertex -12.8213 7.36677 2.4
    endloop
  endfacet
  facet normal 0 0 1
    outer loop
      vertex -28.558 4.67085 2.4
      vertex -27.0533 2.3511 2.4
      vertex -26.5517 3.35423 2.4
    endloop
  endfacet
  facet normal -0 0 1
    outer loop
      vertex -25.6113 -8.05643 2.4
      vertex -22.4138 -10.2508 2.4
      vertex -22.7273 -7.24138 2.4
    endloop
  endfacet
  facet normal 0 0 1
    outer loop
      vertex -22.7273 -7.24138 2.4
      vertex -22.4138 -10.2508 2.4
      vertex -21.8495 -7.74295 2.4
    endloop
  endfacet
  facet normal 0 0 1
    outer loop
      vertex -24.4828 -5.92476 2.4
      vertex -25.6113 -8.05643 2.4
      vertex -23.7931 -6.48903 2.4
    endloop
  endfacet
  facet normal 0 0 1
    outer loop
      vertex -25.6113 -4.79624 2.4
      vertex -28.1191 -5.4232 2.4
      vertex -25.6113 -8.05643 2.4
    endloop
  endfacet
  facet normal -0 0 1
    outer loop
      vertex -12.1317 -11.5047 2.4
      vertex -11.5674 -11.6301 2.4
      vertex -11.8809 -11.5047 2.4
    endloop
  endfacet
  facet normal 0 0 1
    outer loop
      vertex -26.1129 -4.16928 2.4
      vertex -28.1191 -5.4232 2.4
      vertex -25.6113 -4.79624 2.4
    endloop
  endfacet
  facet normal 0 0 1
    outer loop
      vertex -18.7147 -2.60188 2.4
      vertex -15.3292 -9.12226 2.4
      vertex -13.6364 -7.93104 2.4
    endloop
  endfacet
  facet normal 0 0 1
    outer loop
      vertex -26.6144 -3.41693 2.4
      vertex -28.9969 -4.04389 2.4
      vertex -28.1191 -5.4232 2.4
    endloop
  endfacet
  facet normal 0 0 1
    outer loop
      vertex -29.6865 -2.47649 2.4
      vertex -27.116 -2.41379 2.4
      vertex -27.4922 -1.15987 2.4
    endloop
  endfacet
  facet normal 0 -0 1
    outer loop
      vertex -29.6865 -2.47649 2.4
      vertex -27.4922 -1.15987 2.4
      vertex -30 -0.909089 2.4
    endloop
  endfacet
  facet normal 0 0 1
    outer loop
      vertex -27.4922 -1.15987 2.4
      vertex -27.5549 0.59561 2.4
      vertex -30 -0.909089 2.4
    endloop
  endfacet
  facet normal 0 0 1
    outer loop
      vertex -27.4295 1.28526 2.4
      vertex -30 0.59561 2.4
      vertex -27.5549 0.59561 2.4
    endloop
  endfacet
  facet normal 0 0 1
    outer loop
      vertex -27.5549 0.59561 2.4
      vertex -30 0.59561 2.4
      vertex -30 -0.909089 2.4
    endloop
  endfacet
  facet normal 0 0 1
    outer loop
      vertex -27.4295 1.28526 2.4
      vertex -29.373 3.10345 2.4
      vertex -30 0.59561 2.4
    endloop
  endfacet
  facet normal 0 -0 1
    outer loop
      vertex -27.4922 0.658307 2.4
      vertex -27.4295 1.28526 2.4
      vertex -27.5549 0.59561 2.4
    endloop
  endfacet
  facet normal 0 0 1
    outer loop
      vertex -28.558 4.67085 2.4
      vertex -29.373 3.10345 2.4
      vertex -27.0533 2.3511 2.4
    endloop
  endfacet
  facet normal 0 0 1
    outer loop
      vertex -25.8621 4.35737 2.4
      vertex -27.5549 6.05016 2.4
      vertex -28.558 4.67085 2.4
    endloop
  endfacet
  facet normal 0 -0 1
    outer loop
      vertex -26.5517 3.35423 2.4
      vertex -25.8621 4.35737 2.4
      vertex -28.558 4.67085 2.4
    endloop
  endfacet
  facet normal 0 -0 1
    outer loop
      vertex -25.8621 4.35737 2.4
      vertex -24.8589 5.48589 2.4
      vertex -27.5549 6.05016 2.4
    endloop
  endfacet
  facet normal 0 0 1
    outer loop
      vertex -23.0408 6.9906 2.4
      vertex -25.8621 7.68025 2.4
      vertex -24.8589 5.48589 2.4
    endloop
  endfacet
  facet normal 0 0 1
    outer loop
      vertex -24.8589 5.48589 2.4
      vertex -25.8621 7.68025 2.4
      vertex -27.5549 6.05016 2.4
    endloop
  endfacet
  facet normal 0 0 1
    outer loop
      vertex -23.7931 9.24765 2.4
      vertex -25.8621 7.68025 2.4
      vertex -23.0408 6.9906 2.4
    endloop
  endfacet
  facet normal 0 0 1
    outer loop
      vertex -23.7931 9.24765 2.4
      vertex -23.0408 6.9906 2.4
      vertex -21.348 8.05643 2.4
    endloop
  endfacet
  facet normal -0 0 1
    outer loop
      vertex -23.7931 9.24765 2.4
      vertex -21.348 8.05643 2.4
      vertex -19.7179 11.5047 2.4
    endloop
  endfacet
  facet normal -0 0 1
    outer loop
      vertex -18.5893 -2.47649 2.4
      vertex -11.8182 -6.8652 2.4
      vertex -16.9592 0.721001 2.4
    endloop
  endfacet
  facet normal 0 0 1
    outer loop
      vertex -19.7179 11.5047 2.4
      vertex -18.7147 9.37304 2.4
      vertex -16.5204 10.2508 2.4
    endloop
  endfacet
  facet normal -0 0 1
    outer loop
      vertex -19.7179 11.5047 2.4
      vertex -16.5204 10.2508 2.4
      vertex -15.2665 13.1348 2.4
    endloop
  endfacet
  facet normal 0 0 1
    outer loop
      vertex -12.8213 7.36677 2.4
      vertex -14.3887 5.04702 2.4
      vertex -6.36363 3.91849 2.4
    endloop
  endfacet
  facet normal 0 0 1
    outer loop
      vertex -15.2665 13.1348 2.4
      vertex -13.8871 11.0658 2.4
      vertex -12.6332 11.3793 2.4
    endloop
  endfacet
  facet normal 0 0 1
    outer loop
      vertex -15.2665 13.1348 2.4
      vertex -12.6332 11.3793 2.4
      vertex -12.069 11.5047 2.4
    endloop
  endfacet
  facet normal 0 0 1
    outer loop
      vertex -12.6332 11.3793 2.4
      vertex -12.3824 11.3793 2.4
      vertex -12.069 11.5047 2.4
    endloop
  endfacet
  facet normal -0 0 1
    outer loop
      vertex -15.2665 13.1348 2.4
      vertex -12.069 11.5047 2.4
      vertex -9.81191 14.3887 2.4
    endloop
  endfacet
  facet normal 0 0 1
    outer loop
      vertex -9.81191 11.1285 2.4
      vertex -10.815 10 2.4
      vertex -5.73668 7.30407 2.4
    endloop
  endfacet
  facet normal 0 0 1
    outer loop
      vertex -12.069 11.5047 2.4
      vertex -10.4389 11.7555 2.4
      vertex -10.3762 11.8182 2.4
    endloop
  endfacet
  facet normal 0 0 1
    outer loop
      vertex -12.069 11.5047 2.4
      vertex -10.3762 11.8182 2.4
      vertex -9.81191 14.3887 2.4
    endloop
  endfacet
  facet normal 0 0 1
    outer loop
      vertex -5.48589 7.86834 2.4
      vertex -9.81191 11.1285 2.4
      vertex -5.73668 7.30407 2.4
    endloop
  endfacet
  facet normal 0 0 1
    outer loop
      vertex -10.3762 11.8182 2.4
      vertex -10 11.8182 2.4
      vertex -9.81191 14.3887 2.4
    endloop
  endfacet
  facet normal 0 0 1
    outer loop
      vertex -4.23198 15.1411 2.4
      vertex -9.68652 11.6928 2.4
      vertex -3.98119 10.3762 2.4
    endloop
  endfacet
  facet normal 0 0 1
    outer loop
      vertex -10.815 10 2.4
      vertex -12.8213 7.36677 2.4
      vertex -6.17555 6.11285 2.4
    endloop
  endfacet
  facet normal 0 0 1
    outer loop
      vertex -21.0972 -7.55486 2.4
      vertex -21.4734 -7.80564 2.4
      vertex -19.2163 -11.8182 2.4
    endloop
  endfacet
  facet normal 0 0 1
    outer loop
      vertex -8.36991 -14.7022 2.4
      vertex -5.04702 -12.6332 2.4
      vertex -6.30094 -12.5078 2.4
    endloop
  endfacet
  facet normal 0 -0 1
    outer loop
      vertex -13.8871 -13.5737 2.4
      vertex -12.1944 -11.442 2.4
      vertex -14.1379 -11.0031 2.4
    endloop
  endfacet
  facet normal 0 0 1
    outer loop
      vertex 18.5893 -9.43574 2.4
      vertex 19.1536 -9.18495 2.4
      vertex 19.0282 -9.18495 2.4
    endloop
  endfacet
  facet normal 0 0 1
    outer loop
      vertex 10.1254 -14.3887 2.4
      vertex 9.74922 -11.7555 2.4
      vertex 9.62382 -11.6301 2.4
    endloop
  endfacet
  facet normal 0 -0 1
    outer loop
      vertex 1.72414 -2.03762 2.4
      vertex 2.2884 -1.97492 2.4
      vertex 0.846394 2.60188 2.4
    endloop
  endfacet
  facet normal 0 0 1
    outer loop
      vertex 10.1254 -14.3887 2.4
      vertex 9.62382 -11.6301 2.4
      vertex 3.54232 -15.2038 2.4
    endloop
  endfacet
  facet normal 0 0 1
    outer loop
      vertex 11.1912 -11.6928 2.4
      vertex 10.1254 -14.3887 2.4
      vertex 15.2665 -13.1348 2.4
    endloop
  endfacet
  facet normal -0 -0 1
    outer loop
      vertex 4.04389 -1.97492 2.4
      vertex 4.42006 -2.03762 2.4
      vertex 2.66457 3.10345 2.4
    endloop
  endfacet
  facet normal 0 -0 1
    outer loop
      vertex 24.232 -8.99686 2.4
      vertex 25.9248 -7.68025 2.4
      vertex 23.1661 -6.9279 2.4
    endloop
  endfacet
  facet normal 0 -0 1
    outer loop
      vertex 4.85893 -2.16301 2.4
      vertex 5.61129 4.10658 2.4
      vertex 4.42006 -2.03762 2.4
    endloop
  endfacet
  facet normal 0 0 1
    outer loop
      vertex 29.6865 -2.2257 2.4
      vertex 27.4295 -1.22257 2.4
      vertex 27.0533 -2.3511 2.4
    endloop
  endfacet
  facet normal 0 0 1
    outer loop
      vertex 11.3793 6.61442 2.4
      vertex 17.4608 0.282131 2.4
      vertex 18.0251 1.34796 2.4
    endloop
  endfacet
  facet normal 0 0 1
    outer loop
      vertex 13.4483 7.80564 2.4
      vertex 12.069 6.9906 2.4
      vertex 18.0251 1.34796 2.4
    endloop
  endfacet
  facet normal 0 0 1
    outer loop
      vertex 13.4483 7.80564 2.4
      vertex 18.0251 1.34796 2.4
      vertex 18.1505 1.47335 2.4
    endloop
  endfacet
  facet normal 0 0 1
    outer loop
      vertex 13.4483 7.80564 2.4
      vertex 18.1505 1.47335 2.4
      vertex 20.1567 5.48589 2.4
    endloop
  endfacet
  facet normal -0 0 1
    outer loop
      vertex 13.4483 7.80564 2.4
      vertex 20.1567 5.48589 2.4
      vertex 15.0157 8.87147 2.4
    endloop
  endfacet
  facet normal 0 -0 1
    outer loop
      vertex 20.1567 5.48589 2.4
      vertex 20.1567 5.61129 2.4
      vertex 15.0157 8.87147 2.4
    endloop
  endfacet
  facet normal 0 -0 1
    outer loop
      vertex 20.1567 5.61129 2.4
      vertex 20.5956 6.42633 2.4
      vertex 16.0188 9.74922 2.4
    endloop
  endfacet
  facet normal 0 -0 1
    outer loop
      vertex 20.5956 6.42633 2.4
      vertex 20.9718 7.36677 2.4
      vertex 16.0188 9.74922 2.4
    endloop
  endfacet
  facet normal 0 0 1
    outer loop
      vertex 20.9718 7.36677 2.4
      vertex 19.0909 11.8182 2.4
      vertex 16.0188 9.74922 2.4
    endloop
  endfacet
  facet normal 0 0 1
    outer loop
      vertex 21.2853 7.68025 2.4
      vertex 19.0909 11.8182 2.4
      vertex 20.9718 7.36677 2.4
    endloop
  endfacet
  facet normal 0 0 1
    outer loop
      vertex 22.6646 10.0627 2.4
      vertex 19.0909 11.8182 2.4
      vertex 21.2853 7.68025 2.4
    endloop
  endfacet
  facet normal 0 0 1
    outer loop
      vertex 22.6646 10.0627 2.4
      vertex 21.7241 7.74295 2.4
      vertex 22.1003 7.61755 2.4
    endloop
  endfacet
  facet normal 0 0 1
    outer loop
      vertex 22.6646 10.0627 2.4
      vertex 21.2853 7.68025 2.4
      vertex 21.7241 7.74295 2.4
    endloop
  endfacet
  facet normal 0 0 1
    outer loop
      vertex 22.7273 7.24138 2.4
      vertex 22.6646 10.0627 2.4
      vertex 22.1003 7.61755 2.4
    endloop
  endfacet
  facet normal 0 -0 1
    outer loop
      vertex 24.232 6.05016 2.4
      vertex 25.674 7.93104 2.4
      vertex 22.7273 7.24138 2.4
    endloop
  endfacet
  facet normal 0 0 1
    outer loop
      vertex 25.7994 4.42006 2.4
      vertex 25.674 7.93104 2.4
      vertex 24.232 6.05016 2.4
    endloop
  endfacet
  facet normal 0 0 1
    outer loop
      vertex 29.6238 2.47649 2.4
      vertex 28.1191 5.3605 2.4
      vertex 26.7398 3.04075 2.4
    endloop
  endfacet
  facet normal 0 -0 1
    outer loop
      vertex 27.4922 0.909089 2.4
      vertex 29.6238 2.47649 2.4
      vertex 27.3041 1.72414 2.4
    endloop
  endfacet
  facet normal 0 0 1
    outer loop
      vertex 29.9373 1.09718 2.4
      vertex 27.4922 0.909089 2.4
      vertex 27.5549 0.407522 2.4
    endloop
  endfacet
  facet normal 0 0 1
    outer loop
      vertex 27.5549 -0.344828 2.4
      vertex 27.4295 -1.22257 2.4
      vertex 30 -0.532913 2.4
    endloop
  endfacet
  facet normal 0 0 1
    outer loop
      vertex 27.5549 0.407522 2.4
      vertex 27.5549 -0.344828 2.4
      vertex 30 -0.532913 2.4
    endloop
  endfacet
  facet normal 0 0 1
    outer loop
      vertex 27.5549 -0.344828 2.4
      vertex 27.4922 -0.407522 2.4
      vertex 27.4295 -1.22257 2.4
    endloop
  endfacet
  facet normal 0 0 1
    outer loop
      vertex 29.9373 1.09718 2.4
      vertex 27.5549 0.407522 2.4
      vertex 30 -0.532913 2.4
    endloop
  endfacet
  facet normal 0 0 1
    outer loop
      vertex 30 -0.532913 2.4
      vertex 27.4295 -1.22257 2.4
      vertex 29.6865 -2.2257 2.4
    endloop
  endfacet
  facet normal 0 0 1
    outer loop
      vertex 29.6865 -2.2257 2.4
      vertex 27.0533 -2.3511 2.4
      vertex 29.185 -3.54232 2.4
    endloop
  endfacet
  facet normal 0 0 1
    outer loop
      vertex 27.0533 -2.3511 2.4
      vertex 26.5517 -3.35423 2.4
      vertex 29.185 -3.54232 2.4
    endloop
  endfacet
  facet normal 0 0 1
    outer loop
      vertex 26.5517 -3.35423 2.4
      vertex 27.4922 -6.11285 2.4
      vertex 29.185 -3.54232 2.4
    endloop
  endfacet
  facet normal 0 0 1
    outer loop
      vertex 26.1129 -4.04389 2.4
      vertex 25.3605 -4.98432 2.4
      vertex 27.4922 -6.11285 2.4
    endloop
  endfacet
  facet normal 0 -0 1
    outer loop
      vertex 25.9248 -7.68025 2.4
      vertex 27.4922 -6.11285 2.4
      vertex 25.3605 -4.98432 2.4
    endloop
  endfacet
  facet normal 0 0 1
    outer loop
      vertex 25.9248 -7.68025 2.4
      vertex 25.3605 -4.98432 2.4
      vertex 24.4201 -5.92476 2.4
    endloop
  endfacet
  facet normal 0 0 1
    outer loop
      vertex 25.9248 -7.68025 2.4
      vertex 24.4201 -5.92476 2.4
      vertex 23.1661 -6.9279 2.4
    endloop
  endfacet
  facet normal 0 0 1
    outer loop
      vertex 24.232 -8.99686 2.4
      vertex 23.1661 -6.9279 2.4
      vertex 21.7241 -7.86834 2.4
    endloop
  endfacet
  facet normal 0 0 1
    outer loop
      vertex 24.232 -8.99686 2.4
      vertex 21.7241 -7.86834 2.4
      vertex 20.2821 -11.2539 2.4
    endloop
  endfacet
  facet normal 0 0 1
    outer loop
      vertex 21.7241 -7.86834 2.4
      vertex 19.1536 -9.18495 2.4
      vertex 20.2821 -11.2539 2.4
    endloop
  endfacet
  facet normal -0 0 1
    outer loop
      vertex 18.5893 -9.43574 2.4
      vertex 20.2821 -11.2539 2.4
      vertex 19.1536 -9.18495 2.4
    endloop
  endfacet
  facet normal -0 0 1
    outer loop
      vertex 16.8966 -10.1254 2.4
      vertex 20.2821 -11.2539 2.4
      vertex 18.5893 -9.43574 2.4
    endloop
  endfacet
  facet normal 0 0 1
    outer loop
      vertex 15.2665 -13.1348 2.4
      vertex 20.2821 -11.2539 2.4
      vertex 16.8966 -10.1254 2.4
    endloop
  endfacet
  facet normal 0 0 1
    outer loop
      vertex 16.8966 -10.1254 2.4
      vertex 13.6991 -11.1285 2.4
      vertex 15.2665 -13.1348 2.4
    endloop
  endfacet
  facet normal -0 0 1
    outer loop
      vertex 10.2508 -11.8182 2.4
      vertex 10.1254 -14.3887 2.4
      vertex 11.1912 -11.6928 2.4
    endloop
  endfacet
  facet normal 0 0 1
    outer loop
      vertex 11.1912 -11.6928 2.4
      vertex 10.3135 -11.7555 2.4
      vertex 10.2508 -11.8182 2.4
    endloop
  endfacet
  facet normal 0 0 1
    outer loop
      vertex 3.54232 -15.2038 2.4
      vertex 0.344828 -12.8213 2.4
      vertex -2.41379 -15.2665 2.4
    endloop
  endfacet
  facet normal 0 0 1
    outer loop
      vertex 12.4451 -7.93104 2.4
      vertex 6.30094 -5.61129 2.4
      vertex 6.11285 -6.36363 2.4
    endloop
  endfacet
  facet normal 0 0 1
    outer loop
      vertex -0.658307 -12.8213 2.4
      vertex -2.2884 -12.8213 2.4
      vertex -0.59561 -12.884 2.4
    endloop
  endfacet
  facet normal 0 0 1
    outer loop
      vertex -2.2884 -12.8213 2.4
      vertex -2.41379 -15.2665 2.4
      vertex -0.59561 -12.884 2.4
    endloop
  endfacet
  facet normal 0 0 1
    outer loop
      vertex -2.3511 -12.7586 2.4
      vertex -3.47962 -12.7586 2.4
      vertex -2.2884 -12.8213 2.4
    endloop
  endfacet
  facet normal 0 0 1
    outer loop
      vertex -3.47962 -12.7586 2.4
      vertex -2.41379 -15.2665 2.4
      vertex -2.2884 -12.8213 2.4
    endloop
  endfacet
  facet normal -0 0 1
    outer loop
      vertex -16.9592 0.721001 2.4
      vertex -9.37304 -5.67398 2.4
      vertex -15.7053 2.91536 2.4
    endloop
  endfacet
  facet normal 0 0 1
    outer loop
      vertex -5.04702 -12.6332 2.4
      vertex -2.41379 -15.2665 2.4
      vertex -3.47962 -12.7586 2.4
    endloop
  endfacet
  facet normal 0 0 1
    outer loop
      vertex -5.04702 -12.6332 2.4
      vertex -8.36991 -14.7022 2.4
      vertex -2.41379 -15.2665 2.4
    endloop
  endfacet
  facet normal 0 0 1
    outer loop
      vertex -8.36991 -14.7022 2.4
      vertex -6.30094 -12.5078 2.4
      vertex -8.18182 -12.2571 2.4
    endloop
  endfacet
  facet normal 0 -0 1
    outer loop
      vertex -8.36991 -14.7022 2.4
      vertex -8.18182 -12.2571 2.4
      vertex -9.68652 -12.0063 2.4
    endloop
  endfacet
  facet normal 0 0 1
    outer loop
      vertex -8.18182 -12.2571 2.4
      vertex -6.30094 -12.5078 2.4
      vertex -6.36363 -12.4451 2.4
    endloop
  endfacet
  facet normal 0 -0 1
    outer loop
      vertex -9.24765 -5.67398 2.4
      vertex -8.93417 -5.48589 2.4
      vertex -9.37304 -5.67398 2.4
    endloop
  endfacet
  facet normal 0 -0 1
    outer loop
      vertex -13.6364 -7.93104 2.4
      vertex -11.8182 -6.8652 2.4
      vertex -18.5893 -2.47649 2.4
    endloop
  endfacet
  facet normal 0 0 1
    outer loop
      vertex -9.68652 -12.0063 2.4
      vertex -8.18182 -12.2571 2.4
      vertex -8.24451 -12.1944 2.4
    endloop
  endfacet
  facet normal 0 0 1
    outer loop
      vertex -11.5674 -11.6301 2.4
      vertex -8.36991 -14.7022 2.4
      vertex -9.68652 -12.0063 2.4
    endloop
  endfacet
  facet normal 0 0 1
    outer loop
      vertex -11.5674 -11.6301 2.4
      vertex -9.68652 -12.0063 2.4
      vertex -9.74922 -11.9436 2.4
    endloop
  endfacet
  facet normal 0 0 1
    outer loop
      vertex -15.9561 -9.68652 2.4
      vertex -21.0972 -7.55486 2.4
      vertex -16.0815 -9.9373 2.4
    endloop
  endfacet
  facet normal -0 0 1
    outer loop
      vertex -13.8871 -13.5737 2.4
      vertex -8.36991 -14.7022 2.4
      vertex -11.5674 -11.6301 2.4
    endloop
  endfacet
  facet normal 0 0 1
    outer loop
      vertex -13.8871 -13.5737 2.4
      vertex -11.5674 -11.6301 2.4
      vertex -12.1317 -11.5047 2.4
    endloop
  endfacet
  facet normal 0 0 1
    outer loop
      vertex -13.8871 -13.5737 2.4
      vertex -12.1317 -11.5047 2.4
      vertex -12.1944 -11.442 2.4
    endloop
  endfacet
  facet normal 0 0 1
    outer loop
      vertex -9.37304 -5.67398 2.4
      vertex -16.9592 0.721001 2.4
      vertex -9.9373 -5.92476 2.4
    endloop
  endfacet
  facet normal 0 0 1
    outer loop
      vertex -15.4545 -10.627 2.4
      vertex -13.8871 -13.5737 2.4
      vertex -14.3887 -10.8777 2.4
    endloop
  endfacet
  facet normal 0 0 1
    outer loop
      vertex -14.3887 -10.8777 2.4
      vertex -13.8871 -13.5737 2.4
      vertex -14.1379 -11.0031 2.4
    endloop
  endfacet
  facet normal 0 0 1
    outer loop
      vertex -19.2163 -11.8182 2.4
      vertex -15.4545 -10.627 2.4
      vertex -15.8934 -10.3762 2.4
    endloop
  endfacet
  facet normal -0 0 1
    outer loop
      vertex -19.2163 -11.8182 2.4
      vertex -13.8871 -13.5737 2.4
      vertex -15.4545 -10.627 2.4
    endloop
  endfacet
  facet normal 0 0 1
    outer loop
      vertex -19.2163 -11.8182 2.4
      vertex -15.8934 -10.3762 2.4
      vertex -16.0815 -10.1254 2.4
    endloop
  endfacet
  facet normal 0 0 1
    outer loop
      vertex -19.2163 -11.8182 2.4
      vertex -16.0815 -10.1254 2.4
      vertex -16.0815 -9.9373 2.4
    endloop
  endfacet
  facet normal 0 0 1
    outer loop
      vertex -15.3292 -9.12226 2.4
      vertex -21.0972 -7.55486 2.4
      vertex -15.9561 -9.68652 2.4
    endloop
  endfacet
  facet normal 0 0 1
    outer loop
      vertex -18.7147 -2.60188 2.4
      vertex -21.0972 -7.55486 2.4
      vertex -15.3292 -9.12226 2.4
    endloop
  endfacet
  facet normal 0 0 1
    outer loop
      vertex -18.5893 -2.47649 2.4
      vertex -18.7147 -2.60188 2.4
      vertex -13.6364 -7.93104 2.4
    endloop
  endfacet
  facet normal 0 -0 1
    outer loop
      vertex -9.81191 -5.92476 2.4
      vertex -9.37304 -5.67398 2.4
      vertex -9.9373 -5.92476 2.4
    endloop
  endfacet
  facet normal 0 -0 1
    outer loop
      vertex -8.80878 -5.48589 2.4
      vertex -8.4953 -5.2978 2.4
      vertex -8.93417 -5.48589 2.4
    endloop
  endfacet
  facet normal 0 0 1
    outer loop
      vertex -6.05016 3.04075 2.4
      vertex -15.7053 2.91536 2.4
      vertex -8.4953 -5.2978 2.4
    endloop
  endfacet
  facet normal 0 0 1
    outer loop
      vertex -6.05016 3.04075 2.4
      vertex -8.4953 -5.2978 2.4
      vertex -7.24138 -4.79624 2.4
    endloop
  endfacet
  facet normal 0 0 1
    outer loop
      vertex -8.4953 -5.2978 2.4
      vertex -8.36991 -5.2978 2.4
      vertex -7.24138 -4.79624 2.4
    endloop
  endfacet
  facet normal 0 0 1
    outer loop
      vertex -5.2978 2.3511 2.4
      vertex -7.24138 -4.79624 2.4
      vertex -4.48276 2.03762 2.4
    endloop
  endfacet
  facet normal 0 0 1
    outer loop
      vertex -7.24138 -4.79624 2.4
      vertex -1.47335 -2.78997 2.4
      vertex -4.48276 2.03762 2.4
    endloop
  endfacet
  facet normal 0 0 1
    outer loop
      vertex -1.47335 -2.78997 2.4
      vertex -3.54232 1.91223 2.4
      vertex -4.48276 2.03762 2.4
    endloop
  endfacet
  facet normal 0 0 1
    outer loop
      vertex -2.60188 1.91223 2.4
      vertex -3.54232 1.91223 2.4
      vertex -1.47335 -2.78997 2.4
    endloop
  endfacet
  facet normal 0 0 1
    outer loop
      vertex -1.03448 -2.66457 2.4
      vertex -1.47335 -2.78997 2.4
      vertex -1.28526 -2.78997 2.4
    endloop
  endfacet
  facet normal 0 0 1
    outer loop
      vertex 0.15674 2.41379 2.4
      vertex -0.846394 2.16301 2.4
      vertex 0.407522 -2.2884 2.4
    endloop
  endfacet
  facet normal 0 0 1
    outer loop
      vertex 1.34796 -2.10031 2.4
      vertex 0.407522 -2.2884 2.4
      vertex 0.658307 -2.2884 2.4
    endloop
  endfacet
  facet normal 0 0 1
    outer loop
      vertex 0.15674 2.41379 2.4
      vertex 0.407522 -2.2884 2.4
      vertex 1.34796 -2.10031 2.4
    endloop
  endfacet
  facet normal 0 0 1
    outer loop
      vertex 1.72414 -2.03762 2.4
      vertex 0.846394 2.60188 2.4
      vertex 1.34796 -2.10031 2.4
    endloop
  endfacet
  facet normal 0 0 1
    outer loop
      vertex 6.61442 4.48276 2.4
      vertex 5.4232 -2.47649 2.4
      vertex 5.86207 -2.85266 2.4
    endloop
  endfacet
  facet normal 0 -0 1
    outer loop
      vertex 2.2257 -2.03762 2.4
      vertex 2.2884 -1.97492 2.4
      vertex 1.72414 -2.03762 2.4
    endloop
  endfacet
  facet normal 0 0 1
    outer loop
      vertex 2.2884 -1.97492 2.4
      vertex 1.53605 2.85266 2.4
      vertex 0.846394 2.60188 2.4
    endloop
  endfacet
  facet normal 0 0 1
    outer loop
      vertex 2.66457 3.10345 2.4
      vertex 1.97492 2.91536 2.4
      vertex 2.2884 -1.97492 2.4
    endloop
  endfacet
  facet normal 0 0 1
    outer loop
      vertex 2.66457 3.10345 2.4
      vertex 2.2884 -1.97492 2.4
      vertex 4.04389 -1.97492 2.4
    endloop
  endfacet
  facet normal 0 0 1
    outer loop
      vertex 4.42006 -2.03762 2.4
      vertex 4.04389 -1.97492 2.4
      vertex 4.10658 -2.03762 2.4
    endloop
  endfacet
  facet normal 0 0 1
    outer loop
      vertex 5.61129 4.10658 2.4
      vertex 2.66457 3.10345 2.4
      vertex 4.42006 -2.03762 2.4
    endloop
  endfacet
  facet normal 0 0 1
    outer loop
      vertex 6.61442 4.48276 2.4
      vertex 6.11285 4.29467 2.4
      vertex 5.4232 -2.47649 2.4
    endloop
  endfacet
  facet normal 0 0 1
    outer loop
      vertex 5.4232 -2.47649 2.4
      vertex 6.11285 4.29467 2.4
      vertex 5.61129 4.10658 2.4
    endloop
  endfacet
  facet normal -0 0 1
    outer loop
      vertex 6.61442 4.48276 2.4
      vertex 5.86207 -2.85266 2.4
      vertex 8.18182 5.10972 2.4
    endloop
  endfacet
  facet normal 0 -0 1
    outer loop
      vertex 6.30094 -3.54232 2.4
      vertex 15.768 -2.85266 2.4
      vertex 5.86207 -2.85266 2.4
    endloop
  endfacet
  facet normal 0 0 1
    outer loop
      vertex 5.86207 -2.85266 2.4
      vertex 15.768 -2.85266 2.4
      vertex 8.18182 5.10972 2.4
    endloop
  endfacet
  facet normal 0 -0 1
    outer loop
      vertex 14.1379 -5.48589 2.4
      vertex 15.768 -2.85266 2.4
      vertex 6.30094 -3.54232 2.4
    endloop
  endfacet
  facet normal -0 -0 1
    outer loop
      vertex 6.36363 -3.91849 2.4
      vertex 14.1379 -5.48589 2.4
      vertex 6.30094 -3.54232 2.4
    endloop
  endfacet
  facet normal -0 0 1
    outer loop
      vertex 6.30094 -5.61129 2.4
      vertex 12.4451 -7.93104 2.4
      vertex 6.36363 -5.23511 2.4
    endloop
  endfacet
  facet normal 0 -0 1
    outer loop
      vertex 12.4451 -7.93104 2.4
      vertex 14.1379 -5.48589 2.4
      vertex 6.36363 -5.23511 2.4
    endloop
  endfacet
  facet normal -0 0 1
    outer loop
      vertex 6.36363 -5.23511 2.4
      vertex 14.1379 -5.48589 2.4
      vertex 6.36363 -3.91849 2.4
    endloop
  endfacet
  facet normal 0 0 1
    outer loop
      vertex 6.30094 -5.61129 2.4
      vertex 6.36363 -5.23511 2.4
      vertex 6.30094 -5.2978 2.4
    endloop
  endfacet
  facet normal 0 0 1
    outer loop
      vertex 9.68652 -11.3166 2.4
      vertex 5.73668 -7.36677 2.4
      vertex 4.60815 -9.56113 2.4
    endloop
  endfacet
  facet normal 0 0 1
    outer loop
      vertex 6.11285 -6.36363 2.4
      vertex 10.6897 -10.1881 2.4
      vertex 12.4451 -7.93104 2.4
    endloop
  endfacet
  facet normal -0 0 1
    outer loop
      vertex 6.23824 -5.67398 2.4
      vertex 6.11285 -6.36363 2.4
      vertex 6.30094 -5.61129 2.4
    endloop
  endfacet
  facet normal 0 0 1
    outer loop
      vertex 10.6897 -10.1881 2.4
      vertex 6.11285 -6.36363 2.4
      vertex 5.73668 -7.36677 2.4
    endloop
  endfacet
  facet normal 0 0 1
    outer loop
      vertex 4.60815 -9.56113 2.4
      vertex 9.62382 -11.6301 2.4
      vertex 9.68652 -11.3166 2.4
    endloop
  endfacet
  facet normal -0 0 1
    outer loop
      vertex 3.7931 -10.6897 2.4
      vertex 9.62382 -11.6301 2.4
      vertex 4.60815 -9.56113 2.4
    endloop
  endfacet
  facet normal 0 0 1
    outer loop
      vertex 3.54232 -15.2038 2.4
      vertex 9.62382 -11.6301 2.4
      vertex 3.7931 -10.6897 2.4
    endloop
  endfacet
  facet normal 0 -0 1
    outer loop
      vertex 3.54232 -15.2038 2.4
      vertex 3.7931 -10.6897 2.4
      vertex 2.91536 -11.5674 2.4
    endloop
  endfacet
  facet normal 0 0 1
    outer loop
      vertex 3.54232 -15.2038 2.4
      vertex 2.91536 -11.5674 2.4
      vertex 2.03762 -12.1944 2.4
    endloop
  endfacet
  facet normal 0 0 1
    outer loop
      vertex 0.344828 -12.8213 2.4
      vertex 1.09718 -12.6332 2.4
      vertex 0.909089 -12.6332 2.4
    endloop
  endfacet
  facet normal 0 0 1
    outer loop
      vertex 3.54232 -15.2038 2.4
      vertex 2.03762 -12.1944 2.4
      vertex 1.09718 -12.6332 2.4
    endloop
  endfacet
  facet normal 0 0 1
    outer loop
      vertex -0.219434 -12.884 2.4
      vertex 0.344828 -12.8213 2.4
      vertex -0.15674 -12.8213 2.4
    endloop
  endfacet
  facet normal 0 0 1
    outer loop
      vertex -2.41379 -15.2665 2.4
      vertex 0.344828 -12.8213 2.4
      vertex -0.219434 -12.884 2.4
    endloop
  endfacet
  facet normal 0 0 1
    outer loop
      vertex 3.54232 -15.2038 2.4
      vertex 1.09718 -12.6332 2.4
      vertex 0.344828 -12.8213 2.4
    endloop
  endfacet
  facet normal 0.122879 -0.992422 0
    outer loop
      vertex 10.1254 -14.3887 0
      vertex 3.54232 -15.2038 2.4
      vertex 3.54232 -15.2038 0
    endloop
  endfacet
  facet normal 0.122879 -0.992422 0
    outer loop
      vertex 10.1254 -14.3887 0
      vertex 10.1254 -14.3887 2.4
      vertex 3.54232 -15.2038 2.4
    endloop
  endfacet
  facet normal 0.236951 -0.971522 0
    outer loop
      vertex 15.2665 -13.1348 0
      vertex 10.1254 -14.3887 2.4
      vertex 10.1254 -14.3887 0
    endloop
  endfacet
  facet normal 0.236951 -0.971522 0
    outer loop
      vertex 15.2665 -13.1348 0
      vertex 15.2665 -13.1348 2.4
      vertex 10.1254 -14.3887 2.4
    endloop
  endfacet
  facet normal 0.351132 -0.936326 0
    outer loop
      vertex 20.2821 -11.2539 0
      vertex 15.2665 -13.1348 2.4
      vertex 15.2665 -13.1348 0
    endloop
  endfacet
  facet normal 0.351132 -0.936326 0
    outer loop
      vertex 20.2821 -11.2539 0
      vertex 20.2821 -11.2539 2.4
      vertex 15.2665 -13.1348 2.4
    endloop
  endfacet
  facet normal 0.496131 -0.868247 0
    outer loop
      vertex 24.232 -8.99686 0
      vertex 20.2821 -11.2539 2.4
      vertex 20.2821 -11.2539 0
    endloop
  endfacet
  facet normal 0.496131 -0.868247 0
    outer loop
      vertex 24.232 -8.99686 0
      vertex 24.232 -8.99686 2.4
      vertex 20.2821 -11.2539 2.4
    endloop
  endfacet
  facet normal 0.613937 -0.789355 0
    outer loop
      vertex 25.9248 -7.68025 0
      vertex 24.232 -8.99686 2.4
      vertex 24.232 -8.99686 0
    endloop
  endfacet
  facet normal 0.613937 -0.789355 0
    outer loop
      vertex 25.9248 -7.68025 0
      vertex 25.9248 -7.68025 2.4
      vertex 24.232 -8.99686 2.4
    endloop
  endfacet
  facet normal 0.707107 -0.707107 0
    outer loop
      vertex 27.4922 -6.11285 0
      vertex 25.9248 -7.68025 2.4
      vertex 25.9248 -7.68025 0
    endloop
  endfacet
  facet normal 0.707107 -0.707107 0
    outer loop
      vertex 27.4922 -6.11285 0
      vertex 27.4922 -6.11285 2.4
      vertex 25.9248 -7.68025 2.4
    endloop
  endfacet
  facet normal 0.835169 -0.549993 0
    outer loop
      vertex 29.185 -3.54232 0
      vertex 27.4922 -6.11285 2.4
      vertex 27.4922 -6.11285 0
    endloop
  endfacet
  facet normal 0.835169 -0.549993 0
    outer loop
      vertex 29.185 -3.54232 0
      vertex 29.185 -3.54232 2.4
      vertex 27.4922 -6.11285 2.4
    endloop
  endfacet
  facet normal 0.934504 -0.355952 0
    outer loop
      vertex 29.6865 -2.2257 0
      vertex 29.185 -3.54232 2.4
      vertex 29.185 -3.54232 0
    endloop
  endfacet
  facet normal 0.934504 -0.355952 0
    outer loop
      vertex 29.6865 -2.2257 0
      vertex 29.6865 -2.2257 2.4
      vertex 29.185 -3.54232 2.4
    endloop
  endfacet
  facet normal 0.98328 -0.182101 0
    outer loop
      vertex 30 -0.532913 0
      vertex 29.6865 -2.2257 2.4
      vertex 29.6865 -2.2257 0
    endloop
  endfacet
  facet normal 0.98328 -0.182101 0
    outer loop
      vertex 30 -0.532913 0
      vertex 30 -0.532913 2.4
      vertex 29.6865 -2.2257 2.4
    endloop
  endfacet
  facet normal 0.999261 0.0384356 0
    outer loop
      vertex 29.9373 1.09718 0
      vertex 30 -0.532913 2.4
      vertex 30 -0.532913 0
    endloop
  endfacet
  facet normal 0.999261 0.0384356 -0
    outer loop
      vertex 29.9373 1.09718 0
      vertex 29.9373 1.09718 2.4
      vertex 30 -0.532913 2.4
    endloop
  endfacet
  facet normal 0.97513 0.221635 0
    outer loop
      vertex 29.6238 2.47649 0
      vertex 29.9373 1.09718 2.4
      vertex 29.9373 1.09718 0
    endloop
  endfacet
  facet normal 0.97513 0.221635 -0
    outer loop
      vertex 29.6238 2.47649 0
      vertex 29.6238 2.47649 2.4
      vertex 29.9373 1.09718 2.4
    endloop
  endfacet
  facet normal 0.886585 0.462566 0
    outer loop
      vertex 28.1191 5.3605 0
      vertex 29.6238 2.47649 2.4
      vertex 29.6238 2.47649 0
    endloop
  endfacet
  facet normal 0.886585 0.462566 -0
    outer loop
      vertex 28.1191 5.3605 0
      vertex 28.1191 5.3605 2.4
      vertex 29.6238 2.47649 2.4
    endloop
  endfacet
  facet normal 0.724565 0.689207 0
    outer loop
      vertex 25.674 7.93104 0
      vertex 28.1191 5.3605 2.4
      vertex 28.1191 5.3605 0
    endloop
  endfacet
  facet normal 0.724565 0.689207 -0
    outer loop
      vertex 25.674 7.93104 0
      vertex 25.674 7.93104 2.4
      vertex 28.1191 5.3605 2.4
    endloop
  endfacet
  facet normal 0.578018 0.816024 0
    outer loop
      vertex 22.6646 10.0627 0
      vertex 25.674 7.93104 2.4
      vertex 25.674 7.93104 0
    endloop
  endfacet
  facet normal 0.578018 0.816024 -0
    outer loop
      vertex 22.6646 10.0627 0
      vertex 22.6646 10.0627 2.4
      vertex 25.674 7.93104 2.4
    endloop
  endfacet
  facet normal 0.440904 0.897555 0
    outer loop
      vertex 19.0909 11.8182 0
      vertex 22.6646 10.0627 2.4
      vertex 22.6646 10.0627 0
    endloop
  endfacet
  facet normal 0.440904 0.897555 -0
    outer loop
      vertex 19.0909 11.8182 0
      vertex 19.0909 11.8182 2.4
      vertex 22.6646 10.0627 2.4
    endloop
  endfacet
  facet normal 0.323688 0.946164 0
    outer loop
      vertex 14.326 13.4483 0
      vertex 19.0909 11.8182 2.4
      vertex 19.0909 11.8182 0
    endloop
  endfacet
  facet normal 0.323688 0.946164 -0
    outer loop
      vertex 14.326 13.4483 0
      vertex 14.326 13.4483 2.4
      vertex 19.0909 11.8182 2.4
    endloop
  endfacet
  facet normal 0.208775 0.977964 0
    outer loop
      vertex 8.74608 14.6395 0
      vertex 14.326 13.4483 2.4
      vertex 14.326 13.4483 0
    endloop
  endfacet
  facet normal 0.208775 0.977964 -0
    outer loop
      vertex 8.74608 14.6395 0
      vertex 8.74608 14.6395 2.4
      vertex 14.326 13.4483 2.4
    endloop
  endfacet
  facet normal 0.0975778 0.995228 0
    outer loop
      vertex 2.3511 15.2665 0
      vertex 8.74608 14.6395 2.4
      vertex 8.74608 14.6395 0
    endloop
  endfacet
  facet normal 0.0975778 0.995228 -0
    outer loop
      vertex 2.3511 15.2665 0
      vertex 2.3511 15.2665 2.4
      vertex 8.74608 14.6395 2.4
    endloop
  endfacet
  facet normal -0.0190454 0.999819 0
    outer loop
      vertex -4.23198 15.1411 0
      vertex 2.3511 15.2665 2.4
      vertex 2.3511 15.2665 0
    endloop
  endfacet
  facet normal -0.0190454 0.999819 0
    outer loop
      vertex -4.23198 15.1411 0
      vertex -4.23198 15.1411 2.4
      vertex 2.3511 15.2665 2.4
    endloop
  endfacet
  facet normal -0.133631 0.991031 0
    outer loop
      vertex -9.81191 14.3887 0
      vertex -4.23198 15.1411 2.4
      vertex -4.23198 15.1411 0
    endloop
  endfacet
  facet normal -0.133631 0.991031 0
    outer loop
      vertex -9.81191 14.3887 0
      vertex -9.81191 14.3887 2.4
      vertex -4.23198 15.1411 2.4
    endloop
  endfacet
  facet normal -0.224036 0.974581 0
    outer loop
      vertex -15.2665 13.1348 0
      vertex -9.81191 14.3887 2.4
      vertex -9.81191 14.3887 0
    endloop
  endfacet
  facet normal -0.224036 0.974581 0
    outer loop
      vertex -15.2665 13.1348 0
      vertex -15.2665 13.1348 2.4
      vertex -9.81191 14.3887 2.4
    endloop
  endfacet
  facet normal -0.343868 0.939018 0
    outer loop
      vertex -19.7179 11.5047 0
      vertex -15.2665 13.1348 2.4
      vertex -15.2665 13.1348 0
    endloop
  endfacet
  facet normal -0.343868 0.939018 0
    outer loop
      vertex -19.7179 11.5047 0
      vertex -19.7179 11.5047 2.4
      vertex -15.2665 13.1348 2.4
    endloop
  endfacet
  facet normal -0.484502 0.87479 0
    outer loop
      vertex -23.7931 9.24765 0
      vertex -19.7179 11.5047 2.4
      vertex -19.7179 11.5047 0
    endloop
  endfacet
  facet normal -0.484502 0.87479 0
    outer loop
      vertex -23.7931 9.24765 0
      vertex -23.7931 9.24765 2.4
      vertex -19.7179 11.5047 2.4
    endloop
  endfacet
  facet normal -0.603852 0.797097 0
    outer loop
      vertex -25.8621 7.68025 0
      vertex -23.7931 9.24765 2.4
      vertex -23.7931 9.24765 0
    endloop
  endfacet
  facet normal -0.603852 0.797097 0
    outer loop
      vertex -25.8621 7.68025 0
      vertex -25.8621 7.68025 2.4
      vertex -23.7931 9.24765 2.4
    endloop
  endfacet
  facet normal -0.693639 0.720323 0
    outer loop
      vertex -27.5549 6.05016 0
      vertex -25.8621 7.68025 2.4
      vertex -25.8621 7.68025 0
    endloop
  endfacet
  facet normal -0.693639 0.720323 0
    outer loop
      vertex -27.5549 6.05016 0
      vertex -27.5549 6.05016 2.4
      vertex -25.8621 7.68025 2.4
    endloop
  endfacet
  facet normal -0.808746 0.588158 0
    outer loop
      vertex -28.558 4.67085 0
      vertex -27.5549 6.05016 2.4
      vertex -27.5549 6.05016 0
    endloop
  endfacet
  facet normal -0.808746 0.588158 0
    outer loop
      vertex -28.558 4.67085 0
      vertex -28.558 4.67085 2.4
      vertex -27.5549 6.05016 2.4
    endloop
  endfacet
  facet normal -0.887228 0.461331 0
    outer loop
      vertex -29.373 3.10345 0
      vertex -28.558 4.67085 2.4
      vertex -28.558 4.67085 0
    endloop
  endfacet
  facet normal -0.887228 0.461331 0
    outer loop
      vertex -29.373 3.10345 0
      vertex -29.373 3.10345 2.4
      vertex -28.558 4.67085 2.4
    endloop
  endfacet
  facet normal -0.970139 0.24255 0
    outer loop
      vertex -30 0.59561 0
      vertex -29.373 3.10345 2.4
      vertex -29.373 3.10345 0
    endloop
  endfacet
  facet normal -0.970139 0.24255 0
    outer loop
      vertex -30 0.59561 0
      vertex -30 0.59561 2.4
      vertex -29.373 3.10345 2.4
    endloop
  endfacet
  facet normal -1 0 0
    outer loop
      vertex -30 -0.909089 0
      vertex -30 0.59561 2.4
      vertex -30 0.59561 0
    endloop
  endfacet
  facet normal -1 0 0
    outer loop
      vertex -30 -0.909089 0
      vertex -30 -0.909089 2.4
      vertex -30 0.59561 2.4
    endloop
  endfacet
  facet normal -0.980578 -0.196128 0
    outer loop
      vertex -29.6865 -2.47649 0
      vertex -30 -0.909089 2.4
      vertex -30 -0.909089 0
    endloop
  endfacet
  facet normal -0.980578 -0.196128 0
    outer loop
      vertex -29.6865 -2.47649 0
      vertex -29.6865 -2.47649 2.4
      vertex -30 -0.909089 2.4
    endloop
  endfacet
  facet normal -0.915327 -0.402711 0
    outer loop
      vertex -28.9969 -4.04389 0
      vertex -29.6865 -2.47649 2.4
      vertex -29.6865 -2.47649 0
    endloop
  endfacet
  facet normal -0.915327 -0.402711 0
    outer loop
      vertex -28.9969 -4.04389 0
      vertex -28.9969 -4.04389 2.4
      vertex -29.6865 -2.47649 2.4
    endloop
  endfacet
  facet normal -0.843646 -0.5369 0
    outer loop
      vertex -28.1191 -5.4232 0
      vertex -28.9969 -4.04389 2.4
      vertex -28.9969 -4.04389 0
    endloop
  endfacet
  facet normal -0.843646 -0.5369 0
    outer loop
      vertex -28.1191 -5.4232 0
      vertex -28.1191 -5.4232 2.4
      vertex -28.9969 -4.04389 2.4
    endloop
  endfacet
  facet normal -0.724143 -0.68965 0
    outer loop
      vertex -25.6113 -8.05643 0
      vertex -28.1191 -5.4232 2.4
      vertex -28.1191 -5.4232 0
    endloop
  endfacet
  facet normal -0.724143 -0.68965 0
    outer loop
      vertex -25.6113 -8.05643 0
      vertex -25.6113 -8.05643 2.4
      vertex -28.1191 -5.4232 2.4
    endloop
  endfacet
  facet normal -0.565844 -0.824512 0
    outer loop
      vertex -22.4138 -10.2508 0
      vertex -25.6113 -8.05643 2.4
      vertex -25.6113 -8.05643 0
    endloop
  endfacet
  facet normal -0.565844 -0.824512 0
    outer loop
      vertex -22.4138 -10.2508 0
      vertex -22.4138 -10.2508 2.4
      vertex -25.6113 -8.05643 2.4
    endloop
  endfacet
  facet normal -0.440157 -0.897921 0
    outer loop
      vertex -19.2163 -11.8182 0
      vertex -22.4138 -10.2508 2.4
      vertex -22.4138 -10.2508 0
    endloop
  endfacet
  facet normal -0.440157 -0.897921 0
    outer loop
      vertex -19.2163 -11.8182 0
      vertex -19.2163 -11.8182 2.4
      vertex -22.4138 -10.2508 2.4
    endloop
  endfacet
  facet normal -0.312873 -0.949795 0
    outer loop
      vertex -13.8871 -13.5737 0
      vertex -19.2163 -11.8182 2.4
      vertex -19.2163 -11.8182 0
    endloop
  endfacet
  facet normal -0.312873 -0.949795 0
    outer loop
      vertex -13.8871 -13.5737 0
      vertex -13.8871 -13.5737 2.4
      vertex -19.2163 -11.8182 2.4
    endloop
  endfacet
  facet normal -0.200393 -0.979715 0
    outer loop
      vertex -8.36991 -14.7022 0
      vertex -13.8871 -13.5737 2.4
      vertex -13.8871 -13.5737 0
    endloop
  endfacet
  facet normal -0.200393 -0.979715 0
    outer loop
      vertex -8.36991 -14.7022 0
      vertex -8.36991 -14.7022 2.4
      vertex -13.8871 -13.5737 2.4
    endloop
  endfacet
  facet normal -0.0943205 -0.995542 0
    outer loop
      vertex -2.41379 -15.2665 0
      vertex -8.36991 -14.7022 2.4
      vertex -8.36991 -14.7022 0
    endloop
  endfacet
  facet normal -0.0943205 -0.995542 0
    outer loop
      vertex -2.41379 -15.2665 0
      vertex -2.41379 -15.2665 2.4
      vertex -8.36991 -14.7022 2.4
    endloop
  endfacet
  facet normal 0.0105264 -0.999945 0
    outer loop
      vertex 3.54232 -15.2038 0
      vertex -2.41379 -15.2665 2.4
      vertex -2.41379 -15.2665 0
    endloop
  endfacet
  facet normal 0.0105264 -0.999945 0
    outer loop
      vertex 3.54232 -15.2038 0
      vertex 3.54232 -15.2038 2.4
      vertex -2.41379 -15.2665 2.4
    endloop
  endfacet
  facet normal 0.707107 0.707107 -0
    outer loop
      vertex -3.60501 1.97492 0
      vertex -3.60501 1.97492 2.4
      vertex -3.54232 1.91223 0
    endloop
  endfacet
  facet normal 0.707107 0.707107 0
    outer loop
      vertex -3.54232 1.91223 2.4
      vertex -3.54232 1.91223 0
      vertex -3.60501 1.97492 2.4
    endloop
  endfacet
  facet normal 0.0712511 0.997458 -0
    outer loop
      vertex -4.48276 2.03762 0
      vertex -4.48276 2.03762 2.4
      vertex -3.60501 1.97492 0
    endloop
  endfacet
  facet normal 0.0712511 0.997458 0
    outer loop
      vertex -3.60501 1.97492 2.4
      vertex -3.60501 1.97492 0
      vertex -4.48276 2.03762 2.4
    endloop
  endfacet
  facet normal 0.358982 0.933344 -0
    outer loop
      vertex -5.2978 2.3511 0
      vertex -5.2978 2.3511 2.4
      vertex -4.48276 2.03762 0
    endloop
  endfacet
  facet normal 0.358982 0.933344 0
    outer loop
      vertex -4.48276 2.03762 2.4
      vertex -4.48276 2.03762 0
      vertex -5.2978 2.3511 2.4
    endloop
  endfacet
  facet normal 0.675718 0.737161 -0
    outer loop
      vertex -6.05016 3.04075 0
      vertex -6.05016 3.04075 2.4
      vertex -5.2978 2.3511 0
    endloop
  endfacet
  facet normal 0.675718 0.737161 0
    outer loop
      vertex -5.2978 2.3511 2.4
      vertex -5.2978 2.3511 0
      vertex -6.05016 3.04075 2.4
    endloop
  endfacet
  facet normal 0.913813 0.406135 -0
    outer loop
      vertex -6.30094 3.60501 0
      vertex -6.30094 3.60501 2.4
      vertex -6.05016 3.04075 0
    endloop
  endfacet
  facet normal 0.913813 0.406135 0
    outer loop
      vertex -6.05016 3.04075 2.4
      vertex -6.05016 3.04075 0
      vertex -6.30094 3.60501 2.4
    endloop
  endfacet
  facet normal 1 0 -0
    outer loop
      vertex -6.30094 3.8558 0
      vertex -6.30094 3.8558 2.4
      vertex -6.30094 3.60501 0
    endloop
  endfacet
  facet normal 1 -0 0
    outer loop
      vertex -6.30094 3.60501 2.4
      vertex -6.30094 3.60501 0
      vertex -6.30094 3.8558 2.4
    endloop
  endfacet
  facet normal 0.707107 0.707107 -0
    outer loop
      vertex -6.36363 3.91849 0
      vertex -6.36363 3.91849 2.4
      vertex -6.30094 3.8558 0
    endloop
  endfacet
  facet normal 0.707107 0.707107 0
    outer loop
      vertex -6.30094 3.8558 2.4
      vertex -6.30094 3.8558 0
      vertex -6.36363 3.91849 2.4
    endloop
  endfacet
  facet normal 1 0 -0
    outer loop
      vertex -6.36363 5.2978 0
      vertex -6.36363 5.2978 2.4
      vertex -6.36363 3.91849 0
    endloop
  endfacet
  facet normal 1 -0 0
    outer loop
      vertex -6.36363 3.91849 2.4
      vertex -6.36363 3.91849 0
      vertex -6.36363 5.2978 2.4
    endloop
  endfacet
  facet normal 0.707163 -0.70705 0
    outer loop
      vertex -6.30094 5.3605 0
      vertex -6.30094 5.3605 2.4
      vertex -6.36363 5.2978 0
    endloop
  endfacet
  facet normal 0.707163 -0.70705 0
    outer loop
      vertex -6.36363 5.2978 2.4
      vertex -6.36363 5.2978 0
      vertex -6.30094 5.3605 2.4
    endloop
  endfacet
  facet normal 0.986394 -0.164397 0
    outer loop
      vertex -6.17555 6.11285 0
      vertex -6.17555 6.11285 2.4
      vertex -6.30094 5.3605 0
    endloop
  endfacet
  facet normal 0.986394 -0.164397 0
    outer loop
      vertex -6.30094 5.3605 2.4
      vertex -6.30094 5.3605 0
      vertex -6.17555 6.11285 2.4
    endloop
  endfacet
  facet normal 0.938343 -0.345705 0
    outer loop
      vertex -5.73668 7.30407 0
      vertex -5.73668 7.30407 2.4
      vertex -6.17555 6.11285 0
    endloop
  endfacet
  facet normal 0.938343 -0.345705 0
    outer loop
      vertex -6.17555 6.11285 2.4
      vertex -6.17555 6.11285 0
      vertex -5.73668 7.30407 2.4
    endloop
  endfacet
  facet normal 0.868242 -0.496141 0
    outer loop
      vertex -5.48589 7.74295 0
      vertex -5.48589 7.74295 2.4
      vertex -5.73668 7.30407 0
    endloop
  endfacet
  facet normal 0.868242 -0.496141 0
    outer loop
      vertex -5.73668 7.30407 2.4
      vertex -5.73668 7.30407 0
      vertex -5.48589 7.74295 2.4
    endloop
  endfacet
  facet normal 1 0 -0
    outer loop
      vertex -5.48589 7.86834 0
      vertex -5.48589 7.86834 2.4
      vertex -5.48589 7.74295 0
    endloop
  endfacet
  facet normal 1 -0 0
    outer loop
      vertex -5.48589 7.74295 2.4
      vertex -5.48589 7.74295 0
      vertex -5.48589 7.86834 2.4
    endloop
  endfacet
  facet normal 0.885832 -0.464005 0
    outer loop
      vertex -4.79624 9.18495 0
      vertex -4.79624 9.18495 2.4
      vertex -5.48589 7.86834 0
    endloop
  endfacet
  facet normal 0.885832 -0.464005 0
    outer loop
      vertex -5.48589 7.86834 2.4
      vertex -5.48589 7.86834 0
      vertex -4.79624 9.18495 2.4
    endloop
  endfacet
  facet normal 0.825312 -0.564676 0
    outer loop
      vertex -3.98119 10.3762 0
      vertex -3.98119 10.3762 2.4
      vertex -4.79624 9.18495 0
    endloop
  endfacet
  facet normal 0.825312 -0.564676 0
    outer loop
      vertex -4.79624 9.18495 2.4
      vertex -4.79624 9.18495 0
      vertex -3.98119 10.3762 2.4
    endloop
  endfacet
  facet normal 0.727005 -0.686632 0
    outer loop
      vertex -2.91536 11.5047 0
      vertex -2.91536 11.5047 2.4
      vertex -3.98119 10.3762 0
    endloop
  endfacet
  facet normal 0.727005 -0.686632 0
    outer loop
      vertex -3.98119 10.3762 2.4
      vertex -3.98119 10.3762 0
      vertex -2.91536 11.5047 2.4
    endloop
  endfacet
  facet normal 0.591388 -0.806387 0
    outer loop
      vertex -1.97492 12.1944 0
      vertex -1.97492 12.1944 2.4
      vertex -2.91536 11.5047 0
    endloop
  endfacet
  facet normal 0.591388 -0.806387 0
    outer loop
      vertex -2.91536 11.5047 2.4
      vertex -2.91536 11.5047 0
      vertex -1.97492 12.1944 2.4
    endloop
  endfacet
  facet normal 0.400764 -0.916181 0
    outer loop
      vertex -0.971786 12.6332 0
      vertex -0.971786 12.6332 2.4
      vertex -1.97492 12.1944 0
    endloop
  endfacet
  facet normal 0.400764 -0.916181 0
    outer loop
      vertex -1.97492 12.1944 2.4
      vertex -1.97492 12.1944 0
      vertex -0.971786 12.6332 2.4
    endloop
  endfacet
  facet normal 0.110438 -0.993883 0
    outer loop
      vertex -0.407522 12.6959 0
      vertex -0.407522 12.6959 2.4
      vertex -0.971786 12.6332 0
    endloop
  endfacet
  facet normal 0.110438 -0.993883 0
    outer loop
      vertex -0.971786 12.6332 2.4
      vertex -0.971786 12.6332 0
      vertex -0.407522 12.6959 2.4
    endloop
  endfacet
  facet normal 0.707141 -0.707073 0
    outer loop
      vertex -0.344828 12.7586 0
      vertex -0.344828 12.7586 2.4
      vertex -0.407522 12.6959 0
    endloop
  endfacet
  facet normal 0.707141 -0.707073 0
    outer loop
      vertex -0.407522 12.6959 2.4
      vertex -0.407522 12.6959 0
      vertex -0.344828 12.7586 2.4
    endloop
  endfacet
  facet normal 0 -1 0
    outer loop
      vertex 2.47649 12.7586 0
      vertex 2.47649 12.7586 2.4
      vertex -0.344828 12.7586 0
    endloop
  endfacet
  facet normal 0 -1 0
    outer loop
      vertex -0.344828 12.7586 2.4
      vertex -0.344828 12.7586 0
      vertex 2.47649 12.7586 2.4
    endloop
  endfacet
  facet normal -0.707163 -0.70705 0
    outer loop
      vertex 2.53918 12.6959 0
      vertex 2.53918 12.6959 2.4
      vertex 2.47649 12.7586 0
    endloop
  endfacet
  facet normal -0.707163 -0.70705 -0
    outer loop
      vertex 2.47649 12.7586 2.4
      vertex 2.47649 12.7586 0
      vertex 2.53918 12.6959 2.4
    endloop
  endfacet
  facet normal 0 -1 0
    outer loop
      vertex 3.66771 12.6959 0
      vertex 3.66771 12.6959 2.4
      vertex 2.53918 12.6959 0
    endloop
  endfacet
  facet normal 0 -1 0
    outer loop
      vertex 2.53918 12.6959 2.4
      vertex 2.53918 12.6959 0
      vertex 3.66771 12.6959 2.4
    endloop
  endfacet
  facet normal -0.707107 -0.707107 0
    outer loop
      vertex 3.73041 12.6332 0
      vertex 3.73041 12.6332 2.4
      vertex 3.66771 12.6959 0
    endloop
  endfacet
  facet normal -0.707107 -0.707107 -0
    outer loop
      vertex 3.66771 12.6959 2.4
      vertex 3.66771 12.6959 0
      vertex 3.73041 12.6332 2.4
    endloop
  endfacet
  facet normal -0.0399708 -0.999201 0
    outer loop
      vertex 5.2978 12.5705 0
      vertex 5.2978 12.5705 2.4
      vertex 3.73041 12.6332 0
    endloop
  endfacet
  facet normal -0.0399708 -0.999201 -0
    outer loop
      vertex 3.73041 12.6332 2.4
      vertex 3.73041 12.6332 0
      vertex 5.2978 12.5705 2.4
    endloop
  endfacet
  facet normal -0.707107 -0.707107 0
    outer loop
      vertex 5.3605 12.5078 0
      vertex 5.3605 12.5078 2.4
      vertex 5.2978 12.5705 0
    endloop
  endfacet
  facet normal -0.707107 -0.707107 -0
    outer loop
      vertex 5.2978 12.5705 2.4
      vertex 5.2978 12.5705 0
      vertex 5.3605 12.5078 2.4
    endloop
  endfacet
  facet normal 0 -1 0
    outer loop
      vertex 5.92476 12.5078 0
      vertex 5.92476 12.5078 2.4
      vertex 5.3605 12.5078 0
    endloop
  endfacet
  facet normal 0 -1 0
    outer loop
      vertex 5.3605 12.5078 2.4
      vertex 5.3605 12.5078 0
      vertex 5.92476 12.5078 2.4
    endloop
  endfacet
  facet normal -0.707107 -0.707107 0
    outer loop
      vertex 5.98746 12.4451 0
      vertex 5.98746 12.4451 2.4
      vertex 5.92476 12.5078 0
    endloop
  endfacet
  facet normal -0.707107 -0.707107 -0
    outer loop
      vertex 5.92476 12.5078 2.4
      vertex 5.92476 12.5078 0
      vertex 5.98746 12.4451 2.4
    endloop
  endfacet
  facet normal 0 -1 0
    outer loop
      vertex 6.48903 12.4451 0
      vertex 6.48903 12.4451 2.4
      vertex 5.98746 12.4451 0
    endloop
  endfacet
  facet normal 0 -1 0
    outer loop
      vertex 5.98746 12.4451 2.4
      vertex 5.98746 12.4451 0
      vertex 6.48903 12.4451 2.4
    endloop
  endfacet
  facet normal -0.707163 -0.70705 0
    outer loop
      vertex 6.55172 12.3824 0
      vertex 6.55172 12.3824 2.4
      vertex 6.48903 12.4451 0
    endloop
  endfacet
  facet normal -0.707163 -0.70705 -0
    outer loop
      vertex 6.48903 12.4451 2.4
      vertex 6.48903 12.4451 0
      vertex 6.55172 12.3824 2.4
    endloop
  endfacet
  facet normal 0 -1 0
    outer loop
      vertex 6.9906 12.3824 0
      vertex 6.9906 12.3824 2.4
      vertex 6.55172 12.3824 0
    endloop
  endfacet
  facet normal 0 -1 0
    outer loop
      vertex 6.55172 12.3824 2.4
      vertex 6.55172 12.3824 0
      vertex 6.9906 12.3824 2.4
    endloop
  endfacet
  facet normal -0.707163 -0.70705 0
    outer loop
      vertex 7.05329 12.3197 0
      vertex 7.05329 12.3197 2.4
      vertex 6.9906 12.3824 0
    endloop
  endfacet
  facet normal -0.707163 -0.70705 -0
    outer loop
      vertex 6.9906 12.3824 2.4
      vertex 6.9906 12.3824 0
      vertex 7.05329 12.3197 2.4
    endloop
  endfacet
  facet normal 0 -1 0
    outer loop
      vertex 7.42947 12.3197 0
      vertex 7.42947 12.3197 2.4
      vertex 7.05329 12.3197 0
    endloop
  endfacet
  facet normal 0 -1 0
    outer loop
      vertex 7.05329 12.3197 2.4
      vertex 7.05329 12.3197 0
      vertex 7.42947 12.3197 2.4
    endloop
  endfacet
  facet normal -0.706599 -0.707615 0
    outer loop
      vertex 7.49216 12.2571 0
      vertex 7.49216 12.2571 2.4
      vertex 7.42947 12.3197 0
    endloop
  endfacet
  facet normal -0.706599 -0.707615 -0
    outer loop
      vertex 7.42947 12.3197 2.4
      vertex 7.42947 12.3197 0
      vertex 7.49216 12.2571 2.4
    endloop
  endfacet
  facet normal 0 -1 0
    outer loop
      vertex 7.93104 12.2571 0
      vertex 7.93104 12.2571 2.4
      vertex 7.49216 12.2571 0
    endloop
  endfacet
  facet normal 0 -1 0
    outer loop
      vertex 7.49216 12.2571 2.4
      vertex 7.49216 12.2571 0
      vertex 7.93104 12.2571 2.4
    endloop
  endfacet
  facet normal -0.707163 -0.70705 0
    outer loop
      vertex 7.99373 12.1944 0
      vertex 7.99373 12.1944 2.4
      vertex 7.93104 12.2571 0
    endloop
  endfacet
  facet normal -0.707163 -0.70705 -0
    outer loop
      vertex 7.93104 12.2571 2.4
      vertex 7.93104 12.2571 0
      vertex 7.99373 12.1944 2.4
    endloop
  endfacet
  facet normal -0.14143 -0.989948 0
    outer loop
      vertex 10.1881 11.8809 0
      vertex 10.1881 11.8809 2.4
      vertex 7.99373 12.1944 0
    endloop
  endfacet
  facet normal -0.14143 -0.989948 -0
    outer loop
      vertex 7.99373 12.1944 2.4
      vertex 7.99373 12.1944 0
      vertex 10.1881 11.8809 2.4
    endloop
  endfacet
  facet normal -0.707107 -0.707107 0
    outer loop
      vertex 10.2508 11.8182 0
      vertex 10.2508 11.8182 2.4
      vertex 10.1881 11.8809 0
    endloop
  endfacet
  facet normal -0.707107 -0.707107 -0
    outer loop
      vertex 10.1881 11.8809 2.4
      vertex 10.1881 11.8809 0
      vertex 10.2508 11.8182 2.4
    endloop
  endfacet
  facet normal -0.16441 -0.986392 0
    outer loop
      vertex 11.7555 11.5674 0
      vertex 11.7555 11.5674 2.4
      vertex 10.2508 11.8182 0
    endloop
  endfacet
  facet normal -0.16441 -0.986392 -0
    outer loop
      vertex 10.2508 11.8182 2.4
      vertex 10.2508 11.8182 0
      vertex 11.7555 11.5674 2.4
    endloop
  endfacet
  facet normal -0.263135 -0.964759 0
    outer loop
      vertex 13.1348 11.1912 0
      vertex 13.1348 11.1912 2.4
      vertex 11.7555 11.5674 0
    endloop
  endfacet
  facet normal -0.263135 -0.964759 -0
    outer loop
      vertex 11.7555 11.5674 2.4
      vertex 11.7555 11.5674 0
      vertex 13.1348 11.1912 2.4
    endloop
  endfacet
  facet normal -0.124035 -0.992278 0
    outer loop
      vertex 13.6364 11.1285 0
      vertex 13.6364 11.1285 2.4
      vertex 13.1348 11.1912 0
    endloop
  endfacet
  facet normal -0.124035 -0.992278 -0
    outer loop
      vertex 13.1348 11.1912 2.4
      vertex 13.1348 11.1912 0
      vertex 13.6364 11.1285 2.4
    endloop
  endfacet
  facet normal -0.447356 -0.894356 0
    outer loop
      vertex 13.8871 11.0031 0
      vertex 13.8871 11.0031 2.4
      vertex 13.6364 11.1285 0
    endloop
  endfacet
  facet normal -0.447356 -0.894356 -0
    outer loop
      vertex 13.6364 11.1285 2.4
      vertex 13.6364 11.1285 0
      vertex 13.8871 11.0031 2.4
    endloop
  endfacet
  facet normal -0.221554 -0.975148 0
    outer loop
      vertex 15.2665 10.6897 0
      vertex 15.2665 10.6897 2.4
      vertex 13.8871 11.0031 0
    endloop
  endfacet
  facet normal -0.221554 -0.975148 -0
    outer loop
      vertex 13.8871 11.0031 2.4
      vertex 13.8871 11.0031 0
      vertex 15.2665 10.6897 2.4
    endloop
  endfacet
  facet normal -0.447285 -0.894392 0
    outer loop
      vertex 15.768 10.4389 0
      vertex 15.768 10.4389 2.4
      vertex 15.2665 10.6897 0
    endloop
  endfacet
  facet normal -0.447285 -0.894392 -0
    outer loop
      vertex 15.2665 10.6897 2.4
      vertex 15.2665 10.6897 0
      vertex 15.768 10.4389 2.4
    endloop
  endfacet
  facet normal -0.707107 -0.707107 0
    outer loop
      vertex 16.0815 10.1254 0
      vertex 16.0815 10.1254 2.4
      vertex 15.768 10.4389 0
    endloop
  endfacet
  facet normal -0.707107 -0.707107 -0
    outer loop
      vertex 15.768 10.4389 2.4
      vertex 15.768 10.4389 0
      vertex 16.0815 10.1254 2.4
    endloop
  endfacet
  facet normal -0.986393 0.164407 0
    outer loop
      vertex 16.0188 9.74922 0
      vertex 16.0188 9.74922 2.4
      vertex 16.0815 10.1254 0
    endloop
  endfacet
  facet normal -0.986393 0.164407 0
    outer loop
      vertex 16.0815 10.1254 2.4
      vertex 16.0815 10.1254 0
      vertex 16.0188 9.74922 2.4
    endloop
  endfacet
  facet normal -0.658521 0.752563 0
    outer loop
      vertex 15.0157 8.87147 0
      vertex 15.0157 8.87147 2.4
      vertex 16.0188 9.74922 0
    endloop
  endfacet
  facet normal -0.658521 0.752563 0
    outer loop
      vertex 16.0188 9.74922 2.4
      vertex 16.0188 9.74922 0
      vertex 15.0157 8.87147 2.4
    endloop
  endfacet
  facet normal -0.562309 0.826927 0
    outer loop
      vertex 13.4483 7.80564 0
      vertex 13.4483 7.80564 2.4
      vertex 15.0157 8.87147 0
    endloop
  endfacet
  facet normal -0.562309 0.826927 0
    outer loop
      vertex 15.0157 8.87147 2.4
      vertex 15.0157 8.87147 0
      vertex 13.4483 7.80564 2.4
    endloop
  endfacet
  facet normal -0.508729 0.860927 0
    outer loop
      vertex 12.069 6.9906 0
      vertex 12.069 6.9906 2.4
      vertex 13.4483 7.80564 0
    endloop
  endfacet
  facet normal -0.508729 0.860927 0
    outer loop
      vertex 13.4483 7.80564 2.4
      vertex 13.4483 7.80564 0
      vertex 12.069 6.9906 2.4
    endloop
  endfacet
  facet normal -0.406125 0.913818 0
    outer loop
      vertex 11.5047 6.73981 0
      vertex 11.5047 6.73981 2.4
      vertex 12.069 6.9906 0
    endloop
  endfacet
  facet normal -0.406125 0.913818 0
    outer loop
      vertex 12.069 6.9906 2.4
      vertex 12.069 6.9906 0
      vertex 11.5047 6.73981 2.4
    endloop
  endfacet
  facet normal -0.707079 0.707135 0
    outer loop
      vertex 11.3793 6.61442 0
      vertex 11.3793 6.61442 2.4
      vertex 11.5047 6.73981 0
    endloop
  endfacet
  facet normal -0.707079 0.707135 0
    outer loop
      vertex 11.5047 6.73981 2.4
      vertex 11.5047 6.73981 0
      vertex 11.3793 6.61442 2.4
    endloop
  endfacet
  facet normal -0.425798 0.904818 0
    outer loop
      vertex 8.18182 5.10972 0
      vertex 8.18182 5.10972 2.4
      vertex 11.3793 6.61442 0
    endloop
  endfacet
  facet normal -0.425798 0.904818 0
    outer loop
      vertex 11.3793 6.61442 2.4
      vertex 11.3793 6.61442 0
      vertex 8.18182 5.10972 2.4
    endloop
  endfacet
  facet normal 0 1 0
    outer loop
      vertex 8.05643 5.10972 0
      vertex 8.05643 5.10972 2.4
      vertex 8.18182 5.10972 0
    endloop
  endfacet
  facet normal 0 1 0
    outer loop
      vertex 8.18182 5.10972 2.4
      vertex 8.18182 5.10972 0
      vertex 8.05643 5.10972 2.4
    endloop
  endfacet
  facet normal -0.398726 0.91707 0
    outer loop
      vertex 6.61442 4.48276 0
      vertex 6.61442 4.48276 2.4
      vertex 8.05643 5.10972 0
    endloop
  endfacet
  facet normal -0.398726 0.91707 0
    outer loop
      vertex 8.05643 5.10972 2.4
      vertex 8.05643 5.10972 0
      vertex 6.61442 4.48276 2.4
    endloop
  endfacet
  facet normal -0.196128 0.980578 0
    outer loop
      vertex 6.30094 4.42006 0
      vertex 6.30094 4.42006 2.4
      vertex 6.61442 4.48276 0
    endloop
  endfacet
  facet normal -0.196128 0.980578 0
    outer loop
      vertex 6.61442 4.48276 2.4
      vertex 6.61442 4.48276 0
      vertex 6.30094 4.42006 2.4
    endloop
  endfacet
  facet normal -0.55469 0.832057 0
    outer loop
      vertex 6.11285 4.29467 0
      vertex 6.11285 4.29467 2.4
      vertex 6.30094 4.42006 0
    endloop
  endfacet
  facet normal -0.55469 0.832057 0
    outer loop
      vertex 6.30094 4.42006 2.4
      vertex 6.30094 4.42006 0
      vertex 6.11285 4.29467 2.4
    endloop
  endfacet
  facet normal -0.196128 0.980578 0
    outer loop
      vertex 5.79937 4.23197 0
      vertex 5.79937 4.23197 2.4
      vertex 6.11285 4.29467 0
    endloop
  endfacet
  facet normal -0.196128 0.980578 0
    outer loop
      vertex 6.11285 4.29467 2.4
      vertex 6.11285 4.29467 0
      vertex 5.79937 4.23197 2.4
    endloop
  endfacet
  facet normal -0.55471 0.832043 0
    outer loop
      vertex 5.61129 4.10658 0
      vertex 5.61129 4.10658 2.4
      vertex 5.79937 4.23197 0
    endloop
  endfacet
  facet normal -0.55471 0.832043 0
    outer loop
      vertex 5.79937 4.23197 2.4
      vertex 5.79937 4.23197 0
      vertex 5.61129 4.10658 2.4
    endloop
  endfacet
  facet normal -0.322261 0.946651 0
    outer loop
      vertex 2.66457 3.10345 0
      vertex 2.66457 3.10345 2.4
      vertex 5.61129 4.10658 0
    endloop
  endfacet
  facet normal -0.322261 0.946651 0
    outer loop
      vertex 5.61129 4.10658 2.4
      vertex 5.61129 4.10658 0
      vertex 2.66457 3.10345 2.4
    endloop
  endfacet
  facet normal -0.141431 0.989948 0
    outer loop
      vertex 2.2257 3.04075 0
      vertex 2.2257 3.04075 2.4
      vertex 2.66457 3.10345 0
    endloop
  endfacet
  facet normal -0.141431 0.989948 0
    outer loop
      vertex 2.66457 3.10345 2.4
      vertex 2.66457 3.10345 0
      vertex 2.2257 3.04075 2.4
    endloop
  endfacet
  facet normal -0.447214 0.894427 0
    outer loop
      vertex 1.97492 2.91536 0
      vertex 1.97492 2.91536 2.4
      vertex 2.2257 3.04075 0
    endloop
  endfacet
  facet normal -0.447214 0.894427 0
    outer loop
      vertex 2.2257 3.04075 2.4
      vertex 2.2257 3.04075 0
      vertex 1.97492 2.91536 2.4
    endloop
  endfacet
  facet normal -0.141431 0.989948 0
    outer loop
      vertex 1.53605 2.85266 0
      vertex 1.53605 2.85266 2.4
      vertex 1.97492 2.91536 0
    endloop
  endfacet
  facet normal -0.141431 0.989948 0
    outer loop
      vertex 1.97492 2.91536 2.4
      vertex 1.97492 2.91536 0
      vertex 1.53605 2.85266 2.4
    endloop
  endfacet
  facet normal -0.341738 0.939795 0
    outer loop
      vertex 0.846394 2.60188 0
      vertex 0.846394 2.60188 2.4
      vertex 1.53605 2.85266 0
    endloop
  endfacet
  facet normal -0.341738 0.939795 0
    outer loop
      vertex 1.53605 2.85266 2.4
      vertex 1.53605 2.85266 0
      vertex 0.846394 2.60188 2.4
    endloop
  endfacet
  facet normal 0 1 0
    outer loop
      vertex 0.658307 2.60188 0
      vertex 0.658307 2.60188 2.4
      vertex 0.846394 2.60188 0
    endloop
  endfacet
  facet normal 0 1 0
    outer loop
      vertex 0.846394 2.60188 2.4
      vertex 0.846394 2.60188 0
      vertex 0.658307 2.60188 2.4
    endloop
  endfacet
  facet normal -0.351127 0.936328 0
    outer loop
      vertex 0.15674 2.41379 0
      vertex 0.15674 2.41379 2.4
      vertex 0.658307 2.60188 0
    endloop
  endfacet
  facet normal -0.351127 0.936328 0
    outer loop
      vertex 0.658307 2.60188 2.4
      vertex 0.658307 2.60188 0
      vertex 0.15674 2.41379 2.4
    endloop
  endfacet
  facet normal 0 1 0
    outer loop
      vertex -0.0313457 2.41379 0
      vertex -0.0313457 2.41379 2.4
      vertex 0.15674 2.41379 0
    endloop
  endfacet
  facet normal 0 1 0
    outer loop
      vertex 0.15674 2.41379 2.4
      vertex 0.15674 2.41379 0
      vertex -0.0313457 2.41379 2.4
    endloop
  endfacet
  facet normal -0.294081 0.95578 0
    outer loop
      vertex -0.846394 2.16301 0
      vertex -0.846394 2.16301 2.4
      vertex -0.0313457 2.41379 0
    endloop
  endfacet
  facet normal -0.294081 0.95578 0
    outer loop
      vertex -0.0313457 2.41379 2.4
      vertex -0.0313457 2.41379 0
      vertex -0.846394 2.16301 2.4
    endloop
  endfacet
  facet normal 0 1 0
    outer loop
      vertex -1.09718 2.16301 0
      vertex -1.09718 2.16301 2.4
      vertex -0.846394 2.16301 0
    endloop
  endfacet
  facet normal 0 1 0
    outer loop
      vertex -0.846394 2.16301 2.4
      vertex -0.846394 2.16301 0
      vertex -1.09718 2.16301 2.4
    endloop
  endfacet
  facet normal -0.707163 0.70705 0
    outer loop
      vertex -1.15987 2.10031 0
      vertex -1.15987 2.10031 2.4
      vertex -1.09718 2.16301 0
    endloop
  endfacet
  facet normal -0.707163 0.70705 0
    outer loop
      vertex -1.09718 2.16301 2.4
      vertex -1.09718 2.16301 0
      vertex -1.15987 2.10031 2.4
    endloop
  endfacet
  facet normal -0.0830367 0.996546 0
    outer loop
      vertex -1.91223 2.03762 0
      vertex -1.91223 2.03762 2.4
      vertex -1.15987 2.10031 0
    endloop
  endfacet
  facet normal -0.0830367 0.996546 0
    outer loop
      vertex -1.15987 2.10031 2.4
      vertex -1.15987 2.10031 0
      vertex -1.91223 2.03762 2.4
    endloop
  endfacet
  facet normal -0.707163 0.70705 0
    outer loop
      vertex -1.97492 1.97492 0
      vertex -1.97492 1.97492 2.4
      vertex -1.91223 2.03762 0
    endloop
  endfacet
  facet normal -0.707163 0.70705 0
    outer loop
      vertex -1.91223 2.03762 2.4
      vertex -1.91223 2.03762 0
      vertex -1.97492 1.97492 2.4
    endloop
  endfacet
  facet normal 0 1 0
    outer loop
      vertex -2.53918 1.97492 0
      vertex -2.53918 1.97492 2.4
      vertex -1.97492 1.97492 0
    endloop
  endfacet
  facet normal 0 1 0
    outer loop
      vertex -1.97492 1.97492 2.4
      vertex -1.97492 1.97492 0
      vertex -2.53918 1.97492 2.4
    endloop
  endfacet
  facet normal -0.70705 0.707163 0
    outer loop
      vertex -2.60188 1.91223 0
      vertex -2.60188 1.91223 2.4
      vertex -2.53918 1.97492 0
    endloop
  endfacet
  facet normal -0.70705 0.707163 0
    outer loop
      vertex -2.53918 1.97492 2.4
      vertex -2.53918 1.97492 0
      vertex -2.60188 1.91223 2.4
    endloop
  endfacet
  facet normal 0 1 0
    outer loop
      vertex -3.54232 1.91223 0
      vertex -3.54232 1.91223 2.4
      vertex -2.60188 1.91223 0
    endloop
  endfacet
  facet normal 0 1 0
    outer loop
      vertex -2.60188 1.91223 2.4
      vertex -2.60188 1.91223 0
      vertex -3.54232 1.91223 2.4
    endloop
  endfacet
  facet normal 0.496117 0.868256 -0
    outer loop
      vertex -22.7273 -7.24138 0
      vertex -22.7273 -7.24138 2.4
      vertex -21.8495 -7.74295 0
    endloop
  endfacet
  facet normal 0.496117 0.868256 0
    outer loop
      vertex -21.8495 -7.74295 2.4
      vertex -21.8495 -7.74295 0
      vertex -22.7273 -7.24138 2.4
    endloop
  endfacet
  facet normal 0.576694 0.81696 -0
    outer loop
      vertex -23.7931 -6.48903 0
      vertex -23.7931 -6.48903 2.4
      vertex -22.7273 -7.24138 0
    endloop
  endfacet
  facet normal 0.576694 0.81696 0
    outer loop
      vertex -22.7273 -7.24138 2.4
      vertex -22.7273 -7.24138 0
      vertex -23.7931 -6.48903 2.4
    endloop
  endfacet
  facet normal 0.633218 0.773974 -0
    outer loop
      vertex -24.4828 -5.92476 0
      vertex -24.4828 -5.92476 2.4
      vertex -23.7931 -6.48903 0
    endloop
  endfacet
  facet normal 0.633218 0.773974 0
    outer loop
      vertex -23.7931 -6.48903 2.4
      vertex -23.7931 -6.48903 0
      vertex -24.4828 -5.92476 2.4
    endloop
  endfacet
  facet normal 0.707113 0.707101 -0
    outer loop
      vertex -25.6113 -4.79624 0
      vertex -25.6113 -4.79624 2.4
      vertex -24.4828 -5.92476 0
    endloop
  endfacet
  facet normal 0.707113 0.707101 0
    outer loop
      vertex -24.4828 -5.92476 2.4
      vertex -24.4828 -5.92476 0
      vertex -25.6113 -4.79624 2.4
    endloop
  endfacet
  facet normal 0.780849 0.624719 -0
    outer loop
      vertex -26.1129 -4.16928 0
      vertex -26.1129 -4.16928 2.4
      vertex -25.6113 -4.79624 0
    endloop
  endfacet
  facet normal 0.780849 0.624719 0
    outer loop
      vertex -25.6113 -4.79624 2.4
      vertex -25.6113 -4.79624 0
      vertex -26.1129 -4.16928 2.4
    endloop
  endfacet
  facet normal 0.832084 0.554649 -0
    outer loop
      vertex -26.6144 -3.41693 0
      vertex -26.6144 -3.41693 2.4
      vertex -26.1129 -4.16928 0
    endloop
  endfacet
  facet normal 0.832084 0.554649 0
    outer loop
      vertex -26.1129 -4.16928 2.4
      vertex -26.1129 -4.16928 0
      vertex -26.6144 -3.41693 2.4
    endloop
  endfacet
  facet normal 0.894416 0.447235 -0
    outer loop
      vertex -27.116 -2.41379 0
      vertex -27.116 -2.41379 2.4
      vertex -26.6144 -3.41693 0
    endloop
  endfacet
  facet normal 0.894416 0.447235 0
    outer loop
      vertex -26.6144 -3.41693 2.4
      vertex -26.6144 -3.41693 0
      vertex -27.116 -2.41379 2.4
    endloop
  endfacet
  facet normal 0.957821 0.287365 -0
    outer loop
      vertex -27.4922 -1.15987 0
      vertex -27.4922 -1.15987 2.4
      vertex -27.116 -2.41379 0
    endloop
  endfacet
  facet normal 0.957821 0.287365 0
    outer loop
      vertex -27.116 -2.41379 2.4
      vertex -27.116 -2.41379 0
      vertex -27.4922 -1.15987 2.4
    endloop
  endfacet
  facet normal 0.999363 0.035694 -0
    outer loop
      vertex -27.5549 0.59561 0
      vertex -27.5549 0.59561 2.4
      vertex -27.4922 -1.15987 0
    endloop
  endfacet
  facet normal 0.999363 0.035694 0
    outer loop
      vertex -27.4922 -1.15987 2.4
      vertex -27.4922 -1.15987 0
      vertex -27.5549 0.59561 2.4
    endloop
  endfacet
  facet normal 0.70709 -0.707124 0
    outer loop
      vertex -27.4922 0.658307 0
      vertex -27.4922 0.658307 2.4
      vertex -27.5549 0.59561 0
    endloop
  endfacet
  facet normal 0.70709 -0.707124 0
    outer loop
      vertex -27.5549 0.59561 2.4
      vertex -27.5549 0.59561 0
      vertex -27.4922 0.658307 2.4
    endloop
  endfacet
  facet normal 0.995036 -0.0995111 0
    outer loop
      vertex -27.4295 1.28526 0
      vertex -27.4295 1.28526 2.4
      vertex -27.4922 0.658307 0
    endloop
  endfacet
  facet normal 0.995036 -0.0995111 0
    outer loop
      vertex -27.4922 0.658307 2.4
      vertex -27.4922 0.658307 0
      vertex -27.4295 1.28526 2.4
    endloop
  endfacet
  facet normal 0.942984 -0.332837 0
    outer loop
      vertex -27.0533 2.3511 0
      vertex -27.0533 2.3511 2.4
      vertex -27.4295 1.28526 0
    endloop
  endfacet
  facet normal 0.942984 -0.332837 0
    outer loop
      vertex -27.4295 1.28526 2.4
      vertex -27.4295 1.28526 0
      vertex -27.0533 2.3511 2.4
    endloop
  endfacet
  facet normal 0.894415 -0.447239 0
    outer loop
      vertex -26.5517 3.35423 0
      vertex -26.5517 3.35423 2.4
      vertex -27.0533 2.3511 0
    endloop
  endfacet
  facet normal 0.894415 -0.447239 0
    outer loop
      vertex -27.0533 2.3511 2.4
      vertex -27.0533 2.3511 0
      vertex -26.5517 3.35423 2.4
    endloop
  endfacet
  facet normal 0.824064 -0.566496 0
    outer loop
      vertex -25.8621 4.35737 0
      vertex -25.8621 4.35737 2.4
      vertex -26.5517 3.35423 0
    endloop
  endfacet
  facet normal 0.824064 -0.566496 0
    outer loop
      vertex -26.5517 3.35423 2.4
      vertex -26.5517 3.35423 0
      vertex -25.8621 4.35737 2.4
    endloop
  endfacet
  facet normal 0.747386 -0.66439 0
    outer loop
      vertex -24.8589 5.48589 0
      vertex -24.8589 5.48589 2.4
      vertex -25.8621 4.35737 0
    endloop
  endfacet
  facet normal 0.747386 -0.66439 0
    outer loop
      vertex -25.8621 4.35737 2.4
      vertex -25.8621 4.35737 0
      vertex -24.8589 5.48589 2.4
    endloop
  endfacet
  facet normal 0.637587 -0.770379 0
    outer loop
      vertex -23.0408 6.9906 0
      vertex -23.0408 6.9906 2.4
      vertex -24.8589 5.48589 0
    endloop
  endfacet
  facet normal 0.637587 -0.770379 0
    outer loop
      vertex -24.8589 5.48589 2.4
      vertex -24.8589 5.48589 0
      vertex -23.0408 6.9906 2.4
    endloop
  endfacet
  facet normal 0.532811 -0.846234 0
    outer loop
      vertex -21.348 8.05643 0
      vertex -21.348 8.05643 2.4
      vertex -23.0408 6.9906 0
    endloop
  endfacet
  facet normal 0.532811 -0.846234 0
    outer loop
      vertex -23.0408 6.9906 2.4
      vertex -23.0408 6.9906 0
      vertex -21.348 8.05643 2.4
    endloop
  endfacet
  facet normal 0.447203 -0.894433 0
    outer loop
      vertex -18.7147 9.37304 0
      vertex -18.7147 9.37304 2.4
      vertex -21.348 8.05643 0
    endloop
  endfacet
  facet normal 0.447203 -0.894433 0
    outer loop
      vertex -21.348 8.05643 2.4
      vertex -21.348 8.05643 0
      vertex -18.7147 9.37304 2.4
    endloop
  endfacet
  facet normal 0.371405 -0.928471 0
    outer loop
      vertex -16.5204 10.2508 0
      vertex -16.5204 10.2508 2.4
      vertex -18.7147 9.37304 0
    endloop
  endfacet
  facet normal 0.371405 -0.928471 0
    outer loop
      vertex -18.7147 9.37304 2.4
      vertex -18.7147 9.37304 0
      vertex -16.5204 10.2508 2.4
    endloop
  endfacet
  facet normal 0.295661 -0.955293 0
    outer loop
      vertex -13.8871 11.0658 0
      vertex -13.8871 11.0658 2.4
      vertex -16.5204 10.2508 0
    endloop
  endfacet
  facet normal 0.295661 -0.955293 0
    outer loop
      vertex -16.5204 10.2508 2.4
      vertex -16.5204 10.2508 0
      vertex -13.8871 11.0658 2.4
    endloop
  endfacet
  facet normal 0.242554 -0.970138 0
    outer loop
      vertex -12.6332 11.3793 0
      vertex -12.6332 11.3793 2.4
      vertex -13.8871 11.0658 0
    endloop
  endfacet
  facet normal 0.242554 -0.970138 0
    outer loop
      vertex -13.8871 11.0658 2.4
      vertex -13.8871 11.0658 0
      vertex -12.6332 11.3793 2.4
    endloop
  endfacet
  facet normal 0 -1 0
    outer loop
      vertex -12.3824 11.3793 0
      vertex -12.3824 11.3793 2.4
      vertex -12.6332 11.3793 0
    endloop
  endfacet
  facet normal 0 -1 0
    outer loop
      vertex -12.6332 11.3793 2.4
      vertex -12.6332 11.3793 0
      vertex -12.3824 11.3793 2.4
    endloop
  endfacet
  facet normal 0.371493 -0.928436 0
    outer loop
      vertex -12.069 11.5047 0
      vertex -12.069 11.5047 2.4
      vertex -12.3824 11.3793 0
    endloop
  endfacet
  facet normal 0.371493 -0.928436 0
    outer loop
      vertex -12.3824 11.3793 2.4
      vertex -12.3824 11.3793 0
      vertex -12.069 11.5047 2.4
    endloop
  endfacet
  facet normal 0.152066 -0.98837 0
    outer loop
      vertex -10.4389 11.7555 0
      vertex -10.4389 11.7555 2.4
      vertex -12.069 11.5047 0
    endloop
  endfacet
  facet normal 0.152066 -0.98837 0
    outer loop
      vertex -12.069 11.5047 2.4
      vertex -12.069 11.5047 0
      vertex -10.4389 11.7555 2.4
    endloop
  endfacet
  facet normal 0.707107 -0.707107 0
    outer loop
      vertex -10.3762 11.8182 0
      vertex -10.3762 11.8182 2.4
      vertex -10.4389 11.7555 0
    endloop
  endfacet
  facet normal 0.707107 -0.707107 0
    outer loop
      vertex -10.4389 11.7555 2.4
      vertex -10.4389 11.7555 0
      vertex -10.3762 11.8182 2.4
    endloop
  endfacet
  facet normal 0 -1 0
    outer loop
      vertex -10 11.8182 0
      vertex -10 11.8182 2.4
      vertex -10.3762 11.8182 0
    endloop
  endfacet
  facet normal 0 -1 0
    outer loop
      vertex -10.3762 11.8182 2.4
      vertex -10.3762 11.8182 0
      vertex -10 11.8182 2.4
    endloop
  endfacet
  facet normal -0.371411 -0.928469 0
    outer loop
      vertex -9.68652 11.6928 0
      vertex -9.68652 11.6928 2.4
      vertex -10 11.8182 0
    endloop
  endfacet
  facet normal -0.371411 -0.928469 -0
    outer loop
      vertex -10 11.8182 2.4
      vertex -10 11.8182 0
      vertex -9.68652 11.6928 2.4
    endloop
  endfacet
  facet normal -0.970143 -0.242536 0
    outer loop
      vertex -9.62382 11.442 0
      vertex -9.62382 11.442 2.4
      vertex -9.68652 11.6928 0
    endloop
  endfacet
  facet normal -0.970143 -0.242536 -0
    outer loop
      vertex -9.68652 11.6928 2.4
      vertex -9.68652 11.6928 0
      vertex -9.62382 11.442 2.4
    endloop
  endfacet
  facet normal -0.857505 0.514476 0
    outer loop
      vertex -9.81191 11.1285 0
      vertex -9.81191 11.1285 2.4
      vertex -9.62382 11.442 0
    endloop
  endfacet
  facet normal -0.857505 0.514476 0
    outer loop
      vertex -9.62382 11.442 2.4
      vertex -9.62382 11.442 0
      vertex -9.81191 11.1285 2.4
    endloop
  endfacet
  facet normal -0.747416 0.664356 0
    outer loop
      vertex -10.815 10 0
      vertex -10.815 10 2.4
      vertex -9.81191 11.1285 0
    endloop
  endfacet
  facet normal -0.747416 0.664356 0
    outer loop
      vertex -9.81191 11.1285 2.4
      vertex -9.81191 11.1285 0
      vertex -10.815 10 2.4
    endloop
  endfacet
  facet normal -0.795427 0.606049 0
    outer loop
      vertex -12.8213 7.36677 0
      vertex -12.8213 7.36677 2.4
      vertex -10.815 10 0
    endloop
  endfacet
  facet normal -0.795427 0.606049 0
    outer loop
      vertex -10.815 10 2.4
      vertex -10.815 10 0
      vertex -12.8213 7.36677 2.4
    endloop
  endfacet
  facet normal -0.828589 0.559858 0
    outer loop
      vertex -14.3887 5.04702 0
      vertex -14.3887 5.04702 2.4
      vertex -12.8213 7.36677 0
    endloop
  endfacet
  facet normal -0.828589 0.559858 0
    outer loop
      vertex -12.8213 7.36677 2.4
      vertex -12.8213 7.36677 0
      vertex -14.3887 5.04702 2.4
    endloop
  endfacet
  facet normal -0.8508 0.525489 0
    outer loop
      vertex -15.7053 2.91536 0
      vertex -15.7053 2.91536 2.4
      vertex -14.3887 5.04702 0
    endloop
  endfacet
  facet normal -0.8508 0.525489 0
    outer loop
      vertex -14.3887 5.04702 2.4
      vertex -14.3887 5.04702 0
      vertex -15.7053 2.91536 2.4
    endloop
  endfacet
  facet normal -0.868246 0.496133 0
    outer loop
      vertex -16.9592 0.721001 0
      vertex -16.9592 0.721001 2.4
      vertex -15.7053 2.91536 0
    endloop
  endfacet
  facet normal -0.868246 0.496133 0
    outer loop
      vertex -15.7053 2.91536 2.4
      vertex -15.7053 2.91536 0
      vertex -16.9592 0.721001 2.4
    endloop
  endfacet
  facet normal -0.890905 0.454189 0
    outer loop
      vertex -18.5893 -2.47649 0
      vertex -18.5893 -2.47649 2.4
      vertex -16.9592 0.721001 0
    endloop
  endfacet
  facet normal -0.890905 0.454189 0
    outer loop
      vertex -16.9592 0.721001 2.4
      vertex -16.9592 0.721001 0
      vertex -18.5893 -2.47649 2.4
    endloop
  endfacet
  facet normal -0.707079 0.707135 0
    outer loop
      vertex -18.7147 -2.60188 0
      vertex -18.7147 -2.60188 2.4
      vertex -18.5893 -2.47649 0
    endloop
  endfacet
  facet normal -0.707079 0.707135 0
    outer loop
      vertex -18.5893 -2.47649 2.4
      vertex -18.5893 -2.47649 0
      vertex -18.7147 -2.60188 2.4
    endloop
  endfacet
  facet normal -0.901163 0.433481 0
    outer loop
      vertex -21.0972 -7.55486 0
      vertex -21.0972 -7.55486 2.4
      vertex -18.7147 -2.60188 0
    endloop
  endfacet
  facet normal -0.901163 0.433481 0
    outer loop
      vertex -18.7147 -2.60188 2.4
      vertex -18.7147 -2.60188 0
      vertex -21.0972 -7.55486 2.4
    endloop
  endfacet
  facet normal -0.55467 0.832071 0
    outer loop
      vertex -21.4734 -7.80564 0
      vertex -21.4734 -7.80564 2.4
      vertex -21.0972 -7.55486 0
    endloop
  endfacet
  facet normal -0.55467 0.832071 0
    outer loop
      vertex -21.0972 -7.55486 2.4
      vertex -21.0972 -7.55486 0
      vertex -21.4734 -7.80564 2.4
    endloop
  endfacet
  facet normal 0.164416 0.986391 -0
    outer loop
      vertex -21.8495 -7.74295 0
      vertex -21.8495 -7.74295 2.4
      vertex -21.4734 -7.80564 0
    endloop
  endfacet
  facet normal 0.164416 0.986391 0
    outer loop
      vertex -21.4734 -7.80564 2.4
      vertex -21.4734 -7.80564 0
      vertex -21.8495 -7.74295 2.4
    endloop
  endfacet
  facet normal 0.707107 0.707107 -0
    outer loop
      vertex 9.62382 -11.6301 0
      vertex 9.62382 -11.6301 2.4
      vertex 9.74922 -11.7555 0
    endloop
  endfacet
  facet normal 0.707107 0.707107 0
    outer loop
      vertex 9.74922 -11.7555 2.4
      vertex 9.74922 -11.7555 0
      vertex 9.62382 -11.6301 2.4
    endloop
  endfacet
  facet normal 0.980581 -0.196116 0
    outer loop
      vertex 9.68652 -11.3166 0
      vertex 9.68652 -11.3166 2.4
      vertex 9.62382 -11.6301 0
    endloop
  endfacet
  facet normal 0.980581 -0.196116 0
    outer loop
      vertex 9.62382 -11.6301 2.4
      vertex 9.62382 -11.6301 0
      vertex 9.68652 -11.3166 2.4
    endloop
  endfacet
  facet normal 0.747387 -0.664389 0
    outer loop
      vertex 10.6897 -10.1881 0
      vertex 10.6897 -10.1881 2.4
      vertex 9.68652 -11.3166 0
    endloop
  endfacet
  facet normal 0.747387 -0.664389 0
    outer loop
      vertex 9.68652 -11.3166 2.4
      vertex 9.68652 -11.3166 0
      vertex 10.6897 -10.1881 2.4
    endloop
  endfacet
  facet normal 0.789368 -0.613921 0
    outer loop
      vertex 12.4451 -7.93104 0
      vertex 12.4451 -7.93104 2.4
      vertex 10.6897 -10.1881 0
    endloop
  endfacet
  facet normal 0.789368 -0.613921 0
    outer loop
      vertex 10.6897 -10.1881 2.4
      vertex 10.6897 -10.1881 0
      vertex 12.4451 -7.93104 2.4
    endloop
  endfacet
  facet normal 0.822192 -0.569211 0
    outer loop
      vertex 14.1379 -5.48589 0
      vertex 14.1379 -5.48589 2.4
      vertex 12.4451 -7.93104 0
    endloop
  endfacet
  facet normal 0.822192 -0.569211 0
    outer loop
      vertex 12.4451 -7.93104 2.4
      vertex 12.4451 -7.93104 0
      vertex 14.1379 -5.48589 2.4
    endloop
  endfacet
  facet normal 0.850264 -0.526356 0
    outer loop
      vertex 15.768 -2.85266 0
      vertex 15.768 -2.85266 2.4
      vertex 14.1379 -5.48589 0
    endloop
  endfacet
  facet normal 0.850264 -0.526356 0
    outer loop
      vertex 14.1379 -5.48589 2.4
      vertex 14.1379 -5.48589 0
      vertex 15.768 -2.85266 2.4
    endloop
  endfacet
  facet normal 0.87098 -0.491319 0
    outer loop
      vertex 17.1473 -0.407522 0
      vertex 17.1473 -0.407522 2.4
      vertex 15.768 -2.85266 0
    endloop
  endfacet
  facet normal 0.87098 -0.491319 0
    outer loop
      vertex 15.768 -2.85266 2.4
      vertex 15.768 -2.85266 0
      vertex 17.1473 -0.407522 2.4
    endloop
  endfacet
  facet normal 0.910356 -0.413826 0
    outer loop
      vertex 17.4608 0.282131 0
      vertex 17.4608 0.282131 2.4
      vertex 17.1473 -0.407522 0
    endloop
  endfacet
  facet normal 0.910356 -0.413826 0
    outer loop
      vertex 17.1473 -0.407522 2.4
      vertex 17.1473 -0.407522 0
      vertex 17.4608 0.282131 2.4
    endloop
  endfacet
  facet normal 0.707081 -0.707132 0
    outer loop
      vertex 17.5862 0.407522 0
      vertex 17.5862 0.407522 2.4
      vertex 17.4608 0.282131 0
    endloop
  endfacet
  facet normal 0.707081 -0.707132 0
    outer loop
      vertex 17.4608 0.282131 2.4
      vertex 17.4608 0.282131 0
      vertex 17.5862 0.407522 2.4
    endloop
  endfacet
  facet normal 0.906172 -0.422908 0
    outer loop
      vertex 18.0251 1.34796 0
      vertex 18.0251 1.34796 2.4
      vertex 17.5862 0.407522 0
    endloop
  endfacet
  facet normal 0.906172 -0.422908 0
    outer loop
      vertex 17.5862 0.407522 2.4
      vertex 17.5862 0.407522 0
      vertex 18.0251 1.34796 2.4
    endloop
  endfacet
  facet normal 0.707079 -0.707135 0
    outer loop
      vertex 18.1505 1.47335 0
      vertex 18.1505 1.47335 2.4
      vertex 18.0251 1.34796 0
    endloop
  endfacet
  facet normal 0.707079 -0.707135 0
    outer loop
      vertex 18.0251 1.34796 2.4
      vertex 18.0251 1.34796 0
      vertex 18.1505 1.47335 2.4
    endloop
  endfacet
  facet normal 0.894433 -0.447201 0
    outer loop
      vertex 20.1567 5.48589 0
      vertex 20.1567 5.48589 2.4
      vertex 18.1505 1.47335 0
    endloop
  endfacet
  facet normal 0.894433 -0.447201 0
    outer loop
      vertex 18.1505 1.47335 2.4
      vertex 18.1505 1.47335 0
      vertex 20.1567 5.48589 2.4
    endloop
  endfacet
  facet normal 1 0 -0
    outer loop
      vertex 20.1567 5.61129 0
      vertex 20.1567 5.61129 2.4
      vertex 20.1567 5.48589 0
    endloop
  endfacet
  facet normal 1 -0 0
    outer loop
      vertex 20.1567 5.48589 2.4
      vertex 20.1567 5.48589 0
      vertex 20.1567 5.61129 2.4
    endloop
  endfacet
  facet normal 0.880457 -0.474127 0
    outer loop
      vertex 20.5956 6.42633 0
      vertex 20.5956 6.42633 2.4
      vertex 20.1567 5.61129 0
    endloop
  endfacet
  facet normal 0.880457 -0.474127 0
    outer loop
      vertex 20.1567 5.61129 2.4
      vertex 20.1567 5.61129 0
      vertex 20.5956 6.42633 2.4
    endloop
  endfacet
  facet normal 0.928469 -0.371411 0
    outer loop
      vertex 20.9718 7.36677 0
      vertex 20.9718 7.36677 2.4
      vertex 20.5956 6.42633 0
    endloop
  endfacet
  facet normal 0.928469 -0.371411 0
    outer loop
      vertex 20.5956 6.42633 2.4
      vertex 20.5956 6.42633 0
      vertex 20.9718 7.36677 2.4
    endloop
  endfacet
  facet normal 0.707084 -0.707129 0
    outer loop
      vertex 21.2853 7.68025 0
      vertex 21.2853 7.68025 2.4
      vertex 20.9718 7.36677 0
    endloop
  endfacet
  facet normal 0.707084 -0.707129 0
    outer loop
      vertex 20.9718 7.36677 2.4
      vertex 20.9718 7.36677 0
      vertex 21.2853 7.68025 2.4
    endloop
  endfacet
  facet normal 0.141453 -0.989945 0
    outer loop
      vertex 21.7241 7.74295 0
      vertex 21.7241 7.74295 2.4
      vertex 21.2853 7.68025 0
    endloop
  endfacet
  facet normal 0.141453 -0.989945 0
    outer loop
      vertex 21.2853 7.68025 2.4
      vertex 21.2853 7.68025 0
      vertex 21.7241 7.74295 2.4
    endloop
  endfacet
  facet normal -0.316228 -0.948683 0
    outer loop
      vertex 22.1003 7.61755 0
      vertex 22.1003 7.61755 2.4
      vertex 21.7241 7.74295 0
    endloop
  endfacet
  facet normal -0.316228 -0.948683 -0
    outer loop
      vertex 21.7241 7.74295 2.4
      vertex 21.7241 7.74295 0
      vertex 22.1003 7.61755 2.4
    endloop
  endfacet
  facet normal -0.514466 -0.857511 0
    outer loop
      vertex 22.7273 7.24138 0
      vertex 22.7273 7.24138 2.4
      vertex 22.1003 7.61755 0
    endloop
  endfacet
  facet normal -0.514466 -0.857511 -0
    outer loop
      vertex 22.1003 7.61755 2.4
      vertex 22.1003 7.61755 0
      vertex 22.7273 7.24138 2.4
    endloop
  endfacet
  facet normal -0.620703 -0.784046 0
    outer loop
      vertex 24.232 6.05016 0
      vertex 24.232 6.05016 2.4
      vertex 22.7273 7.24138 0
    endloop
  endfacet
  facet normal -0.620703 -0.784046 -0
    outer loop
      vertex 22.7273 7.24138 2.4
      vertex 22.7273 7.24138 0
      vertex 24.232 6.05016 2.4
    endloop
  endfacet
  facet normal -0.720834 -0.693108 0
    outer loop
      vertex 25.7994 4.42006 0
      vertex 25.7994 4.42006 2.4
      vertex 24.232 6.05016 0
    endloop
  endfacet
  facet normal -0.720834 -0.693108 -0
    outer loop
      vertex 24.232 6.05016 2.4
      vertex 24.232 6.05016 0
      vertex 25.7994 4.42006 2.4
    endloop
  endfacet
  facet normal -0.826238 -0.563321 0
    outer loop
      vertex 26.7398 3.04075 0
      vertex 26.7398 3.04075 2.4
      vertex 25.7994 4.42006 0
    endloop
  endfacet
  facet normal -0.826238 -0.563321 -0
    outer loop
      vertex 25.7994 4.42006 2.4
      vertex 25.7994 4.42006 0
      vertex 26.7398 3.04075 2.4
    endloop
  endfacet
  facet normal -0.919135 -0.393942 0
    outer loop
      vertex 27.3041 1.72414 0
      vertex 27.3041 1.72414 2.4
      vertex 26.7398 3.04075 0
    endloop
  endfacet
  facet normal -0.919135 -0.393942 -0
    outer loop
      vertex 26.7398 3.04075 2.4
      vertex 26.7398 3.04075 0
      vertex 27.3041 1.72414 2.4
    endloop
  endfacet
  facet normal -0.974388 -0.224872 0
    outer loop
      vertex 27.4922 0.909089 0
      vertex 27.4922 0.909089 2.4
      vertex 27.3041 1.72414 0
    endloop
  endfacet
  facet normal -0.974388 -0.224872 -0
    outer loop
      vertex 27.3041 1.72414 2.4
      vertex 27.3041 1.72414 0
      vertex 27.4922 0.909089 2.4
    endloop
  endfacet
  facet normal -1 0 0
    outer loop
      vertex 27.4922 0.470219 0
      vertex 27.4922 0.470219 2.4
      vertex 27.4922 0.909089 0
    endloop
  endfacet
  facet normal -1 -0 -0
    outer loop
      vertex 27.4922 0.909089 2.4
      vertex 27.4922 0.909089 0
      vertex 27.4922 0.470219 2.4
    endloop
  endfacet
  facet normal -0.70709 -0.707124 0
    outer loop
      vertex 27.5549 0.407522 0
      vertex 27.5549 0.407522 2.4
      vertex 27.4922 0.470219 0
    endloop
  endfacet
  facet normal -0.70709 -0.707124 -0
    outer loop
      vertex 27.4922 0.470219 2.4
      vertex 27.4922 0.470219 0
      vertex 27.5549 0.407522 2.4
    endloop
  endfacet
  facet normal -1 0 0
    outer loop
      vertex 27.5549 -0.344828 0
      vertex 27.5549 -0.344828 2.4
      vertex 27.5549 0.407522 0
    endloop
  endfacet
  facet normal -1 -0 -0
    outer loop
      vertex 27.5549 0.407522 2.4
      vertex 27.5549 0.407522 0
      vertex 27.5549 -0.344828 2.4
    endloop
  endfacet
  facet normal -0.707073 0.707141 0
    outer loop
      vertex 27.4922 -0.407522 0
      vertex 27.4922 -0.407522 2.4
      vertex 27.5549 -0.344828 0
    endloop
  endfacet
  facet normal -0.707073 0.707141 0
    outer loop
      vertex 27.5549 -0.344828 2.4
      vertex 27.5549 -0.344828 0
      vertex 27.4922 -0.407522 2.4
    endloop
  endfacet
  facet normal -0.997054 0.0767014 0
    outer loop
      vertex 27.4295 -1.22257 0
      vertex 27.4295 -1.22257 2.4
      vertex 27.4922 -0.407522 0
    endloop
  endfacet
  facet normal -0.997054 0.0767014 0
    outer loop
      vertex 27.4922 -0.407522 2.4
      vertex 27.4922 -0.407522 0
      vertex 27.4295 -1.22257 2.4
    endloop
  endfacet
  facet normal -0.948677 0.316245 0
    outer loop
      vertex 27.0533 -2.3511 0
      vertex 27.0533 -2.3511 2.4
      vertex 27.4295 -1.22257 0
    endloop
  endfacet
  facet normal -0.948677 0.316245 0
    outer loop
      vertex 27.4295 -1.22257 2.4
      vertex 27.4295 -1.22257 0
      vertex 27.0533 -2.3511 2.4
    endloop
  endfacet
  facet normal -0.894415 0.447239 0
    outer loop
      vertex 26.5517 -3.35423 0
      vertex 26.5517 -3.35423 2.4
      vertex 27.0533 -2.3511 0
    endloop
  endfacet
  facet normal -0.894415 0.447239 0
    outer loop
      vertex 27.0533 -2.3511 2.4
      vertex 27.0533 -2.3511 0
      vertex 26.5517 -3.35423 2.4
    endloop
  endfacet
  facet normal -0.843703 0.536811 0
    outer loop
      vertex 26.1129 -4.04389 0
      vertex 26.1129 -4.04389 2.4
      vertex 26.5517 -3.35423 0
    endloop
  endfacet
  facet normal -0.843703 0.536811 0
    outer loop
      vertex 26.5517 -3.35423 2.4
      vertex 26.5517 -3.35423 0
      vertex 26.1129 -4.04389 2.4
    endloop
  endfacet
  facet normal -0.780846 0.624723 0
    outer loop
      vertex 25.3605 -4.98432 0
      vertex 25.3605 -4.98432 2.4
      vertex 26.1129 -4.04389 0
    endloop
  endfacet
  facet normal -0.780846 0.624723 0
    outer loop
      vertex 26.1129 -4.04389 2.4
      vertex 26.1129 -4.04389 0
      vertex 25.3605 -4.98432 2.4
    endloop
  endfacet
  facet normal -0.707122 0.707092 0
    outer loop
      vertex 24.4201 -5.92476 0
      vertex 24.4201 -5.92476 2.4
      vertex 25.3605 -4.98432 0
    endloop
  endfacet
  facet normal -0.707122 0.707092 0
    outer loop
      vertex 25.3605 -4.98432 2.4
      vertex 25.3605 -4.98432 0
      vertex 24.4201 -5.92476 2.4
    endloop
  endfacet
  facet normal -0.624672 0.780887 0
    outer loop
      vertex 23.1661 -6.9279 0
      vertex 23.1661 -6.9279 2.4
      vertex 24.4201 -5.92476 0
    endloop
  endfacet
  facet normal -0.624672 0.780887 0
    outer loop
      vertex 24.4201 -5.92476 2.4
      vertex 24.4201 -5.92476 0
      vertex 23.1661 -6.9279 2.4
    endloop
  endfacet
  facet normal -0.54627 0.837609 0
    outer loop
      vertex 21.7241 -7.86834 0
      vertex 21.7241 -7.86834 2.4
      vertex 23.1661 -6.9279 0
    endloop
  endfacet
  facet normal -0.54627 0.837609 0
    outer loop
      vertex 23.1661 -6.9279 2.4
      vertex 23.1661 -6.9279 0
      vertex 21.7241 -7.86834 2.4
    endloop
  endfacet
  facet normal -0.455879 0.890042 0
    outer loop
      vertex 19.1536 -9.18495 0
      vertex 19.1536 -9.18495 2.4
      vertex 21.7241 -7.86834 0
    endloop
  endfacet
  facet normal -0.455879 0.890042 0
    outer loop
      vertex 21.7241 -7.86834 2.4
      vertex 21.7241 -7.86834 0
      vertex 19.1536 -9.18495 2.4
    endloop
  endfacet
  facet normal 0 1 0
    outer loop
      vertex 19.0282 -9.18495 0
      vertex 19.0282 -9.18495 2.4
      vertex 19.1536 -9.18495 0
    endloop
  endfacet
  facet normal 0 1 0
    outer loop
      vertex 19.1536 -9.18495 2.4
      vertex 19.1536 -9.18495 0
      vertex 19.0282 -9.18495 2.4
    endloop
  endfacet
  facet normal -0.496124 0.868252 0
    outer loop
      vertex 18.5893 -9.43574 0
      vertex 18.5893 -9.43574 2.4
      vertex 19.0282 -9.18495 0
    endloop
  endfacet
  facet normal -0.496124 0.868252 0
    outer loop
      vertex 19.0282 -9.18495 2.4
      vertex 19.0282 -9.18495 0
      vertex 18.5893 -9.43574 2.4
    endloop
  endfacet
  facet normal -0.377316 0.926084 0
    outer loop
      vertex 16.8966 -10.1254 0
      vertex 16.8966 -10.1254 2.4
      vertex 18.5893 -9.43574 0
    endloop
  endfacet
  facet normal -0.377316 0.926084 0
    outer loop
      vertex 18.5893 -9.43574 2.4
      vertex 18.5893 -9.43574 0
      vertex 16.8966 -10.1254 2.4
    endloop
  endfacet
  facet normal -0.29933 0.95415 0
    outer loop
      vertex 13.6991 -11.1285 0
      vertex 13.6991 -11.1285 2.4
      vertex 16.8966 -10.1254 0
    endloop
  endfacet
  facet normal -0.29933 0.95415 0
    outer loop
      vertex 16.8966 -10.1254 2.4
      vertex 16.8966 -10.1254 0
      vertex 13.6991 -11.1285 2.4
    endloop
  endfacet
  facet normal -0.219521 0.975608 0
    outer loop
      vertex 11.1912 -11.6928 0
      vertex 11.1912 -11.6928 2.4
      vertex 13.6991 -11.1285 0
    endloop
  endfacet
  facet normal -0.219521 0.975608 0
    outer loop
      vertex 13.6991 -11.1285 2.4
      vertex 13.6991 -11.1285 0
      vertex 11.1912 -11.6928 2.4
    endloop
  endfacet
  facet normal -0.0712551 0.997458 0
    outer loop
      vertex 10.3135 -11.7555 0
      vertex 10.3135 -11.7555 2.4
      vertex 11.1912 -11.6928 0
    endloop
  endfacet
  facet normal -0.0712551 0.997458 0
    outer loop
      vertex 11.1912 -11.6928 2.4
      vertex 11.1912 -11.6928 0
      vertex 10.3135 -11.7555 2.4
    endloop
  endfacet
  facet normal -0.707107 0.707107 0
    outer loop
      vertex 10.2508 -11.8182 0
      vertex 10.2508 -11.8182 2.4
      vertex 10.3135 -11.7555 0
    endloop
  endfacet
  facet normal -0.707107 0.707107 0
    outer loop
      vertex 10.3135 -11.7555 2.4
      vertex 10.3135 -11.7555 0
      vertex 10.2508 -11.8182 2.4
    endloop
  endfacet
  facet normal 0.12404 0.992277 -0
    outer loop
      vertex 9.74922 -11.7555 0
      vertex 9.74922 -11.7555 2.4
      vertex 10.2508 -11.8182 0
    endloop
  endfacet
  facet normal 0.12404 0.992277 0
    outer loop
      vertex 10.2508 -11.8182 2.4
      vertex 10.2508 -11.8182 0
      vertex 9.74922 -11.7555 2.4
    endloop
  endfacet
  facet normal 0.707124 0.70709 -0
    outer loop
      vertex -0.658307 -12.8213 0
      vertex -0.658307 -12.8213 2.4
      vertex -0.59561 -12.884 0
    endloop
  endfacet
  facet normal 0.707124 0.70709 0
    outer loop
      vertex -0.59561 -12.884 2.4
      vertex -0.59561 -12.884 0
      vertex -0.658307 -12.8213 2.4
    endloop
  endfacet
  facet normal 0 1 0
    outer loop
      vertex -2.2884 -12.8213 0
      vertex -2.2884 -12.8213 2.4
      vertex -0.658307 -12.8213 0
    endloop
  endfacet
  facet normal 0 1 0
    outer loop
      vertex -0.658307 -12.8213 2.4
      vertex -0.658307 -12.8213 0
      vertex -2.2884 -12.8213 2.4
    endloop
  endfacet
  facet normal 0.707107 0.707107 -0
    outer loop
      vertex -2.3511 -12.7586 0
      vertex -2.3511 -12.7586 2.4
      vertex -2.2884 -12.8213 0
    endloop
  endfacet
  facet normal 0.707107 0.707107 0
    outer loop
      vertex -2.2884 -12.8213 2.4
      vertex -2.2884 -12.8213 0
      vertex -2.3511 -12.7586 2.4
    endloop
  endfacet
  facet normal 0 1 0
    outer loop
      vertex -3.47962 -12.7586 0
      vertex -3.47962 -12.7586 2.4
      vertex -2.3511 -12.7586 0
    endloop
  endfacet
  facet normal 0 1 0
    outer loop
      vertex -2.3511 -12.7586 2.4
      vertex -2.3511 -12.7586 0
      vertex -3.47962 -12.7586 2.4
    endloop
  endfacet
  facet normal 0.707107 0.707107 -0
    outer loop
      vertex -3.54232 -12.6959 0
      vertex -3.54232 -12.6959 2.4
      vertex -3.47962 -12.7586 0
    endloop
  endfacet
  facet normal 0.707107 0.707107 0
    outer loop
      vertex -3.47962 -12.7586 2.4
      vertex -3.47962 -12.7586 0
      vertex -3.54232 -12.6959 2.4
    endloop
  endfacet
  facet normal 0.0416333 0.999133 -0
    outer loop
      vertex -5.04702 -12.6332 0
      vertex -5.04702 -12.6332 2.4
      vertex -3.54232 -12.6959 0
    endloop
  endfacet
  facet normal 0.0416333 0.999133 0
    outer loop
      vertex -3.54232 -12.6959 2.4
      vertex -3.54232 -12.6959 0
      vertex -5.04702 -12.6332 2.4
    endloop
  endfacet
  facet normal 0.707107 0.707107 -0
    outer loop
      vertex -5.10972 -12.5705 0
      vertex -5.10972 -12.5705 2.4
      vertex -5.04702 -12.6332 0
    endloop
  endfacet
  facet normal 0.707107 0.707107 0
    outer loop
      vertex -5.04702 -12.6332 2.4
      vertex -5.04702 -12.6332 0
      vertex -5.10972 -12.5705 2.4
    endloop
  endfacet
  facet normal 0.0525624 0.998618 -0
    outer loop
      vertex -6.30094 -12.5078 0
      vertex -6.30094 -12.5078 2.4
      vertex -5.10972 -12.5705 0
    endloop
  endfacet
  facet normal 0.0525624 0.998618 0
    outer loop
      vertex -5.10972 -12.5705 2.4
      vertex -5.10972 -12.5705 0
      vertex -6.30094 -12.5078 2.4
    endloop
  endfacet
  facet normal 0.707163 0.70705 -0
    outer loop
      vertex -6.36363 -12.4451 0
      vertex -6.36363 -12.4451 2.4
      vertex -6.30094 -12.5078 0
    endloop
  endfacet
  facet normal 0.707163 0.70705 0
    outer loop
      vertex -6.30094 -12.5078 2.4
      vertex -6.30094 -12.5078 0
      vertex -6.36363 -12.4451 2.4
    endloop
  endfacet
  facet normal 0.102851 0.994697 -0
    outer loop
      vertex -8.18182 -12.2571 0
      vertex -8.18182 -12.2571 2.4
      vertex -6.36363 -12.4451 0
    endloop
  endfacet
  facet normal 0.102851 0.994697 0
    outer loop
      vertex -6.36363 -12.4451 2.4
      vertex -6.36363 -12.4451 0
      vertex -8.18182 -12.2571 2.4
    endloop
  endfacet
  facet normal 0.707163 0.70705 -0
    outer loop
      vertex -8.24451 -12.1944 0
      vertex -8.24451 -12.1944 2.4
      vertex -8.18182 -12.2571 0
    endloop
  endfacet
  facet normal 0.707163 0.70705 0
    outer loop
      vertex -8.18182 -12.2571 2.4
      vertex -8.18182 -12.2571 0
      vertex -8.24451 -12.1944 2.4
    endloop
  endfacet
  facet normal 0.129347 0.991599 -0
    outer loop
      vertex -9.68652 -12.0063 0
      vertex -9.68652 -12.0063 2.4
      vertex -8.24451 -12.1944 0
    endloop
  endfacet
  facet normal 0.129347 0.991599 0
    outer loop
      vertex -8.24451 -12.1944 2.4
      vertex -8.24451 -12.1944 0
      vertex -9.68652 -12.0063 2.4
    endloop
  endfacet
  facet normal 0.707107 0.707107 -0
    outer loop
      vertex -9.74922 -11.9436 0
      vertex -9.74922 -11.9436 2.4
      vertex -9.68652 -12.0063 0
    endloop
  endfacet
  facet normal 0.707107 0.707107 0
    outer loop
      vertex -9.68652 -12.0063 2.4
      vertex -9.68652 -12.0063 0
      vertex -9.74922 -11.9436 2.4
    endloop
  endfacet
  facet normal 0.169918 0.985458 -0
    outer loop
      vertex -11.5674 -11.6301 0
      vertex -11.5674 -11.6301 2.4
      vertex -9.74922 -11.9436 0
    endloop
  endfacet
  facet normal 0.169918 0.985458 0
    outer loop
      vertex -9.74922 -11.9436 2.4
      vertex -9.74922 -11.9436 0
      vertex -11.5674 -11.6301 2.4
    endloop
  endfacet
  facet normal 0.371391 0.928477 -0
    outer loop
      vertex -11.8809 -11.5047 0
      vertex -11.8809 -11.5047 2.4
      vertex -11.5674 -11.6301 0
    endloop
  endfacet
  facet normal 0.371391 0.928477 0
    outer loop
      vertex -11.5674 -11.6301 2.4
      vertex -11.5674 -11.6301 0
      vertex -11.8809 -11.5047 2.4
    endloop
  endfacet
  facet normal 0 1 0
    outer loop
      vertex -12.1317 -11.5047 0
      vertex -12.1317 -11.5047 2.4
      vertex -11.8809 -11.5047 0
    endloop
  endfacet
  facet normal 0 1 0
    outer loop
      vertex -11.8809 -11.5047 2.4
      vertex -11.8809 -11.5047 0
      vertex -12.1317 -11.5047 2.4
    endloop
  endfacet
  facet normal 0.707107 0.707107 -0
    outer loop
      vertex -12.1944 -11.442 0
      vertex -12.1944 -11.442 2.4
      vertex -12.1317 -11.5047 0
    endloop
  endfacet
  facet normal 0.707107 0.707107 0
    outer loop
      vertex -12.1317 -11.5047 2.4
      vertex -12.1317 -11.5047 0
      vertex -12.1944 -11.442 2.4
    endloop
  endfacet
  facet normal 0.220282 0.975436 -0
    outer loop
      vertex -14.1379 -11.0031 0
      vertex -14.1379 -11.0031 2.4
      vertex -12.1944 -11.442 0
    endloop
  endfacet
  facet normal 0.220282 0.975436 0
    outer loop
      vertex -12.1944 -11.442 2.4
      vertex -12.1944 -11.442 0
      vertex -14.1379 -11.0031 2.4
    endloop
  endfacet
  facet normal 0.447214 0.894427 -0
    outer loop
      vertex -14.3887 -10.8777 0
      vertex -14.3887 -10.8777 2.4
      vertex -14.1379 -11.0031 0
    endloop
  endfacet
  facet normal 0.447214 0.894427 0
    outer loop
      vertex -14.1379 -11.0031 2.4
      vertex -14.1379 -11.0031 0
      vertex -14.3887 -10.8777 2.4
    endloop
  endfacet
  facet normal 0.228973 0.973433 -0
    outer loop
      vertex -15.4545 -10.627 0
      vertex -15.4545 -10.627 2.4
      vertex -14.3887 -10.8777 0
    endloop
  endfacet
  facet normal 0.228973 0.973433 0
    outer loop
      vertex -14.3887 -10.8777 2.4
      vertex -14.3887 -10.8777 0
      vertex -15.4545 -10.627 2.4
    endloop
  endfacet
  facet normal 0.496139 0.868243 -0
    outer loop
      vertex -15.8934 -10.3762 0
      vertex -15.8934 -10.3762 2.4
      vertex -15.4545 -10.627 0
    endloop
  endfacet
  facet normal 0.496139 0.868243 0
    outer loop
      vertex -15.4545 -10.627 2.4
      vertex -15.4545 -10.627 0
      vertex -15.8934 -10.3762 2.4
    endloop
  endfacet
  facet normal 0.8 0.6 -0
    outer loop
      vertex -16.0815 -10.1254 0
      vertex -16.0815 -10.1254 2.4
      vertex -15.8934 -10.3762 0
    endloop
  endfacet
  facet normal 0.8 0.6 0
    outer loop
      vertex -15.8934 -10.3762 2.4
      vertex -15.8934 -10.3762 0
      vertex -16.0815 -10.1254 2.4
    endloop
  endfacet
  facet normal 1 0 -0
    outer loop
      vertex -16.0815 -9.9373 0
      vertex -16.0815 -9.9373 2.4
      vertex -16.0815 -10.1254 0
    endloop
  endfacet
  facet normal 1 -0 0
    outer loop
      vertex -16.0815 -10.1254 2.4
      vertex -16.0815 -10.1254 0
      vertex -16.0815 -9.9373 2.4
    endloop
  endfacet
  facet normal 0.894413 -0.447242 0
    outer loop
      vertex -15.9561 -9.68652 0
      vertex -15.9561 -9.68652 2.4
      vertex -16.0815 -9.9373 0
    endloop
  endfacet
  facet normal 0.894413 -0.447242 0
    outer loop
      vertex -16.0815 -9.9373 2.4
      vertex -16.0815 -9.9373 0
      vertex -15.9561 -9.68652 2.4
    endloop
  endfacet
  facet normal 0.668997 -0.743265 0
    outer loop
      vertex -15.3292 -9.12226 0
      vertex -15.3292 -9.12226 2.4
      vertex -15.9561 -9.68652 0
    endloop
  endfacet
  facet normal 0.668997 -0.743265 0
    outer loop
      vertex -15.9561 -9.68652 2.4
      vertex -15.9561 -9.68652 0
      vertex -15.3292 -9.12226 2.4
    endloop
  endfacet
  facet normal 0.57549 -0.817809 0
    outer loop
      vertex -13.6364 -7.93104 0
      vertex -13.6364 -7.93104 2.4
      vertex -15.3292 -9.12226 0
    endloop
  endfacet
  facet normal 0.57549 -0.817809 0
    outer loop
      vertex -15.3292 -9.12226 2.4
      vertex -15.3292 -9.12226 0
      vertex -13.6364 -7.93104 2.4
    endloop
  endfacet
  facet normal 0.505719 -0.862698 0
    outer loop
      vertex -11.8182 -6.8652 0
      vertex -11.8182 -6.8652 2.4
      vertex -13.6364 -7.93104 0
    endloop
  endfacet
  facet normal 0.505719 -0.862698 0
    outer loop
      vertex -13.6364 -7.93104 2.4
      vertex -13.6364 -7.93104 0
      vertex -11.8182 -6.8652 2.4
    endloop
  endfacet
  facet normal 0.44721 -0.894429 0
    outer loop
      vertex -9.9373 -5.92476 0
      vertex -9.9373 -5.92476 2.4
      vertex -11.8182 -6.8652 0
    endloop
  endfacet
  facet normal 0.44721 -0.894429 0
    outer loop
      vertex -11.8182 -6.8652 2.4
      vertex -11.8182 -6.8652 0
      vertex -9.9373 -5.92476 2.4
    endloop
  endfacet
  facet normal 0 -1 0
    outer loop
      vertex -9.81191 -5.92476 0
      vertex -9.81191 -5.92476 2.4
      vertex -9.9373 -5.92476 0
    endloop
  endfacet
  facet normal 0 -1 0
    outer loop
      vertex -9.9373 -5.92476 2.4
      vertex -9.9373 -5.92476 0
      vertex -9.81191 -5.92476 2.4
    endloop
  endfacet
  facet normal 0.496135 -0.868246 0
    outer loop
      vertex -9.37304 -5.67398 0
      vertex -9.37304 -5.67398 2.4
      vertex -9.81191 -5.92476 0
    endloop
  endfacet
  facet normal 0.496135 -0.868246 0
    outer loop
      vertex -9.81191 -5.92476 2.4
      vertex -9.81191 -5.92476 0
      vertex -9.37304 -5.67398 2.4
    endloop
  endfacet
  facet normal 0 -1 0
    outer loop
      vertex -9.24765 -5.67398 0
      vertex -9.24765 -5.67398 2.4
      vertex -9.37304 -5.67398 0
    endloop
  endfacet
  facet normal 0 -1 0
    outer loop
      vertex -9.37304 -5.67398 2.4
      vertex -9.37304 -5.67398 0
      vertex -9.24765 -5.67398 2.4
    endloop
  endfacet
  facet normal 0.5145 -0.857491 0
    outer loop
      vertex -8.93417 -5.48589 0
      vertex -8.93417 -5.48589 2.4
      vertex -9.24765 -5.67398 0
    endloop
  endfacet
  facet normal 0.5145 -0.857491 0
    outer loop
      vertex -9.24765 -5.67398 2.4
      vertex -9.24765 -5.67398 0
      vertex -8.93417 -5.48589 2.4
    endloop
  endfacet
  facet normal 0 -1 0
    outer loop
      vertex -8.80878 -5.48589 0
      vertex -8.80878 -5.48589 2.4
      vertex -8.93417 -5.48589 0
    endloop
  endfacet
  facet normal 0 -1 0
    outer loop
      vertex -8.93417 -5.48589 2.4
      vertex -8.93417 -5.48589 0
      vertex -8.80878 -5.48589 2.4
    endloop
  endfacet
  facet normal 0.5145 -0.857491 0
    outer loop
      vertex -8.4953 -5.2978 0
      vertex -8.4953 -5.2978 2.4
      vertex -8.80878 -5.48589 0
    endloop
  endfacet
  facet normal 0.5145 -0.857491 0
    outer loop
      vertex -8.80878 -5.48589 2.4
      vertex -8.80878 -5.48589 0
      vertex -8.4953 -5.2978 2.4
    endloop
  endfacet
  facet normal 0 -1 0
    outer loop
      vertex -8.36991 -5.2978 0
      vertex -8.36991 -5.2978 2.4
      vertex -8.4953 -5.2978 0
    endloop
  endfacet
  facet normal 0 -1 0
    outer loop
      vertex -8.4953 -5.2978 2.4
      vertex -8.4953 -5.2978 0
      vertex -8.36991 -5.2978 2.4
    endloop
  endfacet
  facet normal 0.406132 -0.913814 0
    outer loop
      vertex -7.24138 -4.79624 0
      vertex -7.24138 -4.79624 2.4
      vertex -8.36991 -5.2978 0
    endloop
  endfacet
  facet normal 0.406132 -0.913814 0
    outer loop
      vertex -8.36991 -5.2978 2.4
      vertex -8.36991 -5.2978 0
      vertex -7.24138 -4.79624 2.4
    endloop
  endfacet
  facet normal 0.32852 -0.944497 0
    outer loop
      vertex -1.47335 -2.78997 0
      vertex -1.47335 -2.78997 2.4
      vertex -7.24138 -4.79624 0
    endloop
  endfacet
  facet normal 0.32852 -0.944497 0
    outer loop
      vertex -7.24138 -4.79624 2.4
      vertex -7.24138 -4.79624 0
      vertex -1.47335 -2.78997 2.4
    endloop
  endfacet
  facet normal 0 -1 0
    outer loop
      vertex -1.28526 -2.78997 0
      vertex -1.28526 -2.78997 2.4
      vertex -1.47335 -2.78997 0
    endloop
  endfacet
  facet normal 0 -1 0
    outer loop
      vertex -1.47335 -2.78997 2.4
      vertex -1.47335 -2.78997 0
      vertex -1.28526 -2.78997 2.4
    endloop
  endfacet
  facet normal 0.447242 -0.894413 0
    outer loop
      vertex -1.03448 -2.66457 0
      vertex -1.03448 -2.66457 2.4
      vertex -1.28526 -2.78997 0
    endloop
  endfacet
  facet normal 0.447242 -0.894413 0
    outer loop
      vertex -1.28526 -2.78997 2.4
      vertex -1.28526 -2.78997 0
      vertex -1.03448 -2.66457 2.4
    endloop
  endfacet
  facet normal 0.141409 -0.989951 0
    outer loop
      vertex -0.59561 -2.60188 0
      vertex -0.59561 -2.60188 2.4
      vertex -1.03448 -2.66457 0
    endloop
  endfacet
  facet normal 0.141409 -0.989951 0
    outer loop
      vertex -1.03448 -2.66457 2.4
      vertex -1.03448 -2.66457 0
      vertex -0.59561 -2.60188 2.4
    endloop
  endfacet
  facet normal 0.298276 -0.95448 0
    outer loop
      vertex 0.407522 -2.2884 0
      vertex 0.407522 -2.2884 2.4
      vertex -0.59561 -2.60188 0
    endloop
  endfacet
  facet normal 0.298276 -0.95448 0
    outer loop
      vertex -0.59561 -2.60188 2.4
      vertex -0.59561 -2.60188 0
      vertex 0.407522 -2.2884 2.4
    endloop
  endfacet
  facet normal 0 -1 0
    outer loop
      vertex 0.658307 -2.2884 0
      vertex 0.658307 -2.2884 2.4
      vertex 0.407522 -2.2884 0
    endloop
  endfacet
  facet normal 0 -1 0
    outer loop
      vertex 0.407522 -2.2884 2.4
      vertex 0.407522 -2.2884 0
      vertex 0.658307 -2.2884 2.4
    endloop
  endfacet
  facet normal 0.263121 -0.964763 0
    outer loop
      vertex 1.34796 -2.10031 0
      vertex 1.34796 -2.10031 2.4
      vertex 0.658307 -2.2884 0
    endloop
  endfacet
  facet normal 0.263121 -0.964763 0
    outer loop
      vertex 0.658307 -2.2884 2.4
      vertex 0.658307 -2.2884 0
      vertex 1.34796 -2.10031 2.4
    endloop
  endfacet
  facet normal 0 -1 0
    outer loop
      vertex 1.66144 -2.10031 0
      vertex 1.66144 -2.10031 2.4
      vertex 1.34796 -2.10031 0
    endloop
  endfacet
  facet normal 0 -1 0
    outer loop
      vertex 1.34796 -2.10031 2.4
      vertex 1.34796 -2.10031 0
      vertex 1.66144 -2.10031 2.4
    endloop
  endfacet
  facet normal 0.70705 -0.707163 0
    outer loop
      vertex 1.72414 -2.03762 0
      vertex 1.72414 -2.03762 2.4
      vertex 1.66144 -2.10031 0
    endloop
  endfacet
  facet normal 0.70705 -0.707163 0
    outer loop
      vertex 1.66144 -2.10031 2.4
      vertex 1.66144 -2.10031 0
      vertex 1.72414 -2.03762 2.4
    endloop
  endfacet
  facet normal 0 -1 0
    outer loop
      vertex 2.2257 -2.03762 0
      vertex 2.2257 -2.03762 2.4
      vertex 1.72414 -2.03762 0
    endloop
  endfacet
  facet normal 0 -1 0
    outer loop
      vertex 1.72414 -2.03762 2.4
      vertex 1.72414 -2.03762 0
      vertex 2.2257 -2.03762 2.4
    endloop
  endfacet
  facet normal 0.707107 -0.707107 0
    outer loop
      vertex 2.2884 -1.97492 0
      vertex 2.2884 -1.97492 2.4
      vertex 2.2257 -2.03762 0
    endloop
  endfacet
  facet normal 0.707107 -0.707107 0
    outer loop
      vertex 2.2257 -2.03762 2.4
      vertex 2.2257 -2.03762 0
      vertex 2.2884 -1.97492 2.4
    endloop
  endfacet
  facet normal 0 -1 0
    outer loop
      vertex 4.04389 -1.97492 0
      vertex 4.04389 -1.97492 2.4
      vertex 2.2884 -1.97492 0
    endloop
  endfacet
  facet normal 0 -1 0
    outer loop
      vertex 2.2884 -1.97492 2.4
      vertex 2.2884 -1.97492 0
      vertex 4.04389 -1.97492 2.4
    endloop
  endfacet
  facet normal -0.707163 -0.70705 0
    outer loop
      vertex 4.10658 -2.03762 0
      vertex 4.10658 -2.03762 2.4
      vertex 4.04389 -1.97492 0
    endloop
  endfacet
  facet normal -0.707163 -0.70705 -0
    outer loop
      vertex 4.04389 -1.97492 2.4
      vertex 4.04389 -1.97492 0
      vertex 4.10658 -2.03762 2.4
    endloop
  endfacet
  facet normal 0 -1 0
    outer loop
      vertex 4.42006 -2.03762 0
      vertex 4.42006 -2.03762 2.4
      vertex 4.10658 -2.03762 0
    endloop
  endfacet
  facet normal 0 -1 0
    outer loop
      vertex 4.10658 -2.03762 2.4
      vertex 4.10658 -2.03762 0
      vertex 4.42006 -2.03762 2.4
    endloop
  endfacet
  facet normal -0.274718 -0.961525 0
    outer loop
      vertex 4.85893 -2.16301 0
      vertex 4.85893 -2.16301 2.4
      vertex 4.42006 -2.03762 0
    endloop
  endfacet
  facet normal -0.274718 -0.961525 -0
    outer loop
      vertex 4.42006 -2.03762 2.4
      vertex 4.42006 -2.03762 0
      vertex 4.85893 -2.16301 2.4
    endloop
  endfacet
  facet normal -0.485639 -0.874159 0
    outer loop
      vertex 5.4232 -2.47649 0
      vertex 5.4232 -2.47649 2.4
      vertex 4.85893 -2.16301 0
    endloop
  endfacet
  facet normal -0.485639 -0.874159 -0
    outer loop
      vertex 4.85893 -2.16301 2.4
      vertex 4.85893 -2.16301 0
      vertex 5.4232 -2.47649 2.4
    endloop
  endfacet
  facet normal -0.650787 -0.75926 0
    outer loop
      vertex 5.86207 -2.85266 0
      vertex 5.86207 -2.85266 2.4
      vertex 5.4232 -2.47649 0
    endloop
  endfacet
  facet normal -0.650787 -0.75926 -0
    outer loop
      vertex 5.4232 -2.47649 2.4
      vertex 5.4232 -2.47649 0
      vertex 5.86207 -2.85266 2.4
    endloop
  endfacet
  facet normal -0.843664 -0.536872 0
    outer loop
      vertex 6.30094 -3.54232 0
      vertex 6.30094 -3.54232 2.4
      vertex 5.86207 -2.85266 0
    endloop
  endfacet
  facet normal -0.843664 -0.536872 -0
    outer loop
      vertex 5.86207 -2.85266 2.4
      vertex 5.86207 -2.85266 0
      vertex 6.30094 -3.54232 2.4
    endloop
  endfacet
  facet normal -1 0 0
    outer loop
      vertex 6.30094 -3.8558 0
      vertex 6.30094 -3.8558 2.4
      vertex 6.30094 -3.54232 0
    endloop
  endfacet
  facet normal -1 -0 -0
    outer loop
      vertex 6.30094 -3.54232 2.4
      vertex 6.30094 -3.54232 0
      vertex 6.30094 -3.8558 2.4
    endloop
  endfacet
  facet normal -0.707107 -0.707107 0
    outer loop
      vertex 6.36363 -3.91849 0
      vertex 6.36363 -3.91849 2.4
      vertex 6.30094 -3.8558 0
    endloop
  endfacet
  facet normal -0.707107 -0.707107 -0
    outer loop
      vertex 6.30094 -3.8558 2.4
      vertex 6.30094 -3.8558 0
      vertex 6.36363 -3.91849 2.4
    endloop
  endfacet
  facet normal -1 0 0
    outer loop
      vertex 6.36363 -5.23511 0
      vertex 6.36363 -5.23511 2.4
      vertex 6.36363 -3.91849 0
    endloop
  endfacet
  facet normal -1 -0 -0
    outer loop
      vertex 6.36363 -3.91849 2.4
      vertex 6.36363 -3.91849 0
      vertex 6.36363 -5.23511 2.4
    endloop
  endfacet
  facet normal -0.707107 0.707107 0
    outer loop
      vertex 6.30094 -5.2978 0
      vertex 6.30094 -5.2978 2.4
      vertex 6.36363 -5.23511 0
    endloop
  endfacet
  facet normal -0.707107 0.707107 0
    outer loop
      vertex 6.36363 -5.23511 2.4
      vertex 6.36363 -5.23511 0
      vertex 6.30094 -5.2978 2.4
    endloop
  endfacet
  facet normal -1 0 0
    outer loop
      vertex 6.30094 -5.61129 0
      vertex 6.30094 -5.61129 2.4
      vertex 6.30094 -5.2978 0
    endloop
  endfacet
  facet normal -1 -0 -0
    outer loop
      vertex 6.30094 -5.2978 2.4
      vertex 6.30094 -5.2978 0
      vertex 6.30094 -5.61129 2.4
    endloop
  endfacet
  facet normal -0.70705 0.707163 0
    outer loop
      vertex 6.23824 -5.67398 0
      vertex 6.23824 -5.67398 2.4
      vertex 6.30094 -5.61129 0
    endloop
  endfacet
  facet normal -0.70705 0.707163 0
    outer loop
      vertex 6.30094 -5.61129 2.4
      vertex 6.30094 -5.61129 0
      vertex 6.23824 -5.67398 2.4
    endloop
  endfacet
  facet normal -0.98387 0.178884 0
    outer loop
      vertex 6.11285 -6.36363 0
      vertex 6.11285 -6.36363 2.4
      vertex 6.23824 -5.67398 0
    endloop
  endfacet
  facet normal -0.98387 0.178884 0
    outer loop
      vertex 6.23824 -5.67398 2.4
      vertex 6.23824 -5.67398 0
      vertex 6.11285 -6.36363 2.4
    endloop
  endfacet
  facet normal -0.936331 0.351117 0
    outer loop
      vertex 5.73668 -7.36677 0
      vertex 5.73668 -7.36677 2.4
      vertex 6.11285 -6.36363 0
    endloop
  endfacet
  facet normal -0.936331 0.351117 0
    outer loop
      vertex 6.11285 -6.36363 2.4
      vertex 6.11285 -6.36363 0
      vertex 5.73668 -7.36677 2.4
    endloop
  endfacet
  facet normal -0.889287 0.457349 0
    outer loop
      vertex 4.60815 -9.56113 0
      vertex 4.60815 -9.56113 2.4
      vertex 5.73668 -7.36677 0
    endloop
  endfacet
  facet normal -0.889287 0.457349 0
    outer loop
      vertex 5.73668 -7.36677 2.4
      vertex 5.73668 -7.36677 0
      vertex 4.60815 -9.56113 2.4
    endloop
  endfacet
  facet normal -0.810689 0.585477 0
    outer loop
      vertex 3.7931 -10.6897 0
      vertex 3.7931 -10.6897 2.4
      vertex 4.60815 -9.56113 0
    endloop
  endfacet
  facet normal -0.810689 0.585477 0
    outer loop
      vertex 4.60815 -9.56113 2.4
      vertex 4.60815 -9.56113 0
      vertex 3.7931 -10.6897 2.4
    endloop
  endfacet
  facet normal -0.707091 0.707123 0
    outer loop
      vertex 2.91536 -11.5674 0
      vertex 2.91536 -11.5674 2.4
      vertex 3.7931 -10.6897 0
    endloop
  endfacet
  facet normal -0.707091 0.707123 0
    outer loop
      vertex 3.7931 -10.6897 2.4
      vertex 3.7931 -10.6897 0
      vertex 2.91536 -11.5674 2.4
    endloop
  endfacet
  facet normal -0.581265 0.813715 0
    outer loop
      vertex 2.03762 -12.1944 0
      vertex 2.03762 -12.1944 2.4
      vertex 2.91536 -11.5674 0
    endloop
  endfacet
  facet normal -0.581265 0.813715 0
    outer loop
      vertex 2.91536 -11.5674 2.4
      vertex 2.91536 -11.5674 0
      vertex 2.03762 -12.1944 2.4
    endloop
  endfacet
  facet normal -0.422828 0.90621 0
    outer loop
      vertex 1.09718 -12.6332 0
      vertex 1.09718 -12.6332 2.4
      vertex 2.03762 -12.1944 0
    endloop
  endfacet
  facet normal -0.422828 0.90621 0
    outer loop
      vertex 2.03762 -12.1944 2.4
      vertex 2.03762 -12.1944 0
      vertex 1.09718 -12.6332 2.4
    endloop
  endfacet
  facet normal 0 1 0
    outer loop
      vertex 0.909089 -12.6332 0
      vertex 0.909089 -12.6332 2.4
      vertex 1.09718 -12.6332 0
    endloop
  endfacet
  facet normal 0 1 0
    outer loop
      vertex 1.09718 -12.6332 2.4
      vertex 1.09718 -12.6332 0
      vertex 0.909089 -12.6332 2.4
    endloop
  endfacet
  facet normal -0.316247 0.948677 0
    outer loop
      vertex 0.344828 -12.8213 0
      vertex 0.344828 -12.8213 2.4
      vertex 0.909089 -12.6332 0
    endloop
  endfacet
  facet normal -0.316247 0.948677 0
    outer loop
      vertex 0.909089 -12.6332 2.4
      vertex 0.909089 -12.6332 0
      vertex 0.344828 -12.8213 2.4
    endloop
  endfacet
  facet normal 0 1 0
    outer loop
      vertex -0.15674 -12.8213 0
      vertex -0.15674 -12.8213 2.4
      vertex 0.344828 -12.8213 0
    endloop
  endfacet
  facet normal 0 1 0
    outer loop
      vertex 0.344828 -12.8213 2.4
      vertex 0.344828 -12.8213 0
      vertex -0.15674 -12.8213 2.4
    endloop
  endfacet
  facet normal -0.707141 0.707073 0
    outer loop
      vertex -0.219434 -12.884 0
      vertex -0.219434 -12.884 2.4
      vertex -0.15674 -12.8213 0
    endloop
  endfacet
  facet normal -0.707141 0.707073 0
    outer loop
      vertex -0.15674 -12.8213 2.4
      vertex -0.15674 -12.8213 0
      vertex -0.219434 -12.884 2.4
    endloop
  endfacet
  facet normal 0 1 0
    outer loop
      vertex -0.59561 -12.884 0
      vertex -0.59561 -12.884 2.4
      vertex -0.219434 -12.884 0
    endloop
  endfacet
  facet normal 0 1 0
    outer loop
      vertex -0.219434 -12.884 2.4
      vertex -0.219434 -12.884 0
      vertex -0.59561 -12.884 2.4
    endloop
  endfacet
endsolid OpenSCAD_Model
