solid OpenSCAD_Model
  facet normal 0 0 -1
    outer loop
      vertex 29.7862 -3.39526 0
      vertex 29.7348 -3.49121 0
      vertex 29.6767 -3.58402 0
    endloop
  endfacet
  facet normal 0 0 -1
    outer loop
      vertex 29.8311 -3.29593 0
      vertex 29.6767 -3.58402 0
      vertex 29.6115 -3.674 0
    endloop
  endfacet
  facet normal -0 0 -1
    outer loop
      vertex 29.7862 -3.39526 0
      vertex 29.6767 -3.58402 0
      vertex 29.8311 -3.29593 0
    endloop
  endfacet
  facet normal 0 0 -1
    outer loop
      vertex 29.539 -3.76136 0
      vertex 29.8311 -3.29593 0
      vertex 29.6115 -3.674 0
    endloop
  endfacet
  facet normal 0 0 -1
    outer loop
      vertex 29.539 -3.76136 0
      vertex 29.87 -3.19293 0
      vertex 29.8311 -3.29593 0
    endloop
  endfacet
  facet normal -0 0 -1
    outer loop
      vertex 29.539 -3.76136 0
      vertex 29.4587 -3.84639 0
      vertex 29.87 -3.19293 0
    endloop
  endfacet
  facet normal -0 0 -1
    outer loop
      vertex 29.87 -3.19293 0
      vertex 29.4587 -3.84639 0
      vertex 29.9031 -3.08601 0
    endloop
  endfacet
  facet normal 0 0 -1
    outer loop
      vertex 29.9031 -3.08601 0
      vertex 29.4587 -3.84639 0
      vertex 29.3705 -3.92939 0
    endloop
  endfacet
  facet normal 0 0 -1
    outer loop
      vertex 29.9307 -2.97492 0
      vertex 29.9031 -3.08601 0
      vertex 29.3705 -3.92939 0
    endloop
  endfacet
  facet normal 0 0 -1
    outer loop
      vertex 29.2739 -4.01057 0
      vertex 29.9307 -2.97492 0
      vertex 29.3705 -3.92939 0
    endloop
  endfacet
  facet normal 0 0 -1
    outer loop
      vertex 29.2739 -4.01057 0
      vertex 29.9532 -2.85937 0
      vertex 29.9307 -2.97492 0
    endloop
  endfacet
  facet normal -0 0 -1
    outer loop
      vertex 29.2739 -4.01057 0
      vertex 29.1686 -4.09021 0
      vertex 29.9532 -2.85937 0
    endloop
  endfacet
  facet normal -0 0 -1
    outer loop
      vertex 29.9532 -2.85937 0
      vertex 29.1686 -4.09021 0
      vertex 29.9709 -2.73908 0
    endloop
  endfacet
  facet normal -0 0 -1
    outer loop
      vertex 29.9709 -2.73908 0
      vertex 29.1686 -4.09021 0
      vertex 29.9841 -2.61383 0
    endloop
  endfacet
  facet normal 0 0 -1
    outer loop
      vertex 29.9841 -2.61383 0
      vertex 29.1686 -4.09021 0
      vertex 29.0544 -4.16859 0
    endloop
  endfacet
  facet normal 0 0 -1
    outer loop
      vertex 29.9932 -2.48331 0
      vertex 29.9841 -2.61383 0
      vertex 29.0544 -4.16859 0
    endloop
  endfacet
  facet normal 0 0 -1
    outer loop
      vertex 28.9308 -4.24599 0
      vertex 29.9932 -2.48331 0
      vertex 29.0544 -4.16859 0
    endloop
  endfacet
  facet normal 0 0 -1
    outer loop
      vertex 28.9308 -4.24599 0
      vertex 29.9983 -2.34728 0
      vertex 29.9932 -2.48331 0
    endloop
  endfacet
  facet normal 0 0 -1
    outer loop
      vertex 28.9308 -4.24599 0
      vertex 30 -2.20545 0
      vertex 29.9983 -2.34728 0
    endloop
  endfacet
  facet normal 0 0 -1
    outer loop
      vertex 23.6581 2.69551 0
      vertex 23.6487 2.69815 0
      vertex 24.7398 6.85469 0
    endloop
  endfacet
  facet normal 0 0 -1
    outer loop
      vertex 29.9872 5.97136 0
      vertex 29.1986 6.82655 0
      vertex 29.9715 6.05906 0
    endloop
  endfacet
  facet normal 0 0 -1
    outer loop
      vertex 29.7571 6.50215 0
      vertex 29.6439 6.61438 0
      vertex 29.7029 6.56069 0
    endloop
  endfacet
  facet normal -0 -0 -1
    outer loop
      vertex 29.7571 6.50215 0
      vertex 29.8063 6.439 0
      vertex 29.6439 6.61438 0
    endloop
  endfacet
  facet normal -0 -0 -1
    outer loop
      vertex 29.6439 6.61438 0
      vertex 29.8063 6.439 0
      vertex 29.5803 6.66311 0
    endloop
  endfacet
  facet normal 0 0 -1
    outer loop
      vertex 29.5803 6.66311 0
      vertex 29.8063 6.439 0
      vertex 29.8503 6.37135 0
    endloop
  endfacet
  facet normal 0 0 -1
    outer loop
      vertex 29.5123 6.70668 0
      vertex 29.5803 6.66311 0
      vertex 29.8503 6.37135 0
    endloop
  endfacet
  facet normal 0 0 -1
    outer loop
      vertex 29.889 6.29937 0
      vertex 29.5123 6.70668 0
      vertex 29.8503 6.37135 0
    endloop
  endfacet
  facet normal 0 0 -1
    outer loop
      vertex 29.889 6.29937 0
      vertex 29.4399 6.745 0
      vertex 29.5123 6.70668 0
    endloop
  endfacet
  facet normal -0 -0 -1
    outer loop
      vertex 29.889 6.29937 0
      vertex 29.9222 6.22324 0
      vertex 29.4399 6.745 0
    endloop
  endfacet
  facet normal -0 -0 -1
    outer loop
      vertex 29.4399 6.745 0
      vertex 29.9222 6.22324 0
      vertex 29.3634 6.77785 0
    endloop
  endfacet
  facet normal 0 0 -1
    outer loop
      vertex 29.3634 6.77785 0
      vertex 29.9222 6.22324 0
      vertex 29.9497 6.14306 0
    endloop
  endfacet
  facet normal 0 0 -1
    outer loop
      vertex 29.2829 6.80509 0
      vertex 29.3634 6.77785 0
      vertex 29.9497 6.14306 0
    endloop
  endfacet
  facet normal 0 0 -1
    outer loop
      vertex 29.9715 6.05906 0
      vertex 29.2829 6.80509 0
      vertex 29.9497 6.14306 0
    endloop
  endfacet
  facet normal 0 0 -1
    outer loop
      vertex 29.9715 6.05906 0
      vertex 29.1986 6.82655 0
      vertex 29.2829 6.80509 0
    endloop
  endfacet
  facet normal 0 0 -1
    outer loop
      vertex 29.9872 5.97136 0
      vertex 29.1107 6.84206 0
      vertex 29.1986 6.82655 0
    endloop
  endfacet
  facet normal -0 -0 -1
    outer loop
      vertex 29.9872 5.97136 0
      vertex 29.9968 5.88014 0
      vertex 29.1107 6.84206 0
    endloop
  endfacet
  facet normal -0 -0 -1
    outer loop
      vertex 29.1107 6.84206 0
      vertex 29.9968 5.88014 0
      vertex 29.0194 6.85152 0
    endloop
  endfacet
  facet normal 0 0 -1
    outer loop
      vertex 29.0194 6.85152 0
      vertex 29.9968 5.88014 0
      vertex 30 5.78556 0
    endloop
  endfacet
  facet normal 0 0 -1
    outer loop
      vertex 28.9247 6.85469 0
      vertex 29.0194 6.85152 0
      vertex 30 5.78556 0
    endloop
  endfacet
  facet normal 0 0 -1
    outer loop
      vertex 24.7398 6.85469 0
      vertex 23.6386 2.69979 0
      vertex 23.6279 2.70031 0
    endloop
  endfacet
  facet normal 0 0 -1
    outer loop
      vertex 24.7398 6.85469 0
      vertex 23.6487 2.69815 0
      vertex 23.6386 2.69979 0
    endloop
  endfacet
  facet normal 0 0 -1
    outer loop
      vertex 8.75507 -6.66348 0
      vertex 8.86782 -6.65449 0
      vertex 8.81154 -6.65988 0
    endloop
  endfacet
  facet normal 0 -0 -1
    outer loop
      vertex 5.69696 -5.50451 0
      vertex 8.69844 -6.6653 0
      vertex 5.69051 -5.50905 0
    endloop
  endfacet
  facet normal 0 -0 -1
    outer loop
      vertex 5.69051 -5.50905 0
      vertex 8.69844 -6.6653 0
      vertex 5.68396 -5.51349 0
    endloop
  endfacet
  facet normal 0 -0 -1
    outer loop
      vertex 5.68396 -5.51349 0
      vertex 8.69844 -6.6653 0
      vertex 5.6773 -5.51782 0
    endloop
  endfacet
  facet normal 0 -0 -1
    outer loop
      vertex 5.6773 -5.51782 0
      vertex 8.69844 -6.6653 0
      vertex 5.67056 -5.52203 0
    endloop
  endfacet
  facet normal 0 -0 -1
    outer loop
      vertex 5.67056 -5.52203 0
      vertex 8.69844 -6.6653 0
      vertex 5.66374 -5.52609 0
    endloop
  endfacet
  facet normal 0 -0 -1
    outer loop
      vertex 5.66374 -5.52609 0
      vertex 8.69844 -6.6653 0
      vertex 5.65682 -5.53003 0
    endloop
  endfacet
  facet normal 0 -0 -1
    outer loop
      vertex 5.65682 -5.53003 0
      vertex 8.69844 -6.6653 0
      vertex 5.64982 -5.53381 0
    endloop
  endfacet
  facet normal 0 -0 -1
    outer loop
      vertex 5.64982 -5.53381 0
      vertex 8.69844 -6.6653 0
      vertex 5.64271 -5.53746 0
    endloop
  endfacet
  facet normal 0 -0 -1
    outer loop
      vertex 5.64271 -5.53746 0
      vertex 8.69844 -6.6653 0
      vertex 5.63552 -5.54092 0
    endloop
  endfacet
  facet normal 0 -0 -1
    outer loop
      vertex 5.63552 -5.54092 0
      vertex 8.69844 -6.6653 0
      vertex 5.62823 -5.54422 0
    endloop
  endfacet
  facet normal 0 -0 -1
    outer loop
      vertex 5.62823 -5.54422 0
      vertex 8.69844 -6.6653 0
      vertex 5.62085 -5.54734 0
    endloop
  endfacet
  facet normal 0 -0 -1
    outer loop
      vertex 5.62085 -5.54734 0
      vertex 8.69844 -6.6653 0
      vertex 5.61338 -5.55027 0
    endloop
  endfacet
  facet normal 0 -0 -1
    outer loop
      vertex 5.61338 -5.55027 0
      vertex 8.69844 -6.6653 0
      vertex 5.60582 -5.553 0
    endloop
  endfacet
  facet normal 0 -0 -1
    outer loop
      vertex 5.60582 -5.553 0
      vertex 8.69844 -6.6653 0
      vertex 5.59818 -5.55551 0
    endloop
  endfacet
  facet normal 0 -0 -1
    outer loop
      vertex 5.59818 -5.55551 0
      vertex 8.69844 -6.6653 0
      vertex 5.59044 -5.55778 0
    endloop
  endfacet
  facet normal 0 -0 -1
    outer loop
      vertex 5.59044 -5.55778 0
      vertex 8.69844 -6.6653 0
      vertex 5.58259 -5.55984 0
    endloop
  endfacet
  facet normal 0 -0 -1
    outer loop
      vertex 5.58259 -5.55984 0
      vertex 8.69844 -6.6653 0
      vertex 5.57466 -5.56166 0
    endloop
  endfacet
  facet normal 0 -0 -1
    outer loop
      vertex 5.57466 -5.56166 0
      vertex 8.69844 -6.6653 0
      vertex 5.56666 -5.56325 0
    endloop
  endfacet
  facet normal 0 -0 -1
    outer loop
      vertex 5.56666 -5.56325 0
      vertex 8.69844 -6.6653 0
      vertex 5.55854 -5.56457 0
    endloop
  endfacet
  facet normal 0 -0 -1
    outer loop
      vertex 5.55854 -5.56457 0
      vertex 8.69844 -6.6653 0
      vertex 5.55033 -5.5656 0
    endloop
  endfacet
  facet normal 0 0 -1
    outer loop
      vertex -10.3473 -6.66887 0
      vertex -10.8594 -6.40258 0
      vertex -10.291 -6.6806 0
    endloop
  endfacet
  facet normal 0 0 -1
    outer loop
      vertex -23.4976 -3.5397 0
      vertex -23.4901 -3.53606 0
      vertex -22.6874 -6.71205 0
    endloop
  endfacet
  facet normal 0 0 -1
    outer loop
      vertex -22.6874 -6.71205 0
      vertex -23.4901 -3.53606 0
      vertex -22.6319 -6.70927 0
    endloop
  endfacet
  facet normal 0 0 -1
    outer loop
      vertex -22.6319 -6.70927 0
      vertex -23.4901 -3.53606 0
      vertex -22.5776 -6.70523 0
    endloop
  endfacet
  facet normal 0 0 -1
    outer loop
      vertex -22.5776 -6.70523 0
      vertex -23.4901 -3.53606 0
      vertex -23.4827 -3.53228 0
    endloop
  endfacet
  facet normal -0 0 -1
    outer loop
      vertex -22.5243 -6.69987 0
      vertex -22.5776 -6.70523 0
      vertex -22.0629 -6.57768 0
    endloop
  endfacet
  facet normal 0 0 -1
    outer loop
      vertex -22.1662 -6.61784 0
      vertex -22.2172 -6.63489 0
      vertex -22.4204 -6.68475 0
    endloop
  endfacet
  facet normal 0 0 -1
    outer loop
      vertex -10.4019 -6.65537 0
      vertex -10.455 -6.63999 0
      vertex -10.8594 -6.40258 0
    endloop
  endfacet
  facet normal 0 0 -1
    outer loop
      vertex -10.8594 -6.40258 0
      vertex -10.651 -6.55791 0
      vertex -10.6959 -6.53183 0
    endloop
  endfacet
  facet normal 0 0 -1
    outer loop
      vertex -6.05132 6.87303 0
      vertex -5.84515 6.99461 0
      vertex -5.79127 7.02059 0
    endloop
  endfacet
  facet normal 0 0 -1
    outer loop
      vertex -6.05132 6.87303 0
      vertex -6.00127 6.90606 0
      vertex -5.84515 6.99461 0
    endloop
  endfacet
  facet normal 0 0 -1
    outer loop
      vertex -6.05132 6.87303 0
      vertex -5.6811 7.06717 0
      vertex -5.62492 7.08778 0
    endloop
  endfacet
  facet normal 0 0 -1
    outer loop
      vertex -5.84515 6.99461 0
      vertex -6.00127 6.90606 0
      vertex -5.89816 6.96686 0
    endloop
  endfacet
  facet normal 0 0 -1
    outer loop
      vertex -6.05132 6.87303 0
      vertex -5.79127 7.02059 0
      vertex -5.73657 7.04479 0
    endloop
  endfacet
  facet normal 0 0 -1
    outer loop
      vertex -5.89816 6.96686 0
      vertex -6.00127 6.90606 0
      vertex -5.95022 6.93735 0
    endloop
  endfacet
  facet normal 0 0 -1
    outer loop
      vertex -6.05132 6.87303 0
      vertex -5.73657 7.04479 0
      vertex -5.6811 7.06717 0
    endloop
  endfacet
  facet normal 0 -0 -1
    outer loop
      vertex -5.56808 7.10655 0
      vertex -5.51064 7.12351 0
      vertex -6.05132 6.87303 0
    endloop
  endfacet
  facet normal -0 -0 -1
    outer loop
      vertex 5.44893 -5.4312 0
      vertex 5.45084 -5.44597 0
      vertex 5.44037 -5.38234 0
    endloop
  endfacet
  facet normal -0 -0 -1
    outer loop
      vertex 5.44759 -5.41566 0
      vertex 5.44893 -5.4312 0
      vertex 5.44037 -5.38234 0
    endloop
  endfacet
  facet normal -0 -0 -1
    outer loop
      vertex 5.44677 -5.39939 0
      vertex 5.44759 -5.41566 0
      vertex 5.44037 -5.38234 0
    endloop
  endfacet
  facet normal -0 -0 -1
    outer loop
      vertex 5.44648 -5.38234 0
      vertex 5.44677 -5.39939 0
      vertex 5.44037 -5.38234 0
    endloop
  endfacet
  facet normal 0 -0 -1
    outer loop
      vertex -5.21624 7.18059 0
      vertex -5.1563 7.1864 0
      vertex -6.05132 6.87303 0
    endloop
  endfacet
  facet normal -0 -0 -1
    outer loop
      vertex 5.20358 6.83817 0
      vertex 5.25273 6.77502 0
      vertex 5.14941 6.89668 0
    endloop
  endfacet
  facet normal -0 -0 -1
    outer loop
      vertex 5.14941 6.89668 0
      vertex 5.25273 6.77502 0
      vertex 5.09045 6.95037 0
    endloop
  endfacet
  facet normal -0 -0 -1
    outer loop
      vertex 5.09045 6.95037 0
      vertex 5.25273 6.77502 0
      vertex 5.02685 6.9991 0
    endloop
  endfacet
  facet normal 0 0 -1
    outer loop
      vertex 5.02685 6.9991 0
      vertex 5.25273 6.77502 0
      vertex 5.29675 6.70737 0
    endloop
  endfacet
  facet normal 0 0 -1
    outer loop
      vertex 4.95875 7.0427 0
      vertex 5.02685 6.9991 0
      vertex 5.29675 6.70737 0
    endloop
  endfacet
  facet normal 0 0 -1
    outer loop
      vertex 5.33546 6.63539 0
      vertex 4.95875 7.0427 0
      vertex 5.29675 6.70737 0
    endloop
  endfacet
  facet normal 0 0 -1
    outer loop
      vertex 5.33546 6.63539 0
      vertex 4.88637 7.08102 0
      vertex 4.95875 7.0427 0
    endloop
  endfacet
  facet normal -0 -0 -1
    outer loop
      vertex 5.33546 6.63539 0
      vertex 5.36868 6.55923 0
      vertex 4.88637 7.08102 0
    endloop
  endfacet
  facet normal -0 -0 -1
    outer loop
      vertex 4.88637 7.08102 0
      vertex 5.36868 6.55923 0
      vertex 4.80987 7.11387 0
    endloop
  endfacet
  facet normal 0 0 -1
    outer loop
      vertex 4.80987 7.11387 0
      vertex 5.36868 6.55923 0
      vertex 5.39624 6.47908 0
    endloop
  endfacet
  facet normal 0 0 -1
    outer loop
      vertex 4.72938 7.14108 0
      vertex 4.80987 7.11387 0
      vertex 5.39624 6.47908 0
    endloop
  endfacet
  facet normal 0 0 -1
    outer loop
      vertex 5.41796 6.39508 0
      vertex 4.72938 7.14108 0
      vertex 5.39624 6.47908 0
    endloop
  endfacet
  facet normal 0 0 -1
    outer loop
      vertex 5.41796 6.39508 0
      vertex 4.64511 7.16257 0
      vertex 4.72938 7.14108 0
    endloop
  endfacet
  facet normal -0 -0 -1
    outer loop
      vertex 5.41796 6.39508 0
      vertex 5.43369 6.30738 0
      vertex 4.64511 7.16257 0
    endloop
  endfacet
  facet normal -0 -0 -1
    outer loop
      vertex 4.64511 7.16257 0
      vertex 5.43369 6.30738 0
      vertex 4.55722 7.17808 0
    endloop
  endfacet
  facet normal 0 0 -1
    outer loop
      vertex 4.55722 7.17808 0
      vertex 5.43369 6.30738 0
      vertex 5.44325 6.21616 0
    endloop
  endfacet
  facet normal 0 0 -1
    outer loop
      vertex 4.46587 7.18751 0
      vertex 4.55722 7.17808 0
      vertex 5.44325 6.21616 0
    endloop
  endfacet
  facet normal 0 0 -1
    outer loop
      vertex 5.44648 6.12155 0
      vertex 4.46587 7.18751 0
      vertex 5.44325 6.21616 0
    endloop
  endfacet
  facet normal 0 0 -1
    outer loop
      vertex 5.44648 6.12155 0
      vertex 4.37124 7.19071 0
      vertex 4.46587 7.18751 0
    endloop
  endfacet
  facet normal 0 0 -1
    outer loop
      vertex -1.76865 6.02991 0
      vertex -4.91496 7.19071 0
      vertex -1.75792 6.02933 0
    endloop
  endfacet
  facet normal 0 0 -1
    outer loop
      vertex -3.64421 -6.61031 0
      vertex -3.64495 -6.61937 0
      vertex -3.64707 -6.62823 0
    endloop
  endfacet
  facet normal 0 0 -1
    outer loop
      vertex -5.56808 7.10655 0
      vertex -6.05132 6.87303 0
      vertex -5.62492 7.08778 0
    endloop
  endfacet
  facet normal 0 -0 -1
    outer loop
      vertex -5.51064 7.12351 0
      vertex -5.45263 7.13863 0
      vertex -6.05132 6.87303 0
    endloop
  endfacet
  facet normal 0 0 -1
    outer loop
      vertex -6.05132 6.87303 0
      vertex -5.45263 7.13863 0
      vertex -5.39413 7.15189 0
    endloop
  endfacet
  facet normal 0 0 -1
    outer loop
      vertex -5.3352 7.16333 0
      vertex -6.05132 6.87303 0
      vertex -5.39413 7.15189 0
    endloop
  endfacet
  facet normal 0 -0 -1
    outer loop
      vertex -5.3352 7.16333 0
      vertex -5.27588 7.1729 0
      vertex -6.05132 6.87303 0
    endloop
  endfacet
  facet normal 0 0 -1
    outer loop
      vertex -6.05132 6.87303 0
      vertex -5.27588 7.1729 0
      vertex -5.21624 7.18059 0
    endloop
  endfacet
  facet normal 0 0 -1
    outer loop
      vertex -5.09616 7.19034 0
      vertex -6.05132 6.87303 0
      vertex -5.1563 7.1864 0
    endloop
  endfacet
  facet normal 0 -0 -1
    outer loop
      vertex -5.09616 7.19034 0
      vertex -5.03586 7.19237 0
      vertex -6.05132 6.87303 0
    endloop
  endfacet
  facet normal 0 0 -1
    outer loop
      vertex -6.05132 6.87303 0
      vertex -5.03586 7.19237 0
      vertex -4.97545 7.19248 0
    endloop
  endfacet
  facet normal -0 0 -1
    outer loop
      vertex -4.91496 7.19071 0
      vertex -6.05132 6.87303 0
      vertex -4.97545 7.19248 0
    endloop
  endfacet
  facet normal 0 0 -1
    outer loop
      vertex -10.821 -6.43881 0
      vertex -10.8594 -6.40258 0
      vertex -10.7809 -6.47235 0
    endloop
  endfacet
  facet normal -0 0 -1
    outer loop
      vertex -22.2678 -6.65003 0
      vertex -22.3185 -6.66332 0
      vertex -22.2172 -6.63489 0
    endloop
  endfacet
  facet normal 0 0 -1
    outer loop
      vertex -22.2172 -6.63489 0
      vertex -22.3185 -6.66332 0
      vertex -22.3693 -6.67487 0
    endloop
  endfacet
  facet normal 0 0 -1
    outer loop
      vertex -22.4204 -6.68475 0
      vertex -22.2172 -6.63489 0
      vertex -22.3693 -6.67487 0
    endloop
  endfacet
  facet normal 0 0 -1
    outer loop
      vertex -9.78413 -6.72029 0
      vertex -10.8594 -6.40258 0
      vertex -10.9877 0.232143 0
    endloop
  endfacet
  facet normal 0 0 -1
    outer loop
      vertex -10.7809 -6.47235 0
      vertex -10.8594 -6.40258 0
      vertex -10.7392 -6.50334 0
    endloop
  endfacet
  facet normal 0 0 -1
    outer loop
      vertex -10.7392 -6.50334 0
      vertex -10.8594 -6.40258 0
      vertex -10.6959 -6.53183 0
    endloop
  endfacet
  facet normal 0 0 -1
    outer loop
      vertex -10.8594 -6.40258 0
      vertex -10.6044 -6.58167 0
      vertex -10.651 -6.55791 0
    endloop
  endfacet
  facet normal 0 0 -1
    outer loop
      vertex -10.8594 -6.40258 0
      vertex -10.5562 -6.60323 0
      vertex -10.6044 -6.58167 0
    endloop
  endfacet
  facet normal 0 0 -1
    outer loop
      vertex -10.8594 -6.40258 0
      vertex -10.5064 -6.62262 0
      vertex -10.5562 -6.60323 0
    endloop
  endfacet
  facet normal 0 0 -1
    outer loop
      vertex -10.8594 -6.40258 0
      vertex -10.455 -6.63999 0
      vertex -10.5064 -6.62262 0
    endloop
  endfacet
  facet normal 0 0 -1
    outer loop
      vertex -10.3473 -6.66887 0
      vertex -10.4019 -6.65537 0
      vertex -10.8594 -6.40258 0
    endloop
  endfacet
  facet normal -0 0 -1
    outer loop
      vertex -22.6874 -6.71205 0
      vertex -22.7445 -6.71366 0
      vertex -23.4976 -3.5397 0
    endloop
  endfacet
  facet normal 0 0 -1
    outer loop
      vertex -23.4976 -3.5397 0
      vertex -22.7445 -6.71366 0
      vertex -22.8032 -6.71416 0
    endloop
  endfacet
  facet normal 0 0 -1
    outer loop
      vertex -23.5051 -3.54317 0
      vertex -23.4976 -3.5397 0
      vertex -22.8032 -6.71416 0
    endloop
  endfacet
  facet normal 0 0 -1
    outer loop
      vertex -22.8032 -6.71416 0
      vertex -23.5278 -3.55249 0
      vertex -23.5202 -3.54959 0
    endloop
  endfacet
  facet normal 0 0 -1
    outer loop
      vertex -22.8032 -6.71416 0
      vertex -23.559 -3.56209 0
      vertex -23.5511 -3.56002 0
    endloop
  endfacet
  facet normal 0 -0 -1
    outer loop
      vertex -23.575 -3.56549 0
      vertex -22.8032 -6.71416 0
      vertex -23.5831 -3.56679 0
    endloop
  endfacet
  facet normal 0 -0 -1
    outer loop
      vertex -23.5831 -3.56679 0
      vertex -22.8032 -6.71416 0
      vertex -23.5913 -3.56785 0
    endloop
  endfacet
  facet normal -0 -0 -1
    outer loop
      vertex -23.6234 -3.56452 0
      vertex -22.8032 -6.71416 0
      vertex -23.6326 -3.5619 0
    endloop
  endfacet
  facet normal 0 0 -1
    outer loop
      vertex -23.6558 -3.54938 0
      vertex -23.6487 -3.55432 0
      vertex -22.8032 -6.71416 0
    endloop
  endfacet
  facet normal 0 0 -1
    outer loop
      vertex -28.9186 -6.71416 0
      vertex -23.673 -3.52966 0
      vertex -23.6679 -3.53703 0
    endloop
  endfacet
  facet normal 0 0 -1
    outer loop
      vertex -28.9186 -6.71416 0
      vertex -23.6877 -3.49182 0
      vertex -23.6848 -3.50255 0
    endloop
  endfacet
  facet normal 0 0 -1
    outer loop
      vertex -28.9186 -6.71416 0
      vertex -23.6901 -3.48022 0
      vertex -23.6877 -3.49182 0
    endloop
  endfacet
  facet normal 0 -0 -1
    outer loop
      vertex -23.6934 -3.4544 0
      vertex -23.692 -3.46775 0
      vertex -28.9186 -6.71416 0
    endloop
  endfacet
  facet normal 0 0 -1
    outer loop
      vertex -29.015 -6.71181 0
      vertex -29.9968 -5.73966 0
      vertex -30 -5.64503 0
    endloop
  endfacet
  facet normal 0 0 -1
    outer loop
      vertex -29.9874 -5.83101 0
      vertex -29.1078 -6.70304 0
      vertex -29.1969 -6.688 0
    endloop
  endfacet
  facet normal 0 0 -1
    outer loop
      vertex -28.9186 -6.71416 0
      vertex -23.692 -3.46775 0
      vertex -23.6901 -3.48022 0
    endloop
  endfacet
  facet normal 0 0 -1
    outer loop
      vertex -29.1969 -6.688 0
      vertex -29.9718 -5.9189 0
      vertex -29.9874 -5.83101 0
    endloop
  endfacet
  facet normal -0 0 -1
    outer loop
      vertex -23.6814 -3.51243 0
      vertex -28.9186 -6.71416 0
      vertex -23.6848 -3.50255 0
    endloop
  endfacet
  facet normal 0 0 -1
    outer loop
      vertex -29.9503 -6.00314 0
      vertex -29.1969 -6.688 0
      vertex -29.2821 -6.66691 0
    endloop
  endfacet
  facet normal 0 -0 -1
    outer loop
      vertex -23.6814 -3.51243 0
      vertex -23.6775 -3.52147 0
      vertex -28.9186 -6.71416 0
    endloop
  endfacet
  facet normal 0 0 -1
    outer loop
      vertex -28.9186 -6.71416 0
      vertex -23.6775 -3.52147 0
      vertex -23.673 -3.52966 0
    endloop
  endfacet
  facet normal 0 0 -1
    outer loop
      vertex -29.9503 -6.00314 0
      vertex -29.2821 -6.66691 0
      vertex -29.9229 -6.08358 0
    endloop
  endfacet
  facet normal 0 0 -1
    outer loop
      vertex -29.89 -6.16 0
      vertex -29.9229 -6.08358 0
      vertex -29.3634 -6.63991 0
    endloop
  endfacet
  facet normal 0 0 -1
    outer loop
      vertex -29.4405 -6.60717 0
      vertex -29.89 -6.16 0
      vertex -29.3634 -6.63991 0
    endloop
  endfacet
  facet normal 0 0 -1
    outer loop
      vertex -29.4405 -6.60717 0
      vertex -29.5133 -6.56888 0
      vertex -29.8515 -6.2323 0
    endloop
  endfacet
  facet normal 0 0 -1
    outer loop
      vertex -29.8515 -6.2323 0
      vertex -29.5133 -6.56888 0
      vertex -29.8076 -6.30024 0
    endloop
  endfacet
  facet normal 0 0 -1
    outer loop
      vertex -29.8076 -6.30024 0
      vertex -29.5133 -6.56888 0
      vertex -29.5817 -6.52522 0
    endloop
  endfacet
  facet normal 0 0 -1
    outer loop
      vertex -29.7586 -6.36369 0
      vertex -29.8076 -6.30024 0
      vertex -29.5817 -6.52522 0
    endloop
  endfacet
  facet normal 0 0 -1
    outer loop
      vertex -30 -5.64503 0
      vertex -23.6951 -3.40901 0
      vertex -23.695 -3.42505 0
    endloop
  endfacet
  facet normal 0 -0 -1
    outer loop
      vertex -29.9531 2.84972 0
      vertex -29.2701 3.99871 0
      vertex -29.9709 2.7292 0
    endloop
  endfacet
  facet normal 0 -0 -1
    outer loop
      vertex -29.9306 2.96538 0
      vertex -29.3674 3.91774 0
      vertex -29.9531 2.84972 0
    endloop
  endfacet
  facet normal 0 0 -1
    outer loop
      vertex -29.9306 2.96538 0
      vertex -29.4562 3.83503 0
      vertex -29.3674 3.91774 0
    endloop
  endfacet
  facet normal 0 0 -1
    outer loop
      vertex -29.9306 2.96538 0
      vertex -29.9028 3.0765 0
      vertex -29.4562 3.83503 0
    endloop
  endfacet
  facet normal 0 0 -1
    outer loop
      vertex -29.4562 3.83503 0
      vertex -29.9028 3.0765 0
      vertex -29.5369 3.75028 0
    endloop
  endfacet
  facet normal 0 0 -1
    outer loop
      vertex -29.5369 3.75028 0
      vertex -29.9028 3.0765 0
      vertex -29.8696 3.18336 0
    endloop
  endfacet
  facet normal 0 -0 -1
    outer loop
      vertex -29.6098 3.66324 0
      vertex -29.5369 3.75028 0
      vertex -29.8696 3.18336 0
    endloop
  endfacet
  facet normal 0 -0 -1
    outer loop
      vertex -29.8306 3.28621 0
      vertex -29.6098 3.66324 0
      vertex -29.8696 3.18336 0
    endloop
  endfacet
  facet normal 0 0 -1
    outer loop
      vertex -29.8306 3.28621 0
      vertex -29.7854 3.38533 0
      vertex -29.6098 3.66324 0
    endloop
  endfacet
  facet normal 0 0 -1
    outer loop
      vertex -29.6098 3.66324 0
      vertex -29.7854 3.38533 0
      vertex -29.6754 3.57358 0
    endloop
  endfacet
  facet normal 0 0 -1
    outer loop
      vertex -29.6754 3.57358 0
      vertex -29.7854 3.38533 0
      vertex -29.7338 3.48104 0
    endloop
  endfacet
  facet normal 0 0 -1
    outer loop
      vertex -23.7647 7.2855 0
      vertex -23.7841 7.29525 0
      vertex -23.7741 7.29099 0
    endloop
  endfacet
  facet normal -0 -0 -1
    outer loop
      vertex -23.7647 7.2855 0
      vertex -23.7559 7.27873 0
      vertex -23.7841 7.29525 0
    endloop
  endfacet
  facet normal -0 -0 -1
    outer loop
      vertex -23.7841 7.29525 0
      vertex -23.7559 7.27873 0
      vertex -23.7946 7.29826 0
    endloop
  endfacet
  facet normal -0 -0 -1
    outer loop
      vertex -23.7946 7.29826 0
      vertex -23.7559 7.27873 0
      vertex -23.8057 7.30008 0
    endloop
  endfacet
  facet normal 0 0 -1
    outer loop
      vertex -23.8057 7.30008 0
      vertex -23.7559 7.27873 0
      vertex -23.7477 7.2707 0
    endloop
  endfacet
  facet normal 0 0 -1
    outer loop
      vertex -23.8173 7.30066 0
      vertex -23.8057 7.30008 0
      vertex -23.7477 7.2707 0
    endloop
  endfacet
  facet normal 0 0 -1
    outer loop
      vertex -23.74 7.26137 0
      vertex -23.8173 7.30066 0
      vertex -23.7477 7.2707 0
    endloop
  endfacet
  facet normal -0 -0 -1
    outer loop
      vertex -23.74 7.26137 0
      vertex -23.7329 7.25075 0
      vertex -23.8173 7.30066 0
    endloop
  endfacet
  facet normal 0 0 -1
    outer loop
      vertex -23.8173 7.30066 0
      vertex -23.7329 7.25075 0
      vertex -23.7264 7.2388 0
    endloop
  endfacet
  facet normal 0 0 -1
    outer loop
      vertex -23.7206 7.22554 0
      vertex -23.8173 7.30066 0
      vertex -23.7264 7.2388 0
    endloop
  endfacet
  facet normal -0 -0 -1
    outer loop
      vertex -23.7206 7.22554 0
      vertex -23.7153 7.21092 0
      vertex -23.8173 7.30066 0
    endloop
  endfacet
  facet normal 0 0 -1
    outer loop
      vertex -23.8173 7.30066 0
      vertex -23.7153 7.21092 0
      vertex -23.7106 7.19496 0
    endloop
  endfacet
  facet normal 0 0 -1
    outer loop
      vertex -23.7065 7.17763 0
      vertex -23.8173 7.30066 0
      vertex -23.7106 7.19496 0
    endloop
  endfacet
  facet normal -0 -0 -1
    outer loop
      vertex -23.7065 7.17763 0
      vertex -23.7031 7.15892 0
      vertex -23.8173 7.30066 0
    endloop
  endfacet
  facet normal 0 0 -1
    outer loop
      vertex -23.8173 7.30066 0
      vertex -23.7031 7.15892 0
      vertex -23.7002 7.13878 0
    endloop
  endfacet
  facet normal 0 0 -1
    outer loop
      vertex -23.698 7.11727 0
      vertex -23.8173 7.30066 0
      vertex -23.7002 7.13878 0
    endloop
  endfacet
  facet normal -0 -0 -1
    outer loop
      vertex -23.698 7.11727 0
      vertex -23.6964 7.09431 0
      vertex -23.8173 7.30066 0
    endloop
  endfacet
  facet normal 0 0 -1
    outer loop
      vertex -23.8173 7.30066 0
      vertex -23.6964 7.09431 0
      vertex -23.6955 7.06992 0
    endloop
  endfacet
  facet normal 0 0 -1
    outer loop
      vertex -23.6951 7.04408 0
      vertex -23.8173 7.30066 0
      vertex -23.6955 7.06992 0
    endloop
  endfacet
  facet normal -0 0 -1
    outer loop
      vertex -23.6951 7.04408 0
      vertex -28.9247 4.23378 0
      vertex -23.8173 7.30066 0
    endloop
  endfacet
  facet normal 0 -0 -1
    outer loop
      vertex -23.6951 7.04408 0
      vertex -23.6951 -3.40901 0
      vertex -28.9247 4.23378 0
    endloop
  endfacet
  facet normal 0 0 -1
    outer loop
      vertex -29.9531 2.84972 0
      vertex -29.3674 3.91774 0
      vertex -29.2701 3.99871 0
    endloop
  endfacet
  facet normal 0 0 -1
    outer loop
      vertex -29.9709 2.7292 0
      vertex -29.2701 3.99871 0
      vertex -29.1642 4.07817 0
    endloop
  endfacet
  facet normal 0 0 -1
    outer loop
      vertex -29.9841 2.6036 0
      vertex -29.9709 2.7292 0
      vertex -29.1642 4.07817 0
    endloop
  endfacet
  facet normal 0 0 -1
    outer loop
      vertex -29.0492 4.15644 0
      vertex -29.9841 2.6036 0
      vertex -29.1642 4.07817 0
    endloop
  endfacet
  facet normal 0 0 -1
    outer loop
      vertex -29.0492 4.15644 0
      vertex -29.9931 2.47258 0
      vertex -29.9841 2.6036 0
    endloop
  endfacet
  facet normal 0 -0 -1
    outer loop
      vertex -29.0492 4.15644 0
      vertex -28.9247 4.23378 0
      vertex -29.9931 2.47258 0
    endloop
  endfacet
  facet normal 0 -0 -1
    outer loop
      vertex -29.9931 2.47258 0
      vertex -28.9247 4.23378 0
      vertex -29.9983 2.33589 0
    endloop
  endfacet
  facet normal 0 -0 -1
    outer loop
      vertex -29.9983 2.33589 0
      vertex -28.9247 4.23378 0
      vertex -30 2.19325 0
    endloop
  endfacet
  facet normal 0 0 -1
    outer loop
      vertex -30 2.19325 0
      vertex -28.9247 4.23378 0
      vertex -23.6951 -3.40901 0
    endloop
  endfacet
  facet normal 0 0 -1
    outer loop
      vertex -30 -5.64503 0
      vertex -30 2.19325 0
      vertex -23.6951 -3.40901 0
    endloop
  endfacet
  facet normal -0 0 -1
    outer loop
      vertex -23.6944 -3.44019 0
      vertex -30 -5.64503 0
      vertex -23.695 -3.42505 0
    endloop
  endfacet
  facet normal 0 -0 -1
    outer loop
      vertex -23.6944 -3.44019 0
      vertex -23.6934 -3.4544 0
      vertex -30 -5.64503 0
    endloop
  endfacet
  facet normal 0 0 -1
    outer loop
      vertex -30 -5.64503 0
      vertex -23.6934 -3.4544 0
      vertex -28.9186 -6.71416 0
    endloop
  endfacet
  facet normal 0 0 -1
    outer loop
      vertex -29.015 -6.71181 0
      vertex -30 -5.64503 0
      vertex -28.9186 -6.71416 0
    endloop
  endfacet
  facet normal 0 0 -1
    outer loop
      vertex -29.1078 -6.70304 0
      vertex -29.9968 -5.73966 0
      vertex -29.015 -6.71181 0
    endloop
  endfacet
  facet normal 0 0 -1
    outer loop
      vertex -29.1078 -6.70304 0
      vertex -29.9874 -5.83101 0
      vertex -29.9968 -5.73966 0
    endloop
  endfacet
  facet normal 0 0 -1
    outer loop
      vertex -29.9503 -6.00314 0
      vertex -29.9718 -5.9189 0
      vertex -29.1969 -6.688 0
    endloop
  endfacet
  facet normal 0 0 -1
    outer loop
      vertex -29.9229 -6.08358 0
      vertex -29.2821 -6.66691 0
      vertex -29.3634 -6.63991 0
    endloop
  endfacet
  facet normal 0 0 -1
    outer loop
      vertex -29.89 -6.16 0
      vertex -29.4405 -6.60717 0
      vertex -29.8515 -6.2323 0
    endloop
  endfacet
  facet normal 0 0 -1
    outer loop
      vertex -29.6454 -6.47636 0
      vertex -29.7586 -6.36369 0
      vertex -29.5817 -6.52522 0
    endloop
  endfacet
  facet normal 0 0 -1
    outer loop
      vertex -29.6454 -6.47636 0
      vertex -29.7045 -6.42246 0
      vertex -29.7586 -6.36369 0
    endloop
  endfacet
  facet normal -0 0 -1
    outer loop
      vertex -23.6621 -3.54361 0
      vertex -28.9186 -6.71416 0
      vertex -23.6679 -3.53703 0
    endloop
  endfacet
  facet normal 0 -0 -1
    outer loop
      vertex -23.6621 -3.54361 0
      vertex -22.8032 -6.71416 0
      vertex -28.9186 -6.71416 0
    endloop
  endfacet
  facet normal 0 0 -1
    outer loop
      vertex -23.6621 -3.54361 0
      vertex -23.6558 -3.54938 0
      vertex -22.8032 -6.71416 0
    endloop
  endfacet
  facet normal 0 0 -1
    outer loop
      vertex -22.8032 -6.71416 0
      vertex -23.6487 -3.55432 0
      vertex -23.641 -3.55849 0
    endloop
  endfacet
  facet normal -0 -0 -1
    outer loop
      vertex -23.6326 -3.5619 0
      vertex -22.8032 -6.71416 0
      vertex -23.641 -3.55849 0
    endloop
  endfacet
  facet normal 0 0 -1
    outer loop
      vertex -23.6234 -3.56452 0
      vertex -23.6135 -3.56637 0
      vertex -22.8032 -6.71416 0
    endloop
  endfacet
  facet normal 0 0 -1
    outer loop
      vertex -22.8032 -6.71416 0
      vertex -23.6135 -3.56637 0
      vertex -23.6028 -3.56748 0
    endloop
  endfacet
  facet normal -0 -0 -1
    outer loop
      vertex -23.5913 -3.56785 0
      vertex -22.8032 -6.71416 0
      vertex -23.6028 -3.56748 0
    endloop
  endfacet
  facet normal 0 0 -1
    outer loop
      vertex -23.575 -3.56549 0
      vertex -23.5669 -3.56391 0
      vertex -22.8032 -6.71416 0
    endloop
  endfacet
  facet normal 0 0 -1
    outer loop
      vertex -22.8032 -6.71416 0
      vertex -23.5669 -3.56391 0
      vertex -23.559 -3.56209 0
    endloop
  endfacet
  facet normal 0 -0 -1
    outer loop
      vertex -23.5433 -3.55773 0
      vertex -22.8032 -6.71416 0
      vertex -23.5511 -3.56002 0
    endloop
  endfacet
  facet normal 0 0 -1
    outer loop
      vertex -23.5433 -3.55773 0
      vertex -23.5355 -3.55521 0
      vertex -22.8032 -6.71416 0
    endloop
  endfacet
  facet normal 0 0 -1
    outer loop
      vertex -22.8032 -6.71416 0
      vertex -23.5355 -3.55521 0
      vertex -23.5278 -3.55249 0
    endloop
  endfacet
  facet normal 0 -0 -1
    outer loop
      vertex -23.5126 -3.54647 0
      vertex -22.8032 -6.71416 0
      vertex -23.5202 -3.54959 0
    endloop
  endfacet
  facet normal 0 0 -1
    outer loop
      vertex -23.5126 -3.54647 0
      vertex -23.5051 -3.54317 0
      vertex -22.8032 -6.71416 0
    endloop
  endfacet
  facet normal 0 0 -1
    outer loop
      vertex -10.291 -6.6806 0
      vertex -10.8594 -6.40258 0
      vertex -10.2332 -6.69062 0
    endloop
  endfacet
  facet normal 0 0 -1
    outer loop
      vertex -10.2332 -6.69062 0
      vertex -10.8594 -6.40258 0
      vertex -10.1738 -6.69899 0
    endloop
  endfacet
  facet normal 0 0 -1
    outer loop
      vertex -10.1738 -6.69899 0
      vertex -10.8594 -6.40258 0
      vertex -10.1128 -6.70586 0
    endloop
  endfacet
  facet normal 0 0 -1
    outer loop
      vertex -10.1128 -6.70586 0
      vertex -10.8594 -6.40258 0
      vertex -10.0502 -6.71128 0
    endloop
  endfacet
  facet normal 0 0 -1
    outer loop
      vertex -10.8594 -6.40258 0
      vertex -14.8366 -2.43152 0
      vertex -10.9877 0.232143 0
    endloop
  endfacet
  facet normal 0 0 -1
    outer loop
      vertex -10.0502 -6.71128 0
      vertex -10.8594 -6.40258 0
      vertex -9.98602 -6.71535 0
    endloop
  endfacet
  facet normal 0 0 -1
    outer loop
      vertex -9.98602 -6.71535 0
      vertex -10.8594 -6.40258 0
      vertex -9.9203 -6.71815 0
    endloop
  endfacet
  facet normal 0 0 -1
    outer loop
      vertex -1.54882 -6.10789 0
      vertex -1.10126 -6.55543 0
      vertex -1.17366 -6.51703 0
    endloop
  endfacet
  facet normal 0 0 -1
    outer loop
      vertex -9.9203 -6.71815 0
      vertex -10.8594 -6.40258 0
      vertex -9.853 -6.71976 0
    endloop
  endfacet
  facet normal 0 -0 -1
    outer loop
      vertex -3.64466 -6.59937 0
      vertex -3.64421 -6.61031 0
      vertex -3.65531 -6.64522 0
    endloop
  endfacet
  facet normal 0 0 -1
    outer loop
      vertex -22.472 -6.69305 0
      vertex -22.1662 -6.61784 0
      vertex -22.4204 -6.68475 0
    endloop
  endfacet
  facet normal 0 0 -1
    outer loop
      vertex -3.67119 -6.52372 0
      vertex -3.73263 -6.69918 0
      vertex -3.74629 -6.70388 0
    endloop
  endfacet
  facet normal 0 0 -1
    outer loop
      vertex -22.472 -6.69305 0
      vertex -22.1149 -6.59879 0
      vertex -22.1662 -6.61784 0
    endloop
  endfacet
  facet normal -0 0 -1
    outer loop
      vertex -22.472 -6.69305 0
      vertex -22.5243 -6.69987 0
      vertex -22.1149 -6.59879 0
    endloop
  endfacet
  facet normal -0 0 -1
    outer loop
      vertex -22.1149 -6.59879 0
      vertex -22.5243 -6.69987 0
      vertex -22.0629 -6.57768 0
    endloop
  endfacet
  facet normal -0 0 -1
    outer loop
      vertex -22.0629 -6.57768 0
      vertex -22.5776 -6.70523 0
      vertex -23.4827 -3.53228 0
    endloop
  endfacet
  facet normal -0 0 -1
    outer loop
      vertex -22.0102 -6.55437 0
      vertex -22.0629 -6.57768 0
      vertex -23.4827 -3.53228 0
    endloop
  endfacet
  facet normal -0 0 -1
    outer loop
      vertex -21.9565 -6.52884 0
      vertex -22.0102 -6.55437 0
      vertex -23.4827 -3.53228 0
    endloop
  endfacet
  facet normal 0 -0 -1
    outer loop
      vertex -23.4753 -3.52834 0
      vertex -21.9565 -6.52884 0
      vertex -23.4827 -3.53228 0
    endloop
  endfacet
  facet normal 0 0 -1
    outer loop
      vertex -23.4753 -3.52834 0
      vertex -21.9015 -6.50096 0
      vertex -21.9565 -6.52884 0
    endloop
  endfacet
  facet normal 0 0 -1
    outer loop
      vertex -23.4753 -3.52834 0
      vertex -21.8453 -6.47071 0
      vertex -21.9015 -6.50096 0
    endloop
  endfacet
  facet normal 0 0 -1
    outer loop
      vertex -23.4753 -3.52834 0
      vertex -23.4679 -3.52425 0
      vertex -21.8453 -6.47071 0
    endloop
  endfacet
  facet normal 0 0 -1
    outer loop
      vertex -21.8453 -6.47071 0
      vertex -23.4679 -3.52425 0
      vertex -21.7875 -6.43794 0
    endloop
  endfacet
  facet normal 0 0 -1
    outer loop
      vertex -21.7875 -6.43794 0
      vertex -23.4679 -3.52425 0
      vertex -23.4606 -3.52004 0
    endloop
  endfacet
  facet normal -0 0 -1
    outer loop
      vertex -21.7279 -6.40258 0
      vertex -21.7875 -6.43794 0
      vertex -23.4606 -3.52004 0
    endloop
  endfacet
  facet normal 0 -0 -1
    outer loop
      vertex -23.4532 -3.51574 0
      vertex -21.7279 -6.40258 0
      vertex -23.4606 -3.52004 0
    endloop
  endfacet
  facet normal 0 0 -1
    outer loop
      vertex -23.4532 -3.51574 0
      vertex -23.4459 -3.5113 0
      vertex -21.7279 -6.40258 0
    endloop
  endfacet
  facet normal 0 0 -1
    outer loop
      vertex -21.7279 -6.40258 0
      vertex -23.4459 -3.5113 0
      vertex -23.4385 -3.50675 0
    endloop
  endfacet
  facet normal -0 0 -1
    outer loop
      vertex -14.8977 -2.69421 0
      vertex -21.7279 -6.40258 0
      vertex -14.9165 -2.66535 0
    endloop
  endfacet
  facet normal -0 0 -1
    outer loop
      vertex -14.9165 -2.66535 0
      vertex -21.7279 -6.40258 0
      vertex -14.9292 -2.63333 0
    endloop
  endfacet
  facet normal -0 0 -1
    outer loop
      vertex -14.9292 -2.63333 0
      vertex -21.7279 -6.40258 0
      vertex -14.9352 -2.59937 0
    endloop
  endfacet
  facet normal 0 0 -1
    outer loop
      vertex -14.9352 -2.59937 0
      vertex -21.7279 -6.40258 0
      vertex -23.4385 -3.50675 0
    endloop
  endfacet
  facet normal 0 0 -1
    outer loop
      vertex -14.9343 -2.56494 0
      vertex -14.9352 -2.59937 0
      vertex -23.4385 -3.50675 0
    endloop
  endfacet
  facet normal 0 0 -1
    outer loop
      vertex -14.9265 -2.53138 0
      vertex -14.9343 -2.56494 0
      vertex -23.4385 -3.50675 0
    endloop
  endfacet
  facet normal 0 0 -1
    outer loop
      vertex -14.9121 -2.50004 0
      vertex -14.9265 -2.53138 0
      vertex -23.4385 -3.50675 0
    endloop
  endfacet
  facet normal 0 0 -1
    outer loop
      vertex -14.8662 -2.44909 0
      vertex -14.8917 -2.47224 0
      vertex -23.4385 -3.50675 0
    endloop
  endfacet
  facet normal 0 0 -1
    outer loop
      vertex -14.8917 -2.47224 0
      vertex -14.9121 -2.50004 0
      vertex -23.4385 -3.50675 0
    endloop
  endfacet
  facet normal 0 0 -1
    outer loop
      vertex -14.8366 -2.43152 0
      vertex -14.8662 -2.44909 0
      vertex -23.4385 -3.50675 0
    endloop
  endfacet
  facet normal -0 0 -1
    outer loop
      vertex -10.9877 0.232143 0
      vertex -14.8366 -2.43152 0
      vertex -10.9965 0.242 0
    endloop
  endfacet
  facet normal 0 0 -1
    outer loop
      vertex -9.853 -6.71976 0
      vertex -10.8594 -6.40258 0
      vertex -9.78413 -6.72029 0
    endloop
  endfacet
  facet normal 0 0 -1
    outer loop
      vertex -3.65056 -6.63687 0
      vertex -3.64421 -6.61031 0
      vertex -3.64707 -6.62823 0
    endloop
  endfacet
  facet normal 0 0 -1
    outer loop
      vertex -3.64421 -6.61031 0
      vertex -3.65056 -6.63687 0
      vertex -3.65531 -6.64522 0
    endloop
  endfacet
  facet normal 0 0 -1
    outer loop
      vertex -3.66131 -6.65328 0
      vertex -3.64466 -6.59937 0
      vertex -3.65531 -6.64522 0
    endloop
  endfacet
  facet normal 0 0 -1
    outer loop
      vertex -1.67627 5.95999 0
      vertex -1.68094 5.97003 0
      vertex 4.37124 7.19071 0
    endloop
  endfacet
  facet normal 0 0 -1
    outer loop
      vertex -1.41781 -6.31176 0
      vertex -1.30513 -6.42441 0
      vertex -1.3639 -6.37053 0
    endloop
  endfacet
  facet normal 0 0 -1
    outer loop
      vertex -1.41781 -6.31176 0
      vertex -1.46669 -6.24829 0
      vertex -1.30513 -6.42441 0
    endloop
  endfacet
  facet normal 0 0 -1
    outer loop
      vertex -1.30513 -6.42441 0
      vertex -1.46669 -6.24829 0
      vertex -1.24168 -6.47332 0
    endloop
  endfacet
  facet normal 0 0 -1
    outer loop
      vertex -1.24168 -6.47332 0
      vertex -1.46669 -6.24829 0
      vertex -1.17366 -6.51703 0
    endloop
  endfacet
  facet normal 0 0 -1
    outer loop
      vertex -1.17366 -6.51703 0
      vertex -1.46669 -6.24829 0
      vertex -1.51042 -6.1803 0
    endloop
  endfacet
  facet normal 0 0 -1
    outer loop
      vertex -1.54882 -6.10789 0
      vertex -1.17366 -6.51703 0
      vertex -1.51042 -6.1803 0
    endloop
  endfacet
  facet normal 0 0 -1
    outer loop
      vertex -1.54882 -6.10789 0
      vertex -1.58175 -6.03126 0
      vertex -1.10126 -6.55543 0
    endloop
  endfacet
  facet normal 0 0 -1
    outer loop
      vertex -1.10126 -6.55543 0
      vertex -1.58175 -6.03126 0
      vertex -1.02463 -6.58835 0
    endloop
  endfacet
  facet normal 0 0 -1
    outer loop
      vertex -1.02463 -6.58835 0
      vertex -1.58175 -6.03126 0
      vertex -1.60902 -5.95056 0
    endloop
  endfacet
  facet normal 0 0 -1
    outer loop
      vertex -0.943926 -6.61565 0
      vertex -1.02463 -6.58835 0
      vertex -1.60902 -5.95056 0
    endloop
  endfacet
  facet normal 0 0 -1
    outer loop
      vertex -1.6305 -5.86592 0
      vertex -0.943926 -6.61565 0
      vertex -1.60902 -5.95056 0
    endloop
  endfacet
  facet normal 0 0 -1
    outer loop
      vertex -0.583437 -6.6653 0
      vertex 5.4682 -5.50768 0
      vertex 5.47322 -5.51751 0
    endloop
  endfacet
  facet normal 0 0 -1
    outer loop
      vertex -1.6305 -5.86592 0
      vertex -0.859287 -6.63713 0
      vertex -0.943926 -6.61565 0
    endloop
  endfacet
  facet normal 0 0 -1
    outer loop
      vertex -1.6305 -5.86592 0
      vertex -0.770896 -6.65267 0
      vertex -0.859287 -6.63713 0
    endloop
  endfacet
  facet normal 0 0 -1
    outer loop
      vertex -0.678884 -6.6621 0
      vertex -0.770896 -6.65267 0
      vertex -1.6555 -5.68552 0
    endloop
  endfacet
  facet normal 0 0 -1
    outer loop
      vertex -0.583437 -6.6653 0
      vertex 5.44037 -5.38234 0
      vertex 5.45084 -5.44597 0
    endloop
  endfacet
  facet normal -0 0 -1
    outer loop
      vertex 5.52218 -5.56113 0
      vertex -0.583437 -6.6653 0
      vertex 5.51373 -5.5577 0
    endloop
  endfacet
  facet normal 0 0 -1
    outer loop
      vertex -0.583437 -6.6653 0
      vertex 5.4562 -5.47311 0
      vertex 5.45969 -5.48545 0
    endloop
  endfacet
  facet normal 0 -0 -1
    outer loop
      vertex 5.49827 -5.54797 0
      vertex 5.50575 -5.55329 0
      vertex -0.583437 -6.6653 0
    endloop
  endfacet
  facet normal -0 0 -1
    outer loop
      vertex -3.66131 -6.65328 0
      vertex -3.66847 -6.66102 0
      vertex -3.64466 -6.59937 0
    endloop
  endfacet
  facet normal 0 0 -1
    outer loop
      vertex -0.583437 -6.6653 0
      vertex 5.48474 -5.53452 0
      vertex 5.49127 -5.54171 0
    endloop
  endfacet
  facet normal -0 0 -1
    outer loop
      vertex -3.64466 -6.59937 0
      vertex -3.66847 -6.66102 0
      vertex -3.64601 -6.58848 0
    endloop
  endfacet
  facet normal -0 0 -1
    outer loop
      vertex 5.47874 -5.52646 0
      vertex -0.583437 -6.6653 0
      vertex 5.47322 -5.51751 0
    endloop
  endfacet
  facet normal 0 0 -1
    outer loop
      vertex -3.64601 -6.58848 0
      vertex -3.66847 -6.66102 0
      vertex -3.67674 -6.66839 0
    endloop
  endfacet
  facet normal 0 0 -1
    outer loop
      vertex -0.583437 -6.6653 0
      vertex 5.46368 -5.497 0
      vertex 5.4682 -5.50768 0
    endloop
  endfacet
  facet normal 0 -0 -1
    outer loop
      vertex -3.64823 -6.57765 0
      vertex -3.64601 -6.58848 0
      vertex -3.67674 -6.66839 0
    endloop
  endfacet
  facet normal 0 -0 -1
    outer loop
      vertex 5.45969 -5.48545 0
      vertex 5.46368 -5.497 0
      vertex -0.583437 -6.6653 0
    endloop
  endfacet
  facet normal 0 0 -1
    outer loop
      vertex -3.68604 -6.67542 0
      vertex -3.64823 -6.57765 0
      vertex -3.67674 -6.66839 0
    endloop
  endfacet
  facet normal -0 0 -1
    outer loop
      vertex 5.4562 -5.47311 0
      vertex -0.583437 -6.6653 0
      vertex 5.45327 -5.45993 0
    endloop
  endfacet
  facet normal 0 0 -1
    outer loop
      vertex -3.68604 -6.67542 0
      vertex -3.65127 -6.56687 0
      vertex -3.64823 -6.57765 0
    endloop
  endfacet
  facet normal 0 0 -1
    outer loop
      vertex -0.583437 -6.6653 0
      vertex 5.45084 -5.44597 0
      vertex 5.45327 -5.45993 0
    endloop
  endfacet
  facet normal -0 0 -1
    outer loop
      vertex -3.68604 -6.67542 0
      vertex -3.69638 -6.68203 0
      vertex -3.65127 -6.56687 0
    endloop
  endfacet
  facet normal 0 0 -1
    outer loop
      vertex -1.65867 -5.59004 0
      vertex 5.44037 -5.38234 0
      vertex -0.583437 -6.6653 0
    endloop
  endfacet
  facet normal -0 0 -1
    outer loop
      vertex -3.65127 -6.56687 0
      vertex -3.69638 -6.68203 0
      vertex -3.6551 -6.55609 0
    endloop
  endfacet
  facet normal 0 0 -1
    outer loop
      vertex -1.65867 -5.59004 0
      vertex -0.583437 -6.6653 0
      vertex -0.678884 -6.6621 0
    endloop
  endfacet
  facet normal 0 0 -1
    outer loop
      vertex -3.6551 -6.55609 0
      vertex -3.69638 -6.68203 0
      vertex -3.70761 -6.68821 0
    endloop
  endfacet
  facet normal 0 0 -1
    outer loop
      vertex -1.6555 -5.68552 0
      vertex -0.770896 -6.65267 0
      vertex -1.64606 -5.77753 0
    endloop
  endfacet
  facet normal 0 -0 -1
    outer loop
      vertex -3.65973 -6.54533 0
      vertex -3.6551 -6.55609 0
      vertex -3.70761 -6.68821 0
    endloop
  endfacet
  facet normal 0 0 -1
    outer loop
      vertex -0.770896 -6.65267 0
      vertex -1.6305 -5.86592 0
      vertex -1.64606 -5.77753 0
    endloop
  endfacet
  facet normal 0 0 -1
    outer loop
      vertex -3.71971 -6.69392 0
      vertex -3.65973 -6.54533 0
      vertex -3.70761 -6.68821 0
    endloop
  endfacet
  facet normal 0 0 -1
    outer loop
      vertex -3.71971 -6.69392 0
      vertex -3.66509 -6.53452 0
      vertex -3.65973 -6.54533 0
    endloop
  endfacet
  facet normal -0 0 -1
    outer loop
      vertex -3.71971 -6.69392 0
      vertex -3.73263 -6.69918 0
      vertex -3.66509 -6.53452 0
    endloop
  endfacet
  facet normal -0 0 -1
    outer loop
      vertex -3.66509 -6.53452 0
      vertex -3.73263 -6.69918 0
      vertex -3.67119 -6.52372 0
    endloop
  endfacet
  facet normal -0 0 -1
    outer loop
      vertex -3.67119 -6.52372 0
      vertex -3.74629 -6.70388 0
      vertex -3.67799 -6.51283 0
    endloop
  endfacet
  facet normal -0 0 -1
    outer loop
      vertex -3.67799 -6.51283 0
      vertex -3.74629 -6.70388 0
      vertex -3.68546 -6.50186 0
    endloop
  endfacet
  facet normal 0 0 -1
    outer loop
      vertex -10.9765 0.501493 0
      vertex -6.05132 6.87303 0
      vertex -10.9642 0.510266 0
    endloop
  endfacet
  facet normal 0 0 -1
    outer loop
      vertex -10.951 0.519277 0
      vertex -6.05132 6.87303 0
      vertex -1.76865 6.02991 0
    endloop
  endfacet
  facet normal 0 0 -1
    outer loop
      vertex -3.68546 -6.50186 0
      vertex -3.74629 -6.70388 0
      vertex -3.76067 -6.70808 0
    endloop
  endfacet
  facet normal 0 -0 -1
    outer loop
      vertex -3.69355 -6.49082 0
      vertex -3.68546 -6.50186 0
      vertex -3.76067 -6.70808 0
    endloop
  endfacet
  facet normal 0 0 -1
    outer loop
      vertex -3.77568 -6.71168 0
      vertex -3.69355 -6.49082 0
      vertex -3.76067 -6.70808 0
    endloop
  endfacet
  facet normal 0 0 -1
    outer loop
      vertex -3.77568 -6.71168 0
      vertex -3.70227 -6.47967 0
      vertex -3.69355 -6.49082 0
    endloop
  endfacet
  facet normal -0 0 -1
    outer loop
      vertex -3.77568 -6.71168 0
      vertex -3.79124 -6.71472 0
      vertex -3.70227 -6.47967 0
    endloop
  endfacet
  facet normal 0 0 -1
    outer loop
      vertex -3.70227 -6.47967 0
      vertex -3.79124 -6.71472 0
      vertex -3.80731 -6.71709 0
    endloop
  endfacet
  facet normal 0 -0 -1
    outer loop
      vertex -3.7116 -6.46838 0
      vertex -3.70227 -6.47967 0
      vertex -3.80731 -6.71709 0
    endloop
  endfacet
  facet normal 0 0 -1
    outer loop
      vertex -3.82385 -6.71884 0
      vertex -3.7116 -6.46838 0
      vertex -3.80731 -6.71709 0
    endloop
  endfacet
  facet normal 0 0 -1
    outer loop
      vertex -3.82385 -6.71884 0
      vertex -3.72145 -6.45697 0
      vertex -3.7116 -6.46838 0
    endloop
  endfacet
  facet normal -0 0 -1
    outer loop
      vertex -3.82385 -6.71884 0
      vertex -3.84079 -6.71992 0
      vertex -3.72145 -6.45697 0
    endloop
  endfacet
  facet normal -0 0 -1
    outer loop
      vertex -3.72145 -6.45697 0
      vertex -3.84079 -6.71992 0
      vertex -3.73184 -6.44537 0
    endloop
  endfacet
  facet normal 0 0 -1
    outer loop
      vertex -3.73184 -6.44537 0
      vertex -3.84079 -6.71992 0
      vertex -3.85805 -6.72029 0
    endloop
  endfacet
  facet normal 0 -0 -1
    outer loop
      vertex -3.74275 -6.43358 0
      vertex -3.73184 -6.44537 0
      vertex -3.85805 -6.72029 0
    endloop
  endfacet
  facet normal 0 -0 -1
    outer loop
      vertex -3.75412 -6.42161 0
      vertex -3.74275 -6.43358 0
      vertex -3.85805 -6.72029 0
    endloop
  endfacet
  facet normal 0 -0 -1
    outer loop
      vertex -3.76595 -6.4094 0
      vertex -3.75412 -6.42161 0
      vertex -3.85805 -6.72029 0
    endloop
  endfacet
  facet normal 0 -0 -1
    outer loop
      vertex -3.77819 -6.39696 0
      vertex -3.76595 -6.4094 0
      vertex -3.85805 -6.72029 0
    endloop
  endfacet
  facet normal 0 -0 -1
    outer loop
      vertex -3.79085 -6.38427 0
      vertex -3.77819 -6.39696 0
      vertex -3.85805 -6.72029 0
    endloop
  endfacet
  facet normal 0 0 -1
    outer loop
      vertex -9.78413 -6.72029 0
      vertex -3.79085 -6.38427 0
      vertex -3.85805 -6.72029 0
    endloop
  endfacet
  facet normal 0 0 -1
    outer loop
      vertex -9.78413 -6.72029 0
      vertex -10.9877 0.232143 0
      vertex -3.79085 -6.38427 0
    endloop
  endfacet
  facet normal 0 0 -1
    outer loop
      vertex -14.8366 -2.43152 0
      vertex -11.0047 0.251407 0
      vertex -10.9965 0.242 0
    endloop
  endfacet
  facet normal 0 0 -1
    outer loop
      vertex -14.8366 -2.43152 0
      vertex -11.0124 0.260418 0
      vertex -11.0047 0.251407 0
    endloop
  endfacet
  facet normal 0 0 -1
    outer loop
      vertex -14.8366 -2.43152 0
      vertex -11.0194 0.269033 0
      vertex -11.0124 0.260418 0
    endloop
  endfacet
  facet normal 0 0 -1
    outer loop
      vertex -14.8366 -2.43152 0
      vertex -11.0258 0.277304 0
      vertex -11.0194 0.269033 0
    endloop
  endfacet
  facet normal 0 0 -1
    outer loop
      vertex -14.8366 -2.43152 0
      vertex -11.0318 0.285205 0
      vertex -11.0258 0.277304 0
    endloop
  endfacet
  facet normal 0 0 -1
    outer loop
      vertex -14.8366 -2.43152 0
      vertex -11.0372 0.292789 0
      vertex -11.0318 0.285205 0
    endloop
  endfacet
  facet normal 0 0 -1
    outer loop
      vertex -14.8366 -2.43152 0
      vertex -11.042 0.300082 0
      vertex -11.0372 0.292789 0
    endloop
  endfacet
  facet normal 0 0 -1
    outer loop
      vertex -14.8366 -2.43152 0
      vertex -11.0464 0.307085 0
      vertex -11.042 0.300082 0
    endloop
  endfacet
  facet normal 0 0 -1
    outer loop
      vertex -14.8366 -2.43152 0
      vertex -11.0503 0.313849 0
      vertex -11.0464 0.307085 0
    endloop
  endfacet
  facet normal 0 0 -1
    outer loop
      vertex -14.8366 -2.43152 0
      vertex -11.0537 0.320376 0
      vertex -11.0503 0.313849 0
    endloop
  endfacet
  facet normal 0 0 -1
    outer loop
      vertex -14.8366 -2.43152 0
      vertex -11.0567 0.326718 0
      vertex -11.0537 0.320376 0
    endloop
  endfacet
  facet normal 0 0 -1
    outer loop
      vertex -14.8366 -2.43152 0
      vertex -11.0593 0.332849 0
      vertex -11.0567 0.326718 0
    endloop
  endfacet
  facet normal 0 0 -1
    outer loop
      vertex -14.8366 -2.43152 0
      vertex -11.0615 0.338847 0
      vertex -11.0593 0.332849 0
    endloop
  endfacet
  facet normal 0 0 -1
    outer loop
      vertex -14.8366 -2.43152 0
      vertex -11.0633 0.344687 0
      vertex -11.0615 0.338847 0
    endloop
  endfacet
  facet normal 0 0 -1
    outer loop
      vertex -14.8366 -2.43152 0
      vertex -11.0647 0.350421 0
      vertex -11.0633 0.344687 0
    endloop
  endfacet
  facet normal 0 0 -1
    outer loop
      vertex -14.8366 -2.43152 0
      vertex -11.0658 0.35605 0
      vertex -11.0647 0.350421 0
    endloop
  endfacet
  facet normal 0 0 -1
    outer loop
      vertex -14.8366 -2.43152 0
      vertex -11.0665 0.361626 0
      vertex -11.0658 0.35605 0
    endloop
  endfacet
  facet normal 0 0 -1
    outer loop
      vertex -14.8366 -2.43152 0
      vertex -11.067 0.367148 0
      vertex -11.0665 0.361626 0
    endloop
  endfacet
  facet normal 0 0 -1
    outer loop
      vertex -14.8366 -2.43152 0
      vertex -11.0671 0.372645 0
      vertex -11.067 0.367148 0
    endloop
  endfacet
  facet normal 0 0 -1
    outer loop
      vertex -14.8366 -2.43152 0
      vertex -11.0669 0.379066 0
      vertex -11.0671 0.372645 0
    endloop
  endfacet
  facet normal 0 0 -1
    outer loop
      vertex -14.8366 -2.43152 0
      vertex -11.0663 0.385514 0
      vertex -11.0669 0.379066 0
    endloop
  endfacet
  facet normal 0 0 -1
    outer loop
      vertex -14.8366 -2.43152 0
      vertex -11.0653 0.391962 0
      vertex -11.0663 0.385514 0
    endloop
  endfacet
  facet normal 0 0 -1
    outer loop
      vertex -14.8366 -2.43152 0
      vertex -11.0638 0.398462 0
      vertex -11.0653 0.391962 0
    endloop
  endfacet
  facet normal 0 0 -1
    outer loop
      vertex -14.8366 -2.43152 0
      vertex -11.0618 0.405015 0
      vertex -11.0638 0.398462 0
    endloop
  endfacet
  facet normal 0 0 -1
    outer loop
      vertex -14.8366 -2.43152 0
      vertex -11.0593 0.411648 0
      vertex -11.0618 0.405015 0
    endloop
  endfacet
  facet normal 0 0 -1
    outer loop
      vertex -14.8366 -2.43152 0
      vertex -11.0563 0.41836 0
      vertex -11.0593 0.411648 0
    endloop
  endfacet
  facet normal 0 0 -1
    outer loop
      vertex -14.8366 -2.43152 0
      vertex -11.0526 0.425151 0
      vertex -11.0563 0.41836 0
    endloop
  endfacet
  facet normal 0 0 -1
    outer loop
      vertex -14.8366 -2.43152 0
      vertex -11.0484 0.432048 0
      vertex -11.0526 0.425151 0
    endloop
  endfacet
  facet normal 0 0 -1
    outer loop
      vertex -14.8366 -2.43152 0
      vertex -11.0434 0.439104 0
      vertex -11.0484 0.432048 0
    endloop
  endfacet
  facet normal 0 0 -1
    outer loop
      vertex -14.8366 -2.43152 0
      vertex -11.0378 0.446265 0
      vertex -11.0434 0.439104 0
    endloop
  endfacet
  facet normal 0 0 -1
    outer loop
      vertex -14.8366 -2.43152 0
      vertex -11.0315 0.453585 0
      vertex -11.0378 0.446265 0
    endloop
  endfacet
  facet normal -0 0 -1
    outer loop
      vertex -14.8366 -2.43152 0
      vertex -23.4385 -3.50675 0
      vertex -11.0315 0.453585 0
    endloop
  endfacet
  facet normal -0 0 -1
    outer loop
      vertex -11.0315 0.453585 0
      vertex -23.4385 -3.50675 0
      vertex -11.0244 0.461089 0
    endloop
  endfacet
  facet normal -0 0 -1
    outer loop
      vertex -11.0244 0.461089 0
      vertex -23.4385 -3.50675 0
      vertex -11.0165 0.468752 0
    endloop
  endfacet
  facet normal -0 0 -1
    outer loop
      vertex -11.0165 0.468752 0
      vertex -23.4385 -3.50675 0
      vertex -11.0078 0.476601 0
    endloop
  endfacet
  facet normal -0 0 -1
    outer loop
      vertex -11.0078 0.476601 0
      vertex -23.4385 -3.50675 0
      vertex -10.9983 0.484687 0
    endloop
  endfacet
  facet normal -0 0 -1
    outer loop
      vertex -10.9983 0.484687 0
      vertex -23.4385 -3.50675 0
      vertex -6.05132 6.87303 0
    endloop
  endfacet
  facet normal -0 0 -1
    outer loop
      vertex -10.9879 0.492958 0
      vertex -10.9983 0.484687 0
      vertex -6.05132 6.87303 0
    endloop
  endfacet
  facet normal -0 0 -1
    outer loop
      vertex -10.9765 0.501493 0
      vertex -10.9879 0.492958 0
      vertex -6.05132 6.87303 0
    endloop
  endfacet
  facet normal 0 0 -1
    outer loop
      vertex -10.9642 0.510266 0
      vertex -6.05132 6.87303 0
      vertex -10.951 0.519277 0
    endloop
  endfacet
  facet normal 0 0 -1
    outer loop
      vertex -1.75792 6.02933 0
      vertex -4.91496 7.19071 0
      vertex 4.37124 7.19071 0
    endloop
  endfacet
  facet normal 0 0 -1
    outer loop
      vertex -1.76865 6.02991 0
      vertex -6.05132 6.87303 0
      vertex -4.91496 7.19071 0
    endloop
  endfacet
  facet normal 0 0 -1
    outer loop
      vertex -1.74775 6.02761 0
      vertex -1.75792 6.02933 0
      vertex 4.37124 7.19071 0
    endloop
  endfacet
  facet normal 0 0 -1
    outer loop
      vertex -1.73813 6.02481 0
      vertex -1.74775 6.02761 0
      vertex 4.37124 7.19071 0
    endloop
  endfacet
  facet normal 0 0 -1
    outer loop
      vertex -1.72906 6.02098 0
      vertex -1.73813 6.02481 0
      vertex 4.37124 7.19071 0
    endloop
  endfacet
  facet normal 0 0 -1
    outer loop
      vertex -1.72053 6.01617 0
      vertex -1.72906 6.02098 0
      vertex 4.37124 7.19071 0
    endloop
  endfacet
  facet normal 0 0 -1
    outer loop
      vertex -1.71255 6.01046 0
      vertex -1.72053 6.01617 0
      vertex 4.37124 7.19071 0
    endloop
  endfacet
  facet normal 0 0 -1
    outer loop
      vertex -1.70515 6.00388 0
      vertex -1.71255 6.01046 0
      vertex 4.37124 7.19071 0
    endloop
  endfacet
  facet normal 0 0 -1
    outer loop
      vertex -1.69825 5.99649 0
      vertex -1.70515 6.00388 0
      vertex 4.37124 7.19071 0
    endloop
  endfacet
  facet normal 0 0 -1
    outer loop
      vertex -1.69194 5.98835 0
      vertex -1.69825 5.99649 0
      vertex 4.37124 7.19071 0
    endloop
  endfacet
  facet normal 0 0 -1
    outer loop
      vertex -1.68618 5.97952 0
      vertex -1.69194 5.98835 0
      vertex 4.37124 7.19071 0
    endloop
  endfacet
  facet normal 0 0 -1
    outer loop
      vertex -1.68094 5.97003 0
      vertex -1.68618 5.97952 0
      vertex 4.37124 7.19071 0
    endloop
  endfacet
  facet normal 0 0 -1
    outer loop
      vertex -1.67627 5.95999 0
      vertex 4.37124 7.19071 0
      vertex -1.67215 5.9494 0
    endloop
  endfacet
  facet normal 0 0 -1
    outer loop
      vertex -1.67215 5.9494 0
      vertex 4.37124 7.19071 0
      vertex -1.66858 5.93832 0
    endloop
  endfacet
  facet normal 0 0 -1
    outer loop
      vertex -1.66858 5.93832 0
      vertex 4.37124 7.19071 0
      vertex -1.66554 5.92683 0
    endloop
  endfacet
  facet normal 0 0 -1
    outer loop
      vertex -1.66554 5.92683 0
      vertex 4.37124 7.19071 0
      vertex -1.66308 5.91496 0
    endloop
  endfacet
  facet normal 0 0 -1
    outer loop
      vertex -1.66308 5.91496 0
      vertex 4.37124 7.19071 0
      vertex -1.66115 5.90281 0
    endloop
  endfacet
  facet normal 0 0 -1
    outer loop
      vertex -1.66115 5.90281 0
      vertex 4.37124 7.19071 0
      vertex -1.65978 5.89036 0
    endloop
  endfacet
  facet normal 0 0 -1
    outer loop
      vertex -1.65978 5.89036 0
      vertex 4.37124 7.19071 0
      vertex -1.65896 5.87776 0
    endloop
  endfacet
  facet normal 0 0 -1
    outer loop
      vertex -1.65896 5.87776 0
      vertex 4.37124 7.19071 0
      vertex -1.65867 5.86497 0
    endloop
  endfacet
  facet normal 0 0 -1
    outer loop
      vertex -1.65867 5.86497 0
      vertex 4.37124 7.19071 0
      vertex 5.44648 6.12155 0
    endloop
  endfacet
  facet normal 0 0 -1
    outer loop
      vertex 5.44037 -5.38234 0
      vertex -1.65867 5.86497 0
      vertex 5.44648 6.12155 0
    endloop
  endfacet
  facet normal -0 0 -1
    outer loop
      vertex 5.44037 -5.38234 0
      vertex -1.65867 -5.59004 0
      vertex -1.65867 5.86497 0
    endloop
  endfacet
  facet normal 0 0 -1
    outer loop
      vertex -1.65867 -5.59004 0
      vertex -0.678884 -6.6621 0
      vertex -1.6555 -5.68552 0
    endloop
  endfacet
  facet normal 0 -0 -1
    outer loop
      vertex 5.47874 -5.52646 0
      vertex 5.48474 -5.53452 0
      vertex -0.583437 -6.6653 0
    endloop
  endfacet
  facet normal -0 0 -1
    outer loop
      vertex 5.49827 -5.54797 0
      vertex -0.583437 -6.6653 0
      vertex 5.49127 -5.54171 0
    endloop
  endfacet
  facet normal 0 0 -1
    outer loop
      vertex -0.583437 -6.6653 0
      vertex 5.50575 -5.55329 0
      vertex 5.51373 -5.5577 0
    endloop
  endfacet
  facet normal 0 -0 -1
    outer loop
      vertex 5.52218 -5.56113 0
      vertex 5.53109 -5.56362 0
      vertex -0.583437 -6.6653 0
    endloop
  endfacet
  facet normal 0 0 -1
    outer loop
      vertex -0.583437 -6.6653 0
      vertex 5.53109 -5.56362 0
      vertex 8.69844 -6.6653 0
    endloop
  endfacet
  facet normal 0 0 -1
    outer loop
      vertex 8.69844 -6.6653 0
      vertex 5.53109 -5.56362 0
      vertex 5.5405 -5.5651 0
    endloop
  endfacet
  facet normal -0 0 -1
    outer loop
      vertex 28.9308 -4.24599 0
      vertex 23.7318 -7.07462 0
      vertex 23.7318 2.51703 0
    endloop
  endfacet
  facet normal -0 -0 -1
    outer loop
      vertex 5.55033 -5.5656 0
      vertex 8.69844 -6.6653 0
      vertex 5.5405 -5.5651 0
    endloop
  endfacet
  facet normal 0 0 -1
    outer loop
      vertex 23.7846 -7.27212 0
      vertex 23.854 -7.30066 0
      vertex 23.8448 -7.30029 0
    endloop
  endfacet
  facet normal -0 0 -1
    outer loop
      vertex 8.75507 -6.66348 0
      vertex 8.69844 -6.6653 0
      vertex 8.86782 -6.65449 0
    endloop
  endfacet
  facet normal 0 0 -1
    outer loop
      vertex 8.86782 -6.65449 0
      vertex 8.9796 -6.63845 0
      vertex 8.92384 -6.64736 0
    endloop
  endfacet
  facet normal 0 0 -1
    outer loop
      vertex 23.7846 -7.27212 0
      vertex 23.8448 -7.30029 0
      vertex 23.7925 -7.27931 0
    endloop
  endfacet
  facet normal -0 0 -1
    outer loop
      vertex 8.86782 -6.65449 0
      vertex 8.69844 -6.6653 0
      vertex 8.9796 -6.63845 0
    endloop
  endfacet
  facet normal 0 0 -1
    outer loop
      vertex 23.8448 -7.30029 0
      vertex 23.8357 -7.29913 0
      vertex 23.7925 -7.27931 0
    endloop
  endfacet
  facet normal -0 0 -1
    outer loop
      vertex 8.9796 -6.63845 0
      vertex 8.69844 -6.6653 0
      vertex 9.03504 -6.62786 0
    endloop
  endfacet
  facet normal -0 0 -1
    outer loop
      vertex 9.03504 -6.62786 0
      vertex 8.69844 -6.6653 0
      vertex 9.09016 -6.61554 0
    endloop
  endfacet
  facet normal 0 0 -1
    outer loop
      vertex 23.7925 -7.27931 0
      vertex 23.8267 -7.2971 0
      vertex 23.8006 -7.28534 0
    endloop
  endfacet
  facet normal -0 0 -1
    outer loop
      vertex 9.09016 -6.61554 0
      vertex 8.69844 -6.6653 0
      vertex 9.14486 -6.60154 0
    endloop
  endfacet
  facet normal -0 0 -1
    outer loop
      vertex 9.14486 -6.60154 0
      vertex 8.69844 -6.6653 0
      vertex 9.19917 -6.58587 0
    endloop
  endfacet
  facet normal 0 0 -1
    outer loop
      vertex 23.8267 -7.2971 0
      vertex 23.8178 -7.29416 0
      vertex 23.8091 -7.29025 0
    endloop
  endfacet
  facet normal -0 0 -1
    outer loop
      vertex 9.19917 -6.58587 0
      vertex 8.69844 -6.6653 0
      vertex 9.25299 -6.56856 0
    endloop
  endfacet
  facet normal 0 0 -1
    outer loop
      vertex 23.8267 -7.2971 0
      vertex 23.8091 -7.29025 0
      vertex 23.8006 -7.28534 0
    endloop
  endfacet
  facet normal -0 0 -1
    outer loop
      vertex 9.25299 -6.56856 0
      vertex 8.69844 -6.6653 0
      vertex 9.30632 -6.54961 0
    endloop
  endfacet
  facet normal -0 0 -1
    outer loop
      vertex 9.30632 -6.54961 0
      vertex 8.69844 -6.6653 0
      vertex 9.35914 -6.52905 0
    endloop
  endfacet
  facet normal 0 0 -1
    outer loop
      vertex 23.8357 -7.29913 0
      vertex 23.8267 -7.2971 0
      vertex 23.7925 -7.27931 0
    endloop
  endfacet
  facet normal -0 0 -1
    outer loop
      vertex 9.35914 -6.52905 0
      vertex 8.69844 -6.6653 0
      vertex 9.41136 -6.50688 0
    endloop
  endfacet
  facet normal -0 0 -1
    outer loop
      vertex 9.41136 -6.50688 0
      vertex 8.69844 -6.6653 0
      vertex 9.46299 -6.48315 0
    endloop
  endfacet
  facet normal 0 0 -1
    outer loop
      vertex 23.7771 -7.26375 0
      vertex 23.854 -7.30066 0
      vertex 23.7846 -7.27212 0
    endloop
  endfacet
  facet normal -0 0 -1
    outer loop
      vertex 9.46299 -6.48315 0
      vertex 8.69844 -6.6653 0
      vertex 9.51399 -6.45787 0
    endloop
  endfacet
  facet normal 0 0 -1
    outer loop
      vertex 23.77 -7.25408 0
      vertex 23.854 -7.30066 0
      vertex 23.7771 -7.26375 0
    endloop
  endfacet
  facet normal -0 0 -1
    outer loop
      vertex 9.51399 -6.45787 0
      vertex 8.69844 -6.6653 0
      vertex 9.56431 -6.43104 0
    endloop
  endfacet
  facet normal -0 0 -1
    outer loop
      vertex 9.56431 -6.43104 0
      vertex 8.69844 -6.6653 0
      vertex 9.6139 -6.40269 0
    endloop
  endfacet
  facet normal 0 0 -1
    outer loop
      vertex 23.7633 -7.24311 0
      vertex 23.854 -7.30066 0
      vertex 23.77 -7.25408 0
    endloop
  endfacet
  facet normal -0 0 -1
    outer loop
      vertex 9.6139 -6.40269 0
      vertex 8.69844 -6.6653 0
      vertex 9.66276 -6.37283 0
    endloop
  endfacet
  facet normal -0 0 -1
    outer loop
      vertex 9.66276 -6.37283 0
      vertex 8.69844 -6.6653 0
      vertex 9.7108 -6.34149 0
    endloop
  endfacet
  facet normal 0 0 -1
    outer loop
      vertex 23.7572 -7.23074 0
      vertex 23.854 -7.30066 0
      vertex 23.7633 -7.24311 0
    endloop
  endfacet
  facet normal -0 0 -1
    outer loop
      vertex 9.7108 -6.34149 0
      vertex 8.69844 -6.6653 0
      vertex 5.69696 -5.50451 0
    endloop
  endfacet
  facet normal 0 0 -1
    outer loop
      vertex 23.6279 2.70031 0
      vertex 9.7108 -6.34149 0
      vertex 5.69696 -5.50451 0
    endloop
  endfacet
  facet normal 0 0 -1
    outer loop
      vertex 23.7516 -7.21692 0
      vertex 23.854 -7.30066 0
      vertex 23.7572 -7.23074 0
    endloop
  endfacet
  facet normal 0 0 -1
    outer loop
      vertex 24.7398 6.85469 0
      vertex 23.6279 2.70031 0
      vertex 5.69696 -5.50451 0
    endloop
  endfacet
  facet normal 0 0 -1
    outer loop
      vertex 28.9308 -4.24599 0
      vertex 23.854 -7.30066 0
      vertex 23.7318 -7.07462 0
    endloop
  endfacet
  facet normal 0 0 -1
    outer loop
      vertex 23.6669 2.69183 0
      vertex 23.6581 2.69551 0
      vertex 24.7398 6.85469 0
    endloop
  endfacet
  facet normal 0 0 -1
    outer loop
      vertex 23.6751 2.68715 0
      vertex 23.6669 2.69183 0
      vertex 24.7398 6.85469 0
    endloop
  endfacet
  facet normal 0 0 -1
    outer loop
      vertex 23.6827 2.68153 0
      vertex 23.6751 2.68715 0
      vertex 24.7398 6.85469 0
    endloop
  endfacet
  facet normal 0 0 -1
    outer loop
      vertex 23.6897 2.67495 0
      vertex 23.6827 2.68153 0
      vertex 24.7398 6.85469 0
    endloop
  endfacet
  facet normal 0 0 -1
    outer loop
      vertex 23.6962 2.66747 0
      vertex 23.6897 2.67495 0
      vertex 24.7398 6.85469 0
    endloop
  endfacet
  facet normal 0 0 -1
    outer loop
      vertex 23.702 2.65912 0
      vertex 23.6962 2.66747 0
      vertex 24.7398 6.85469 0
    endloop
  endfacet
  facet normal 0 0 -1
    outer loop
      vertex 23.7073 2.64992 0
      vertex 23.702 2.65912 0
      vertex 24.7398 6.85469 0
    endloop
  endfacet
  facet normal -0 0 -1
    outer loop
      vertex 28.9247 6.85469 0
      vertex 23.7121 2.63988 0
      vertex 24.7398 6.85469 0
    endloop
  endfacet
  facet normal 0 0 -1
    outer loop
      vertex 23.7121 2.63988 0
      vertex 23.7073 2.64992 0
      vertex 24.7398 6.85469 0
    endloop
  endfacet
  facet normal 0 0 -1
    outer loop
      vertex 28.9247 6.85469 0
      vertex 23.7164 2.62907 0
      vertex 23.7121 2.63988 0
    endloop
  endfacet
  facet normal 0 -0 -1
    outer loop
      vertex 28.9247 6.85469 0
      vertex 30 5.78556 0
      vertex 23.7164 2.62907 0
    endloop
  endfacet
  facet normal 0 0 -1
    outer loop
      vertex 23.7164 2.62907 0
      vertex 30 5.78556 0
      vertex 23.72 2.61747 0
    endloop
  endfacet
  facet normal 0 0 -1
    outer loop
      vertex 23.72 2.61747 0
      vertex 30 5.78556 0
      vertex 23.7232 2.60513 0
    endloop
  endfacet
  facet normal 0 0 -1
    outer loop
      vertex 23.7232 2.60513 0
      vertex 30 5.78556 0
      vertex 23.7259 2.59208 0
    endloop
  endfacet
  facet normal 0 0 -1
    outer loop
      vertex 23.7259 2.59208 0
      vertex 30 5.78556 0
      vertex 23.728 2.57834 0
    endloop
  endfacet
  facet normal 0 0 -1
    outer loop
      vertex 23.728 2.57834 0
      vertex 30 5.78556 0
      vertex 23.7297 2.56394 0
    endloop
  endfacet
  facet normal 0 0 -1
    outer loop
      vertex 23.7297 2.56394 0
      vertex 30 5.78556 0
      vertex 23.7309 2.5489 0
    endloop
  endfacet
  facet normal 0 0 -1
    outer loop
      vertex 23.7309 2.5489 0
      vertex 30 5.78556 0
      vertex 23.7315 2.53326 0
    endloop
  endfacet
  facet normal 0 0 -1
    outer loop
      vertex 23.7315 2.53326 0
      vertex 30 5.78556 0
      vertex 23.7318 2.51703 0
    endloop
  endfacet
  facet normal 0 0 -1
    outer loop
      vertex 23.7318 2.51703 0
      vertex 30 5.78556 0
      vertex 30 -2.20545 0
    endloop
  endfacet
  facet normal 0 0 -1
    outer loop
      vertex 28.9308 -4.24599 0
      vertex 23.7318 2.51703 0
      vertex 30 -2.20545 0
    endloop
  endfacet
  facet normal 0 0 -1
    outer loop
      vertex 23.7318 -7.07462 0
      vertex 23.854 -7.30066 0
      vertex 23.7322 -7.10026 0
    endloop
  endfacet
  facet normal 0 0 -1
    outer loop
      vertex 23.7322 -7.10026 0
      vertex 23.854 -7.30066 0
      vertex 23.7336 -7.12401 0
    endloop
  endfacet
  facet normal 0 0 -1
    outer loop
      vertex 23.7336 -7.12401 0
      vertex 23.854 -7.30066 0
      vertex 23.7357 -7.14597 0
    endloop
  endfacet
  facet normal 0 0 -1
    outer loop
      vertex 23.7357 -7.14597 0
      vertex 23.854 -7.30066 0
      vertex 23.7386 -7.16616 0
    endloop
  endfacet
  facet normal 0 0 -1
    outer loop
      vertex 23.7386 -7.16616 0
      vertex 23.854 -7.30066 0
      vertex 23.7423 -7.18468 0
    endloop
  endfacet
  facet normal 0 0 -1
    outer loop
      vertex 23.7423 -7.18468 0
      vertex 23.854 -7.30066 0
      vertex 23.7466 -7.20157 0
    endloop
  endfacet
  facet normal 0 0 -1
    outer loop
      vertex 23.7466 -7.20157 0
      vertex 23.854 -7.30066 0
      vertex 23.7516 -7.21692 0
    endloop
  endfacet
  facet normal 0 0 1
    outer loop
      vertex 29.6767 -3.58402 2.4
      vertex 29.7348 -3.49121 2.4
      vertex 29.7862 -3.39526 2.4
    endloop
  endfacet
  facet normal 0 0 1
    outer loop
      vertex 29.6115 -3.674 2.4
      vertex 29.6767 -3.58402 2.4
      vertex 29.8311 -3.29593 2.4
    endloop
  endfacet
  facet normal 0 0 1
    outer loop
      vertex 29.8311 -3.29593 2.4
      vertex 29.6767 -3.58402 2.4
      vertex 29.7862 -3.39526 2.4
    endloop
  endfacet
  facet normal 0 -0 1
    outer loop
      vertex 29.6115 -3.674 2.4
      vertex 29.8311 -3.29593 2.4
      vertex 29.539 -3.76136 2.4
    endloop
  endfacet
  facet normal 0 -0 1
    outer loop
      vertex 29.8311 -3.29593 2.4
      vertex 29.87 -3.19293 2.4
      vertex 29.539 -3.76136 2.4
    endloop
  endfacet
  facet normal 0 0 1
    outer loop
      vertex 29.87 -3.19293 2.4
      vertex 29.4587 -3.84639 2.4
      vertex 29.539 -3.76136 2.4
    endloop
  endfacet
  facet normal 0 0 1
    outer loop
      vertex 29.9031 -3.08601 2.4
      vertex 29.4587 -3.84639 2.4
      vertex 29.87 -3.19293 2.4
    endloop
  endfacet
  facet normal 0 0 1
    outer loop
      vertex 29.3705 -3.92939 2.4
      vertex 29.4587 -3.84639 2.4
      vertex 29.9031 -3.08601 2.4
    endloop
  endfacet
  facet normal 0 0 1
    outer loop
      vertex 29.3705 -3.92939 2.4
      vertex 29.9031 -3.08601 2.4
      vertex 29.9307 -2.97492 2.4
    endloop
  endfacet
  facet normal 0 -0 1
    outer loop
      vertex 29.3705 -3.92939 2.4
      vertex 29.9307 -2.97492 2.4
      vertex 29.2739 -4.01057 2.4
    endloop
  endfacet
  facet normal 0 -0 1
    outer loop
      vertex 29.9307 -2.97492 2.4
      vertex 29.9532 -2.85937 2.4
      vertex 29.2739 -4.01057 2.4
    endloop
  endfacet
  facet normal 0 0 1
    outer loop
      vertex 29.9532 -2.85937 2.4
      vertex 29.1686 -4.09021 2.4
      vertex 29.2739 -4.01057 2.4
    endloop
  endfacet
  facet normal 0 0 1
    outer loop
      vertex 29.9709 -2.73908 2.4
      vertex 29.1686 -4.09021 2.4
      vertex 29.9532 -2.85937 2.4
    endloop
  endfacet
  facet normal 0 0 1
    outer loop
      vertex 29.9841 -2.61383 2.4
      vertex 29.1686 -4.09021 2.4
      vertex 29.9709 -2.73908 2.4
    endloop
  endfacet
  facet normal 0 0 1
    outer loop
      vertex 29.0544 -4.16859 2.4
      vertex 29.1686 -4.09021 2.4
      vertex 29.9841 -2.61383 2.4
    endloop
  endfacet
  facet normal 0 0 1
    outer loop
      vertex 29.0544 -4.16859 2.4
      vertex 29.9841 -2.61383 2.4
      vertex 29.9932 -2.48331 2.4
    endloop
  endfacet
  facet normal 0 -0 1
    outer loop
      vertex 29.0544 -4.16859 2.4
      vertex 29.9932 -2.48331 2.4
      vertex 28.9308 -4.24599 2.4
    endloop
  endfacet
  facet normal 0 -0 1
    outer loop
      vertex 29.9932 -2.48331 2.4
      vertex 29.9983 -2.34728 2.4
      vertex 28.9308 -4.24599 2.4
    endloop
  endfacet
  facet normal 0 -0 1
    outer loop
      vertex 29.9983 -2.34728 2.4
      vertex 30 -2.20545 2.4
      vertex 28.9308 -4.24599 2.4
    endloop
  endfacet
  facet normal 0 0 1
    outer loop
      vertex 24.7398 6.85469 2.4
      vertex 23.6487 2.69815 2.4
      vertex 23.6581 2.69551 2.4
    endloop
  endfacet
  facet normal 0 0 1
    outer loop
      vertex 29.9715 6.05906 2.4
      vertex 29.1986 6.82655 2.4
      vertex 29.9872 5.97136 2.4
    endloop
  endfacet
  facet normal 0 0 1
    outer loop
      vertex 29.7029 6.56069 2.4
      vertex 29.6439 6.61438 2.4
      vertex 29.7571 6.50215 2.4
    endloop
  endfacet
  facet normal 0 0 1
    outer loop
      vertex 29.6439 6.61438 2.4
      vertex 29.8063 6.439 2.4
      vertex 29.7571 6.50215 2.4
    endloop
  endfacet
  facet normal 0 0 1
    outer loop
      vertex 29.5803 6.66311 2.4
      vertex 29.8063 6.439 2.4
      vertex 29.6439 6.61438 2.4
    endloop
  endfacet
  facet normal 0 0 1
    outer loop
      vertex 29.8503 6.37135 2.4
      vertex 29.8063 6.439 2.4
      vertex 29.5803 6.66311 2.4
    endloop
  endfacet
  facet normal 0 0 1
    outer loop
      vertex 29.8503 6.37135 2.4
      vertex 29.5803 6.66311 2.4
      vertex 29.5123 6.70668 2.4
    endloop
  endfacet
  facet normal 0 0 1
    outer loop
      vertex 29.8503 6.37135 2.4
      vertex 29.5123 6.70668 2.4
      vertex 29.889 6.29937 2.4
    endloop
  endfacet
  facet normal 0 0 1
    outer loop
      vertex 29.5123 6.70668 2.4
      vertex 29.4399 6.745 2.4
      vertex 29.889 6.29937 2.4
    endloop
  endfacet
  facet normal 0 0 1
    outer loop
      vertex 29.4399 6.745 2.4
      vertex 29.9222 6.22324 2.4
      vertex 29.889 6.29937 2.4
    endloop
  endfacet
  facet normal 0 0 1
    outer loop
      vertex 29.3634 6.77785 2.4
      vertex 29.9222 6.22324 2.4
      vertex 29.4399 6.745 2.4
    endloop
  endfacet
  facet normal 0 0 1
    outer loop
      vertex 29.9497 6.14306 2.4
      vertex 29.9222 6.22324 2.4
      vertex 29.3634 6.77785 2.4
    endloop
  endfacet
  facet normal 0 0 1
    outer loop
      vertex 29.9497 6.14306 2.4
      vertex 29.3634 6.77785 2.4
      vertex 29.2829 6.80509 2.4
    endloop
  endfacet
  facet normal 0 0 1
    outer loop
      vertex 29.9497 6.14306 2.4
      vertex 29.2829 6.80509 2.4
      vertex 29.9715 6.05906 2.4
    endloop
  endfacet
  facet normal 0 0 1
    outer loop
      vertex 29.2829 6.80509 2.4
      vertex 29.1986 6.82655 2.4
      vertex 29.9715 6.05906 2.4
    endloop
  endfacet
  facet normal 0 0 1
    outer loop
      vertex 29.1986 6.82655 2.4
      vertex 29.1107 6.84206 2.4
      vertex 29.9872 5.97136 2.4
    endloop
  endfacet
  facet normal 0 0 1
    outer loop
      vertex 29.1107 6.84206 2.4
      vertex 29.9968 5.88014 2.4
      vertex 29.9872 5.97136 2.4
    endloop
  endfacet
  facet normal 0 0 1
    outer loop
      vertex 29.0194 6.85152 2.4
      vertex 29.9968 5.88014 2.4
      vertex 29.1107 6.84206 2.4
    endloop
  endfacet
  facet normal 0 0 1
    outer loop
      vertex 30 5.78556 2.4
      vertex 29.9968 5.88014 2.4
      vertex 29.0194 6.85152 2.4
    endloop
  endfacet
  facet normal 0 0 1
    outer loop
      vertex 30 5.78556 2.4
      vertex 29.0194 6.85152 2.4
      vertex 28.9247 6.85469 2.4
    endloop
  endfacet
  facet normal -0 0 1
    outer loop
      vertex 23.6279 2.70031 2.4
      vertex 23.6386 2.69979 2.4
      vertex 24.7398 6.85469 2.4
    endloop
  endfacet
  facet normal -0 0 1
    outer loop
      vertex 23.6386 2.69979 2.4
      vertex 23.6487 2.69815 2.4
      vertex 24.7398 6.85469 2.4
    endloop
  endfacet
  facet normal 0 -0 1
    outer loop
      vertex 8.81154 -6.65988 2.4
      vertex 8.86782 -6.65449 2.4
      vertex 8.75507 -6.66348 2.4
    endloop
  endfacet
  facet normal -0 0 1
    outer loop
      vertex 5.69051 -5.50905 2.4
      vertex 8.69844 -6.6653 2.4
      vertex 5.69696 -5.50451 2.4
    endloop
  endfacet
  facet normal -0 0 1
    outer loop
      vertex 5.68396 -5.51349 2.4
      vertex 8.69844 -6.6653 2.4
      vertex 5.69051 -5.50905 2.4
    endloop
  endfacet
  facet normal -0 0 1
    outer loop
      vertex 5.6773 -5.51782 2.4
      vertex 8.69844 -6.6653 2.4
      vertex 5.68396 -5.51349 2.4
    endloop
  endfacet
  facet normal -0 0 1
    outer loop
      vertex 5.67056 -5.52203 2.4
      vertex 8.69844 -6.6653 2.4
      vertex 5.6773 -5.51782 2.4
    endloop
  endfacet
  facet normal -0 0 1
    outer loop
      vertex 5.66374 -5.52609 2.4
      vertex 8.69844 -6.6653 2.4
      vertex 5.67056 -5.52203 2.4
    endloop
  endfacet
  facet normal -0 0 1
    outer loop
      vertex 5.65682 -5.53003 2.4
      vertex 8.69844 -6.6653 2.4
      vertex 5.66374 -5.52609 2.4
    endloop
  endfacet
  facet normal -0 0 1
    outer loop
      vertex 5.64982 -5.53381 2.4
      vertex 8.69844 -6.6653 2.4
      vertex 5.65682 -5.53003 2.4
    endloop
  endfacet
  facet normal -0 0 1
    outer loop
      vertex 5.64271 -5.53746 2.4
      vertex 8.69844 -6.6653 2.4
      vertex 5.64982 -5.53381 2.4
    endloop
  endfacet
  facet normal -0 0 1
    outer loop
      vertex 5.63552 -5.54092 2.4
      vertex 8.69844 -6.6653 2.4
      vertex 5.64271 -5.53746 2.4
    endloop
  endfacet
  facet normal -0 0 1
    outer loop
      vertex 5.62823 -5.54422 2.4
      vertex 8.69844 -6.6653 2.4
      vertex 5.63552 -5.54092 2.4
    endloop
  endfacet
  facet normal -0 0 1
    outer loop
      vertex 5.62085 -5.54734 2.4
      vertex 8.69844 -6.6653 2.4
      vertex 5.62823 -5.54422 2.4
    endloop
  endfacet
  facet normal -0 0 1
    outer loop
      vertex 5.61338 -5.55027 2.4
      vertex 8.69844 -6.6653 2.4
      vertex 5.62085 -5.54734 2.4
    endloop
  endfacet
  facet normal -0 0 1
    outer loop
      vertex 5.60582 -5.553 2.4
      vertex 8.69844 -6.6653 2.4
      vertex 5.61338 -5.55027 2.4
    endloop
  endfacet
  facet normal -0 0 1
    outer loop
      vertex 5.59818 -5.55551 2.4
      vertex 8.69844 -6.6653 2.4
      vertex 5.60582 -5.553 2.4
    endloop
  endfacet
  facet normal -0 0 1
    outer loop
      vertex 5.59044 -5.55778 2.4
      vertex 8.69844 -6.6653 2.4
      vertex 5.59818 -5.55551 2.4
    endloop
  endfacet
  facet normal -0 0 1
    outer loop
      vertex 5.58259 -5.55984 2.4
      vertex 8.69844 -6.6653 2.4
      vertex 5.59044 -5.55778 2.4
    endloop
  endfacet
  facet normal -0 0 1
    outer loop
      vertex 5.57466 -5.56166 2.4
      vertex 8.69844 -6.6653 2.4
      vertex 5.58259 -5.55984 2.4
    endloop
  endfacet
  facet normal -0 0 1
    outer loop
      vertex 5.56666 -5.56325 2.4
      vertex 8.69844 -6.6653 2.4
      vertex 5.57466 -5.56166 2.4
    endloop
  endfacet
  facet normal -0 0 1
    outer loop
      vertex 5.55854 -5.56457 2.4
      vertex 8.69844 -6.6653 2.4
      vertex 5.56666 -5.56325 2.4
    endloop
  endfacet
  facet normal -0 0 1
    outer loop
      vertex 5.55033 -5.5656 2.4
      vertex 8.69844 -6.6653 2.4
      vertex 5.55854 -5.56457 2.4
    endloop
  endfacet
  facet normal 0 0 1
    outer loop
      vertex -10.291 -6.6806 2.4
      vertex -10.8594 -6.40258 2.4
      vertex -10.3473 -6.66887 2.4
    endloop
  endfacet
  facet normal 0 0 1
    outer loop
      vertex -22.6874 -6.71205 2.4
      vertex -23.4901 -3.53606 2.4
      vertex -23.4976 -3.5397 2.4
    endloop
  endfacet
  facet normal 0 0 1
    outer loop
      vertex -22.6319 -6.70927 2.4
      vertex -23.4901 -3.53606 2.4
      vertex -22.6874 -6.71205 2.4
    endloop
  endfacet
  facet normal 0 0 1
    outer loop
      vertex -22.5776 -6.70523 2.4
      vertex -23.4901 -3.53606 2.4
      vertex -22.6319 -6.70927 2.4
    endloop
  endfacet
  facet normal 0 0 1
    outer loop
      vertex -23.4827 -3.53228 2.4
      vertex -23.4901 -3.53606 2.4
      vertex -22.5776 -6.70523 2.4
    endloop
  endfacet
  facet normal 0 0 1
    outer loop
      vertex -22.0629 -6.57768 2.4
      vertex -22.5776 -6.70523 2.4
      vertex -22.5243 -6.69987 2.4
    endloop
  endfacet
  facet normal 0 0 1
    outer loop
      vertex -22.4204 -6.68475 2.4
      vertex -22.2172 -6.63489 2.4
      vertex -22.1662 -6.61784 2.4
    endloop
  endfacet
  facet normal 0 0 1
    outer loop
      vertex -10.8594 -6.40258 2.4
      vertex -10.455 -6.63999 2.4
      vertex -10.4019 -6.65537 2.4
    endloop
  endfacet
  facet normal -0 -0 1
    outer loop
      vertex -10.6959 -6.53183 2.4
      vertex -10.651 -6.55791 2.4
      vertex -10.8594 -6.40258 2.4
    endloop
  endfacet
  facet normal 0 0 1
    outer loop
      vertex -5.79127 7.02059 2.4
      vertex -5.84515 6.99461 2.4
      vertex -6.05132 6.87303 2.4
    endloop
  endfacet
  facet normal 0 0 1
    outer loop
      vertex -5.84515 6.99461 2.4
      vertex -6.00127 6.90606 2.4
      vertex -6.05132 6.87303 2.4
    endloop
  endfacet
  facet normal 0 0 1
    outer loop
      vertex -5.62492 7.08778 2.4
      vertex -5.6811 7.06717 2.4
      vertex -6.05132 6.87303 2.4
    endloop
  endfacet
  facet normal -0 0 1
    outer loop
      vertex -5.89816 6.96686 2.4
      vertex -6.00127 6.90606 2.4
      vertex -5.84515 6.99461 2.4
    endloop
  endfacet
  facet normal 0 0 1
    outer loop
      vertex -5.73657 7.04479 2.4
      vertex -5.79127 7.02059 2.4
      vertex -6.05132 6.87303 2.4
    endloop
  endfacet
  facet normal -0 0 1
    outer loop
      vertex -5.95022 6.93735 2.4
      vertex -6.00127 6.90606 2.4
      vertex -5.89816 6.96686 2.4
    endloop
  endfacet
  facet normal 0 0 1
    outer loop
      vertex -5.6811 7.06717 2.4
      vertex -5.73657 7.04479 2.4
      vertex -6.05132 6.87303 2.4
    endloop
  endfacet
  facet normal 0 0 1
    outer loop
      vertex -6.05132 6.87303 2.4
      vertex -5.51064 7.12351 2.4
      vertex -5.56808 7.10655 2.4
    endloop
  endfacet
  facet normal 0 0 1
    outer loop
      vertex 5.44037 -5.38234 2.4
      vertex 5.45084 -5.44597 2.4
      vertex 5.44893 -5.4312 2.4
    endloop
  endfacet
  facet normal 0 0 1
    outer loop
      vertex 5.44037 -5.38234 2.4
      vertex 5.44893 -5.4312 2.4
      vertex 5.44759 -5.41566 2.4
    endloop
  endfacet
  facet normal 0 0 1
    outer loop
      vertex 5.44037 -5.38234 2.4
      vertex 5.44759 -5.41566 2.4
      vertex 5.44677 -5.39939 2.4
    endloop
  endfacet
  facet normal -0 0 1
    outer loop
      vertex 5.44037 -5.38234 2.4
      vertex 5.44677 -5.39939 2.4
      vertex 5.44648 -5.38234 2.4
    endloop
  endfacet
  facet normal 0 0 1
    outer loop
      vertex -6.05132 6.87303 2.4
      vertex -5.1563 7.1864 2.4
      vertex -5.21624 7.18059 2.4
    endloop
  endfacet
  facet normal 0 0 1
    outer loop
      vertex 5.14941 6.89668 2.4
      vertex 5.25273 6.77502 2.4
      vertex 5.20358 6.83817 2.4
    endloop
  endfacet
  facet normal 0 0 1
    outer loop
      vertex 5.09045 6.95037 2.4
      vertex 5.25273 6.77502 2.4
      vertex 5.14941 6.89668 2.4
    endloop
  endfacet
  facet normal 0 0 1
    outer loop
      vertex 5.02685 6.9991 2.4
      vertex 5.25273 6.77502 2.4
      vertex 5.09045 6.95037 2.4
    endloop
  endfacet
  facet normal 0 0 1
    outer loop
      vertex 5.29675 6.70737 2.4
      vertex 5.25273 6.77502 2.4
      vertex 5.02685 6.9991 2.4
    endloop
  endfacet
  facet normal 0 0 1
    outer loop
      vertex 5.29675 6.70737 2.4
      vertex 5.02685 6.9991 2.4
      vertex 4.95875 7.0427 2.4
    endloop
  endfacet
  facet normal 0 0 1
    outer loop
      vertex 5.29675 6.70737 2.4
      vertex 4.95875 7.0427 2.4
      vertex 5.33546 6.63539 2.4
    endloop
  endfacet
  facet normal 0 0 1
    outer loop
      vertex 4.95875 7.0427 2.4
      vertex 4.88637 7.08102 2.4
      vertex 5.33546 6.63539 2.4
    endloop
  endfacet
  facet normal 0 0 1
    outer loop
      vertex 4.88637 7.08102 2.4
      vertex 5.36868 6.55923 2.4
      vertex 5.33546 6.63539 2.4
    endloop
  endfacet
  facet normal 0 0 1
    outer loop
      vertex 4.80987 7.11387 2.4
      vertex 5.36868 6.55923 2.4
      vertex 4.88637 7.08102 2.4
    endloop
  endfacet
  facet normal 0 0 1
    outer loop
      vertex 5.39624 6.47908 2.4
      vertex 5.36868 6.55923 2.4
      vertex 4.80987 7.11387 2.4
    endloop
  endfacet
  facet normal 0 0 1
    outer loop
      vertex 5.39624 6.47908 2.4
      vertex 4.80987 7.11387 2.4
      vertex 4.72938 7.14108 2.4
    endloop
  endfacet
  facet normal 0 0 1
    outer loop
      vertex 5.39624 6.47908 2.4
      vertex 4.72938 7.14108 2.4
      vertex 5.41796 6.39508 2.4
    endloop
  endfacet
  facet normal 0 0 1
    outer loop
      vertex 4.72938 7.14108 2.4
      vertex 4.64511 7.16257 2.4
      vertex 5.41796 6.39508 2.4
    endloop
  endfacet
  facet normal 0 0 1
    outer loop
      vertex 4.64511 7.16257 2.4
      vertex 5.43369 6.30738 2.4
      vertex 5.41796 6.39508 2.4
    endloop
  endfacet
  facet normal 0 0 1
    outer loop
      vertex 4.55722 7.17808 2.4
      vertex 5.43369 6.30738 2.4
      vertex 4.64511 7.16257 2.4
    endloop
  endfacet
  facet normal 0 0 1
    outer loop
      vertex 5.44325 6.21616 2.4
      vertex 5.43369 6.30738 2.4
      vertex 4.55722 7.17808 2.4
    endloop
  endfacet
  facet normal 0 0 1
    outer loop
      vertex 5.44325 6.21616 2.4
      vertex 4.55722 7.17808 2.4
      vertex 4.46587 7.18751 2.4
    endloop
  endfacet
  facet normal 0 0 1
    outer loop
      vertex 5.44325 6.21616 2.4
      vertex 4.46587 7.18751 2.4
      vertex 5.44648 6.12155 2.4
    endloop
  endfacet
  facet normal 0 0 1
    outer loop
      vertex 4.46587 7.18751 2.4
      vertex 4.37124 7.19071 2.4
      vertex 5.44648 6.12155 2.4
    endloop
  endfacet
  facet normal 0 0 1
    outer loop
      vertex -1.75792 6.02933 2.4
      vertex -4.91496 7.19071 2.4
      vertex -1.76865 6.02991 2.4
    endloop
  endfacet
  facet normal 0 0 1
    outer loop
      vertex -3.64707 -6.62823 2.4
      vertex -3.64495 -6.61937 2.4
      vertex -3.64421 -6.61031 2.4
    endloop
  endfacet
  facet normal -0 0 1
    outer loop
      vertex -5.62492 7.08778 2.4
      vertex -6.05132 6.87303 2.4
      vertex -5.56808 7.10655 2.4
    endloop
  endfacet
  facet normal 0 0 1
    outer loop
      vertex -6.05132 6.87303 2.4
      vertex -5.45263 7.13863 2.4
      vertex -5.51064 7.12351 2.4
    endloop
  endfacet
  facet normal 0 0 1
    outer loop
      vertex -5.39413 7.15189 2.4
      vertex -5.45263 7.13863 2.4
      vertex -6.05132 6.87303 2.4
    endloop
  endfacet
  facet normal -0 0 1
    outer loop
      vertex -5.39413 7.15189 2.4
      vertex -6.05132 6.87303 2.4
      vertex -5.3352 7.16333 2.4
    endloop
  endfacet
  facet normal 0 0 1
    outer loop
      vertex -6.05132 6.87303 2.4
      vertex -5.27588 7.1729 2.4
      vertex -5.3352 7.16333 2.4
    endloop
  endfacet
  facet normal 0 0 1
    outer loop
      vertex -5.21624 7.18059 2.4
      vertex -5.27588 7.1729 2.4
      vertex -6.05132 6.87303 2.4
    endloop
  endfacet
  facet normal -0 0 1
    outer loop
      vertex -5.1563 7.1864 2.4
      vertex -6.05132 6.87303 2.4
      vertex -5.09616 7.19034 2.4
    endloop
  endfacet
  facet normal 0 0 1
    outer loop
      vertex -6.05132 6.87303 2.4
      vertex -5.03586 7.19237 2.4
      vertex -5.09616 7.19034 2.4
    endloop
  endfacet
  facet normal 0 0 1
    outer loop
      vertex -4.97545 7.19248 2.4
      vertex -5.03586 7.19237 2.4
      vertex -6.05132 6.87303 2.4
    endloop
  endfacet
  facet normal 0 0 1
    outer loop
      vertex -4.97545 7.19248 2.4
      vertex -6.05132 6.87303 2.4
      vertex -4.91496 7.19071 2.4
    endloop
  endfacet
  facet normal 0 0 1
    outer loop
      vertex -10.7809 -6.47235 2.4
      vertex -10.8594 -6.40258 2.4
      vertex -10.821 -6.43881 2.4
    endloop
  endfacet
  facet normal 0 0 1
    outer loop
      vertex -22.2172 -6.63489 2.4
      vertex -22.3185 -6.66332 2.4
      vertex -22.2678 -6.65003 2.4
    endloop
  endfacet
  facet normal 0 0 1
    outer loop
      vertex -22.3693 -6.67487 2.4
      vertex -22.3185 -6.66332 2.4
      vertex -22.2172 -6.63489 2.4
    endloop
  endfacet
  facet normal 0 -0 1
    outer loop
      vertex -22.3693 -6.67487 2.4
      vertex -22.2172 -6.63489 2.4
      vertex -22.4204 -6.68475 2.4
    endloop
  endfacet
  facet normal 0 0 1
    outer loop
      vertex -10.9877 0.232143 2.4
      vertex -10.8594 -6.40258 2.4
      vertex -9.78413 -6.72029 2.4
    endloop
  endfacet
  facet normal 0 0 1
    outer loop
      vertex -10.7392 -6.50334 2.4
      vertex -10.8594 -6.40258 2.4
      vertex -10.7809 -6.47235 2.4
    endloop
  endfacet
  facet normal 0 0 1
    outer loop
      vertex -10.6959 -6.53183 2.4
      vertex -10.8594 -6.40258 2.4
      vertex -10.7392 -6.50334 2.4
    endloop
  endfacet
  facet normal -0 -0 1
    outer loop
      vertex -10.651 -6.55791 2.4
      vertex -10.6044 -6.58167 2.4
      vertex -10.8594 -6.40258 2.4
    endloop
  endfacet
  facet normal -0 -0 1
    outer loop
      vertex -10.6044 -6.58167 2.4
      vertex -10.5562 -6.60323 2.4
      vertex -10.8594 -6.40258 2.4
    endloop
  endfacet
  facet normal -0 -0 1
    outer loop
      vertex -10.5562 -6.60323 2.4
      vertex -10.5064 -6.62262 2.4
      vertex -10.8594 -6.40258 2.4
    endloop
  endfacet
  facet normal -0 -0 1
    outer loop
      vertex -10.5064 -6.62262 2.4
      vertex -10.455 -6.63999 2.4
      vertex -10.8594 -6.40258 2.4
    endloop
  endfacet
  facet normal 0 0 1
    outer loop
      vertex -10.8594 -6.40258 2.4
      vertex -10.4019 -6.65537 2.4
      vertex -10.3473 -6.66887 2.4
    endloop
  endfacet
  facet normal 0 0 1
    outer loop
      vertex -23.4976 -3.5397 2.4
      vertex -22.7445 -6.71366 2.4
      vertex -22.6874 -6.71205 2.4
    endloop
  endfacet
  facet normal 0 -0 1
    outer loop
      vertex -22.8032 -6.71416 2.4
      vertex -22.7445 -6.71366 2.4
      vertex -23.4976 -3.5397 2.4
    endloop
  endfacet
  facet normal 0 0 1
    outer loop
      vertex -22.8032 -6.71416 2.4
      vertex -23.4976 -3.5397 2.4
      vertex -23.5051 -3.54317 2.4
    endloop
  endfacet
  facet normal 0 0 1
    outer loop
      vertex -23.5202 -3.54959 2.4
      vertex -23.5278 -3.55249 2.4
      vertex -22.8032 -6.71416 2.4
    endloop
  endfacet
  facet normal 0 0 1
    outer loop
      vertex -23.5511 -3.56002 2.4
      vertex -23.559 -3.56209 2.4
      vertex -22.8032 -6.71416 2.4
    endloop
  endfacet
  facet normal -0 0 1
    outer loop
      vertex -23.5831 -3.56679 2.4
      vertex -22.8032 -6.71416 2.4
      vertex -23.575 -3.56549 2.4
    endloop
  endfacet
  facet normal -0 0 1
    outer loop
      vertex -23.5913 -3.56785 2.4
      vertex -22.8032 -6.71416 2.4
      vertex -23.5831 -3.56679 2.4
    endloop
  endfacet
  facet normal 0 0 1
    outer loop
      vertex -23.6326 -3.5619 2.4
      vertex -22.8032 -6.71416 2.4
      vertex -23.6234 -3.56452 2.4
    endloop
  endfacet
  facet normal 0 0 1
    outer loop
      vertex -22.8032 -6.71416 2.4
      vertex -23.6487 -3.55432 2.4
      vertex -23.6558 -3.54938 2.4
    endloop
  endfacet
  facet normal 0 0 1
    outer loop
      vertex -23.6679 -3.53703 2.4
      vertex -23.673 -3.52966 2.4
      vertex -28.9186 -6.71416 2.4
    endloop
  endfacet
  facet normal 0 0 1
    outer loop
      vertex -23.6848 -3.50255 2.4
      vertex -23.6877 -3.49182 2.4
      vertex -28.9186 -6.71416 2.4
    endloop
  endfacet
  facet normal 0 0 1
    outer loop
      vertex -23.6877 -3.49182 2.4
      vertex -23.6901 -3.48022 2.4
      vertex -28.9186 -6.71416 2.4
    endloop
  endfacet
  facet normal 0 0 1
    outer loop
      vertex -28.9186 -6.71416 2.4
      vertex -23.692 -3.46775 2.4
      vertex -23.6934 -3.4544 2.4
    endloop
  endfacet
  facet normal 0 0 1
    outer loop
      vertex -30 -5.64503 2.4
      vertex -29.9968 -5.73966 2.4
      vertex -29.015 -6.71181 2.4
    endloop
  endfacet
  facet normal -0 -0 1
    outer loop
      vertex -29.1969 -6.688 2.4
      vertex -29.1078 -6.70304 2.4
      vertex -29.9874 -5.83101 2.4
    endloop
  endfacet
  facet normal 0 0 1
    outer loop
      vertex -23.6901 -3.48022 2.4
      vertex -23.692 -3.46775 2.4
      vertex -28.9186 -6.71416 2.4
    endloop
  endfacet
  facet normal 0 0 1
    outer loop
      vertex -29.9874 -5.83101 2.4
      vertex -29.9718 -5.9189 2.4
      vertex -29.1969 -6.688 2.4
    endloop
  endfacet
  facet normal 0 0 1
    outer loop
      vertex -23.6848 -3.50255 2.4
      vertex -28.9186 -6.71416 2.4
      vertex -23.6814 -3.51243 2.4
    endloop
  endfacet
  facet normal -0 -0 1
    outer loop
      vertex -29.2821 -6.66691 2.4
      vertex -29.1969 -6.688 2.4
      vertex -29.9503 -6.00314 2.4
    endloop
  endfacet
  facet normal 0 0 1
    outer loop
      vertex -28.9186 -6.71416 2.4
      vertex -23.6775 -3.52147 2.4
      vertex -23.6814 -3.51243 2.4
    endloop
  endfacet
  facet normal 0 0 1
    outer loop
      vertex -23.673 -3.52966 2.4
      vertex -23.6775 -3.52147 2.4
      vertex -28.9186 -6.71416 2.4
    endloop
  endfacet
  facet normal -0 -0 1
    outer loop
      vertex -29.9229 -6.08358 2.4
      vertex -29.2821 -6.66691 2.4
      vertex -29.9503 -6.00314 2.4
    endloop
  endfacet
  facet normal 0 0 1
    outer loop
      vertex -29.3634 -6.63991 2.4
      vertex -29.9229 -6.08358 2.4
      vertex -29.89 -6.16 2.4
    endloop
  endfacet
  facet normal 0 0 1
    outer loop
      vertex -29.3634 -6.63991 2.4
      vertex -29.89 -6.16 2.4
      vertex -29.4405 -6.60717 2.4
    endloop
  endfacet
  facet normal 0 0 1
    outer loop
      vertex -29.8515 -6.2323 2.4
      vertex -29.5133 -6.56888 2.4
      vertex -29.4405 -6.60717 2.4
    endloop
  endfacet
  facet normal -0 -0 1
    outer loop
      vertex -29.8076 -6.30024 2.4
      vertex -29.5133 -6.56888 2.4
      vertex -29.8515 -6.2323 2.4
    endloop
  endfacet
  facet normal -0 -0 1
    outer loop
      vertex -29.5817 -6.52522 2.4
      vertex -29.5133 -6.56888 2.4
      vertex -29.8076 -6.30024 2.4
    endloop
  endfacet
  facet normal 0 0 1
    outer loop
      vertex -29.5817 -6.52522 2.4
      vertex -29.8076 -6.30024 2.4
      vertex -29.7586 -6.36369 2.4
    endloop
  endfacet
  facet normal 0 0 1
    outer loop
      vertex -23.695 -3.42505 2.4
      vertex -23.6951 -3.40901 2.4
      vertex -30 -5.64503 2.4
    endloop
  endfacet
  facet normal 0 0 1
    outer loop
      vertex -29.9709 2.7292 2.4
      vertex -29.2701 3.99871 2.4
      vertex -29.9531 2.84972 2.4
    endloop
  endfacet
  facet normal 0 0 1
    outer loop
      vertex -29.9531 2.84972 2.4
      vertex -29.3674 3.91774 2.4
      vertex -29.9306 2.96538 2.4
    endloop
  endfacet
  facet normal 0 0 1
    outer loop
      vertex -29.3674 3.91774 2.4
      vertex -29.4562 3.83503 2.4
      vertex -29.9306 2.96538 2.4
    endloop
  endfacet
  facet normal 0 0 1
    outer loop
      vertex -29.4562 3.83503 2.4
      vertex -29.9028 3.0765 2.4
      vertex -29.9306 2.96538 2.4
    endloop
  endfacet
  facet normal -0 0 1
    outer loop
      vertex -29.5369 3.75028 2.4
      vertex -29.9028 3.0765 2.4
      vertex -29.4562 3.83503 2.4
    endloop
  endfacet
  facet normal -0 0 1
    outer loop
      vertex -29.8696 3.18336 2.4
      vertex -29.9028 3.0765 2.4
      vertex -29.5369 3.75028 2.4
    endloop
  endfacet
  facet normal 0 0 1
    outer loop
      vertex -29.8696 3.18336 2.4
      vertex -29.5369 3.75028 2.4
      vertex -29.6098 3.66324 2.4
    endloop
  endfacet
  facet normal 0 0 1
    outer loop
      vertex -29.8696 3.18336 2.4
      vertex -29.6098 3.66324 2.4
      vertex -29.8306 3.28621 2.4
    endloop
  endfacet
  facet normal 0 0 1
    outer loop
      vertex -29.6098 3.66324 2.4
      vertex -29.7854 3.38533 2.4
      vertex -29.8306 3.28621 2.4
    endloop
  endfacet
  facet normal -0 0 1
    outer loop
      vertex -29.6754 3.57358 2.4
      vertex -29.7854 3.38533 2.4
      vertex -29.6098 3.66324 2.4
    endloop
  endfacet
  facet normal -0 0 1
    outer loop
      vertex -29.7338 3.48104 2.4
      vertex -29.7854 3.38533 2.4
      vertex -29.6754 3.57358 2.4
    endloop
  endfacet
  facet normal 0 0 1
    outer loop
      vertex -23.7741 7.29099 2.4
      vertex -23.7841 7.29525 2.4
      vertex -23.7647 7.2855 2.4
    endloop
  endfacet
  facet normal 0 0 1
    outer loop
      vertex -23.7841 7.29525 2.4
      vertex -23.7559 7.27873 2.4
      vertex -23.7647 7.2855 2.4
    endloop
  endfacet
  facet normal 0 0 1
    outer loop
      vertex -23.7946 7.29826 2.4
      vertex -23.7559 7.27873 2.4
      vertex -23.7841 7.29525 2.4
    endloop
  endfacet
  facet normal 0 0 1
    outer loop
      vertex -23.8057 7.30008 2.4
      vertex -23.7559 7.27873 2.4
      vertex -23.7946 7.29826 2.4
    endloop
  endfacet
  facet normal 0 0 1
    outer loop
      vertex -23.7477 7.2707 2.4
      vertex -23.7559 7.27873 2.4
      vertex -23.8057 7.30008 2.4
    endloop
  endfacet
  facet normal 0 0 1
    outer loop
      vertex -23.7477 7.2707 2.4
      vertex -23.8057 7.30008 2.4
      vertex -23.8173 7.30066 2.4
    endloop
  endfacet
  facet normal 0 0 1
    outer loop
      vertex -23.7477 7.2707 2.4
      vertex -23.8173 7.30066 2.4
      vertex -23.74 7.26137 2.4
    endloop
  endfacet
  facet normal 0 0 1
    outer loop
      vertex -23.8173 7.30066 2.4
      vertex -23.7329 7.25075 2.4
      vertex -23.74 7.26137 2.4
    endloop
  endfacet
  facet normal 0 0 1
    outer loop
      vertex -23.7264 7.2388 2.4
      vertex -23.7329 7.25075 2.4
      vertex -23.8173 7.30066 2.4
    endloop
  endfacet
  facet normal 0 0 1
    outer loop
      vertex -23.7264 7.2388 2.4
      vertex -23.8173 7.30066 2.4
      vertex -23.7206 7.22554 2.4
    endloop
  endfacet
  facet normal 0 0 1
    outer loop
      vertex -23.8173 7.30066 2.4
      vertex -23.7153 7.21092 2.4
      vertex -23.7206 7.22554 2.4
    endloop
  endfacet
  facet normal 0 0 1
    outer loop
      vertex -23.7106 7.19496 2.4
      vertex -23.7153 7.21092 2.4
      vertex -23.8173 7.30066 2.4
    endloop
  endfacet
  facet normal 0 0 1
    outer loop
      vertex -23.7106 7.19496 2.4
      vertex -23.8173 7.30066 2.4
      vertex -23.7065 7.17763 2.4
    endloop
  endfacet
  facet normal 0 0 1
    outer loop
      vertex -23.8173 7.30066 2.4
      vertex -23.7031 7.15892 2.4
      vertex -23.7065 7.17763 2.4
    endloop
  endfacet
  facet normal 0 0 1
    outer loop
      vertex -23.7002 7.13878 2.4
      vertex -23.7031 7.15892 2.4
      vertex -23.8173 7.30066 2.4
    endloop
  endfacet
  facet normal 0 0 1
    outer loop
      vertex -23.7002 7.13878 2.4
      vertex -23.8173 7.30066 2.4
      vertex -23.698 7.11727 2.4
    endloop
  endfacet
  facet normal 0 0 1
    outer loop
      vertex -23.8173 7.30066 2.4
      vertex -23.6964 7.09431 2.4
      vertex -23.698 7.11727 2.4
    endloop
  endfacet
  facet normal 0 0 1
    outer loop
      vertex -23.6955 7.06992 2.4
      vertex -23.6964 7.09431 2.4
      vertex -23.8173 7.30066 2.4
    endloop
  endfacet
  facet normal 0 0 1
    outer loop
      vertex -23.6955 7.06992 2.4
      vertex -23.8173 7.30066 2.4
      vertex -23.6951 7.04408 2.4
    endloop
  endfacet
  facet normal 0 0 1
    outer loop
      vertex -23.8173 7.30066 2.4
      vertex -28.9247 4.23378 2.4
      vertex -23.6951 7.04408 2.4
    endloop
  endfacet
  facet normal -0 0 1
    outer loop
      vertex -28.9247 4.23378 2.4
      vertex -23.6951 -3.40901 2.4
      vertex -23.6951 7.04408 2.4
    endloop
  endfacet
  facet normal 0 0 1
    outer loop
      vertex -29.2701 3.99871 2.4
      vertex -29.3674 3.91774 2.4
      vertex -29.9531 2.84972 2.4
    endloop
  endfacet
  facet normal 0 0 1
    outer loop
      vertex -29.1642 4.07817 2.4
      vertex -29.2701 3.99871 2.4
      vertex -29.9709 2.7292 2.4
    endloop
  endfacet
  facet normal 0 0 1
    outer loop
      vertex -29.1642 4.07817 2.4
      vertex -29.9709 2.7292 2.4
      vertex -29.9841 2.6036 2.4
    endloop
  endfacet
  facet normal -0 0 1
    outer loop
      vertex -29.1642 4.07817 2.4
      vertex -29.9841 2.6036 2.4
      vertex -29.0492 4.15644 2.4
    endloop
  endfacet
  facet normal -0 0 1
    outer loop
      vertex -29.9841 2.6036 2.4
      vertex -29.9931 2.47258 2.4
      vertex -29.0492 4.15644 2.4
    endloop
  endfacet
  facet normal 0 0 1
    outer loop
      vertex -29.9931 2.47258 2.4
      vertex -28.9247 4.23378 2.4
      vertex -29.0492 4.15644 2.4
    endloop
  endfacet
  facet normal 0 0 1
    outer loop
      vertex -29.9983 2.33589 2.4
      vertex -28.9247 4.23378 2.4
      vertex -29.9931 2.47258 2.4
    endloop
  endfacet
  facet normal 0 0 1
    outer loop
      vertex -30 2.19325 2.4
      vertex -28.9247 4.23378 2.4
      vertex -29.9983 2.33589 2.4
    endloop
  endfacet
  facet normal 0 0 1
    outer loop
      vertex -23.6951 -3.40901 2.4
      vertex -28.9247 4.23378 2.4
      vertex -30 2.19325 2.4
    endloop
  endfacet
  facet normal 0 0 1
    outer loop
      vertex -23.6951 -3.40901 2.4
      vertex -30 2.19325 2.4
      vertex -30 -5.64503 2.4
    endloop
  endfacet
  facet normal 0 0 1
    outer loop
      vertex -23.695 -3.42505 2.4
      vertex -30 -5.64503 2.4
      vertex -23.6944 -3.44019 2.4
    endloop
  endfacet
  facet normal 0 0 1
    outer loop
      vertex -30 -5.64503 2.4
      vertex -23.6934 -3.4544 2.4
      vertex -23.6944 -3.44019 2.4
    endloop
  endfacet
  facet normal 0 -0 1
    outer loop
      vertex -28.9186 -6.71416 2.4
      vertex -23.6934 -3.4544 2.4
      vertex -30 -5.64503 2.4
    endloop
  endfacet
  facet normal 0 0 1
    outer loop
      vertex -28.9186 -6.71416 2.4
      vertex -30 -5.64503 2.4
      vertex -29.015 -6.71181 2.4
    endloop
  endfacet
  facet normal 0 0 1
    outer loop
      vertex -29.015 -6.71181 2.4
      vertex -29.9968 -5.73966 2.4
      vertex -29.1078 -6.70304 2.4
    endloop
  endfacet
  facet normal 0 0 1
    outer loop
      vertex -29.9968 -5.73966 2.4
      vertex -29.9874 -5.83101 2.4
      vertex -29.1078 -6.70304 2.4
    endloop
  endfacet
  facet normal 0 0 1
    outer loop
      vertex -29.1969 -6.688 2.4
      vertex -29.9718 -5.9189 2.4
      vertex -29.9503 -6.00314 2.4
    endloop
  endfacet
  facet normal -0 -0 1
    outer loop
      vertex -29.3634 -6.63991 2.4
      vertex -29.2821 -6.66691 2.4
      vertex -29.9229 -6.08358 2.4
    endloop
  endfacet
  facet normal -0 -0 1
    outer loop
      vertex -29.8515 -6.2323 2.4
      vertex -29.4405 -6.60717 2.4
      vertex -29.89 -6.16 2.4
    endloop
  endfacet
  facet normal 0 0 1
    outer loop
      vertex -29.5817 -6.52522 2.4
      vertex -29.7586 -6.36369 2.4
      vertex -29.6454 -6.47636 2.4
    endloop
  endfacet
  facet normal 0 0 1
    outer loop
      vertex -29.7586 -6.36369 2.4
      vertex -29.7045 -6.42246 2.4
      vertex -29.6454 -6.47636 2.4
    endloop
  endfacet
  facet normal 0 0 1
    outer loop
      vertex -23.6679 -3.53703 2.4
      vertex -28.9186 -6.71416 2.4
      vertex -23.6621 -3.54361 2.4
    endloop
  endfacet
  facet normal 0 0 1
    outer loop
      vertex -28.9186 -6.71416 2.4
      vertex -22.8032 -6.71416 2.4
      vertex -23.6621 -3.54361 2.4
    endloop
  endfacet
  facet normal 0 0 1
    outer loop
      vertex -22.8032 -6.71416 2.4
      vertex -23.6558 -3.54938 2.4
      vertex -23.6621 -3.54361 2.4
    endloop
  endfacet
  facet normal 0 0 1
    outer loop
      vertex -23.641 -3.55849 2.4
      vertex -23.6487 -3.55432 2.4
      vertex -22.8032 -6.71416 2.4
    endloop
  endfacet
  facet normal 0 0 1
    outer loop
      vertex -23.641 -3.55849 2.4
      vertex -22.8032 -6.71416 2.4
      vertex -23.6326 -3.5619 2.4
    endloop
  endfacet
  facet normal 0 0 1
    outer loop
      vertex -22.8032 -6.71416 2.4
      vertex -23.6135 -3.56637 2.4
      vertex -23.6234 -3.56452 2.4
    endloop
  endfacet
  facet normal 0 0 1
    outer loop
      vertex -23.6028 -3.56748 2.4
      vertex -23.6135 -3.56637 2.4
      vertex -22.8032 -6.71416 2.4
    endloop
  endfacet
  facet normal 0 0 1
    outer loop
      vertex -23.6028 -3.56748 2.4
      vertex -22.8032 -6.71416 2.4
      vertex -23.5913 -3.56785 2.4
    endloop
  endfacet
  facet normal 0 0 1
    outer loop
      vertex -22.8032 -6.71416 2.4
      vertex -23.5669 -3.56391 2.4
      vertex -23.575 -3.56549 2.4
    endloop
  endfacet
  facet normal 0 0 1
    outer loop
      vertex -23.559 -3.56209 2.4
      vertex -23.5669 -3.56391 2.4
      vertex -22.8032 -6.71416 2.4
    endloop
  endfacet
  facet normal -0 0 1
    outer loop
      vertex -23.5511 -3.56002 2.4
      vertex -22.8032 -6.71416 2.4
      vertex -23.5433 -3.55773 2.4
    endloop
  endfacet
  facet normal 0 0 1
    outer loop
      vertex -22.8032 -6.71416 2.4
      vertex -23.5355 -3.55521 2.4
      vertex -23.5433 -3.55773 2.4
    endloop
  endfacet
  facet normal 0 0 1
    outer loop
      vertex -23.5278 -3.55249 2.4
      vertex -23.5355 -3.55521 2.4
      vertex -22.8032 -6.71416 2.4
    endloop
  endfacet
  facet normal -0 0 1
    outer loop
      vertex -23.5202 -3.54959 2.4
      vertex -22.8032 -6.71416 2.4
      vertex -23.5126 -3.54647 2.4
    endloop
  endfacet
  facet normal 0 0 1
    outer loop
      vertex -22.8032 -6.71416 2.4
      vertex -23.5051 -3.54317 2.4
      vertex -23.5126 -3.54647 2.4
    endloop
  endfacet
  facet normal 0 0 1
    outer loop
      vertex -10.2332 -6.69062 2.4
      vertex -10.8594 -6.40258 2.4
      vertex -10.291 -6.6806 2.4
    endloop
  endfacet
  facet normal 0 0 1
    outer loop
      vertex -10.1738 -6.69899 2.4
      vertex -10.8594 -6.40258 2.4
      vertex -10.2332 -6.69062 2.4
    endloop
  endfacet
  facet normal 0 0 1
    outer loop
      vertex -10.1128 -6.70586 2.4
      vertex -10.8594 -6.40258 2.4
      vertex -10.1738 -6.69899 2.4
    endloop
  endfacet
  facet normal 0 0 1
    outer loop
      vertex -10.0502 -6.71128 2.4
      vertex -10.8594 -6.40258 2.4
      vertex -10.1128 -6.70586 2.4
    endloop
  endfacet
  facet normal 0 0 1
    outer loop
      vertex -10.9877 0.232143 2.4
      vertex -14.8366 -2.43152 2.4
      vertex -10.8594 -6.40258 2.4
    endloop
  endfacet
  facet normal 0 0 1
    outer loop
      vertex -9.98602 -6.71535 2.4
      vertex -10.8594 -6.40258 2.4
      vertex -10.0502 -6.71128 2.4
    endloop
  endfacet
  facet normal 0 0 1
    outer loop
      vertex -9.9203 -6.71815 2.4
      vertex -10.8594 -6.40258 2.4
      vertex -9.98602 -6.71535 2.4
    endloop
  endfacet
  facet normal -0 -0 1
    outer loop
      vertex -1.17366 -6.51703 2.4
      vertex -1.10126 -6.55543 2.4
      vertex -1.54882 -6.10789 2.4
    endloop
  endfacet
  facet normal 0 0 1
    outer loop
      vertex -9.853 -6.71976 2.4
      vertex -10.8594 -6.40258 2.4
      vertex -9.9203 -6.71815 2.4
    endloop
  endfacet
  facet normal 0 0 1
    outer loop
      vertex -3.65531 -6.64522 2.4
      vertex -3.64421 -6.61031 2.4
      vertex -3.64466 -6.59937 2.4
    endloop
  endfacet
  facet normal 0 -0 1
    outer loop
      vertex -22.4204 -6.68475 2.4
      vertex -22.1662 -6.61784 2.4
      vertex -22.472 -6.69305 2.4
    endloop
  endfacet
  facet normal 0 0 1
    outer loop
      vertex -3.74629 -6.70388 2.4
      vertex -3.73263 -6.69918 2.4
      vertex -3.67119 -6.52372 2.4
    endloop
  endfacet
  facet normal 0 -0 1
    outer loop
      vertex -22.1662 -6.61784 2.4
      vertex -22.1149 -6.59879 2.4
      vertex -22.472 -6.69305 2.4
    endloop
  endfacet
  facet normal 0 0 1
    outer loop
      vertex -22.1149 -6.59879 2.4
      vertex -22.5243 -6.69987 2.4
      vertex -22.472 -6.69305 2.4
    endloop
  endfacet
  facet normal 0 0 1
    outer loop
      vertex -22.0629 -6.57768 2.4
      vertex -22.5243 -6.69987 2.4
      vertex -22.1149 -6.59879 2.4
    endloop
  endfacet
  facet normal 0 0 1
    outer loop
      vertex -23.4827 -3.53228 2.4
      vertex -22.5776 -6.70523 2.4
      vertex -22.0629 -6.57768 2.4
    endloop
  endfacet
  facet normal 0 0 1
    outer loop
      vertex -23.4827 -3.53228 2.4
      vertex -22.0629 -6.57768 2.4
      vertex -22.0102 -6.55437 2.4
    endloop
  endfacet
  facet normal 0 0 1
    outer loop
      vertex -23.4827 -3.53228 2.4
      vertex -22.0102 -6.55437 2.4
      vertex -21.9565 -6.52884 2.4
    endloop
  endfacet
  facet normal -0 0 1
    outer loop
      vertex -23.4827 -3.53228 2.4
      vertex -21.9565 -6.52884 2.4
      vertex -23.4753 -3.52834 2.4
    endloop
  endfacet
  facet normal 0 -0 1
    outer loop
      vertex -21.9565 -6.52884 2.4
      vertex -21.9015 -6.50096 2.4
      vertex -23.4753 -3.52834 2.4
    endloop
  endfacet
  facet normal 0 -0 1
    outer loop
      vertex -21.9015 -6.50096 2.4
      vertex -21.8453 -6.47071 2.4
      vertex -23.4753 -3.52834 2.4
    endloop
  endfacet
  facet normal 0 0 1
    outer loop
      vertex -21.8453 -6.47071 2.4
      vertex -23.4679 -3.52425 2.4
      vertex -23.4753 -3.52834 2.4
    endloop
  endfacet
  facet normal 0 0 1
    outer loop
      vertex -21.7875 -6.43794 2.4
      vertex -23.4679 -3.52425 2.4
      vertex -21.8453 -6.47071 2.4
    endloop
  endfacet
  facet normal 0 0 1
    outer loop
      vertex -23.4606 -3.52004 2.4
      vertex -23.4679 -3.52425 2.4
      vertex -21.7875 -6.43794 2.4
    endloop
  endfacet
  facet normal 0 0 1
    outer loop
      vertex -23.4606 -3.52004 2.4
      vertex -21.7875 -6.43794 2.4
      vertex -21.7279 -6.40258 2.4
    endloop
  endfacet
  facet normal -0 0 1
    outer loop
      vertex -23.4606 -3.52004 2.4
      vertex -21.7279 -6.40258 2.4
      vertex -23.4532 -3.51574 2.4
    endloop
  endfacet
  facet normal 0 0 1
    outer loop
      vertex -21.7279 -6.40258 2.4
      vertex -23.4459 -3.5113 2.4
      vertex -23.4532 -3.51574 2.4
    endloop
  endfacet
  facet normal 0 0 1
    outer loop
      vertex -23.4385 -3.50675 2.4
      vertex -23.4459 -3.5113 2.4
      vertex -21.7279 -6.40258 2.4
    endloop
  endfacet
  facet normal 0 0 1
    outer loop
      vertex -14.9165 -2.66535 2.4
      vertex -21.7279 -6.40258 2.4
      vertex -14.8977 -2.69421 2.4
    endloop
  endfacet
  facet normal 0 0 1
    outer loop
      vertex -14.9292 -2.63333 2.4
      vertex -21.7279 -6.40258 2.4
      vertex -14.9165 -2.66535 2.4
    endloop
  endfacet
  facet normal 0 0 1
    outer loop
      vertex -14.9352 -2.59937 2.4
      vertex -21.7279 -6.40258 2.4
      vertex -14.9292 -2.63333 2.4
    endloop
  endfacet
  facet normal -0 0 1
    outer loop
      vertex -23.4385 -3.50675 2.4
      vertex -21.7279 -6.40258 2.4
      vertex -14.9352 -2.59937 2.4
    endloop
  endfacet
  facet normal 0 0 1
    outer loop
      vertex -23.4385 -3.50675 2.4
      vertex -14.9352 -2.59937 2.4
      vertex -14.9343 -2.56494 2.4
    endloop
  endfacet
  facet normal 0 0 1
    outer loop
      vertex -23.4385 -3.50675 2.4
      vertex -14.9343 -2.56494 2.4
      vertex -14.9265 -2.53138 2.4
    endloop
  endfacet
  facet normal 0 0 1
    outer loop
      vertex -23.4385 -3.50675 2.4
      vertex -14.9265 -2.53138 2.4
      vertex -14.9121 -2.50004 2.4
    endloop
  endfacet
  facet normal 0 0 1
    outer loop
      vertex -23.4385 -3.50675 2.4
      vertex -14.8917 -2.47224 2.4
      vertex -14.8662 -2.44909 2.4
    endloop
  endfacet
  facet normal 0 0 1
    outer loop
      vertex -23.4385 -3.50675 2.4
      vertex -14.9121 -2.50004 2.4
      vertex -14.8917 -2.47224 2.4
    endloop
  endfacet
  facet normal 0 0 1
    outer loop
      vertex -23.4385 -3.50675 2.4
      vertex -14.8662 -2.44909 2.4
      vertex -14.8366 -2.43152 2.4
    endloop
  endfacet
  facet normal 0 0 1
    outer loop
      vertex -10.9965 0.242 2.4
      vertex -14.8366 -2.43152 2.4
      vertex -10.9877 0.232143 2.4
    endloop
  endfacet
  facet normal 0 0 1
    outer loop
      vertex -9.78413 -6.72029 2.4
      vertex -10.8594 -6.40258 2.4
      vertex -9.853 -6.71976 2.4
    endloop
  endfacet
  facet normal 0 -0 1
    outer loop
      vertex -3.64707 -6.62823 2.4
      vertex -3.64421 -6.61031 2.4
      vertex -3.65056 -6.63687 2.4
    endloop
  endfacet
  facet normal 0 0 1
    outer loop
      vertex -3.65531 -6.64522 2.4
      vertex -3.65056 -6.63687 2.4
      vertex -3.64421 -6.61031 2.4
    endloop
  endfacet
  facet normal 0 -0 1
    outer loop
      vertex -3.65531 -6.64522 2.4
      vertex -3.64466 -6.59937 2.4
      vertex -3.66131 -6.65328 2.4
    endloop
  endfacet
  facet normal 0 0 1
    outer loop
      vertex 4.37124 7.19071 2.4
      vertex -1.68094 5.97003 2.4
      vertex -1.67627 5.95999 2.4
    endloop
  endfacet
  facet normal -0 -0 1
    outer loop
      vertex -1.3639 -6.37053 2.4
      vertex -1.30513 -6.42441 2.4
      vertex -1.41781 -6.31176 2.4
    endloop
  endfacet
  facet normal 0 0 1
    outer loop
      vertex -1.30513 -6.42441 2.4
      vertex -1.46669 -6.24829 2.4
      vertex -1.41781 -6.31176 2.4
    endloop
  endfacet
  facet normal 0 0 1
    outer loop
      vertex -1.24168 -6.47332 2.4
      vertex -1.46669 -6.24829 2.4
      vertex -1.30513 -6.42441 2.4
    endloop
  endfacet
  facet normal 0 0 1
    outer loop
      vertex -1.17366 -6.51703 2.4
      vertex -1.46669 -6.24829 2.4
      vertex -1.24168 -6.47332 2.4
    endloop
  endfacet
  facet normal 0 0 1
    outer loop
      vertex -1.51042 -6.1803 2.4
      vertex -1.46669 -6.24829 2.4
      vertex -1.17366 -6.51703 2.4
    endloop
  endfacet
  facet normal -0 -0 1
    outer loop
      vertex -1.51042 -6.1803 2.4
      vertex -1.17366 -6.51703 2.4
      vertex -1.54882 -6.10789 2.4
    endloop
  endfacet
  facet normal 0 0 1
    outer loop
      vertex -1.10126 -6.55543 2.4
      vertex -1.58175 -6.03126 2.4
      vertex -1.54882 -6.10789 2.4
    endloop
  endfacet
  facet normal 0 0 1
    outer loop
      vertex -1.02463 -6.58835 2.4
      vertex -1.58175 -6.03126 2.4
      vertex -1.10126 -6.55543 2.4
    endloop
  endfacet
  facet normal 0 0 1
    outer loop
      vertex -1.60902 -5.95056 2.4
      vertex -1.58175 -6.03126 2.4
      vertex -1.02463 -6.58835 2.4
    endloop
  endfacet
  facet normal 0 0 1
    outer loop
      vertex -1.60902 -5.95056 2.4
      vertex -1.02463 -6.58835 2.4
      vertex -0.943926 -6.61565 2.4
    endloop
  endfacet
  facet normal -0 -0 1
    outer loop
      vertex -1.60902 -5.95056 2.4
      vertex -0.943926 -6.61565 2.4
      vertex -1.6305 -5.86592 2.4
    endloop
  endfacet
  facet normal 0 0 1
    outer loop
      vertex 5.47322 -5.51751 2.4
      vertex 5.4682 -5.50768 2.4
      vertex -0.583437 -6.6653 2.4
    endloop
  endfacet
  facet normal -0 -0 1
    outer loop
      vertex -0.943926 -6.61565 2.4
      vertex -0.859287 -6.63713 2.4
      vertex -1.6305 -5.86592 2.4
    endloop
  endfacet
  facet normal -0 -0 1
    outer loop
      vertex -0.859287 -6.63713 2.4
      vertex -0.770896 -6.65267 2.4
      vertex -1.6305 -5.86592 2.4
    endloop
  endfacet
  facet normal 0 0 1
    outer loop
      vertex -1.6555 -5.68552 2.4
      vertex -0.770896 -6.65267 2.4
      vertex -0.678884 -6.6621 2.4
    endloop
  endfacet
  facet normal 0 0 1
    outer loop
      vertex 5.45084 -5.44597 2.4
      vertex 5.44037 -5.38234 2.4
      vertex -0.583437 -6.6653 2.4
    endloop
  endfacet
  facet normal 0 0 1
    outer loop
      vertex 5.51373 -5.5577 2.4
      vertex -0.583437 -6.6653 2.4
      vertex 5.52218 -5.56113 2.4
    endloop
  endfacet
  facet normal 0 0 1
    outer loop
      vertex 5.45969 -5.48545 2.4
      vertex 5.4562 -5.47311 2.4
      vertex -0.583437 -6.6653 2.4
    endloop
  endfacet
  facet normal 0 0 1
    outer loop
      vertex -0.583437 -6.6653 2.4
      vertex 5.50575 -5.55329 2.4
      vertex 5.49827 -5.54797 2.4
    endloop
  endfacet
  facet normal 0 0 1
    outer loop
      vertex -3.64466 -6.59937 2.4
      vertex -3.66847 -6.66102 2.4
      vertex -3.66131 -6.65328 2.4
    endloop
  endfacet
  facet normal 0 0 1
    outer loop
      vertex 5.49127 -5.54171 2.4
      vertex 5.48474 -5.53452 2.4
      vertex -0.583437 -6.6653 2.4
    endloop
  endfacet
  facet normal 0 0 1
    outer loop
      vertex -3.64601 -6.58848 2.4
      vertex -3.66847 -6.66102 2.4
      vertex -3.64466 -6.59937 2.4
    endloop
  endfacet
  facet normal 0 0 1
    outer loop
      vertex 5.47322 -5.51751 2.4
      vertex -0.583437 -6.6653 2.4
      vertex 5.47874 -5.52646 2.4
    endloop
  endfacet
  facet normal 0 0 1
    outer loop
      vertex -3.67674 -6.66839 2.4
      vertex -3.66847 -6.66102 2.4
      vertex -3.64601 -6.58848 2.4
    endloop
  endfacet
  facet normal 0 0 1
    outer loop
      vertex 5.4682 -5.50768 2.4
      vertex 5.46368 -5.497 2.4
      vertex -0.583437 -6.6653 2.4
    endloop
  endfacet
  facet normal 0 0 1
    outer loop
      vertex -3.67674 -6.66839 2.4
      vertex -3.64601 -6.58848 2.4
      vertex -3.64823 -6.57765 2.4
    endloop
  endfacet
  facet normal 0 0 1
    outer loop
      vertex -0.583437 -6.6653 2.4
      vertex 5.46368 -5.497 2.4
      vertex 5.45969 -5.48545 2.4
    endloop
  endfacet
  facet normal 0 -0 1
    outer loop
      vertex -3.67674 -6.66839 2.4
      vertex -3.64823 -6.57765 2.4
      vertex -3.68604 -6.67542 2.4
    endloop
  endfacet
  facet normal 0 0 1
    outer loop
      vertex 5.45327 -5.45993 2.4
      vertex -0.583437 -6.6653 2.4
      vertex 5.4562 -5.47311 2.4
    endloop
  endfacet
  facet normal 0 0 1
    outer loop
      vertex -3.64823 -6.57765 2.4
      vertex -3.65127 -6.56687 2.4
      vertex -3.68604 -6.67542 2.4
    endloop
  endfacet
  facet normal 0 0 1
    outer loop
      vertex 5.45327 -5.45993 2.4
      vertex 5.45084 -5.44597 2.4
      vertex -0.583437 -6.6653 2.4
    endloop
  endfacet
  facet normal 0 0 1
    outer loop
      vertex -3.65127 -6.56687 2.4
      vertex -3.69638 -6.68203 2.4
      vertex -3.68604 -6.67542 2.4
    endloop
  endfacet
  facet normal 0 -0 1
    outer loop
      vertex -0.583437 -6.6653 2.4
      vertex 5.44037 -5.38234 2.4
      vertex -1.65867 -5.59004 2.4
    endloop
  endfacet
  facet normal 0 0 1
    outer loop
      vertex -3.6551 -6.55609 2.4
      vertex -3.69638 -6.68203 2.4
      vertex -3.65127 -6.56687 2.4
    endloop
  endfacet
  facet normal -0 -0 1
    outer loop
      vertex -0.678884 -6.6621 2.4
      vertex -0.583437 -6.6653 2.4
      vertex -1.65867 -5.59004 2.4
    endloop
  endfacet
  facet normal 0 0 1
    outer loop
      vertex -3.70761 -6.68821 2.4
      vertex -3.69638 -6.68203 2.4
      vertex -3.6551 -6.55609 2.4
    endloop
  endfacet
  facet normal -0 -0 1
    outer loop
      vertex -1.64606 -5.77753 2.4
      vertex -0.770896 -6.65267 2.4
      vertex -1.6555 -5.68552 2.4
    endloop
  endfacet
  facet normal 0 0 1
    outer loop
      vertex -3.70761 -6.68821 2.4
      vertex -3.6551 -6.55609 2.4
      vertex -3.65973 -6.54533 2.4
    endloop
  endfacet
  facet normal 0 0 1
    outer loop
      vertex -1.64606 -5.77753 2.4
      vertex -1.6305 -5.86592 2.4
      vertex -0.770896 -6.65267 2.4
    endloop
  endfacet
  facet normal 0 -0 1
    outer loop
      vertex -3.70761 -6.68821 2.4
      vertex -3.65973 -6.54533 2.4
      vertex -3.71971 -6.69392 2.4
    endloop
  endfacet
  facet normal 0 0 1
    outer loop
      vertex -3.65973 -6.54533 2.4
      vertex -3.66509 -6.53452 2.4
      vertex -3.71971 -6.69392 2.4
    endloop
  endfacet
  facet normal 0 0 1
    outer loop
      vertex -3.66509 -6.53452 2.4
      vertex -3.73263 -6.69918 2.4
      vertex -3.71971 -6.69392 2.4
    endloop
  endfacet
  facet normal 0 0 1
    outer loop
      vertex -3.67119 -6.52372 2.4
      vertex -3.73263 -6.69918 2.4
      vertex -3.66509 -6.53452 2.4
    endloop
  endfacet
  facet normal 0 0 1
    outer loop
      vertex -3.67799 -6.51283 2.4
      vertex -3.74629 -6.70388 2.4
      vertex -3.67119 -6.52372 2.4
    endloop
  endfacet
  facet normal 0 0 1
    outer loop
      vertex -3.68546 -6.50186 2.4
      vertex -3.74629 -6.70388 2.4
      vertex -3.67799 -6.51283 2.4
    endloop
  endfacet
  facet normal 0 -0 1
    outer loop
      vertex -10.9642 0.510266 2.4
      vertex -6.05132 6.87303 2.4
      vertex -10.9765 0.501493 2.4
    endloop
  endfacet
  facet normal 0 0 1
    outer loop
      vertex -1.76865 6.02991 2.4
      vertex -6.05132 6.87303 2.4
      vertex -10.951 0.519277 2.4
    endloop
  endfacet
  facet normal 0 0 1
    outer loop
      vertex -3.76067 -6.70808 2.4
      vertex -3.74629 -6.70388 2.4
      vertex -3.68546 -6.50186 2.4
    endloop
  endfacet
  facet normal 0 0 1
    outer loop
      vertex -3.76067 -6.70808 2.4
      vertex -3.68546 -6.50186 2.4
      vertex -3.69355 -6.49082 2.4
    endloop
  endfacet
  facet normal 0 -0 1
    outer loop
      vertex -3.76067 -6.70808 2.4
      vertex -3.69355 -6.49082 2.4
      vertex -3.77568 -6.71168 2.4
    endloop
  endfacet
  facet normal 0 0 1
    outer loop
      vertex -3.69355 -6.49082 2.4
      vertex -3.70227 -6.47967 2.4
      vertex -3.77568 -6.71168 2.4
    endloop
  endfacet
  facet normal 0 0 1
    outer loop
      vertex -3.70227 -6.47967 2.4
      vertex -3.79124 -6.71472 2.4
      vertex -3.77568 -6.71168 2.4
    endloop
  endfacet
  facet normal 0 0 1
    outer loop
      vertex -3.80731 -6.71709 2.4
      vertex -3.79124 -6.71472 2.4
      vertex -3.70227 -6.47967 2.4
    endloop
  endfacet
  facet normal 0 0 1
    outer loop
      vertex -3.80731 -6.71709 2.4
      vertex -3.70227 -6.47967 2.4
      vertex -3.7116 -6.46838 2.4
    endloop
  endfacet
  facet normal 0 -0 1
    outer loop
      vertex -3.80731 -6.71709 2.4
      vertex -3.7116 -6.46838 2.4
      vertex -3.82385 -6.71884 2.4
    endloop
  endfacet
  facet normal 0 0 1
    outer loop
      vertex -3.7116 -6.46838 2.4
      vertex -3.72145 -6.45697 2.4
      vertex -3.82385 -6.71884 2.4
    endloop
  endfacet
  facet normal 0 0 1
    outer loop
      vertex -3.72145 -6.45697 2.4
      vertex -3.84079 -6.71992 2.4
      vertex -3.82385 -6.71884 2.4
    endloop
  endfacet
  facet normal 0 0 1
    outer loop
      vertex -3.73184 -6.44537 2.4
      vertex -3.84079 -6.71992 2.4
      vertex -3.72145 -6.45697 2.4
    endloop
  endfacet
  facet normal 0 0 1
    outer loop
      vertex -3.85805 -6.72029 2.4
      vertex -3.84079 -6.71992 2.4
      vertex -3.73184 -6.44537 2.4
    endloop
  endfacet
  facet normal 0 0 1
    outer loop
      vertex -3.85805 -6.72029 2.4
      vertex -3.73184 -6.44537 2.4
      vertex -3.74275 -6.43358 2.4
    endloop
  endfacet
  facet normal 0 0 1
    outer loop
      vertex -3.85805 -6.72029 2.4
      vertex -3.74275 -6.43358 2.4
      vertex -3.75412 -6.42161 2.4
    endloop
  endfacet
  facet normal 0 0 1
    outer loop
      vertex -3.85805 -6.72029 2.4
      vertex -3.75412 -6.42161 2.4
      vertex -3.76595 -6.4094 2.4
    endloop
  endfacet
  facet normal 0 0 1
    outer loop
      vertex -3.85805 -6.72029 2.4
      vertex -3.76595 -6.4094 2.4
      vertex -3.77819 -6.39696 2.4
    endloop
  endfacet
  facet normal 0 0 1
    outer loop
      vertex -3.85805 -6.72029 2.4
      vertex -3.77819 -6.39696 2.4
      vertex -3.79085 -6.38427 2.4
    endloop
  endfacet
  facet normal 0 -0 1
    outer loop
      vertex -3.85805 -6.72029 2.4
      vertex -3.79085 -6.38427 2.4
      vertex -9.78413 -6.72029 2.4
    endloop
  endfacet
  facet normal 0 0 1
    outer loop
      vertex -3.79085 -6.38427 2.4
      vertex -10.9877 0.232143 2.4
      vertex -9.78413 -6.72029 2.4
    endloop
  endfacet
  facet normal 0 0 1
    outer loop
      vertex -10.9965 0.242 2.4
      vertex -11.0047 0.251407 2.4
      vertex -14.8366 -2.43152 2.4
    endloop
  endfacet
  facet normal 0 0 1
    outer loop
      vertex -11.0047 0.251407 2.4
      vertex -11.0124 0.260418 2.4
      vertex -14.8366 -2.43152 2.4
    endloop
  endfacet
  facet normal 0 0 1
    outer loop
      vertex -11.0124 0.260418 2.4
      vertex -11.0194 0.269033 2.4
      vertex -14.8366 -2.43152 2.4
    endloop
  endfacet
  facet normal 0 0 1
    outer loop
      vertex -11.0194 0.269033 2.4
      vertex -11.0258 0.277304 2.4
      vertex -14.8366 -2.43152 2.4
    endloop
  endfacet
  facet normal 0 0 1
    outer loop
      vertex -11.0258 0.277304 2.4
      vertex -11.0318 0.285205 2.4
      vertex -14.8366 -2.43152 2.4
    endloop
  endfacet
  facet normal 0 0 1
    outer loop
      vertex -11.0318 0.285205 2.4
      vertex -11.0372 0.292789 2.4
      vertex -14.8366 -2.43152 2.4
    endloop
  endfacet
  facet normal 0 0 1
    outer loop
      vertex -11.0372 0.292789 2.4
      vertex -11.042 0.300082 2.4
      vertex -14.8366 -2.43152 2.4
    endloop
  endfacet
  facet normal 0 0 1
    outer loop
      vertex -11.042 0.300082 2.4
      vertex -11.0464 0.307085 2.4
      vertex -14.8366 -2.43152 2.4
    endloop
  endfacet
  facet normal 0 0 1
    outer loop
      vertex -11.0464 0.307085 2.4
      vertex -11.0503 0.313849 2.4
      vertex -14.8366 -2.43152 2.4
    endloop
  endfacet
  facet normal 0 0 1
    outer loop
      vertex -11.0503 0.313849 2.4
      vertex -11.0537 0.320376 2.4
      vertex -14.8366 -2.43152 2.4
    endloop
  endfacet
  facet normal 0 0 1
    outer loop
      vertex -11.0537 0.320376 2.4
      vertex -11.0567 0.326718 2.4
      vertex -14.8366 -2.43152 2.4
    endloop
  endfacet
  facet normal 0 0 1
    outer loop
      vertex -11.0567 0.326718 2.4
      vertex -11.0593 0.332849 2.4
      vertex -14.8366 -2.43152 2.4
    endloop
  endfacet
  facet normal 0 0 1
    outer loop
      vertex -11.0593 0.332849 2.4
      vertex -11.0615 0.338847 2.4
      vertex -14.8366 -2.43152 2.4
    endloop
  endfacet
  facet normal 0 0 1
    outer loop
      vertex -11.0615 0.338847 2.4
      vertex -11.0633 0.344687 2.4
      vertex -14.8366 -2.43152 2.4
    endloop
  endfacet
  facet normal 0 0 1
    outer loop
      vertex -11.0633 0.344687 2.4
      vertex -11.0647 0.350421 2.4
      vertex -14.8366 -2.43152 2.4
    endloop
  endfacet
  facet normal 0 0 1
    outer loop
      vertex -11.0647 0.350421 2.4
      vertex -11.0658 0.35605 2.4
      vertex -14.8366 -2.43152 2.4
    endloop
  endfacet
  facet normal 0 0 1
    outer loop
      vertex -11.0658 0.35605 2.4
      vertex -11.0665 0.361626 2.4
      vertex -14.8366 -2.43152 2.4
    endloop
  endfacet
  facet normal 0 0 1
    outer loop
      vertex -11.0665 0.361626 2.4
      vertex -11.067 0.367148 2.4
      vertex -14.8366 -2.43152 2.4
    endloop
  endfacet
  facet normal 0 0 1
    outer loop
      vertex -11.067 0.367148 2.4
      vertex -11.0671 0.372645 2.4
      vertex -14.8366 -2.43152 2.4
    endloop
  endfacet
  facet normal 0 -0 1
    outer loop
      vertex -11.0671 0.372645 2.4
      vertex -11.0669 0.379066 2.4
      vertex -14.8366 -2.43152 2.4
    endloop
  endfacet
  facet normal 0 -0 1
    outer loop
      vertex -11.0669 0.379066 2.4
      vertex -11.0663 0.385514 2.4
      vertex -14.8366 -2.43152 2.4
    endloop
  endfacet
  facet normal 0 -0 1
    outer loop
      vertex -11.0663 0.385514 2.4
      vertex -11.0653 0.391962 2.4
      vertex -14.8366 -2.43152 2.4
    endloop
  endfacet
  facet normal 0 -0 1
    outer loop
      vertex -11.0653 0.391962 2.4
      vertex -11.0638 0.398462 2.4
      vertex -14.8366 -2.43152 2.4
    endloop
  endfacet
  facet normal 0 -0 1
    outer loop
      vertex -11.0638 0.398462 2.4
      vertex -11.0618 0.405015 2.4
      vertex -14.8366 -2.43152 2.4
    endloop
  endfacet
  facet normal 0 -0 1
    outer loop
      vertex -11.0618 0.405015 2.4
      vertex -11.0593 0.411648 2.4
      vertex -14.8366 -2.43152 2.4
    endloop
  endfacet
  facet normal 0 -0 1
    outer loop
      vertex -11.0593 0.411648 2.4
      vertex -11.0563 0.41836 2.4
      vertex -14.8366 -2.43152 2.4
    endloop
  endfacet
  facet normal 0 -0 1
    outer loop
      vertex -11.0563 0.41836 2.4
      vertex -11.0526 0.425151 2.4
      vertex -14.8366 -2.43152 2.4
    endloop
  endfacet
  facet normal 0 -0 1
    outer loop
      vertex -11.0526 0.425151 2.4
      vertex -11.0484 0.432048 2.4
      vertex -14.8366 -2.43152 2.4
    endloop
  endfacet
  facet normal 0 -0 1
    outer loop
      vertex -11.0484 0.432048 2.4
      vertex -11.0434 0.439104 2.4
      vertex -14.8366 -2.43152 2.4
    endloop
  endfacet
  facet normal 0 -0 1
    outer loop
      vertex -11.0434 0.439104 2.4
      vertex -11.0378 0.446265 2.4
      vertex -14.8366 -2.43152 2.4
    endloop
  endfacet
  facet normal 0 -0 1
    outer loop
      vertex -11.0378 0.446265 2.4
      vertex -11.0315 0.453585 2.4
      vertex -14.8366 -2.43152 2.4
    endloop
  endfacet
  facet normal 0 0 1
    outer loop
      vertex -11.0315 0.453585 2.4
      vertex -23.4385 -3.50675 2.4
      vertex -14.8366 -2.43152 2.4
    endloop
  endfacet
  facet normal 0 0 1
    outer loop
      vertex -11.0244 0.461089 2.4
      vertex -23.4385 -3.50675 2.4
      vertex -11.0315 0.453585 2.4
    endloop
  endfacet
  facet normal 0 0 1
    outer loop
      vertex -11.0165 0.468752 2.4
      vertex -23.4385 -3.50675 2.4
      vertex -11.0244 0.461089 2.4
    endloop
  endfacet
  facet normal 0 0 1
    outer loop
      vertex -11.0078 0.476601 2.4
      vertex -23.4385 -3.50675 2.4
      vertex -11.0165 0.468752 2.4
    endloop
  endfacet
  facet normal 0 0 1
    outer loop
      vertex -10.9983 0.484687 2.4
      vertex -23.4385 -3.50675 2.4
      vertex -11.0078 0.476601 2.4
    endloop
  endfacet
  facet normal 0 0 1
    outer loop
      vertex -6.05132 6.87303 2.4
      vertex -23.4385 -3.50675 2.4
      vertex -10.9983 0.484687 2.4
    endloop
  endfacet
  facet normal 0 0 1
    outer loop
      vertex -6.05132 6.87303 2.4
      vertex -10.9983 0.484687 2.4
      vertex -10.9879 0.492958 2.4
    endloop
  endfacet
  facet normal 0 0 1
    outer loop
      vertex -6.05132 6.87303 2.4
      vertex -10.9879 0.492958 2.4
      vertex -10.9765 0.501493 2.4
    endloop
  endfacet
  facet normal 0 -0 1
    outer loop
      vertex -10.951 0.519277 2.4
      vertex -6.05132 6.87303 2.4
      vertex -10.9642 0.510266 2.4
    endloop
  endfacet
  facet normal 0 0 1
    outer loop
      vertex 4.37124 7.19071 2.4
      vertex -4.91496 7.19071 2.4
      vertex -1.75792 6.02933 2.4
    endloop
  endfacet
  facet normal 0 0 1
    outer loop
      vertex -4.91496 7.19071 2.4
      vertex -6.05132 6.87303 2.4
      vertex -1.76865 6.02991 2.4
    endloop
  endfacet
  facet normal 0 0 1
    outer loop
      vertex 4.37124 7.19071 2.4
      vertex -1.75792 6.02933 2.4
      vertex -1.74775 6.02761 2.4
    endloop
  endfacet
  facet normal 0 0 1
    outer loop
      vertex 4.37124 7.19071 2.4
      vertex -1.74775 6.02761 2.4
      vertex -1.73813 6.02481 2.4
    endloop
  endfacet
  facet normal 0 0 1
    outer loop
      vertex 4.37124 7.19071 2.4
      vertex -1.73813 6.02481 2.4
      vertex -1.72906 6.02098 2.4
    endloop
  endfacet
  facet normal 0 0 1
    outer loop
      vertex 4.37124 7.19071 2.4
      vertex -1.72906 6.02098 2.4
      vertex -1.72053 6.01617 2.4
    endloop
  endfacet
  facet normal 0 0 1
    outer loop
      vertex 4.37124 7.19071 2.4
      vertex -1.72053 6.01617 2.4
      vertex -1.71255 6.01046 2.4
    endloop
  endfacet
  facet normal 0 0 1
    outer loop
      vertex 4.37124 7.19071 2.4
      vertex -1.71255 6.01046 2.4
      vertex -1.70515 6.00388 2.4
    endloop
  endfacet
  facet normal 0 0 1
    outer loop
      vertex 4.37124 7.19071 2.4
      vertex -1.70515 6.00388 2.4
      vertex -1.69825 5.99649 2.4
    endloop
  endfacet
  facet normal 0 0 1
    outer loop
      vertex 4.37124 7.19071 2.4
      vertex -1.69825 5.99649 2.4
      vertex -1.69194 5.98835 2.4
    endloop
  endfacet
  facet normal 0 0 1
    outer loop
      vertex 4.37124 7.19071 2.4
      vertex -1.69194 5.98835 2.4
      vertex -1.68618 5.97952 2.4
    endloop
  endfacet
  facet normal 0 0 1
    outer loop
      vertex 4.37124 7.19071 2.4
      vertex -1.68618 5.97952 2.4
      vertex -1.68094 5.97003 2.4
    endloop
  endfacet
  facet normal 0 -0 1
    outer loop
      vertex -1.67215 5.9494 2.4
      vertex 4.37124 7.19071 2.4
      vertex -1.67627 5.95999 2.4
    endloop
  endfacet
  facet normal 0 -0 1
    outer loop
      vertex -1.66858 5.93832 2.4
      vertex 4.37124 7.19071 2.4
      vertex -1.67215 5.9494 2.4
    endloop
  endfacet
  facet normal 0 -0 1
    outer loop
      vertex -1.66554 5.92683 2.4
      vertex 4.37124 7.19071 2.4
      vertex -1.66858 5.93832 2.4
    endloop
  endfacet
  facet normal 0 -0 1
    outer loop
      vertex -1.66308 5.91496 2.4
      vertex 4.37124 7.19071 2.4
      vertex -1.66554 5.92683 2.4
    endloop
  endfacet
  facet normal 0 -0 1
    outer loop
      vertex -1.66115 5.90281 2.4
      vertex 4.37124 7.19071 2.4
      vertex -1.66308 5.91496 2.4
    endloop
  endfacet
  facet normal 0 -0 1
    outer loop
      vertex -1.65978 5.89036 2.4
      vertex 4.37124 7.19071 2.4
      vertex -1.66115 5.90281 2.4
    endloop
  endfacet
  facet normal 0 -0 1
    outer loop
      vertex -1.65896 5.87776 2.4
      vertex 4.37124 7.19071 2.4
      vertex -1.65978 5.89036 2.4
    endloop
  endfacet
  facet normal 0 -0 1
    outer loop
      vertex -1.65867 5.86497 2.4
      vertex 4.37124 7.19071 2.4
      vertex -1.65896 5.87776 2.4
    endloop
  endfacet
  facet normal 0 0 1
    outer loop
      vertex 5.44648 6.12155 2.4
      vertex 4.37124 7.19071 2.4
      vertex -1.65867 5.86497 2.4
    endloop
  endfacet
  facet normal 0 0 1
    outer loop
      vertex 5.44648 6.12155 2.4
      vertex -1.65867 5.86497 2.4
      vertex 5.44037 -5.38234 2.4
    endloop
  endfacet
  facet normal 0 0 1
    outer loop
      vertex -1.65867 5.86497 2.4
      vertex -1.65867 -5.59004 2.4
      vertex 5.44037 -5.38234 2.4
    endloop
  endfacet
  facet normal -0 -0 1
    outer loop
      vertex -1.6555 -5.68552 2.4
      vertex -0.678884 -6.6621 2.4
      vertex -1.65867 -5.59004 2.4
    endloop
  endfacet
  facet normal 0 0 1
    outer loop
      vertex -0.583437 -6.6653 2.4
      vertex 5.48474 -5.53452 2.4
      vertex 5.47874 -5.52646 2.4
    endloop
  endfacet
  facet normal 0 0 1
    outer loop
      vertex 5.49127 -5.54171 2.4
      vertex -0.583437 -6.6653 2.4
      vertex 5.49827 -5.54797 2.4
    endloop
  endfacet
  facet normal 0 0 1
    outer loop
      vertex 5.51373 -5.5577 2.4
      vertex 5.50575 -5.55329 2.4
      vertex -0.583437 -6.6653 2.4
    endloop
  endfacet
  facet normal 0 0 1
    outer loop
      vertex -0.583437 -6.6653 2.4
      vertex 5.53109 -5.56362 2.4
      vertex 5.52218 -5.56113 2.4
    endloop
  endfacet
  facet normal 0 0 1
    outer loop
      vertex 8.69844 -6.6653 2.4
      vertex 5.53109 -5.56362 2.4
      vertex -0.583437 -6.6653 2.4
    endloop
  endfacet
  facet normal 0 0 1
    outer loop
      vertex 5.5405 -5.5651 2.4
      vertex 5.53109 -5.56362 2.4
      vertex 8.69844 -6.6653 2.4
    endloop
  endfacet
  facet normal 0 0 1
    outer loop
      vertex 23.7318 2.51703 2.4
      vertex 23.7318 -7.07462 2.4
      vertex 28.9308 -4.24599 2.4
    endloop
  endfacet
  facet normal 0 0 1
    outer loop
      vertex 5.5405 -5.5651 2.4
      vertex 8.69844 -6.6653 2.4
      vertex 5.55033 -5.5656 2.4
    endloop
  endfacet
  facet normal -0 -0 1
    outer loop
      vertex 23.8448 -7.30029 2.4
      vertex 23.854 -7.30066 2.4
      vertex 23.7846 -7.27212 2.4
    endloop
  endfacet
  facet normal 0 0 1
    outer loop
      vertex 8.86782 -6.65449 2.4
      vertex 8.69844 -6.6653 2.4
      vertex 8.75507 -6.66348 2.4
    endloop
  endfacet
  facet normal 0 -0 1
    outer loop
      vertex 8.92384 -6.64736 2.4
      vertex 8.9796 -6.63845 2.4
      vertex 8.86782 -6.65449 2.4
    endloop
  endfacet
  facet normal -0 -0 1
    outer loop
      vertex 23.7925 -7.27931 2.4
      vertex 23.8448 -7.30029 2.4
      vertex 23.7846 -7.27212 2.4
    endloop
  endfacet
  facet normal 0 0 1
    outer loop
      vertex 8.9796 -6.63845 2.4
      vertex 8.69844 -6.6653 2.4
      vertex 8.86782 -6.65449 2.4
    endloop
  endfacet
  facet normal 0 0 1
    outer loop
      vertex 23.7925 -7.27931 2.4
      vertex 23.8357 -7.29913 2.4
      vertex 23.8448 -7.30029 2.4
    endloop
  endfacet
  facet normal 0 0 1
    outer loop
      vertex 9.03504 -6.62786 2.4
      vertex 8.69844 -6.6653 2.4
      vertex 8.9796 -6.63845 2.4
    endloop
  endfacet
  facet normal 0 0 1
    outer loop
      vertex 9.09016 -6.61554 2.4
      vertex 8.69844 -6.6653 2.4
      vertex 9.03504 -6.62786 2.4
    endloop
  endfacet
  facet normal -0 -0 1
    outer loop
      vertex 23.8006 -7.28534 2.4
      vertex 23.8267 -7.2971 2.4
      vertex 23.7925 -7.27931 2.4
    endloop
  endfacet
  facet normal 0 0 1
    outer loop
      vertex 9.14486 -6.60154 2.4
      vertex 8.69844 -6.6653 2.4
      vertex 9.09016 -6.61554 2.4
    endloop
  endfacet
  facet normal 0 0 1
    outer loop
      vertex 9.19917 -6.58587 2.4
      vertex 8.69844 -6.6653 2.4
      vertex 9.14486 -6.60154 2.4
    endloop
  endfacet
  facet normal 0 0 1
    outer loop
      vertex 23.8091 -7.29025 2.4
      vertex 23.8178 -7.29416 2.4
      vertex 23.8267 -7.2971 2.4
    endloop
  endfacet
  facet normal 0 0 1
    outer loop
      vertex 9.25299 -6.56856 2.4
      vertex 8.69844 -6.6653 2.4
      vertex 9.19917 -6.58587 2.4
    endloop
  endfacet
  facet normal 0 0 1
    outer loop
      vertex 23.8006 -7.28534 2.4
      vertex 23.8091 -7.29025 2.4
      vertex 23.8267 -7.2971 2.4
    endloop
  endfacet
  facet normal 0 0 1
    outer loop
      vertex 9.30632 -6.54961 2.4
      vertex 8.69844 -6.6653 2.4
      vertex 9.25299 -6.56856 2.4
    endloop
  endfacet
  facet normal 0 0 1
    outer loop
      vertex 9.35914 -6.52905 2.4
      vertex 8.69844 -6.6653 2.4
      vertex 9.30632 -6.54961 2.4
    endloop
  endfacet
  facet normal 0 0 1
    outer loop
      vertex 23.7925 -7.27931 2.4
      vertex 23.8267 -7.2971 2.4
      vertex 23.8357 -7.29913 2.4
    endloop
  endfacet
  facet normal 0 0 1
    outer loop
      vertex 9.41136 -6.50688 2.4
      vertex 8.69844 -6.6653 2.4
      vertex 9.35914 -6.52905 2.4
    endloop
  endfacet
  facet normal 0 0 1
    outer loop
      vertex 9.46299 -6.48315 2.4
      vertex 8.69844 -6.6653 2.4
      vertex 9.41136 -6.50688 2.4
    endloop
  endfacet
  facet normal -0 -0 1
    outer loop
      vertex 23.7846 -7.27212 2.4
      vertex 23.854 -7.30066 2.4
      vertex 23.7771 -7.26375 2.4
    endloop
  endfacet
  facet normal 0 0 1
    outer loop
      vertex 9.51399 -6.45787 2.4
      vertex 8.69844 -6.6653 2.4
      vertex 9.46299 -6.48315 2.4
    endloop
  endfacet
  facet normal -0 -0 1
    outer loop
      vertex 23.7771 -7.26375 2.4
      vertex 23.854 -7.30066 2.4
      vertex 23.77 -7.25408 2.4
    endloop
  endfacet
  facet normal 0 0 1
    outer loop
      vertex 9.56431 -6.43104 2.4
      vertex 8.69844 -6.6653 2.4
      vertex 9.51399 -6.45787 2.4
    endloop
  endfacet
  facet normal 0 0 1
    outer loop
      vertex 9.6139 -6.40269 2.4
      vertex 8.69844 -6.6653 2.4
      vertex 9.56431 -6.43104 2.4
    endloop
  endfacet
  facet normal -0 -0 1
    outer loop
      vertex 23.77 -7.25408 2.4
      vertex 23.854 -7.30066 2.4
      vertex 23.7633 -7.24311 2.4
    endloop
  endfacet
  facet normal 0 0 1
    outer loop
      vertex 9.66276 -6.37283 2.4
      vertex 8.69844 -6.6653 2.4
      vertex 9.6139 -6.40269 2.4
    endloop
  endfacet
  facet normal 0 0 1
    outer loop
      vertex 9.7108 -6.34149 2.4
      vertex 8.69844 -6.6653 2.4
      vertex 9.66276 -6.37283 2.4
    endloop
  endfacet
  facet normal -0 -0 1
    outer loop
      vertex 23.7633 -7.24311 2.4
      vertex 23.854 -7.30066 2.4
      vertex 23.7572 -7.23074 2.4
    endloop
  endfacet
  facet normal 0 0 1
    outer loop
      vertex 5.69696 -5.50451 2.4
      vertex 8.69844 -6.6653 2.4
      vertex 9.7108 -6.34149 2.4
    endloop
  endfacet
  facet normal -0 0 1
    outer loop
      vertex 5.69696 -5.50451 2.4
      vertex 9.7108 -6.34149 2.4
      vertex 23.6279 2.70031 2.4
    endloop
  endfacet
  facet normal -0 -0 1
    outer loop
      vertex 23.7572 -7.23074 2.4
      vertex 23.854 -7.30066 2.4
      vertex 23.7516 -7.21692 2.4
    endloop
  endfacet
  facet normal 0 0 1
    outer loop
      vertex 5.69696 -5.50451 2.4
      vertex 23.6279 2.70031 2.4
      vertex 24.7398 6.85469 2.4
    endloop
  endfacet
  facet normal -0 0 1
    outer loop
      vertex 23.7318 -7.07462 2.4
      vertex 23.854 -7.30066 2.4
      vertex 28.9308 -4.24599 2.4
    endloop
  endfacet
  facet normal 0 0 1
    outer loop
      vertex 24.7398 6.85469 2.4
      vertex 23.6581 2.69551 2.4
      vertex 23.6669 2.69183 2.4
    endloop
  endfacet
  facet normal 0 0 1
    outer loop
      vertex 24.7398 6.85469 2.4
      vertex 23.6669 2.69183 2.4
      vertex 23.6751 2.68715 2.4
    endloop
  endfacet
  facet normal 0 0 1
    outer loop
      vertex 24.7398 6.85469 2.4
      vertex 23.6751 2.68715 2.4
      vertex 23.6827 2.68153 2.4
    endloop
  endfacet
  facet normal 0 0 1
    outer loop
      vertex 24.7398 6.85469 2.4
      vertex 23.6827 2.68153 2.4
      vertex 23.6897 2.67495 2.4
    endloop
  endfacet
  facet normal 0 0 1
    outer loop
      vertex 24.7398 6.85469 2.4
      vertex 23.6897 2.67495 2.4
      vertex 23.6962 2.66747 2.4
    endloop
  endfacet
  facet normal 0 0 1
    outer loop
      vertex 24.7398 6.85469 2.4
      vertex 23.6962 2.66747 2.4
      vertex 23.702 2.65912 2.4
    endloop
  endfacet
  facet normal 0 0 1
    outer loop
      vertex 24.7398 6.85469 2.4
      vertex 23.702 2.65912 2.4
      vertex 23.7073 2.64992 2.4
    endloop
  endfacet
  facet normal -0 0 1
    outer loop
      vertex 24.7398 6.85469 2.4
      vertex 23.7121 2.63988 2.4
      vertex 28.9247 6.85469 2.4
    endloop
  endfacet
  facet normal 0 0 1
    outer loop
      vertex 24.7398 6.85469 2.4
      vertex 23.7073 2.64992 2.4
      vertex 23.7121 2.63988 2.4
    endloop
  endfacet
  facet normal -0 0 1
    outer loop
      vertex 23.7121 2.63988 2.4
      vertex 23.7164 2.62907 2.4
      vertex 28.9247 6.85469 2.4
    endloop
  endfacet
  facet normal 0 0 1
    outer loop
      vertex 23.7164 2.62907 2.4
      vertex 30 5.78556 2.4
      vertex 28.9247 6.85469 2.4
    endloop
  endfacet
  facet normal 0 -0 1
    outer loop
      vertex 23.72 2.61747 2.4
      vertex 30 5.78556 2.4
      vertex 23.7164 2.62907 2.4
    endloop
  endfacet
  facet normal 0 -0 1
    outer loop
      vertex 23.7232 2.60513 2.4
      vertex 30 5.78556 2.4
      vertex 23.72 2.61747 2.4
    endloop
  endfacet
  facet normal 0 -0 1
    outer loop
      vertex 23.7259 2.59208 2.4
      vertex 30 5.78556 2.4
      vertex 23.7232 2.60513 2.4
    endloop
  endfacet
  facet normal 0 -0 1
    outer loop
      vertex 23.728 2.57834 2.4
      vertex 30 5.78556 2.4
      vertex 23.7259 2.59208 2.4
    endloop
  endfacet
  facet normal 0 -0 1
    outer loop
      vertex 23.7297 2.56394 2.4
      vertex 30 5.78556 2.4
      vertex 23.728 2.57834 2.4
    endloop
  endfacet
  facet normal 0 -0 1
    outer loop
      vertex 23.7309 2.5489 2.4
      vertex 30 5.78556 2.4
      vertex 23.7297 2.56394 2.4
    endloop
  endfacet
  facet normal 0 -0 1
    outer loop
      vertex 23.7315 2.53326 2.4
      vertex 30 5.78556 2.4
      vertex 23.7309 2.5489 2.4
    endloop
  endfacet
  facet normal 0 -0 1
    outer loop
      vertex 23.7318 2.51703 2.4
      vertex 30 5.78556 2.4
      vertex 23.7315 2.53326 2.4
    endloop
  endfacet
  facet normal 0 -0 1
    outer loop
      vertex 30 -2.20545 2.4
      vertex 30 5.78556 2.4
      vertex 23.7318 2.51703 2.4
    endloop
  endfacet
  facet normal 0 0 1
    outer loop
      vertex 30 -2.20545 2.4
      vertex 23.7318 2.51703 2.4
      vertex 28.9308 -4.24599 2.4
    endloop
  endfacet
  facet normal -0 -0 1
    outer loop
      vertex 23.7322 -7.10026 2.4
      vertex 23.854 -7.30066 2.4
      vertex 23.7318 -7.07462 2.4
    endloop
  endfacet
  facet normal -0 -0 1
    outer loop
      vertex 23.7336 -7.12401 2.4
      vertex 23.854 -7.30066 2.4
      vertex 23.7322 -7.10026 2.4
    endloop
  endfacet
  facet normal -0 -0 1
    outer loop
      vertex 23.7357 -7.14597 2.4
      vertex 23.854 -7.30066 2.4
      vertex 23.7336 -7.12401 2.4
    endloop
  endfacet
  facet normal -0 -0 1
    outer loop
      vertex 23.7386 -7.16616 2.4
      vertex 23.854 -7.30066 2.4
      vertex 23.7357 -7.14597 2.4
    endloop
  endfacet
  facet normal -0 -0 1
    outer loop
      vertex 23.7423 -7.18468 2.4
      vertex 23.854 -7.30066 2.4
      vertex 23.7386 -7.16616 2.4
    endloop
  endfacet
  facet normal -0 -0 1
    outer loop
      vertex 23.7466 -7.20157 2.4
      vertex 23.854 -7.30066 2.4
      vertex 23.7423 -7.18468 2.4
    endloop
  endfacet
  facet normal -0 -0 1
    outer loop
      vertex 23.7516 -7.21692 2.4
      vertex 23.854 -7.30066 2.4
      vertex 23.7466 -7.20157 2.4
    endloop
  endfacet
  facet normal 0.530738 -0.847536 0
    outer loop
      vertex 29.0544 -4.16859 0
      vertex 28.9308 -4.24599 2.4
      vertex 28.9308 -4.24599 0
    endloop
  endfacet
  facet normal 0.530738 -0.847536 0
    outer loop
      vertex 29.0544 -4.16859 0
      vertex 29.0544 -4.16859 2.4
      vertex 28.9308 -4.24599 2.4
    endloop
  endfacet
  facet normal 0.565879 -0.824488 0
    outer loop
      vertex 29.1686 -4.09021 0
      vertex 29.0544 -4.16859 2.4
      vertex 29.0544 -4.16859 0
    endloop
  endfacet
  facet normal 0.565879 -0.824488 0
    outer loop
      vertex 29.1686 -4.09021 0
      vertex 29.1686 -4.09021 2.4
      vertex 29.0544 -4.16859 2.4
    endloop
  endfacet
  facet normal 0.603219 -0.797576 0
    outer loop
      vertex 29.2739 -4.01057 0
      vertex 29.1686 -4.09021 2.4
      vertex 29.1686 -4.09021 0
    endloop
  endfacet
  facet normal 0.603219 -0.797576 0
    outer loop
      vertex 29.2739 -4.01057 0
      vertex 29.2739 -4.01057 2.4
      vertex 29.1686 -4.09021 2.4
    endloop
  endfacet
  facet normal 0.643359 -0.765564 0
    outer loop
      vertex 29.3705 -3.92939 0
      vertex 29.2739 -4.01057 2.4
      vertex 29.2739 -4.01057 0
    endloop
  endfacet
  facet normal 0.643359 -0.765564 0
    outer loop
      vertex 29.3705 -3.92939 0
      vertex 29.3705 -3.92939 2.4
      vertex 29.2739 -4.01057 2.4
    endloop
  endfacet
  facet normal 0.685313 -0.728248 0
    outer loop
      vertex 29.4587 -3.84639 0
      vertex 29.3705 -3.92939 2.4
      vertex 29.3705 -3.92939 0
    endloop
  endfacet
  facet normal 0.685313 -0.728248 0
    outer loop
      vertex 29.4587 -3.84639 0
      vertex 29.4587 -3.84639 2.4
      vertex 29.3705 -3.92939 2.4
    endloop
  endfacet
  facet normal 0.727039 -0.686596 0
    outer loop
      vertex 29.539 -3.76136 0
      vertex 29.4587 -3.84639 2.4
      vertex 29.4587 -3.84639 0
    endloop
  endfacet
  facet normal 0.727039 -0.686596 0
    outer loop
      vertex 29.539 -3.76136 0
      vertex 29.539 -3.76136 2.4
      vertex 29.4587 -3.84639 2.4
    endloop
  endfacet
  facet normal 0.769519 -0.638624 0
    outer loop
      vertex 29.6115 -3.674 0
      vertex 29.539 -3.76136 2.4
      vertex 29.539 -3.76136 0
    endloop
  endfacet
  facet normal 0.769519 -0.638624 0
    outer loop
      vertex 29.6115 -3.674 0
      vertex 29.6115 -3.674 2.4
      vertex 29.539 -3.76136 2.4
    endloop
  endfacet
  facet normal 0.809762 -0.586758 0
    outer loop
      vertex 29.6767 -3.58402 0
      vertex 29.6115 -3.674 2.4
      vertex 29.6115 -3.674 0
    endloop
  endfacet
  facet normal 0.809762 -0.586758 0
    outer loop
      vertex 29.6767 -3.58402 0
      vertex 29.6767 -3.58402 2.4
      vertex 29.6115 -3.674 2.4
    endloop
  endfacet
  facet normal 0.847613 -0.530614 0
    outer loop
      vertex 29.7348 -3.49121 0
      vertex 29.6767 -3.58402 2.4
      vertex 29.6767 -3.58402 0
    endloop
  endfacet
  facet normal 0.847613 -0.530614 0
    outer loop
      vertex 29.7348 -3.49121 0
      vertex 29.7348 -3.49121 2.4
      vertex 29.6767 -3.58402 2.4
    endloop
  endfacet
  facet normal 0.881487 -0.472209 0
    outer loop
      vertex 29.7862 -3.39526 0
      vertex 29.7348 -3.49121 2.4
      vertex 29.7348 -3.49121 0
    endloop
  endfacet
  facet normal 0.881487 -0.472209 0
    outer loop
      vertex 29.7862 -3.39526 0
      vertex 29.7862 -3.39526 2.4
      vertex 29.7348 -3.49121 2.4
    endloop
  endfacet
  facet normal 0.911228 -0.411901 0
    outer loop
      vertex 29.8311 -3.29593 0
      vertex 29.7862 -3.39526 2.4
      vertex 29.7862 -3.39526 0
    endloop
  endfacet
  facet normal 0.911228 -0.411901 0
    outer loop
      vertex 29.8311 -3.29593 0
      vertex 29.8311 -3.29593 2.4
      vertex 29.7862 -3.39526 2.4
    endloop
  endfacet
  facet normal 0.935505 -0.353312 0
    outer loop
      vertex 29.87 -3.19293 0
      vertex 29.8311 -3.29593 2.4
      vertex 29.8311 -3.29593 0
    endloop
  endfacet
  facet normal 0.935505 -0.353312 0
    outer loop
      vertex 29.87 -3.19293 0
      vertex 29.87 -3.19293 2.4
      vertex 29.8311 -3.29593 2.4
    endloop
  endfacet
  facet normal 0.955271 -0.29573 0
    outer loop
      vertex 29.9031 -3.08601 0
      vertex 29.87 -3.19293 2.4
      vertex 29.87 -3.19293 0
    endloop
  endfacet
  facet normal 0.955271 -0.29573 0
    outer loop
      vertex 29.9031 -3.08601 0
      vertex 29.9031 -3.08601 2.4
      vertex 29.87 -3.19293 2.4
    endloop
  endfacet
  facet normal 0.970496 -0.241117 0
    outer loop
      vertex 29.9307 -2.97492 0
      vertex 29.9031 -3.08601 2.4
      vertex 29.9031 -3.08601 0
    endloop
  endfacet
  facet normal 0.970496 -0.241117 0
    outer loop
      vertex 29.9307 -2.97492 0
      vertex 29.9307 -2.97492 2.4
      vertex 29.9031 -3.08601 2.4
    endloop
  endfacet
  facet normal 0.981565 -0.191131 0
    outer loop
      vertex 29.9532 -2.85937 0
      vertex 29.9307 -2.97492 2.4
      vertex 29.9307 -2.97492 0
    endloop
  endfacet
  facet normal 0.981565 -0.191131 0
    outer loop
      vertex 29.9532 -2.85937 0
      vertex 29.9532 -2.85937 2.4
      vertex 29.9307 -2.97492 2.4
    endloop
  endfacet
  facet normal 0.989347 -0.145577 0
    outer loop
      vertex 29.9709 -2.73908 0
      vertex 29.9532 -2.85937 2.4
      vertex 29.9532 -2.85937 0
    endloop
  endfacet
  facet normal 0.989347 -0.145577 0
    outer loop
      vertex 29.9709 -2.73908 0
      vertex 29.9709 -2.73908 2.4
      vertex 29.9532 -2.85937 2.4
    endloop
  endfacet
  facet normal 0.994492 -0.104809 0
    outer loop
      vertex 29.9841 -2.61383 0
      vertex 29.9709 -2.73908 2.4
      vertex 29.9709 -2.73908 0
    endloop
  endfacet
  facet normal 0.994492 -0.104809 0
    outer loop
      vertex 29.9841 -2.61383 0
      vertex 29.9841 -2.61383 2.4
      vertex 29.9709 -2.73908 2.4
    endloop
  endfacet
  facet normal 0.997578 -0.0695523 0
    outer loop
      vertex 29.9932 -2.48331 0
      vertex 29.9841 -2.61383 2.4
      vertex 29.9841 -2.61383 0
    endloop
  endfacet
  facet normal 0.997578 -0.0695523 0
    outer loop
      vertex 29.9932 -2.48331 0
      vertex 29.9932 -2.48331 2.4
      vertex 29.9841 -2.61383 2.4
    endloop
  endfacet
  facet normal 0.999298 -0.0374654 0
    outer loop
      vertex 29.9983 -2.34728 0
      vertex 29.9932 -2.48331 2.4
      vertex 29.9932 -2.48331 0
    endloop
  endfacet
  facet normal 0.999298 -0.0374654 0
    outer loop
      vertex 29.9983 -2.34728 0
      vertex 29.9983 -2.34728 2.4
      vertex 29.9932 -2.48331 2.4
    endloop
  endfacet
  facet normal 0.999928 -0.0119853 0
    outer loop
      vertex 30 -2.20545 0
      vertex 29.9983 -2.34728 2.4
      vertex 29.9983 -2.34728 0
    endloop
  endfacet
  facet normal 0.999928 -0.0119853 0
    outer loop
      vertex 30 -2.20545 0
      vertex 30 -2.20545 2.4
      vertex 29.9983 -2.34728 2.4
    endloop
  endfacet
  facet normal 1 0 0
    outer loop
      vertex 30 5.78556 0
      vertex 30 -2.20545 2.4
      vertex 30 -2.20545 0
    endloop
  endfacet
  facet normal 1 0 -0
    outer loop
      vertex 30 5.78556 0
      vertex 30 5.78556 2.4
      vertex 30 -2.20545 2.4
    endloop
  endfacet
  facet normal 0.999428 0.0338144 0
    outer loop
      vertex 29.9968 5.88014 0
      vertex 30 5.78556 2.4
      vertex 30 5.78556 0
    endloop
  endfacet
  facet normal 0.999428 0.0338144 -0
    outer loop
      vertex 29.9968 5.88014 0
      vertex 29.9968 5.88014 2.4
      vertex 30 5.78556 2.4
    endloop
  endfacet
  facet normal 0.994508 0.104662 0
    outer loop
      vertex 29.9872 5.97136 0
      vertex 29.9968 5.88014 2.4
      vertex 29.9968 5.88014 0
    endloop
  endfacet
  facet normal 0.994508 0.104662 -0
    outer loop
      vertex 29.9872 5.97136 0
      vertex 29.9872 5.97136 2.4
      vertex 29.9968 5.88014 2.4
    endloop
  endfacet
  facet normal 0.984351 0.176218 0
    outer loop
      vertex 29.9715 6.05906 0
      vertex 29.9872 5.97136 2.4
      vertex 29.9872 5.97136 0
    endloop
  endfacet
  facet normal 0.984351 0.176218 -0
    outer loop
      vertex 29.9715 6.05906 0
      vertex 29.9715 6.05906 2.4
      vertex 29.9872 5.97136 2.4
    endloop
  endfacet
  facet normal 0.967935 0.251202 0
    outer loop
      vertex 29.9497 6.14306 0
      vertex 29.9715 6.05906 2.4
      vertex 29.9715 6.05906 0
    endloop
  endfacet
  facet normal 0.967935 0.251202 -0
    outer loop
      vertex 29.9497 6.14306 0
      vertex 29.9497 6.14306 2.4
      vertex 29.9715 6.05906 2.4
    endloop
  endfacet
  facet normal 0.945911 0.324427 0
    outer loop
      vertex 29.9222 6.22324 0
      vertex 29.9497 6.14306 2.4
      vertex 29.9497 6.14306 0
    endloop
  endfacet
  facet normal 0.945911 0.324427 -0
    outer loop
      vertex 29.9222 6.22324 0
      vertex 29.9222 6.22324 2.4
      vertex 29.9497 6.14306 2.4
    endloop
  endfacet
  facet normal 0.916629 0.399738 0
    outer loop
      vertex 29.889 6.29937 0
      vertex 29.9222 6.22324 2.4
      vertex 29.9222 6.22324 0
    endloop
  endfacet
  facet normal 0.916629 0.399738 -0
    outer loop
      vertex 29.889 6.29937 0
      vertex 29.889 6.29937 2.4
      vertex 29.9222 6.22324 2.4
    endloop
  endfacet
  facet normal 0.88077 0.473545 0
    outer loop
      vertex 29.8503 6.37135 0
      vertex 29.889 6.29937 2.4
      vertex 29.889 6.29937 0
    endloop
  endfacet
  facet normal 0.88077 0.473545 -0
    outer loop
      vertex 29.8503 6.37135 0
      vertex 29.8503 6.37135 2.4
      vertex 29.889 6.29937 2.4
    endloop
  endfacet
  facet normal 0.838288 0.545228 0
    outer loop
      vertex 29.8063 6.439 0
      vertex 29.8503 6.37135 2.4
      vertex 29.8503 6.37135 0
    endloop
  endfacet
  facet normal 0.838288 0.545228 -0
    outer loop
      vertex 29.8063 6.439 0
      vertex 29.8063 6.439 2.4
      vertex 29.8503 6.37135 2.4
    endloop
  endfacet
  facet normal 0.788847 0.614589 0
    outer loop
      vertex 29.7571 6.50215 0
      vertex 29.8063 6.439 2.4
      vertex 29.8063 6.439 0
    endloop
  endfacet
  facet normal 0.788847 0.614589 -0
    outer loop
      vertex 29.7571 6.50215 0
      vertex 29.7571 6.50215 2.4
      vertex 29.8063 6.439 2.4
    endloop
  endfacet
  facet normal 0.733784 0.679383 0
    outer loop
      vertex 29.7029 6.56069 0
      vertex 29.7571 6.50215 2.4
      vertex 29.7571 6.50215 0
    endloop
  endfacet
  facet normal 0.733784 0.679383 -0
    outer loop
      vertex 29.7029 6.56069 0
      vertex 29.7029 6.56069 2.4
      vertex 29.7571 6.50215 2.4
    endloop
  endfacet
  facet normal 0.673041 0.739605 0
    outer loop
      vertex 29.6439 6.61438 0
      vertex 29.7029 6.56069 2.4
      vertex 29.7029 6.56069 0
    endloop
  endfacet
  facet normal 0.673041 0.739605 -0
    outer loop
      vertex 29.6439 6.61438 0
      vertex 29.6439 6.61438 2.4
      vertex 29.7029 6.56069 2.4
    endloop
  endfacet
  facet normal 0.608196 0.793787 0
    outer loop
      vertex 29.5803 6.66311 0
      vertex 29.6439 6.61438 2.4
      vertex 29.6439 6.61438 0
    endloop
  endfacet
  facet normal 0.608196 0.793787 -0
    outer loop
      vertex 29.5803 6.66311 0
      vertex 29.5803 6.66311 2.4
      vertex 29.6439 6.61438 2.4
    endloop
  endfacet
  facet normal 0.539493 0.84199 0
    outer loop
      vertex 29.5123 6.70668 0
      vertex 29.5803 6.66311 2.4
      vertex 29.5803 6.66311 0
    endloop
  endfacet
  facet normal 0.539493 0.84199 -0
    outer loop
      vertex 29.5123 6.70668 0
      vertex 29.5123 6.70668 2.4
      vertex 29.5803 6.66311 2.4
    endloop
  endfacet
  facet normal 0.467798 0.883835 0
    outer loop
      vertex 29.4399 6.745 0
      vertex 29.5123 6.70668 2.4
      vertex 29.5123 6.70668 0
    endloop
  endfacet
  facet normal 0.467798 0.883835 -0
    outer loop
      vertex 29.4399 6.745 0
      vertex 29.4399 6.745 2.4
      vertex 29.5123 6.70668 2.4
    endloop
  endfacet
  facet normal 0.394572 0.918865 0
    outer loop
      vertex 29.3634 6.77785 0
      vertex 29.4399 6.745 2.4
      vertex 29.4399 6.745 0
    endloop
  endfacet
  facet normal 0.394572 0.918865 -0
    outer loop
      vertex 29.3634 6.77785 0
      vertex 29.3634 6.77785 2.4
      vertex 29.4399 6.745 2.4
    endloop
  endfacet
  facet normal 0.320531 0.947238 0
    outer loop
      vertex 29.2829 6.80509 0
      vertex 29.3634 6.77785 2.4
      vertex 29.3634 6.77785 0
    endloop
  endfacet
  facet normal 0.320531 0.947238 -0
    outer loop
      vertex 29.2829 6.80509 0
      vertex 29.2829 6.80509 2.4
      vertex 29.3634 6.77785 2.4
    endloop
  endfacet
  facet normal 0.246699 0.969092 0
    outer loop
      vertex 29.1986 6.82655 0
      vertex 29.2829 6.80509 2.4
      vertex 29.2829 6.80509 0
    endloop
  endfacet
  facet normal 0.246699 0.969092 -0
    outer loop
      vertex 29.1986 6.82655 0
      vertex 29.1986 6.82655 2.4
      vertex 29.2829 6.80509 2.4
    endloop
  endfacet
  facet normal 0.173766 0.984787 0
    outer loop
      vertex 29.1107 6.84206 0
      vertex 29.1986 6.82655 2.4
      vertex 29.1986 6.82655 0
    endloop
  endfacet
  facet normal 0.173766 0.984787 -0
    outer loop
      vertex 29.1107 6.84206 0
      vertex 29.1107 6.84206 2.4
      vertex 29.1986 6.82655 2.4
    endloop
  endfacet
  facet normal 0.103063 0.994675 0
    outer loop
      vertex 29.0194 6.85152 0
      vertex 29.1107 6.84206 2.4
      vertex 29.1107 6.84206 0
    endloop
  endfacet
  facet normal 0.103063 0.994675 -0
    outer loop
      vertex 29.0194 6.85152 0
      vertex 29.0194 6.85152 2.4
      vertex 29.1107 6.84206 2.4
    endloop
  endfacet
  facet normal 0.0334554 0.99944 0
    outer loop
      vertex 28.9247 6.85469 0
      vertex 29.0194 6.85152 2.4
      vertex 29.0194 6.85152 0
    endloop
  endfacet
  facet normal 0.0334554 0.99944 -0
    outer loop
      vertex 28.9247 6.85469 0
      vertex 28.9247 6.85469 2.4
      vertex 29.0194 6.85152 2.4
    endloop
  endfacet
  facet normal 0 1 0
    outer loop
      vertex 24.7398 6.85469 0
      vertex 28.9247 6.85469 2.4
      vertex 28.9247 6.85469 0
    endloop
  endfacet
  facet normal 0 1 0
    outer loop
      vertex 24.7398 6.85469 0
      vertex 24.7398 6.85469 2.4
      vertex 28.9247 6.85469 2.4
    endloop
  endfacet
  facet normal -0.544411 0.838819 0
    outer loop
      vertex 5.69696 -5.50451 0
      vertex 24.7398 6.85469 2.4
      vertex 24.7398 6.85469 0
    endloop
  endfacet
  facet normal -0.544411 0.838819 0
    outer loop
      vertex 5.69696 -5.50451 0
      vertex 5.69696 -5.50451 2.4
      vertex 24.7398 6.85469 2.4
    endloop
  endfacet
  facet normal -0.575588 0.81774 0
    outer loop
      vertex 5.69051 -5.50905 0
      vertex 5.69696 -5.50451 2.4
      vertex 5.69696 -5.50451 0
    endloop
  endfacet
  facet normal -0.575588 0.81774 0
    outer loop
      vertex 5.69051 -5.50905 0
      vertex 5.69051 -5.50905 2.4
      vertex 5.69696 -5.50451 2.4
    endloop
  endfacet
  facet normal -0.5611 0.827748 0
    outer loop
      vertex 5.68396 -5.51349 0
      vertex 5.69051 -5.50905 2.4
      vertex 5.69051 -5.50905 0
    endloop
  endfacet
  facet normal -0.5611 0.827748 0
    outer loop
      vertex 5.68396 -5.51349 0
      vertex 5.68396 -5.51349 2.4
      vertex 5.69051 -5.50905 2.4
    endloop
  endfacet
  facet normal -0.545077 0.838386 0
    outer loop
      vertex 5.6773 -5.51782 0
      vertex 5.68396 -5.51349 2.4
      vertex 5.68396 -5.51349 0
    endloop
  endfacet
  facet normal -0.545077 0.838386 0
    outer loop
      vertex 5.6773 -5.51782 0
      vertex 5.6773 -5.51782 2.4
      vertex 5.68396 -5.51349 2.4
    endloop
  endfacet
  facet normal -0.529773 0.84814 0
    outer loop
      vertex 5.67056 -5.52203 0
      vertex 5.6773 -5.51782 2.4
      vertex 5.6773 -5.51782 0
    endloop
  endfacet
  facet normal -0.529773 0.84814 0
    outer loop
      vertex 5.67056 -5.52203 0
      vertex 5.67056 -5.52203 2.4
      vertex 5.6773 -5.51782 2.4
    endloop
  endfacet
  facet normal -0.511528 0.859267 0
    outer loop
      vertex 5.66374 -5.52609 0
      vertex 5.67056 -5.52203 2.4
      vertex 5.67056 -5.52203 0
    endloop
  endfacet
  facet normal -0.511528 0.859267 0
    outer loop
      vertex 5.66374 -5.52609 0
      vertex 5.66374 -5.52609 2.4
      vertex 5.67056 -5.52203 2.4
    endloop
  endfacet
  facet normal -0.494786 0.869015 0
    outer loop
      vertex 5.65682 -5.53003 0
      vertex 5.66374 -5.52609 2.4
      vertex 5.66374 -5.52609 0
    endloop
  endfacet
  facet normal -0.494786 0.869015 0
    outer loop
      vertex 5.65682 -5.53003 0
      vertex 5.65682 -5.53003 2.4
      vertex 5.66374 -5.52609 2.4
    endloop
  endfacet
  facet normal -0.475149 0.879905 0
    outer loop
      vertex 5.64982 -5.53381 0
      vertex 5.65682 -5.53003 2.4
      vertex 5.65682 -5.53003 0
    endloop
  endfacet
  facet normal -0.475149 0.879905 0
    outer loop
      vertex 5.64982 -5.53381 0
      vertex 5.64982 -5.53381 2.4
      vertex 5.65682 -5.53003 2.4
    endloop
  endfacet
  facet normal -0.456698 0.889622 0
    outer loop
      vertex 5.64271 -5.53746 0
      vertex 5.64982 -5.53381 2.4
      vertex 5.64982 -5.53381 0
    endloop
  endfacet
  facet normal -0.456698 0.889622 0
    outer loop
      vertex 5.64271 -5.53746 0
      vertex 5.64271 -5.53746 2.4
      vertex 5.64982 -5.53381 2.4
    endloop
  endfacet
  facet normal -0.433627 0.901092 0
    outer loop
      vertex 5.63552 -5.54092 0
      vertex 5.64271 -5.53746 2.4
      vertex 5.64271 -5.53746 0
    endloop
  endfacet
  facet normal -0.433627 0.901092 0
    outer loop
      vertex 5.63552 -5.54092 0
      vertex 5.63552 -5.54092 2.4
      vertex 5.64271 -5.53746 2.4
    endloop
  endfacet
  facet normal -0.41239 0.911007 0
    outer loop
      vertex 5.62823 -5.54422 0
      vertex 5.63552 -5.54092 2.4
      vertex 5.63552 -5.54092 0
    endloop
  endfacet
  facet normal -0.41239 0.911007 0
    outer loop
      vertex 5.62823 -5.54422 0
      vertex 5.62823 -5.54422 2.4
      vertex 5.63552 -5.54092 2.4
    endloop
  endfacet
  facet normal -0.389396 0.921071 0
    outer loop
      vertex 5.62085 -5.54734 0
      vertex 5.62823 -5.54422 2.4
      vertex 5.62823 -5.54422 0
    endloop
  endfacet
  facet normal -0.389396 0.921071 0
    outer loop
      vertex 5.62085 -5.54734 0
      vertex 5.62085 -5.54734 2.4
      vertex 5.62823 -5.54422 2.4
    endloop
  endfacet
  facet normal -0.365151 0.930948 0
    outer loop
      vertex 5.61338 -5.55027 0
      vertex 5.62085 -5.54734 2.4
      vertex 5.62085 -5.54734 0
    endloop
  endfacet
  facet normal -0.365151 0.930948 0
    outer loop
      vertex 5.61338 -5.55027 0
      vertex 5.61338 -5.55027 2.4
      vertex 5.62085 -5.54734 2.4
    endloop
  endfacet
  facet normal -0.339644 0.940554 0
    outer loop
      vertex 5.60582 -5.553 0
      vertex 5.61338 -5.55027 2.4
      vertex 5.61338 -5.55027 0
    endloop
  endfacet
  facet normal -0.339644 0.940554 0
    outer loop
      vertex 5.60582 -5.553 0
      vertex 5.60582 -5.553 2.4
      vertex 5.61338 -5.55027 2.4
    endloop
  endfacet
  facet normal -0.312121 0.950042 0
    outer loop
      vertex 5.59818 -5.55551 0
      vertex 5.60582 -5.553 2.4
      vertex 5.60582 -5.553 0
    endloop
  endfacet
  facet normal -0.312121 0.950042 0
    outer loop
      vertex 5.59818 -5.55551 0
      vertex 5.59818 -5.55551 2.4
      vertex 5.60582 -5.553 2.4
    endloop
  endfacet
  facet normal -0.281428 0.959582 0
    outer loop
      vertex 5.59044 -5.55778 0
      vertex 5.59818 -5.55551 2.4
      vertex 5.59818 -5.55551 0
    endloop
  endfacet
  facet normal -0.281428 0.959582 0
    outer loop
      vertex 5.59044 -5.55778 0
      vertex 5.59044 -5.55778 2.4
      vertex 5.59818 -5.55551 2.4
    endloop
  endfacet
  facet normal -0.253826 0.96725 0
    outer loop
      vertex 5.58259 -5.55984 0
      vertex 5.59044 -5.55778 2.4
      vertex 5.59044 -5.55778 0
    endloop
  endfacet
  facet normal -0.253826 0.96725 0
    outer loop
      vertex 5.58259 -5.55984 0
      vertex 5.58259 -5.55984 2.4
      vertex 5.59044 -5.55778 2.4
    endloop
  endfacet
  facet normal -0.223692 0.97466 0
    outer loop
      vertex 5.57466 -5.56166 0
      vertex 5.58259 -5.55984 2.4
      vertex 5.58259 -5.55984 0
    endloop
  endfacet
  facet normal -0.223692 0.97466 0
    outer loop
      vertex 5.57466 -5.56166 0
      vertex 5.57466 -5.56166 2.4
      vertex 5.58259 -5.55984 2.4
    endloop
  endfacet
  facet normal -0.194937 0.980816 0
    outer loop
      vertex 5.56666 -5.56325 0
      vertex 5.57466 -5.56166 2.4
      vertex 5.57466 -5.56166 0
    endloop
  endfacet
  facet normal -0.194937 0.980816 0
    outer loop
      vertex 5.56666 -5.56325 0
      vertex 5.56666 -5.56325 2.4
      vertex 5.57466 -5.56166 2.4
    endloop
  endfacet
  facet normal -0.160455 0.987043 0
    outer loop
      vertex 5.55854 -5.56457 0
      vertex 5.56666 -5.56325 2.4
      vertex 5.56666 -5.56325 0
    endloop
  endfacet
  facet normal -0.160455 0.987043 0
    outer loop
      vertex 5.55854 -5.56457 0
      vertex 5.55854 -5.56457 2.4
      vertex 5.56666 -5.56325 2.4
    endloop
  endfacet
  facet normal -0.124481 0.992222 0
    outer loop
      vertex 5.55033 -5.5656 0
      vertex 5.55854 -5.56457 2.4
      vertex 5.55854 -5.56457 0
    endloop
  endfacet
  facet normal -0.124481 0.992222 0
    outer loop
      vertex 5.55033 -5.5656 0
      vertex 5.55033 -5.5656 2.4
      vertex 5.55854 -5.56457 2.4
    endloop
  endfacet
  facet normal 0.050799 0.998709 0
    outer loop
      vertex 5.5405 -5.5651 0
      vertex 5.55033 -5.5656 2.4
      vertex 5.55033 -5.5656 0
    endloop
  endfacet
  facet normal 0.050799 0.998709 -0
    outer loop
      vertex 5.5405 -5.5651 0
      vertex 5.5405 -5.5651 2.4
      vertex 5.55033 -5.5656 2.4
    endloop
  endfacet
  facet normal 0.15537 0.987856 0
    outer loop
      vertex 5.53109 -5.56362 0
      vertex 5.5405 -5.5651 2.4
      vertex 5.5405 -5.5651 0
    endloop
  endfacet
  facet normal 0.15537 0.987856 -0
    outer loop
      vertex 5.53109 -5.56362 0
      vertex 5.53109 -5.56362 2.4
      vertex 5.5405 -5.5651 2.4
    endloop
  endfacet
  facet normal 0.269149 0.963099 0
    outer loop
      vertex 5.52218 -5.56113 0
      vertex 5.53109 -5.56362 2.4
      vertex 5.53109 -5.56362 0
    endloop
  endfacet
  facet normal 0.269149 0.963099 -0
    outer loop
      vertex 5.52218 -5.56113 0
      vertex 5.52218 -5.56113 2.4
      vertex 5.53109 -5.56362 2.4
    endloop
  endfacet
  facet normal 0.376112 0.926574 0
    outer loop
      vertex 5.51373 -5.5577 0
      vertex 5.52218 -5.56113 2.4
      vertex 5.52218 -5.56113 0
    endloop
  endfacet
  facet normal 0.376112 0.926574 -0
    outer loop
      vertex 5.51373 -5.5577 0
      vertex 5.51373 -5.5577 2.4
      vertex 5.52218 -5.56113 2.4
    endloop
  endfacet
  facet normal 0.483686 0.875242 0
    outer loop
      vertex 5.50575 -5.55329 0
      vertex 5.51373 -5.5577 2.4
      vertex 5.51373 -5.5577 0
    endloop
  endfacet
  facet normal 0.483686 0.875242 -0
    outer loop
      vertex 5.50575 -5.55329 0
      vertex 5.50575 -5.55329 2.4
      vertex 5.51373 -5.5577 2.4
    endloop
  endfacet
  facet normal 0.579588 0.81491 0
    outer loop
      vertex 5.49827 -5.54797 0
      vertex 5.50575 -5.55329 2.4
      vertex 5.50575 -5.55329 0
    endloop
  endfacet
  facet normal 0.579588 0.81491 -0
    outer loop
      vertex 5.49827 -5.54797 0
      vertex 5.49827 -5.54797 2.4
      vertex 5.50575 -5.55329 2.4
    endloop
  endfacet
  facet normal 0.666608 0.745408 0
    outer loop
      vertex 5.49127 -5.54171 0
      vertex 5.49827 -5.54797 2.4
      vertex 5.49827 -5.54797 0
    endloop
  endfacet
  facet normal 0.666608 0.745408 -0
    outer loop
      vertex 5.49127 -5.54171 0
      vertex 5.49127 -5.54171 2.4
      vertex 5.49827 -5.54797 2.4
    endloop
  endfacet
  facet normal 0.740266 0.672314 0
    outer loop
      vertex 5.48474 -5.53452 0
      vertex 5.49127 -5.54171 2.4
      vertex 5.49127 -5.54171 0
    endloop
  endfacet
  facet normal 0.740266 0.672314 -0
    outer loop
      vertex 5.48474 -5.53452 0
      vertex 5.48474 -5.53452 2.4
      vertex 5.49127 -5.54171 2.4
    endloop
  endfacet
  facet normal 0.802145 0.59713 0
    outer loop
      vertex 5.47874 -5.52646 0
      vertex 5.48474 -5.53452 2.4
      vertex 5.48474 -5.53452 0
    endloop
  endfacet
  facet normal 0.802145 0.59713 -0
    outer loop
      vertex 5.47874 -5.52646 0
      vertex 5.47874 -5.52646 2.4
      vertex 5.48474 -5.53452 2.4
    endloop
  endfacet
  facet normal 0.851135 0.524946 0
    outer loop
      vertex 5.47322 -5.51751 0
      vertex 5.47874 -5.52646 2.4
      vertex 5.47874 -5.52646 0
    endloop
  endfacet
  facet normal 0.851135 0.524946 -0
    outer loop
      vertex 5.47322 -5.51751 0
      vertex 5.47322 -5.51751 2.4
      vertex 5.47874 -5.52646 2.4
    endloop
  endfacet
  facet normal 0.89059 0.454808 0
    outer loop
      vertex 5.4682 -5.50768 0
      vertex 5.47322 -5.51751 2.4
      vertex 5.47322 -5.51751 0
    endloop
  endfacet
  facet normal 0.89059 0.454808 -0
    outer loop
      vertex 5.4682 -5.50768 0
      vertex 5.4682 -5.50768 2.4
      vertex 5.47322 -5.51751 2.4
    endloop
  endfacet
  facet normal 0.92092 0.389753 0
    outer loop
      vertex 5.46368 -5.497 0
      vertex 5.4682 -5.50768 2.4
      vertex 5.4682 -5.50768 0
    endloop
  endfacet
  facet normal 0.92092 0.389753 -0
    outer loop
      vertex 5.46368 -5.497 0
      vertex 5.46368 -5.497 2.4
      vertex 5.4682 -5.50768 2.4
    endloop
  endfacet
  facet normal 0.94519 0.32652 0
    outer loop
      vertex 5.45969 -5.48545 0
      vertex 5.46368 -5.497 2.4
      vertex 5.46368 -5.497 0
    endloop
  endfacet
  facet normal 0.94519 0.32652 -0
    outer loop
      vertex 5.45969 -5.48545 0
      vertex 5.45969 -5.48545 2.4
      vertex 5.46368 -5.497 2.4
    endloop
  endfacet
  facet normal 0.962256 0.272145 0
    outer loop
      vertex 5.4562 -5.47311 0
      vertex 5.45969 -5.48545 2.4
      vertex 5.45969 -5.48545 0
    endloop
  endfacet
  facet normal 0.962256 0.272145 -0
    outer loop
      vertex 5.4562 -5.47311 0
      vertex 5.4562 -5.47311 2.4
      vertex 5.45969 -5.48545 2.4
    endloop
  endfacet
  facet normal 0.97617 0.217009 0
    outer loop
      vertex 5.45327 -5.45993 0
      vertex 5.4562 -5.47311 2.4
      vertex 5.4562 -5.47311 0
    endloop
  endfacet
  facet normal 0.97617 0.217009 -0
    outer loop
      vertex 5.45327 -5.45993 0
      vertex 5.45327 -5.45993 2.4
      vertex 5.4562 -5.47311 2.4
    endloop
  endfacet
  facet normal 0.985186 0.17149 0
    outer loop
      vertex 5.45084 -5.44597 0
      vertex 5.45327 -5.45993 2.4
      vertex 5.45327 -5.45993 0
    endloop
  endfacet
  facet normal 0.985186 0.17149 -0
    outer loop
      vertex 5.45084 -5.44597 0
      vertex 5.45084 -5.44597 2.4
      vertex 5.45327 -5.45993 2.4
    endloop
  endfacet
  facet normal 0.991742 0.128248 0
    outer loop
      vertex 5.44893 -5.4312 0
      vertex 5.45084 -5.44597 2.4
      vertex 5.45084 -5.44597 0
    endloop
  endfacet
  facet normal 0.991742 0.128248 -0
    outer loop
      vertex 5.44893 -5.4312 0
      vertex 5.44893 -5.4312 2.4
      vertex 5.45084 -5.44597 2.4
    endloop
  endfacet
  facet normal 0.996303 0.0859103 0
    outer loop
      vertex 5.44759 -5.41566 0
      vertex 5.44893 -5.4312 2.4
      vertex 5.44893 -5.4312 0
    endloop
  endfacet
  facet normal 0.996303 0.0859103 -0
    outer loop
      vertex 5.44759 -5.41566 0
      vertex 5.44759 -5.41566 2.4
      vertex 5.44893 -5.4312 2.4
    endloop
  endfacet
  facet normal 0.998732 0.0503356 0
    outer loop
      vertex 5.44677 -5.39939 0
      vertex 5.44759 -5.41566 2.4
      vertex 5.44759 -5.41566 0
    endloop
  endfacet
  facet normal 0.998732 0.0503356 -0
    outer loop
      vertex 5.44677 -5.39939 0
      vertex 5.44677 -5.39939 2.4
      vertex 5.44759 -5.41566 2.4
    endloop
  endfacet
  facet normal 0.999855 0.0170063 0
    outer loop
      vertex 5.44648 -5.38234 0
      vertex 5.44677 -5.39939 2.4
      vertex 5.44677 -5.39939 0
    endloop
  endfacet
  facet normal 0.999855 0.0170063 -0
    outer loop
      vertex 5.44648 -5.38234 0
      vertex 5.44648 -5.38234 2.4
      vertex 5.44677 -5.39939 2.4
    endloop
  endfacet
  facet normal 0 1 0
    outer loop
      vertex 5.44037 -5.38234 0
      vertex 5.44648 -5.38234 2.4
      vertex 5.44648 -5.38234 0
    endloop
  endfacet
  facet normal 0 1 0
    outer loop
      vertex 5.44037 -5.38234 0
      vertex 5.44037 -5.38234 2.4
      vertex 5.44648 -5.38234 2.4
    endloop
  endfacet
  facet normal 1 -0.000531125 0
    outer loop
      vertex 5.44648 6.12155 0
      vertex 5.44037 -5.38234 2.4
      vertex 5.44037 -5.38234 0
    endloop
  endfacet
  facet normal 1 -0.000531125 0
    outer loop
      vertex 5.44648 6.12155 0
      vertex 5.44648 6.12155 2.4
      vertex 5.44037 -5.38234 2.4
    endloop
  endfacet
  facet normal 0.999418 0.0341203 0
    outer loop
      vertex 5.44325 6.21616 0
      vertex 5.44648 6.12155 2.4
      vertex 5.44648 6.12155 0
    endloop
  endfacet
  facet normal 0.999418 0.0341203 -0
    outer loop
      vertex 5.44325 6.21616 0
      vertex 5.44325 6.21616 2.4
      vertex 5.44648 6.12155 2.4
    endloop
  endfacet
  facet normal 0.994553 0.104231 0
    outer loop
      vertex 5.43369 6.30738 0
      vertex 5.44325 6.21616 2.4
      vertex 5.44325 6.21616 0
    endloop
  endfacet
  facet normal 0.994553 0.104231 -0
    outer loop
      vertex 5.43369 6.30738 0
      vertex 5.43369 6.30738 2.4
      vertex 5.44325 6.21616 2.4
    endloop
  endfacet
  facet normal 0.984293 0.176544 0
    outer loop
      vertex 5.41796 6.39508 0
      vertex 5.43369 6.30738 2.4
      vertex 5.43369 6.30738 0
    endloop
  endfacet
  facet normal 0.984293 0.176544 -0
    outer loop
      vertex 5.41796 6.39508 0
      vertex 5.41796 6.39508 2.4
      vertex 5.43369 6.30738 2.4
    endloop
  endfacet
  facet normal 0.968158 0.250338 0
    outer loop
      vertex 5.39624 6.47908 0
      vertex 5.41796 6.39508 2.4
      vertex 5.41796 6.39508 0
    endloop
  endfacet
  facet normal 0.968158 0.250338 -0
    outer loop
      vertex 5.39624 6.47908 0
      vertex 5.39624 6.47908 2.4
      vertex 5.41796 6.39508 2.4
    endloop
  endfacet
  facet normal 0.945656 0.325169 0
    outer loop
      vertex 5.36868 6.55923 0
      vertex 5.39624 6.47908 2.4
      vertex 5.39624 6.47908 0
    endloop
  endfacet
  facet normal 0.945656 0.325169 -0
    outer loop
      vertex 5.36868 6.55923 0
      vertex 5.36868 6.55923 2.4
      vertex 5.39624 6.47908 2.4
    endloop
  endfacet
  facet normal 0.916599 0.399808 0
    outer loop
      vertex 5.33546 6.63539 0
      vertex 5.36868 6.55923 2.4
      vertex 5.36868 6.55923 0
    endloop
  endfacet
  facet normal 0.916599 0.399808 -0
    outer loop
      vertex 5.33546 6.63539 0
      vertex 5.33546 6.63539 2.4
      vertex 5.36868 6.55923 2.4
    endloop
  endfacet
  facet normal 0.880718 0.47364 0
    outer loop
      vertex 5.29675 6.70737 0
      vertex 5.33546 6.63539 2.4
      vertex 5.33546 6.63539 0
    endloop
  endfacet
  facet normal 0.880718 0.47364 -0
    outer loop
      vertex 5.29675 6.70737 0
      vertex 5.29675 6.70737 2.4
      vertex 5.33546 6.63539 2.4
    endloop
  endfacet
  facet normal 0.838175 0.545402 0
    outer loop
      vertex 5.25273 6.77502 0
      vertex 5.29675 6.70737 2.4
      vertex 5.29675 6.70737 0
    endloop
  endfacet
  facet normal 0.838175 0.545402 -0
    outer loop
      vertex 5.25273 6.77502 0
      vertex 5.25273 6.77502 2.4
      vertex 5.29675 6.70737 2.4
    endloop
  endfacet
  facet normal 0.78915 0.6142 0
    outer loop
      vertex 5.20358 6.83817 0
      vertex 5.25273 6.77502 2.4
      vertex 5.25273 6.77502 0
    endloop
  endfacet
  facet normal 0.78915 0.6142 -0
    outer loop
      vertex 5.20358 6.83817 0
      vertex 5.20358 6.83817 2.4
      vertex 5.25273 6.77502 2.4
    endloop
  endfacet
  facet normal 0.733798 0.679368 0
    outer loop
      vertex 5.14941 6.89668 0
      vertex 5.20358 6.83817 2.4
      vertex 5.20358 6.83817 0
    endloop
  endfacet
  facet normal 0.733798 0.679368 -0
    outer loop
      vertex 5.14941 6.89668 0
      vertex 5.14941 6.89668 2.4
      vertex 5.20358 6.83817 2.4
    endloop
  endfacet
  facet normal 0.67329 0.739378 0
    outer loop
      vertex 5.09045 6.95037 0
      vertex 5.14941 6.89668 2.4
      vertex 5.14941 6.89668 0
    endloop
  endfacet
  facet normal 0.67329 0.739378 -0
    outer loop
      vertex 5.09045 6.95037 0
      vertex 5.09045 6.95037 2.4
      vertex 5.14941 6.89668 2.4
    endloop
  endfacet
  facet normal 0.608196 0.793787 0
    outer loop
      vertex 5.02685 6.9991 0
      vertex 5.09045 6.95037 2.4
      vertex 5.09045 6.95037 0
    endloop
  endfacet
  facet normal 0.608196 0.793787 -0
    outer loop
      vertex 5.02685 6.9991 0
      vertex 5.02685 6.9991 2.4
      vertex 5.09045 6.95037 2.4
    endloop
  endfacet
  facet normal 0.539194 0.842182 0
    outer loop
      vertex 4.95875 7.0427 0
      vertex 5.02685 6.9991 2.4
      vertex 5.02685 6.9991 0
    endloop
  endfacet
  facet normal 0.539194 0.842182 -0
    outer loop
      vertex 4.95875 7.0427 0
      vertex 4.95875 7.0427 2.4
      vertex 5.02685 6.9991 2.4
    endloop
  endfacet
  facet normal 0.467899 0.883782 0
    outer loop
      vertex 4.88637 7.08102 0
      vertex 4.95875 7.0427 2.4
      vertex 4.95875 7.0427 0
    endloop
  endfacet
  facet normal 0.467899 0.883782 -0
    outer loop
      vertex 4.88637 7.08102 0
      vertex 4.88637 7.08102 2.4
      vertex 4.95875 7.0427 2.4
    endloop
  endfacet
  facet normal 0.394572 0.918865 0
    outer loop
      vertex 4.80987 7.11387 0
      vertex 4.88637 7.08102 2.4
      vertex 4.88637 7.08102 0
    endloop
  endfacet
  facet normal 0.394572 0.918865 -0
    outer loop
      vertex 4.80987 7.11387 0
      vertex 4.80987 7.11387 2.4
      vertex 4.88637 7.08102 2.4
    endloop
  endfacet
  facet normal 0.32025 0.947333 0
    outer loop
      vertex 4.72938 7.14108 0
      vertex 4.80987 7.11387 2.4
      vertex 4.80987 7.11387 0
    endloop
  endfacet
  facet normal 0.32025 0.947333 -0
    outer loop
      vertex 4.72938 7.14108 0
      vertex 4.72938 7.14108 2.4
      vertex 4.80987 7.11387 2.4
    endloop
  endfacet
  facet normal 0.247105 0.968989 0
    outer loop
      vertex 4.64511 7.16257 0
      vertex 4.72938 7.14108 2.4
      vertex 4.72938 7.14108 0
    endloop
  endfacet
  facet normal 0.247105 0.968989 -0
    outer loop
      vertex 4.64511 7.16257 0
      vertex 4.64511 7.16257 2.4
      vertex 4.72938 7.14108 2.4
    endloop
  endfacet
  facet normal 0.173785 0.984784 0
    outer loop
      vertex 4.55722 7.17808 0
      vertex 4.64511 7.16257 2.4
      vertex 4.64511 7.16257 0
    endloop
  endfacet
  facet normal 0.173785 0.984784 -0
    outer loop
      vertex 4.55722 7.17808 0
      vertex 4.55722 7.17808 2.4
      vertex 4.64511 7.16257 2.4
    endloop
  endfacet
  facet normal 0.102684 0.994714 0
    outer loop
      vertex 4.46587 7.18751 0
      vertex 4.55722 7.17808 2.4
      vertex 4.55722 7.17808 0
    endloop
  endfacet
  facet normal 0.102684 0.994714 -0
    outer loop
      vertex 4.46587 7.18751 0
      vertex 4.46587 7.18751 2.4
      vertex 4.55722 7.17808 2.4
    endloop
  endfacet
  facet normal 0.0337966 0.999429 0
    outer loop
      vertex 4.37124 7.19071 0
      vertex 4.46587 7.18751 2.4
      vertex 4.46587 7.18751 0
    endloop
  endfacet
  facet normal 0.0337966 0.999429 -0
    outer loop
      vertex 4.37124 7.19071 0
      vertex 4.37124 7.19071 2.4
      vertex 4.46587 7.18751 2.4
    endloop
  endfacet
  facet normal 0 1 0
    outer loop
      vertex -4.91496 7.19071 0
      vertex 4.37124 7.19071 2.4
      vertex 4.37124 7.19071 0
    endloop
  endfacet
  facet normal 0 1 0
    outer loop
      vertex -4.91496 7.19071 0
      vertex -4.91496 7.19071 2.4
      vertex 4.37124 7.19071 2.4
    endloop
  endfacet
  facet normal 0.0292485 0.999572 0
    outer loop
      vertex -4.97545 7.19248 0
      vertex -4.91496 7.19071 2.4
      vertex -4.91496 7.19071 0
    endloop
  endfacet
  facet normal 0.0292485 0.999572 -0
    outer loop
      vertex -4.97545 7.19248 0
      vertex -4.97545 7.19248 2.4
      vertex -4.91496 7.19071 2.4
    endloop
  endfacet
  facet normal -0.00182089 0.999998 0
    outer loop
      vertex -5.03586 7.19237 0
      vertex -4.97545 7.19248 2.4
      vertex -4.97545 7.19248 0
    endloop
  endfacet
  facet normal -0.00182089 0.999998 0
    outer loop
      vertex -5.03586 7.19237 0
      vertex -5.03586 7.19237 2.4
      vertex -4.97545 7.19248 2.4
    endloop
  endfacet
  facet normal -0.0336459 0.999434 0
    outer loop
      vertex -5.09616 7.19034 0
      vertex -5.03586 7.19237 2.4
      vertex -5.03586 7.19237 0
    endloop
  endfacet
  facet normal -0.0336459 0.999434 0
    outer loop
      vertex -5.09616 7.19034 0
      vertex -5.09616 7.19034 2.4
      vertex -5.03586 7.19237 2.4
    endloop
  endfacet
  facet normal -0.0653737 0.997861 0
    outer loop
      vertex -5.1563 7.1864 0
      vertex -5.09616 7.19034 2.4
      vertex -5.09616 7.19034 0
    endloop
  endfacet
  facet normal -0.0653737 0.997861 0
    outer loop
      vertex -5.1563 7.1864 0
      vertex -5.1563 7.1864 2.4
      vertex -5.09616 7.19034 2.4
    endloop
  endfacet
  facet normal -0.0964781 0.995335 0
    outer loop
      vertex -5.21624 7.18059 0
      vertex -5.1563 7.1864 2.4
      vertex -5.1563 7.1864 0
    endloop
  endfacet
  facet normal -0.0964781 0.995335 0
    outer loop
      vertex -5.21624 7.18059 0
      vertex -5.21624 7.18059 2.4
      vertex -5.1563 7.1864 2.4
    endloop
  endfacet
  facet normal -0.127882 0.991789 0
    outer loop
      vertex -5.27588 7.1729 0
      vertex -5.21624 7.18059 2.4
      vertex -5.21624 7.18059 0
    endloop
  endfacet
  facet normal -0.127882 0.991789 0
    outer loop
      vertex -5.27588 7.1729 0
      vertex -5.27588 7.1729 2.4
      vertex -5.21624 7.18059 2.4
    endloop
  endfacet
  facet normal -0.159269 0.987235 0
    outer loop
      vertex -5.3352 7.16333 0
      vertex -5.27588 7.1729 2.4
      vertex -5.27588 7.1729 0
    endloop
  endfacet
  facet normal -0.159269 0.987235 0
    outer loop
      vertex -5.3352 7.16333 0
      vertex -5.3352 7.16333 2.4
      vertex -5.27588 7.1729 2.4
    endloop
  endfacet
  facet normal -0.190571 0.981673 0
    outer loop
      vertex -5.39413 7.15189 0
      vertex -5.3352 7.16333 2.4
      vertex -5.3352 7.16333 0
    endloop
  endfacet
  facet normal -0.190571 0.981673 0
    outer loop
      vertex -5.39413 7.15189 0
      vertex -5.39413 7.15189 2.4
      vertex -5.3352 7.16333 2.4
    endloop
  endfacet
  facet normal -0.221059 0.97526 0
    outer loop
      vertex -5.45263 7.13863 0
      vertex -5.39413 7.15189 2.4
      vertex -5.39413 7.15189 0
    endloop
  endfacet
  facet normal -0.221059 0.97526 0
    outer loop
      vertex -5.45263 7.13863 0
      vertex -5.45263 7.13863 2.4
      vertex -5.39413 7.15189 2.4
    endloop
  endfacet
  facet normal -0.252218 0.96767 0
    outer loop
      vertex -5.51064 7.12351 0
      vertex -5.45263 7.13863 2.4
      vertex -5.45263 7.13863 0
    endloop
  endfacet
  facet normal -0.252218 0.96767 0
    outer loop
      vertex -5.51064 7.12351 0
      vertex -5.51064 7.12351 2.4
      vertex -5.45263 7.13863 2.4
    endloop
  endfacet
  facet normal -0.283179 0.959067 0
    outer loop
      vertex -5.56808 7.10655 0
      vertex -5.51064 7.12351 2.4
      vertex -5.51064 7.12351 0
    endloop
  endfacet
  facet normal -0.283179 0.959067 0
    outer loop
      vertex -5.56808 7.10655 0
      vertex -5.56808 7.10655 2.4
      vertex -5.51064 7.12351 2.4
    endloop
  endfacet
  facet normal -0.31357 0.949565 0
    outer loop
      vertex -5.62492 7.08778 0
      vertex -5.56808 7.10655 2.4
      vertex -5.56808 7.10655 0
    endloop
  endfacet
  facet normal -0.31357 0.949565 0
    outer loop
      vertex -5.62492 7.08778 0
      vertex -5.62492 7.08778 2.4
      vertex -5.56808 7.10655 2.4
    endloop
  endfacet
  facet normal -0.344412 0.938819 0
    outer loop
      vertex -5.6811 7.06717 0
      vertex -5.62492 7.08778 2.4
      vertex -5.62492 7.08778 0
    endloop
  endfacet
  facet normal -0.344412 0.938819 0
    outer loop
      vertex -5.6811 7.06717 0
      vertex -5.6811 7.06717 2.4
      vertex -5.62492 7.08778 2.4
    endloop
  endfacet
  facet normal -0.374156 0.927366 0
    outer loop
      vertex -5.73657 7.04479 0
      vertex -5.6811 7.06717 2.4
      vertex -5.6811 7.06717 0
    endloop
  endfacet
  facet normal -0.374156 0.927366 0
    outer loop
      vertex -5.73657 7.04479 0
      vertex -5.73657 7.04479 2.4
      vertex -5.6811 7.06717 2.4
    endloop
  endfacet
  facet normal -0.404587 0.9145 0
    outer loop
      vertex -5.79127 7.02059 0
      vertex -5.73657 7.04479 2.4
      vertex -5.73657 7.04479 0
    endloop
  endfacet
  facet normal -0.404587 0.9145 0
    outer loop
      vertex -5.79127 7.02059 0
      vertex -5.79127 7.02059 2.4
      vertex -5.73657 7.04479 2.4
    endloop
  endfacet
  facet normal -0.434328 0.900755 0
    outer loop
      vertex -5.84515 6.99461 0
      vertex -5.79127 7.02059 2.4
      vertex -5.79127 7.02059 0
    endloop
  endfacet
  facet normal -0.434328 0.900755 0
    outer loop
      vertex -5.84515 6.99461 0
      vertex -5.84515 6.99461 2.4
      vertex -5.79127 7.02059 2.4
    endloop
  endfacet
  facet normal -0.463782 0.885949 0
    outer loop
      vertex -5.89816 6.96686 0
      vertex -5.84515 6.99461 2.4
      vertex -5.84515 6.99461 0
    endloop
  endfacet
  facet normal -0.463782 0.885949 0
    outer loop
      vertex -5.89816 6.96686 0
      vertex -5.89816 6.96686 2.4
      vertex -5.84515 6.99461 2.4
    endloop
  endfacet
  facet normal -0.493131 0.869955 0
    outer loop
      vertex -5.95022 6.93735 0
      vertex -5.89816 6.96686 2.4
      vertex -5.89816 6.96686 0
    endloop
  endfacet
  facet normal -0.493131 0.869955 0
    outer loop
      vertex -5.95022 6.93735 0
      vertex -5.95022 6.93735 2.4
      vertex -5.89816 6.96686 2.4
    endloop
  endfacet
  facet normal -0.522578 0.852592 0
    outer loop
      vertex -6.00127 6.90606 0
      vertex -5.95022 6.93735 2.4
      vertex -5.95022 6.93735 0
    endloop
  endfacet
  facet normal -0.522578 0.852592 0
    outer loop
      vertex -6.00127 6.90606 0
      vertex -6.00127 6.90606 2.4
      vertex -5.95022 6.93735 2.4
    endloop
  endfacet
  facet normal -0.550807 0.834632 0
    outer loop
      vertex -6.05132 6.87303 0
      vertex -6.00127 6.90606 2.4
      vertex -6.00127 6.90606 0
    endloop
  endfacet
  facet normal -0.550807 0.834632 0
    outer loop
      vertex -6.05132 6.87303 0
      vertex -6.05132 6.87303 2.4
      vertex -6.00127 6.90606 2.4
    endloop
  endfacet
  facet normal -0.512587 0.858635 0
    outer loop
      vertex -23.4385 -3.50675 0
      vertex -6.05132 6.87303 2.4
      vertex -6.05132 6.87303 0
    endloop
  endfacet
  facet normal -0.512587 0.858635 0
    outer loop
      vertex -23.4385 -3.50675 0
      vertex -23.4385 -3.50675 2.4
      vertex -6.05132 6.87303 2.4
    endloop
  endfacet
  facet normal -0.523776 0.851856 0
    outer loop
      vertex -23.4459 -3.5113 0
      vertex -23.4385 -3.50675 2.4
      vertex -23.4385 -3.50675 0
    endloop
  endfacet
  facet normal -0.523776 0.851856 0
    outer loop
      vertex -23.4459 -3.5113 0
      vertex -23.4459 -3.5113 2.4
      vertex -23.4385 -3.50675 2.4
    endloop
  endfacet
  facet normal -0.51965 0.854379 0
    outer loop
      vertex -23.4532 -3.51574 0
      vertex -23.4459 -3.5113 2.4
      vertex -23.4459 -3.5113 0
    endloop
  endfacet
  facet normal -0.51965 0.854379 0
    outer loop
      vertex -23.4532 -3.51574 0
      vertex -23.4532 -3.51574 2.4
      vertex -23.4459 -3.5113 2.4
    endloop
  endfacet
  facet normal -0.502417 0.864625 0
    outer loop
      vertex -23.4606 -3.52004 0
      vertex -23.4532 -3.51574 2.4
      vertex -23.4532 -3.51574 0
    endloop
  endfacet
  facet normal -0.502417 0.864625 0
    outer loop
      vertex -23.4606 -3.52004 0
      vertex -23.4606 -3.52004 2.4
      vertex -23.4532 -3.51574 2.4
    endloop
  endfacet
  facet normal -0.499585 0.866265 0
    outer loop
      vertex -23.4679 -3.52425 0
      vertex -23.4606 -3.52004 2.4
      vertex -23.4606 -3.52004 0
    endloop
  endfacet
  facet normal -0.499585 0.866265 0
    outer loop
      vertex -23.4679 -3.52425 0
      vertex -23.4679 -3.52425 2.4
      vertex -23.4606 -3.52004 2.4
    endloop
  endfacet
  facet normal -0.483734 0.875215 0
    outer loop
      vertex -23.4753 -3.52834 0
      vertex -23.4679 -3.52425 2.4
      vertex -23.4679 -3.52425 0
    endloop
  endfacet
  facet normal -0.483734 0.875215 0
    outer loop
      vertex -23.4753 -3.52834 0
      vertex -23.4753 -3.52834 2.4
      vertex -23.4679 -3.52425 2.4
    endloop
  endfacet
  facet normal -0.469969 0.882683 0
    outer loop
      vertex -23.4827 -3.53228 0
      vertex -23.4753 -3.52834 2.4
      vertex -23.4753 -3.52834 0
    endloop
  endfacet
  facet normal -0.469969 0.882683 0
    outer loop
      vertex -23.4827 -3.53228 0
      vertex -23.4827 -3.53228 2.4
      vertex -23.4753 -3.52834 2.4
    endloop
  endfacet
  facet normal -0.454899 0.890543 0
    outer loop
      vertex -23.4901 -3.53606 0
      vertex -23.4827 -3.53228 2.4
      vertex -23.4827 -3.53228 0
    endloop
  endfacet
  facet normal -0.454899 0.890543 0
    outer loop
      vertex -23.4901 -3.53606 0
      vertex -23.4901 -3.53606 2.4
      vertex -23.4827 -3.53228 2.4
    endloop
  endfacet
  facet normal -0.436627 0.899643 0
    outer loop
      vertex -23.4976 -3.5397 0
      vertex -23.4901 -3.53606 2.4
      vertex -23.4901 -3.53606 0
    endloop
  endfacet
  facet normal -0.436627 0.899643 0
    outer loop
      vertex -23.4976 -3.5397 0
      vertex -23.4976 -3.5397 2.4
      vertex -23.4901 -3.53606 2.4
    endloop
  endfacet
  facet normal -0.419902 0.907569 0
    outer loop
      vertex -23.5051 -3.54317 0
      vertex -23.4976 -3.5397 2.4
      vertex -23.4976 -3.5397 0
    endloop
  endfacet
  facet normal -0.419902 0.907569 0
    outer loop
      vertex -23.5051 -3.54317 0
      vertex -23.5051 -3.54317 2.4
      vertex -23.4976 -3.5397 2.4
    endloop
  endfacet
  facet normal -0.402739 0.915315 0
    outer loop
      vertex -23.5126 -3.54647 0
      vertex -23.5051 -3.54317 2.4
      vertex -23.5051 -3.54317 0
    endloop
  endfacet
  facet normal -0.402739 0.915315 0
    outer loop
      vertex -23.5126 -3.54647 0
      vertex -23.5126 -3.54647 2.4
      vertex -23.5051 -3.54317 2.4
    endloop
  endfacet
  facet normal -0.37977 0.925081 0
    outer loop
      vertex -23.5202 -3.54959 0
      vertex -23.5126 -3.54647 2.4
      vertex -23.5126 -3.54647 0
    endloop
  endfacet
  facet normal -0.37977 0.925081 0
    outer loop
      vertex -23.5202 -3.54959 0
      vertex -23.5202 -3.54959 2.4
      vertex -23.5126 -3.54647 2.4
    endloop
  endfacet
  facet normal -0.356506 0.934293 0
    outer loop
      vertex -23.5278 -3.55249 0
      vertex -23.5202 -3.54959 2.4
      vertex -23.5202 -3.54959 0
    endloop
  endfacet
  facet normal -0.356506 0.934293 0
    outer loop
      vertex -23.5278 -3.55249 0
      vertex -23.5278 -3.55249 2.4
      vertex -23.5202 -3.54959 2.4
    endloop
  endfacet
  facet normal -0.333076 0.9429 0
    outer loop
      vertex -23.5355 -3.55521 0
      vertex -23.5278 -3.55249 2.4
      vertex -23.5278 -3.55249 0
    endloop
  endfacet
  facet normal -0.333076 0.9429 0
    outer loop
      vertex -23.5355 -3.55521 0
      vertex -23.5355 -3.55521 2.4
      vertex -23.5278 -3.55249 2.4
    endloop
  endfacet
  facet normal -0.30743 0.951571 0
    outer loop
      vertex -23.5433 -3.55773 0
      vertex -23.5355 -3.55521 2.4
      vertex -23.5355 -3.55521 0
    endloop
  endfacet
  facet normal -0.30743 0.951571 0
    outer loop
      vertex -23.5433 -3.55773 0
      vertex -23.5433 -3.55773 2.4
      vertex -23.5355 -3.55521 2.4
    endloop
  endfacet
  facet normal -0.2817 0.959503 0
    outer loop
      vertex -23.5511 -3.56002 0
      vertex -23.5433 -3.55773 2.4
      vertex -23.5433 -3.55773 0
    endloop
  endfacet
  facet normal -0.2817 0.959503 0
    outer loop
      vertex -23.5511 -3.56002 0
      vertex -23.5511 -3.56002 2.4
      vertex -23.5433 -3.55773 2.4
    endloop
  endfacet
  facet normal -0.253469 0.967344 0
    outer loop
      vertex -23.559 -3.56209 0
      vertex -23.5511 -3.56002 2.4
      vertex -23.5511 -3.56002 0
    endloop
  endfacet
  facet normal -0.253469 0.967344 0
    outer loop
      vertex -23.559 -3.56209 0
      vertex -23.559 -3.56209 2.4
      vertex -23.5511 -3.56002 2.4
    endloop
  endfacet
  facet normal -0.224499 0.974474 0
    outer loop
      vertex -23.5669 -3.56391 0
      vertex -23.559 -3.56209 2.4
      vertex -23.559 -3.56209 0
    endloop
  endfacet
  facet normal -0.224499 0.974474 0
    outer loop
      vertex -23.5669 -3.56391 0
      vertex -23.5669 -3.56391 2.4
      vertex -23.559 -3.56209 2.4
    endloop
  endfacet
  facet normal -0.191453 0.981502 0
    outer loop
      vertex -23.575 -3.56549 0
      vertex -23.5669 -3.56391 2.4
      vertex -23.5669 -3.56391 0
    endloop
  endfacet
  facet normal -0.191453 0.981502 0
    outer loop
      vertex -23.575 -3.56549 0
      vertex -23.575 -3.56549 2.4
      vertex -23.5669 -3.56391 2.4
    endloop
  endfacet
  facet normal -0.158466 0.987364 0
    outer loop
      vertex -23.5831 -3.56679 0
      vertex -23.575 -3.56549 2.4
      vertex -23.575 -3.56549 0
    endloop
  endfacet
  facet normal -0.158466 0.987364 0
    outer loop
      vertex -23.5831 -3.56679 0
      vertex -23.5831 -3.56679 2.4
      vertex -23.575 -3.56549 2.4
    endloop
  endfacet
  facet normal -0.128202 0.991748 0
    outer loop
      vertex -23.5913 -3.56785 0
      vertex -23.5831 -3.56679 2.4
      vertex -23.5831 -3.56679 0
    endloop
  endfacet
  facet normal -0.128202 0.991748 0
    outer loop
      vertex -23.5913 -3.56785 0
      vertex -23.5913 -3.56785 2.4
      vertex -23.5831 -3.56679 2.4
    endloop
  endfacet
  facet normal 0.0321573 0.999483 0
    outer loop
      vertex -23.6028 -3.56748 0
      vertex -23.5913 -3.56785 2.4
      vertex -23.5913 -3.56785 0
    endloop
  endfacet
  facet normal 0.0321573 0.999483 -0
    outer loop
      vertex -23.6028 -3.56748 0
      vertex -23.6028 -3.56748 2.4
      vertex -23.5913 -3.56785 2.4
    endloop
  endfacet
  facet normal 0.103185 0.994662 0
    outer loop
      vertex -23.6135 -3.56637 0
      vertex -23.6028 -3.56748 2.4
      vertex -23.6028 -3.56748 0
    endloop
  endfacet
  facet normal 0.103185 0.994662 -0
    outer loop
      vertex -23.6135 -3.56637 0
      vertex -23.6135 -3.56637 2.4
      vertex -23.6028 -3.56748 2.4
    endloop
  endfacet
  facet normal 0.183689 0.982984 0
    outer loop
      vertex -23.6234 -3.56452 0
      vertex -23.6135 -3.56637 2.4
      vertex -23.6135 -3.56637 0
    endloop
  endfacet
  facet normal 0.183689 0.982984 -0
    outer loop
      vertex -23.6234 -3.56452 0
      vertex -23.6234 -3.56452 2.4
      vertex -23.6135 -3.56637 2.4
    endloop
  endfacet
  facet normal 0.273893 0.96176 0
    outer loop
      vertex -23.6326 -3.5619 0
      vertex -23.6234 -3.56452 2.4
      vertex -23.6234 -3.56452 0
    endloop
  endfacet
  facet normal 0.273893 0.96176 -0
    outer loop
      vertex -23.6326 -3.5619 0
      vertex -23.6326 -3.5619 2.4
      vertex -23.6234 -3.56452 2.4
    endloop
  endfacet
  facet normal 0.37614 0.926563 0
    outer loop
      vertex -23.641 -3.55849 0
      vertex -23.6326 -3.5619 2.4
      vertex -23.6326 -3.5619 0
    endloop
  endfacet
  facet normal 0.37614 0.926563 -0
    outer loop
      vertex -23.641 -3.55849 0
      vertex -23.641 -3.55849 2.4
      vertex -23.6326 -3.5619 2.4
    endloop
  endfacet
  facet normal 0.47621 0.879332 0
    outer loop
      vertex -23.6487 -3.55432 0
      vertex -23.641 -3.55849 2.4
      vertex -23.641 -3.55849 0
    endloop
  endfacet
  facet normal 0.47621 0.879332 -0
    outer loop
      vertex -23.6487 -3.55432 0
      vertex -23.6487 -3.55432 2.4
      vertex -23.641 -3.55849 2.4
    endloop
  endfacet
  facet normal 0.571132 0.820858 0
    outer loop
      vertex -23.6558 -3.54938 0
      vertex -23.6487 -3.55432 2.4
      vertex -23.6487 -3.55432 0
    endloop
  endfacet
  facet normal 0.571132 0.820858 -0
    outer loop
      vertex -23.6558 -3.54938 0
      vertex -23.6558 -3.54938 2.4
      vertex -23.6487 -3.55432 2.4
    endloop
  endfacet
  facet normal 0.675407 0.737446 0
    outer loop
      vertex -23.6621 -3.54361 0
      vertex -23.6558 -3.54938 2.4
      vertex -23.6558 -3.54938 0
    endloop
  endfacet
  facet normal 0.675407 0.737446 -0
    outer loop
      vertex -23.6621 -3.54361 0
      vertex -23.6621 -3.54361 2.4
      vertex -23.6558 -3.54938 2.4
    endloop
  endfacet
  facet normal 0.75017 0.661244 0
    outer loop
      vertex -23.6679 -3.53703 0
      vertex -23.6621 -3.54361 2.4
      vertex -23.6621 -3.54361 0
    endloop
  endfacet
  facet normal 0.75017 0.661244 -0
    outer loop
      vertex -23.6679 -3.53703 0
      vertex -23.6679 -3.53703 2.4
      vertex -23.6621 -3.54361 2.4
    endloop
  endfacet
  facet normal 0.822313 0.569036 0
    outer loop
      vertex -23.673 -3.52966 0
      vertex -23.6679 -3.53703 2.4
      vertex -23.6679 -3.53703 0
    endloop
  endfacet
  facet normal 0.822313 0.569036 -0
    outer loop
      vertex -23.673 -3.52966 0
      vertex -23.673 -3.52966 2.4
      vertex -23.6679 -3.53703 2.4
    endloop
  endfacet
  facet normal 0.876419 0.481549 0
    outer loop
      vertex -23.6775 -3.52147 0
      vertex -23.673 -3.52966 2.4
      vertex -23.673 -3.52966 0
    endloop
  endfacet
  facet normal 0.876419 0.481549 -0
    outer loop
      vertex -23.6775 -3.52147 0
      vertex -23.6775 -3.52147 2.4
      vertex -23.673 -3.52966 2.4
    endloop
  endfacet
  facet normal 0.918197 0.396125 0
    outer loop
      vertex -23.6814 -3.51243 0
      vertex -23.6775 -3.52147 2.4
      vertex -23.6775 -3.52147 0
    endloop
  endfacet
  facet normal 0.918197 0.396125 -0
    outer loop
      vertex -23.6814 -3.51243 0
      vertex -23.6814 -3.51243 2.4
      vertex -23.6775 -3.52147 2.4
    endloop
  endfacet
  facet normal 0.945576 0.325401 0
    outer loop
      vertex -23.6848 -3.50255 0
      vertex -23.6814 -3.51243 2.4
      vertex -23.6814 -3.51243 0
    endloop
  endfacet
  facet normal 0.945576 0.325401 -0
    outer loop
      vertex -23.6848 -3.50255 0
      vertex -23.6848 -3.50255 2.4
      vertex -23.6814 -3.51243 2.4
    endloop
  endfacet
  facet normal 0.965363 0.260909 0
    outer loop
      vertex -23.6877 -3.49182 0
      vertex -23.6848 -3.50255 2.4
      vertex -23.6848 -3.50255 0
    endloop
  endfacet
  facet normal 0.965363 0.260909 -0
    outer loop
      vertex -23.6877 -3.49182 0
      vertex -23.6877 -3.49182 2.4
      vertex -23.6848 -3.50255 2.4
    endloop
  endfacet
  facet normal 0.97926 0.202606 0
    outer loop
      vertex -23.6901 -3.48022 0
      vertex -23.6877 -3.49182 2.4
      vertex -23.6877 -3.49182 0
    endloop
  endfacet
  facet normal 0.97926 0.202606 -0
    outer loop
      vertex -23.6901 -3.48022 0
      vertex -23.6901 -3.48022 2.4
      vertex -23.6877 -3.49182 2.4
    endloop
  endfacet
  facet normal 0.988591 0.150627 0
    outer loop
      vertex -23.692 -3.46775 0
      vertex -23.6901 -3.48022 2.4
      vertex -23.6901 -3.48022 0
    endloop
  endfacet
  facet normal 0.988591 0.150627 -0
    outer loop
      vertex -23.692 -3.46775 0
      vertex -23.692 -3.46775 2.4
      vertex -23.6901 -3.48022 2.4
    endloop
  endfacet
  facet normal 0.994546 0.104297 0
    outer loop
      vertex -23.6934 -3.4544 0
      vertex -23.692 -3.46775 2.4
      vertex -23.692 -3.46775 0
    endloop
  endfacet
  facet normal 0.994546 0.104297 -0
    outer loop
      vertex -23.6934 -3.4544 0
      vertex -23.6934 -3.4544 2.4
      vertex -23.692 -3.46775 2.4
    endloop
  endfacet
  facet normal 0.997533 0.0701994 0
    outer loop
      vertex -23.6944 -3.44019 0
      vertex -23.6934 -3.4544 2.4
      vertex -23.6934 -3.4544 0
    endloop
  endfacet
  facet normal 0.997533 0.0701994 -0
    outer loop
      vertex -23.6944 -3.44019 0
      vertex -23.6944 -3.44019 2.4
      vertex -23.6934 -3.4544 2.4
    endloop
  endfacet
  facet normal 0.999216 0.039599 0
    outer loop
      vertex -23.695 -3.42505 0
      vertex -23.6944 -3.44019 2.4
      vertex -23.6944 -3.44019 0
    endloop
  endfacet
  facet normal 0.999216 0.039599 -0
    outer loop
      vertex -23.695 -3.42505 0
      vertex -23.695 -3.42505 2.4
      vertex -23.6944 -3.44019 2.4
    endloop
  endfacet
  facet normal 0.999981 0.00623429 0
    outer loop
      vertex -23.6951 -3.40901 0
      vertex -23.695 -3.42505 2.4
      vertex -23.695 -3.42505 0
    endloop
  endfacet
  facet normal 0.999981 0.00623429 -0
    outer loop
      vertex -23.6951 -3.40901 0
      vertex -23.6951 -3.40901 2.4
      vertex -23.695 -3.42505 2.4
    endloop
  endfacet
  facet normal 1 0 0
    outer loop
      vertex -23.6951 7.04408 0
      vertex -23.6951 -3.40901 2.4
      vertex -23.6951 -3.40901 0
    endloop
  endfacet
  facet normal 1 0 -0
    outer loop
      vertex -23.6951 7.04408 0
      vertex -23.6951 7.04408 2.4
      vertex -23.6951 -3.40901 2.4
    endloop
  endfacet
  facet normal 0.99988 0.015478 0
    outer loop
      vertex -23.6955 7.06992 0
      vertex -23.6951 7.04408 2.4
      vertex -23.6951 7.04408 0
    endloop
  endfacet
  facet normal 0.99988 0.015478 -0
    outer loop
      vertex -23.6955 7.06992 0
      vertex -23.6955 7.06992 2.4
      vertex -23.6951 7.04408 2.4
    endloop
  endfacet
  facet normal 0.99932 0.0368753 0
    outer loop
      vertex -23.6964 7.09431 0
      vertex -23.6955 7.06992 2.4
      vertex -23.6955 7.06992 0
    endloop
  endfacet
  facet normal 0.99932 0.0368753 -0
    outer loop
      vertex -23.6964 7.09431 0
      vertex -23.6964 7.09431 2.4
      vertex -23.6955 7.06992 2.4
    endloop
  endfacet
  facet normal 0.997581 0.0695178 0
    outer loop
      vertex -23.698 7.11727 0
      vertex -23.6964 7.09431 2.4
      vertex -23.6964 7.09431 0
    endloop
  endfacet
  facet normal 0.997581 0.0695178 -0
    outer loop
      vertex -23.698 7.11727 0
      vertex -23.698 7.11727 2.4
      vertex -23.6964 7.09431 2.4
    endloop
  endfacet
  facet normal 0.99481 0.101747 0
    outer loop
      vertex -23.7002 7.13878 0
      vertex -23.698 7.11727 2.4
      vertex -23.698 7.11727 0
    endloop
  endfacet
  facet normal 0.99481 0.101747 -0
    outer loop
      vertex -23.7002 7.13878 0
      vertex -23.7002 7.13878 2.4
      vertex -23.698 7.11727 2.4
    endloop
  endfacet
  facet normal 0.989792 0.142522 0
    outer loop
      vertex -23.7031 7.15892 0
      vertex -23.7002 7.13878 2.4
      vertex -23.7002 7.13878 0
    endloop
  endfacet
  facet normal 0.989792 0.142522 -0
    outer loop
      vertex -23.7031 7.15892 0
      vertex -23.7031 7.15892 2.4
      vertex -23.7002 7.13878 2.4
    endloop
  endfacet
  facet normal 0.983887 0.178793 0
    outer loop
      vertex -23.7065 7.17763 0
      vertex -23.7031 7.15892 2.4
      vertex -23.7031 7.15892 0
    endloop
  endfacet
  facet normal 0.983887 0.178793 -0
    outer loop
      vertex -23.7065 7.17763 0
      vertex -23.7065 7.17763 2.4
      vertex -23.7031 7.15892 2.4
    endloop
  endfacet
  facet normal 0.973137 0.230229 0
    outer loop
      vertex -23.7106 7.19496 0
      vertex -23.7065 7.17763 2.4
      vertex -23.7065 7.17763 0
    endloop
  endfacet
  facet normal 0.973137 0.230229 -0
    outer loop
      vertex -23.7106 7.19496 0
      vertex -23.7106 7.19496 2.4
      vertex -23.7065 7.17763 2.4
    endloop
  endfacet
  facet normal 0.95927 0.282492 0
    outer loop
      vertex -23.7153 7.21092 0
      vertex -23.7106 7.19496 2.4
      vertex -23.7106 7.19496 0
    endloop
  endfacet
  facet normal 0.95927 0.282492 -0
    outer loop
      vertex -23.7153 7.21092 0
      vertex -23.7153 7.21092 2.4
      vertex -23.7106 7.19496 2.4
    endloop
  endfacet
  facet normal 0.940131 0.340814 0
    outer loop
      vertex -23.7206 7.22554 0
      vertex -23.7153 7.21092 2.4
      vertex -23.7153 7.21092 0
    endloop
  endfacet
  facet normal 0.940131 0.340814 -0
    outer loop
      vertex -23.7206 7.22554 0
      vertex -23.7206 7.22554 2.4
      vertex -23.7153 7.21092 2.4
    endloop
  endfacet
  facet normal 0.916189 0.400746 0
    outer loop
      vertex -23.7264 7.2388 0
      vertex -23.7206 7.22554 2.4
      vertex -23.7206 7.22554 0
    endloop
  endfacet
  facet normal 0.916189 0.400746 -0
    outer loop
      vertex -23.7264 7.2388 0
      vertex -23.7264 7.2388 2.4
      vertex -23.7206 7.22554 2.4
    endloop
  endfacet
  facet normal 0.878457 0.477822 0
    outer loop
      vertex -23.7329 7.25075 0
      vertex -23.7264 7.2388 2.4
      vertex -23.7264 7.2388 0
    endloop
  endfacet
  facet normal 0.878457 0.477822 -0
    outer loop
      vertex -23.7329 7.25075 0
      vertex -23.7329 7.25075 2.4
      vertex -23.7264 7.2388 2.4
    endloop
  endfacet
  facet normal 0.831327 0.555784 0
    outer loop
      vertex -23.74 7.26137 0
      vertex -23.7329 7.25075 2.4
      vertex -23.7329 7.25075 0
    endloop
  endfacet
  facet normal 0.831327 0.555784 -0
    outer loop
      vertex -23.74 7.26137 0
      vertex -23.74 7.26137 2.4
      vertex -23.7329 7.25075 2.4
    endloop
  endfacet
  facet normal 0.771262 0.636518 0
    outer loop
      vertex -23.7477 7.2707 0
      vertex -23.74 7.26137 2.4
      vertex -23.74 7.26137 0
    endloop
  endfacet
  facet normal 0.771262 0.636518 -0
    outer loop
      vertex -23.7477 7.2707 0
      vertex -23.7477 7.2707 2.4
      vertex -23.74 7.26137 2.4
    endloop
  endfacet
  facet normal 0.699662 0.714474 0
    outer loop
      vertex -23.7559 7.27873 0
      vertex -23.7477 7.2707 2.4
      vertex -23.7477 7.2707 0
    endloop
  endfacet
  facet normal 0.699662 0.714474 -0
    outer loop
      vertex -23.7559 7.27873 0
      vertex -23.7559 7.27873 2.4
      vertex -23.7477 7.2707 2.4
    endloop
  endfacet
  facet normal 0.609754 0.792591 0
    outer loop
      vertex -23.7647 7.2855 0
      vertex -23.7559 7.27873 2.4
      vertex -23.7559 7.27873 0
    endloop
  endfacet
  facet normal 0.609754 0.792591 -0
    outer loop
      vertex -23.7647 7.2855 0
      vertex -23.7647 7.2855 2.4
      vertex -23.7559 7.27873 2.4
    endloop
  endfacet
  facet normal 0.504328 0.863512 0
    outer loop
      vertex -23.7741 7.29099 0
      vertex -23.7647 7.2855 2.4
      vertex -23.7647 7.2855 0
    endloop
  endfacet
  facet normal 0.504328 0.863512 -0
    outer loop
      vertex -23.7741 7.29099 0
      vertex -23.7741 7.29099 2.4
      vertex -23.7647 7.2855 2.4
    endloop
  endfacet
  facet normal 0.39192 0.919999 0
    outer loop
      vertex -23.7841 7.29525 0
      vertex -23.7741 7.29099 2.4
      vertex -23.7741 7.29099 0
    endloop
  endfacet
  facet normal 0.39192 0.919999 -0
    outer loop
      vertex -23.7841 7.29525 0
      vertex -23.7841 7.29525 2.4
      vertex -23.7741 7.29099 2.4
    endloop
  endfacet
  facet normal 0.275567 0.961282 0
    outer loop
      vertex -23.7946 7.29826 0
      vertex -23.7841 7.29525 2.4
      vertex -23.7841 7.29525 0
    endloop
  endfacet
  facet normal 0.275567 0.961282 -0
    outer loop
      vertex -23.7946 7.29826 0
      vertex -23.7946 7.29826 2.4
      vertex -23.7841 7.29525 2.4
    endloop
  endfacet
  facet normal 0.161803 0.986823 0
    outer loop
      vertex -23.8057 7.30008 0
      vertex -23.7946 7.29826 2.4
      vertex -23.7946 7.29826 0
    endloop
  endfacet
  facet normal 0.161803 0.986823 -0
    outer loop
      vertex -23.8057 7.30008 0
      vertex -23.8057 7.30008 2.4
      vertex -23.7946 7.29826 2.4
    endloop
  endfacet
  facet normal 0.0499376 0.998752 0
    outer loop
      vertex -23.8173 7.30066 0
      vertex -23.8057 7.30008 2.4
      vertex -23.8057 7.30008 0
    endloop
  endfacet
  facet normal 0.0499376 0.998752 -0
    outer loop
      vertex -23.8173 7.30066 0
      vertex -23.8173 7.30066 2.4
      vertex -23.8057 7.30008 2.4
    endloop
  endfacet
  facet normal -0.514797 0.857312 0
    outer loop
      vertex -28.9247 4.23378 0
      vertex -23.8173 7.30066 2.4
      vertex -23.8173 7.30066 0
    endloop
  endfacet
  facet normal -0.514797 0.857312 0
    outer loop
      vertex -28.9247 4.23378 0
      vertex -28.9247 4.23378 2.4
      vertex -23.8173 7.30066 2.4
    endloop
  endfacet
  facet normal -0.527679 0.849444 0
    outer loop
      vertex -29.0492 4.15644 0
      vertex -28.9247 4.23378 2.4
      vertex -28.9247 4.23378 0
    endloop
  endfacet
  facet normal -0.527679 0.849444 0
    outer loop
      vertex -29.0492 4.15644 0
      vertex -29.0492 4.15644 2.4
      vertex -28.9247 4.23378 2.4
    endloop
  endfacet
  facet normal -0.562654 0.826692 0
    outer loop
      vertex -29.1642 4.07817 0
      vertex -29.0492 4.15644 2.4
      vertex -29.0492 4.15644 0
    endloop
  endfacet
  facet normal -0.562654 0.826692 0
    outer loop
      vertex -29.1642 4.07817 0
      vertex -29.1642 4.07817 2.4
      vertex -29.0492 4.15644 2.4
    endloop
  endfacet
  facet normal -0.600169 0.799873 0
    outer loop
      vertex -29.2701 3.99871 0
      vertex -29.1642 4.07817 2.4
      vertex -29.1642 4.07817 0
    endloop
  endfacet
  facet normal -0.600169 0.799873 0
    outer loop
      vertex -29.2701 3.99871 0
      vertex -29.2701 3.99871 2.4
      vertex -29.1642 4.07817 2.4
    endloop
  endfacet
  facet normal -0.639656 0.768661 0
    outer loop
      vertex -29.3674 3.91774 0
      vertex -29.2701 3.99871 2.4
      vertex -29.2701 3.99871 0
    endloop
  endfacet
  facet normal -0.639656 0.768661 0
    outer loop
      vertex -29.3674 3.91774 0
      vertex -29.3674 3.91774 2.4
      vertex -29.2701 3.99871 2.4
    endloop
  endfacet
  facet normal -0.681569 0.731754 0
    outer loop
      vertex -29.4562 3.83503 0
      vertex -29.3674 3.91774 2.4
      vertex -29.3674 3.91774 0
    endloop
  endfacet
  facet normal -0.681569 0.731754 0
    outer loop
      vertex -29.4562 3.83503 0
      vertex -29.4562 3.83503 2.4
      vertex -29.3674 3.91774 2.4
    endloop
  endfacet
  facet normal -0.724199 0.689591 0
    outer loop
      vertex -29.5369 3.75028 0
      vertex -29.4562 3.83503 2.4
      vertex -29.4562 3.83503 0
    endloop
  endfacet
  facet normal -0.724199 0.689591 0
    outer loop
      vertex -29.5369 3.75028 0
      vertex -29.5369 3.75028 2.4
      vertex -29.4562 3.83503 2.4
    endloop
  endfacet
  facet normal -0.766631 0.642088 0
    outer loop
      vertex -29.6098 3.66324 0
      vertex -29.5369 3.75028 2.4
      vertex -29.5369 3.75028 0
    endloop
  endfacet
  facet normal -0.766631 0.642088 0
    outer loop
      vertex -29.6098 3.66324 0
      vertex -29.6098 3.66324 2.4
      vertex -29.5369 3.75028 2.4
    endloop
  endfacet
  facet normal -0.807051 0.590481 0
    outer loop
      vertex -29.6754 3.57358 0
      vertex -29.6098 3.66324 2.4
      vertex -29.6098 3.66324 0
    endloop
  endfacet
  facet normal -0.807051 0.590481 0
    outer loop
      vertex -29.6754 3.57358 0
      vertex -29.6754 3.57358 2.4
      vertex -29.6098 3.66324 2.4
    endloop
  endfacet
  facet normal -0.84568 0.53369 0
    outer loop
      vertex -29.7338 3.48104 0
      vertex -29.6754 3.57358 2.4
      vertex -29.6754 3.57358 0
    endloop
  endfacet
  facet normal -0.84568 0.53369 0
    outer loop
      vertex -29.7338 3.48104 0
      vertex -29.7338 3.48104 2.4
      vertex -29.6754 3.57358 2.4
    endloop
  endfacet
  facet normal -0.880226 0.474555 0
    outer loop
      vertex -29.7854 3.38533 0
      vertex -29.7338 3.48104 2.4
      vertex -29.7338 3.48104 0
    endloop
  endfacet
  facet normal -0.880226 0.474555 0
    outer loop
      vertex -29.7854 3.38533 0
      vertex -29.7854 3.38533 2.4
      vertex -29.7338 3.48104 2.4
    endloop
  endfacet
  facet normal -0.909863 0.414909 0
    outer loop
      vertex -29.8306 3.28621 0
      vertex -29.7854 3.38533 2.4
      vertex -29.7854 3.38533 0
    endloop
  endfacet
  facet normal -0.909863 0.414909 0
    outer loop
      vertex -29.8306 3.28621 0
      vertex -29.8306 3.28621 2.4
      vertex -29.7854 3.38533 2.4
    endloop
  endfacet
  facet normal -0.935034 0.354558 0
    outer loop
      vertex -29.8696 3.18336 0
      vertex -29.8306 3.28621 2.4
      vertex -29.8306 3.28621 0
    endloop
  endfacet
  facet normal -0.935034 0.354558 0
    outer loop
      vertex -29.8696 3.18336 0
      vertex -29.8696 3.18336 2.4
      vertex -29.8306 3.28621 2.4
    endloop
  endfacet
  facet normal -0.954972 0.296697 0
    outer loop
      vertex -29.9028 3.0765 0
      vertex -29.8696 3.18336 2.4
      vertex -29.8696 3.18336 0
    endloop
  endfacet
  facet normal -0.954972 0.296697 0
    outer loop
      vertex -29.9028 3.0765 0
      vertex -29.9028 3.0765 2.4
      vertex -29.8696 3.18336 2.4
    endloop
  endfacet
  facet normal -0.970101 0.2427 0
    outer loop
      vertex -29.9306 2.96538 0
      vertex -29.9028 3.0765 2.4
      vertex -29.9028 3.0765 0
    endloop
  endfacet
  facet normal -0.970101 0.2427 0
    outer loop
      vertex -29.9306 2.96538 0
      vertex -29.9306 2.96538 2.4
      vertex -29.9028 3.0765 2.4
    endloop
  endfacet
  facet normal -0.981599 0.190956 0
    outer loop
      vertex -29.9531 2.84972 0
      vertex -29.9306 2.96538 2.4
      vertex -29.9306 2.96538 0
    endloop
  endfacet
  facet normal -0.981599 0.190956 0
    outer loop
      vertex -29.9531 2.84972 0
      vertex -29.9531 2.84972 2.4
      vertex -29.9306 2.96538 2.4
    endloop
  endfacet
  facet normal -0.989269 0.146108 0
    outer loop
      vertex -29.9709 2.7292 0
      vertex -29.9531 2.84972 2.4
      vertex -29.9531 2.84972 0
    endloop
  endfacet
  facet normal -0.989269 0.146108 0
    outer loop
      vertex -29.9709 2.7292 0
      vertex -29.9709 2.7292 2.4
      vertex -29.9531 2.84972 2.4
    endloop
  endfacet
  facet normal -0.994523 0.10452 0
    outer loop
      vertex -29.9841 2.6036 0
      vertex -29.9709 2.7292 2.4
      vertex -29.9709 2.7292 0
    endloop
  endfacet
  facet normal -0.994523 0.10452 0
    outer loop
      vertex -29.9841 2.6036 0
      vertex -29.9841 2.6036 2.4
      vertex -29.9709 2.7292 2.4
    endloop
  endfacet
  facet normal -0.997649 0.0685303 0
    outer loop
      vertex -29.9931 2.47258 0
      vertex -29.9841 2.6036 2.4
      vertex -29.9841 2.6036 0
    endloop
  endfacet
  facet normal -0.997649 0.0685303 0
    outer loop
      vertex -29.9931 2.47258 0
      vertex -29.9931 2.47258 2.4
      vertex -29.9841 2.6036 2.4
    endloop
  endfacet
  facet normal -0.999277 0.0380148 0
    outer loop
      vertex -29.9983 2.33589 0
      vertex -29.9931 2.47258 2.4
      vertex -29.9931 2.47258 0
    endloop
  endfacet
  facet normal -0.999277 0.0380148 0
    outer loop
      vertex -29.9983 2.33589 0
      vertex -29.9983 2.33589 2.4
      vertex -29.9931 2.47258 2.4
    endloop
  endfacet
  facet normal -0.999929 0.0119173 0
    outer loop
      vertex -30 2.19325 0
      vertex -29.9983 2.33589 2.4
      vertex -29.9983 2.33589 0
    endloop
  endfacet
  facet normal -0.999929 0.0119173 0
    outer loop
      vertex -30 2.19325 0
      vertex -30 2.19325 2.4
      vertex -29.9983 2.33589 2.4
    endloop
  endfacet
  facet normal -1 0 0
    outer loop
      vertex -30 -5.64503 0
      vertex -30 2.19325 2.4
      vertex -30 2.19325 0
    endloop
  endfacet
  facet normal -1 0 0
    outer loop
      vertex -30 -5.64503 0
      vertex -30 -5.64503 2.4
      vertex -30 2.19325 2.4
    endloop
  endfacet
  facet normal -0.999429 -0.0337966 0
    outer loop
      vertex -29.9968 -5.73966 0
      vertex -30 -5.64503 2.4
      vertex -30 -5.64503 0
    endloop
  endfacet
  facet normal -0.999429 -0.0337966 0
    outer loop
      vertex -29.9968 -5.73966 0
      vertex -29.9968 -5.73966 2.4
      vertex -30 -5.64503 2.4
    endloop
  endfacet
  facet normal -0.994747 -0.10236 0
    outer loop
      vertex -29.9874 -5.83101 0
      vertex -29.9968 -5.73966 2.4
      vertex -29.9968 -5.73966 0
    endloop
  endfacet
  facet normal -0.994747 -0.10236 0
    outer loop
      vertex -29.9874 -5.83101 0
      vertex -29.9874 -5.83101 2.4
      vertex -29.9968 -5.73966 2.4
    endloop
  endfacet
  facet normal -0.984611 -0.174763 0
    outer loop
      vertex -29.9718 -5.9189 0
      vertex -29.9874 -5.83101 2.4
      vertex -29.9874 -5.83101 0
    endloop
  endfacet
  facet normal -0.984611 -0.174763 0
    outer loop
      vertex -29.9718 -5.9189 0
      vertex -29.9718 -5.9189 2.4
      vertex -29.9874 -5.83101 2.4
    endloop
  endfacet
  facet normal -0.96894 -0.247296 0
    outer loop
      vertex -29.9503 -6.00314 0
      vertex -29.9718 -5.9189 2.4
      vertex -29.9718 -5.9189 0
    endloop
  endfacet
  facet normal -0.96894 -0.247296 0
    outer loop
      vertex -29.9503 -6.00314 0
      vertex -29.9503 -6.00314 2.4
      vertex -29.9718 -5.9189 2.4
    endloop
  endfacet
  facet normal -0.946592 -0.322434 0
    outer loop
      vertex -29.9229 -6.08358 0
      vertex -29.9503 -6.00314 2.4
      vertex -29.9503 -6.00314 0
    endloop
  endfacet
  facet normal -0.946592 -0.322434 0
    outer loop
      vertex -29.9229 -6.08358 0
      vertex -29.9229 -6.08358 2.4
      vertex -29.9503 -6.00314 2.4
    endloop
  endfacet
  facet normal -0.918497 -0.395427 0
    outer loop
      vertex -29.89 -6.16 0
      vertex -29.9229 -6.08358 2.4
      vertex -29.9229 -6.08358 0
    endloop
  endfacet
  facet normal -0.918497 -0.395427 0
    outer loop
      vertex -29.89 -6.16 0
      vertex -29.89 -6.16 2.4
      vertex -29.9229 -6.08358 2.4
    endloop
  endfacet
  facet normal -0.882657 -0.470018 0
    outer loop
      vertex -29.8515 -6.2323 0
      vertex -29.89 -6.16 2.4
      vertex -29.89 -6.16 0
    endloop
  endfacet
  facet normal -0.882657 -0.470018 0
    outer loop
      vertex -29.8515 -6.2323 0
      vertex -29.8515 -6.2323 2.4
      vertex -29.89 -6.16 2.4
    endloop
  endfacet
  facet normal -0.839915 -0.542718 0
    outer loop
      vertex -29.8076 -6.30024 0
      vertex -29.8515 -6.2323 2.4
      vertex -29.8515 -6.2323 0
    endloop
  endfacet
  facet normal -0.839915 -0.542718 0
    outer loop
      vertex -29.8076 -6.30024 0
      vertex -29.8076 -6.30024 2.4
      vertex -29.8515 -6.2323 2.4
    endloop
  endfacet
  facet normal -0.791463 -0.611217 0
    outer loop
      vertex -29.7586 -6.36369 0
      vertex -29.8076 -6.30024 2.4
      vertex -29.8076 -6.30024 0
    endloop
  endfacet
  facet normal -0.791463 -0.611217 0
    outer loop
      vertex -29.7586 -6.36369 0
      vertex -29.7586 -6.36369 2.4
      vertex -29.8076 -6.30024 2.4
    endloop
  endfacet
  facet normal -0.735734 -0.677271 0
    outer loop
      vertex -29.7045 -6.42246 0
      vertex -29.7586 -6.36369 2.4
      vertex -29.7586 -6.36369 0
    endloop
  endfacet
  facet normal -0.735734 -0.677271 0
    outer loop
      vertex -29.7045 -6.42246 0
      vertex -29.7045 -6.42246 2.4
      vertex -29.7586 -6.36369 2.4
    endloop
  endfacet
  facet normal -0.673854 -0.738864 0
    outer loop
      vertex -29.6454 -6.47636 0
      vertex -29.7045 -6.42246 2.4
      vertex -29.7045 -6.42246 0
    endloop
  endfacet
  facet normal -0.673854 -0.738864 0
    outer loop
      vertex -29.6454 -6.47636 0
      vertex -29.6454 -6.47636 2.4
      vertex -29.7045 -6.42246 2.4
    endloop
  endfacet
  facet normal -0.608615 -0.793466 0
    outer loop
      vertex -29.5817 -6.52522 0
      vertex -29.6454 -6.47636 2.4
      vertex -29.6454 -6.47636 0
    endloop
  endfacet
  facet normal -0.608615 -0.793466 0
    outer loop
      vertex -29.5817 -6.52522 0
      vertex -29.5817 -6.52522 2.4
      vertex -29.6454 -6.47636 2.4
    endloop
  endfacet
  facet normal -0.538039 -0.84292 0
    outer loop
      vertex -29.5133 -6.56888 0
      vertex -29.5817 -6.52522 2.4
      vertex -29.5817 -6.52522 0
    endloop
  endfacet
  facet normal -0.538039 -0.84292 0
    outer loop
      vertex -29.5133 -6.56888 0
      vertex -29.5133 -6.56888 2.4
      vertex -29.5817 -6.52522 2.4
    endloop
  endfacet
  facet normal -0.465501 -0.885047 0
    outer loop
      vertex -29.4405 -6.60717 0
      vertex -29.5133 -6.56888 2.4
      vertex -29.5133 -6.56888 0
    endloop
  endfacet
  facet normal -0.465501 -0.885047 0
    outer loop
      vertex -29.4405 -6.60717 0
      vertex -29.4405 -6.60717 2.4
      vertex -29.5133 -6.56888 2.4
    endloop
  endfacet
  facet normal -0.390863 -0.920449 0
    outer loop
      vertex -29.3634 -6.63991 0
      vertex -29.4405 -6.60717 2.4
      vertex -29.4405 -6.60717 0
    endloop
  endfacet
  facet normal -0.390863 -0.920449 0
    outer loop
      vertex -29.3634 -6.63991 0
      vertex -29.3634 -6.63991 2.4
      vertex -29.4405 -6.60717 2.4
    endloop
  endfacet
  facet normal -0.315177 -0.949033 0
    outer loop
      vertex -29.2821 -6.66691 0
      vertex -29.3634 -6.63991 2.4
      vertex -29.3634 -6.63991 0
    endloop
  endfacet
  facet normal -0.315177 -0.949033 0
    outer loop
      vertex -29.2821 -6.66691 0
      vertex -29.2821 -6.66691 2.4
      vertex -29.3634 -6.63991 2.4
    endloop
  endfacet
  facet normal -0.240283 -0.970703 0
    outer loop
      vertex -29.1969 -6.688 0
      vertex -29.2821 -6.66691 2.4
      vertex -29.2821 -6.66691 0
    endloop
  endfacet
  facet normal -0.240283 -0.970703 0
    outer loop
      vertex -29.1969 -6.688 0
      vertex -29.1969 -6.688 2.4
      vertex -29.2821 -6.66691 2.4
    endloop
  endfacet
  facet normal -0.166444 -0.986051 0
    outer loop
      vertex -29.1078 -6.70304 0
      vertex -29.1969 -6.688 2.4
      vertex -29.1969 -6.688 0
    endloop
  endfacet
  facet normal -0.166444 -0.986051 0
    outer loop
      vertex -29.1078 -6.70304 0
      vertex -29.1078 -6.70304 2.4
      vertex -29.1969 -6.688 2.4
    endloop
  endfacet
  facet normal -0.0940851 -0.995564 0
    outer loop
      vertex -29.015 -6.71181 0
      vertex -29.1078 -6.70304 2.4
      vertex -29.1078 -6.70304 0
    endloop
  endfacet
  facet normal -0.0940851 -0.995564 0
    outer loop
      vertex -29.015 -6.71181 0
      vertex -29.015 -6.71181 2.4
      vertex -29.1078 -6.70304 2.4
    endloop
  endfacet
  facet normal -0.0243704 -0.999703 0
    outer loop
      vertex -28.9186 -6.71416 0
      vertex -29.015 -6.71181 2.4
      vertex -29.015 -6.71181 0
    endloop
  endfacet
  facet normal -0.0243704 -0.999703 0
    outer loop
      vertex -28.9186 -6.71416 0
      vertex -28.9186 -6.71416 2.4
      vertex -29.015 -6.71181 2.4
    endloop
  endfacet
  facet normal 0 -1 0
    outer loop
      vertex -22.8032 -6.71416 0
      vertex -28.9186 -6.71416 2.4
      vertex -28.9186 -6.71416 0
    endloop
  endfacet
  facet normal 0 -1 0
    outer loop
      vertex -22.8032 -6.71416 0
      vertex -22.8032 -6.71416 2.4
      vertex -28.9186 -6.71416 2.4
    endloop
  endfacet
  facet normal 0.00851758 -0.999964 0
    outer loop
      vertex -22.7445 -6.71366 0
      vertex -22.8032 -6.71416 2.4
      vertex -22.8032 -6.71416 0
    endloop
  endfacet
  facet normal 0.00851758 -0.999964 0
    outer loop
      vertex -22.7445 -6.71366 0
      vertex -22.7445 -6.71366 2.4
      vertex -22.8032 -6.71416 2.4
    endloop
  endfacet
  facet normal 0.0281849 -0.999603 0
    outer loop
      vertex -22.6874 -6.71205 0
      vertex -22.7445 -6.71366 2.4
      vertex -22.7445 -6.71366 0
    endloop
  endfacet
  facet normal 0.0281849 -0.999603 0
    outer loop
      vertex -22.6874 -6.71205 0
      vertex -22.6874 -6.71205 2.4
      vertex -22.7445 -6.71366 2.4
    endloop
  endfacet
  facet normal 0.0500274 -0.998748 0
    outer loop
      vertex -22.6319 -6.70927 0
      vertex -22.6874 -6.71205 2.4
      vertex -22.6874 -6.71205 0
    endloop
  endfacet
  facet normal 0.0500274 -0.998748 0
    outer loop
      vertex -22.6319 -6.70927 0
      vertex -22.6319 -6.70927 2.4
      vertex -22.6874 -6.71205 2.4
    endloop
  endfacet
  facet normal 0.0741964 -0.997244 0
    outer loop
      vertex -22.5776 -6.70523 0
      vertex -22.6319 -6.70927 2.4
      vertex -22.6319 -6.70927 0
    endloop
  endfacet
  facet normal 0.0741964 -0.997244 0
    outer loop
      vertex -22.5776 -6.70523 0
      vertex -22.5776 -6.70523 2.4
      vertex -22.6319 -6.70927 2.4
    endloop
  endfacet
  facet normal 0.100058 -0.994982 0
    outer loop
      vertex -22.5243 -6.69987 0
      vertex -22.5776 -6.70523 2.4
      vertex -22.5776 -6.70523 0
    endloop
  endfacet
  facet normal 0.100058 -0.994982 0
    outer loop
      vertex -22.5243 -6.69987 0
      vertex -22.5243 -6.69987 2.4
      vertex -22.5776 -6.70523 2.4
    endloop
  endfacet
  facet normal 0.129307 -0.991605 0
    outer loop
      vertex -22.472 -6.69305 0
      vertex -22.5243 -6.69987 2.4
      vertex -22.5243 -6.69987 0
    endloop
  endfacet
  facet normal 0.129307 -0.991605 0
    outer loop
      vertex -22.472 -6.69305 0
      vertex -22.472 -6.69305 2.4
      vertex -22.5243 -6.69987 2.4
    endloop
  endfacet
  facet normal 0.158811 -0.987309 0
    outer loop
      vertex -22.4204 -6.68475 0
      vertex -22.472 -6.69305 2.4
      vertex -22.472 -6.69305 0
    endloop
  endfacet
  facet normal 0.158811 -0.987309 0
    outer loop
      vertex -22.4204 -6.68475 0
      vertex -22.4204 -6.68475 2.4
      vertex -22.472 -6.69305 2.4
    endloop
  endfacet
  facet normal 0.189831 -0.981817 0
    outer loop
      vertex -22.3693 -6.67487 0
      vertex -22.4204 -6.68475 2.4
      vertex -22.4204 -6.68475 0
    endloop
  endfacet
  facet normal 0.189831 -0.981817 0
    outer loop
      vertex -22.3693 -6.67487 0
      vertex -22.3693 -6.67487 2.4
      vertex -22.4204 -6.68475 2.4
    endloop
  endfacet
  facet normal 0.221704 -0.975114 0
    outer loop
      vertex -22.3185 -6.66332 0
      vertex -22.3693 -6.67487 2.4
      vertex -22.3693 -6.67487 0
    endloop
  endfacet
  facet normal 0.221704 -0.975114 0
    outer loop
      vertex -22.3185 -6.66332 0
      vertex -22.3185 -6.66332 2.4
      vertex -22.3693 -6.67487 2.4
    endloop
  endfacet
  facet normal 0.253563 -0.967319 0
    outer loop
      vertex -22.2678 -6.65003 0
      vertex -22.3185 -6.66332 2.4
      vertex -22.3185 -6.66332 0
    endloop
  endfacet
  facet normal 0.253563 -0.967319 0
    outer loop
      vertex -22.2678 -6.65003 0
      vertex -22.2678 -6.65003 2.4
      vertex -22.3185 -6.66332 2.4
    endloop
  endfacet
  facet normal 0.286653 -0.958034 0
    outer loop
      vertex -22.2172 -6.63489 0
      vertex -22.2678 -6.65003 2.4
      vertex -22.2678 -6.65003 0
    endloop
  endfacet
  facet normal 0.286653 -0.958034 0
    outer loop
      vertex -22.2172 -6.63489 0
      vertex -22.2172 -6.63489 2.4
      vertex -22.2678 -6.65003 2.4
    endloop
  endfacet
  facet normal 0.317064 -0.948404 0
    outer loop
      vertex -22.1662 -6.61784 0
      vertex -22.2172 -6.63489 2.4
      vertex -22.2172 -6.63489 0
    endloop
  endfacet
  facet normal 0.317064 -0.948404 0
    outer loop
      vertex -22.1662 -6.61784 0
      vertex -22.1662 -6.61784 2.4
      vertex -22.2172 -6.63489 2.4
    endloop
  endfacet
  facet normal 0.348118 -0.937451 0
    outer loop
      vertex -22.1149 -6.59879 0
      vertex -22.1662 -6.61784 2.4
      vertex -22.1662 -6.61784 0
    endloop
  endfacet
  facet normal 0.348118 -0.937451 0
    outer loop
      vertex -22.1149 -6.59879 0
      vertex -22.1149 -6.59879 2.4
      vertex -22.1662 -6.61784 2.4
    endloop
  endfacet
  facet normal 0.376148 -0.92656 0
    outer loop
      vertex -22.0629 -6.57768 0
      vertex -22.1149 -6.59879 2.4
      vertex -22.1149 -6.59879 0
    endloop
  endfacet
  facet normal 0.376148 -0.92656 0
    outer loop
      vertex -22.0629 -6.57768 0
      vertex -22.0629 -6.57768 2.4
      vertex -22.1149 -6.59879 2.4
    endloop
  endfacet
  facet normal 0.404512 -0.914533 0
    outer loop
      vertex -22.0102 -6.55437 0
      vertex -22.0629 -6.57768 2.4
      vertex -22.0629 -6.57768 0
    endloop
  endfacet
  facet normal 0.404512 -0.914533 0
    outer loop
      vertex -22.0102 -6.55437 0
      vertex -22.0102 -6.55437 2.4
      vertex -22.0629 -6.57768 2.4
    endloop
  endfacet
  facet normal 0.429366 -0.903131 0
    outer loop
      vertex -21.9565 -6.52884 0
      vertex -22.0102 -6.55437 2.4
      vertex -22.0102 -6.55437 0
    endloop
  endfacet
  facet normal 0.429366 -0.903131 0
    outer loop
      vertex -21.9565 -6.52884 0
      vertex -21.9565 -6.52884 2.4
      vertex -22.0102 -6.55437 2.4
    endloop
  endfacet
  facet normal 0.452137 -0.891949 0
    outer loop
      vertex -21.9015 -6.50096 0
      vertex -21.9565 -6.52884 2.4
      vertex -21.9565 -6.52884 0
    endloop
  endfacet
  facet normal 0.452137 -0.891949 0
    outer loop
      vertex -21.9015 -6.50096 0
      vertex -21.9015 -6.50096 2.4
      vertex -21.9565 -6.52884 2.4
    endloop
  endfacet
  facet normal 0.47396 -0.880547 0
    outer loop
      vertex -21.8453 -6.47071 0
      vertex -21.9015 -6.50096 2.4
      vertex -21.9015 -6.50096 0
    endloop
  endfacet
  facet normal 0.47396 -0.880547 0
    outer loop
      vertex -21.8453 -6.47071 0
      vertex -21.8453 -6.47071 2.4
      vertex -21.9015 -6.50096 2.4
    endloop
  endfacet
  facet normal 0.493202 -0.869915 0
    outer loop
      vertex -21.7875 -6.43794 0
      vertex -21.8453 -6.47071 2.4
      vertex -21.8453 -6.47071 0
    endloop
  endfacet
  facet normal 0.493202 -0.869915 0
    outer loop
      vertex -21.7875 -6.43794 0
      vertex -21.7875 -6.43794 2.4
      vertex -21.8453 -6.47071 2.4
    endloop
  endfacet
  facet normal 0.510245 -0.860029 0
    outer loop
      vertex -21.7279 -6.40258 0
      vertex -21.7875 -6.43794 2.4
      vertex -21.7875 -6.43794 0
    endloop
  endfacet
  facet normal 0.510245 -0.860029 0
    outer loop
      vertex -21.7279 -6.40258 0
      vertex -21.7279 -6.40258 2.4
      vertex -21.7875 -6.43794 2.4
    endloop
  endfacet
  facet normal 0.477146 -0.878824 0
    outer loop
      vertex -14.8977 -2.69421 0
      vertex -21.7279 -6.40258 2.4
      vertex -21.7279 -6.40258 0
    endloop
  endfacet
  facet normal 0.477146 -0.878824 0
    outer loop
      vertex -14.8977 -2.69421 0
      vertex -14.8977 -2.69421 2.4
      vertex -21.7279 -6.40258 2.4
    endloop
  endfacet
  facet normal 0.837899 0.545825 0
    outer loop
      vertex -14.9165 -2.66535 0
      vertex -14.8977 -2.69421 2.4
      vertex -14.8977 -2.69421 0
    endloop
  endfacet
  facet normal 0.837899 0.545825 -0
    outer loop
      vertex -14.9165 -2.66535 0
      vertex -14.9165 -2.66535 2.4
      vertex -14.8977 -2.69421 2.4
    endloop
  endfacet
  facet normal 0.929554 0.368686 0
    outer loop
      vertex -14.9292 -2.63333 0
      vertex -14.9165 -2.66535 2.4
      vertex -14.9165 -2.66535 0
    endloop
  endfacet
  facet normal 0.929554 0.368686 -0
    outer loop
      vertex -14.9292 -2.63333 0
      vertex -14.9292 -2.63333 2.4
      vertex -14.9165 -2.66535 2.4
    endloop
  endfacet
  facet normal 0.984749 0.173984 0
    outer loop
      vertex -14.9352 -2.59937 0
      vertex -14.9292 -2.63333 2.4
      vertex -14.9292 -2.63333 0
    endloop
  endfacet
  facet normal 0.984749 0.173984 -0
    outer loop
      vertex -14.9352 -2.59937 0
      vertex -14.9352 -2.59937 2.4
      vertex -14.9292 -2.63333 2.4
    endloop
  endfacet
  facet normal 0.999659 -0.0261311 0
    outer loop
      vertex -14.9343 -2.56494 0
      vertex -14.9352 -2.59937 2.4
      vertex -14.9352 -2.59937 0
    endloop
  endfacet
  facet normal 0.999659 -0.0261311 0
    outer loop
      vertex -14.9343 -2.56494 0
      vertex -14.9343 -2.56494 2.4
      vertex -14.9352 -2.59937 2.4
    endloop
  endfacet
  facet normal 0.974038 -0.226385 0
    outer loop
      vertex -14.9265 -2.53138 0
      vertex -14.9343 -2.56494 2.4
      vertex -14.9343 -2.56494 0
    endloop
  endfacet
  facet normal 0.974038 -0.226385 0
    outer loop
      vertex -14.9265 -2.53138 0
      vertex -14.9265 -2.53138 2.4
      vertex -14.9343 -2.56494 2.4
    endloop
  endfacet
  facet normal 0.908671 -0.417513 0
    outer loop
      vertex -14.9121 -2.50004 0
      vertex -14.9265 -2.53138 2.4
      vertex -14.9265 -2.53138 0
    endloop
  endfacet
  facet normal 0.908671 -0.417513 0
    outer loop
      vertex -14.9121 -2.50004 0
      vertex -14.9121 -2.50004 2.4
      vertex -14.9265 -2.53138 2.4
    endloop
  endfacet
  facet normal 0.806221 -0.591615 0
    outer loop
      vertex -14.8917 -2.47224 0
      vertex -14.9121 -2.50004 2.4
      vertex -14.9121 -2.50004 0
    endloop
  endfacet
  facet normal 0.806221 -0.591615 0
    outer loop
      vertex -14.8917 -2.47224 0
      vertex -14.8917 -2.47224 2.4
      vertex -14.9121 -2.50004 2.4
    endloop
  endfacet
  facet normal 0.672167 -0.7404 0
    outer loop
      vertex -14.8662 -2.44909 0
      vertex -14.8917 -2.47224 2.4
      vertex -14.8917 -2.47224 0
    endloop
  endfacet
  facet normal 0.672167 -0.7404 0
    outer loop
      vertex -14.8662 -2.44909 0
      vertex -14.8662 -2.44909 2.4
      vertex -14.8917 -2.47224 2.4
    endloop
  endfacet
  facet normal 0.510431 -0.859919 0
    outer loop
      vertex -14.8366 -2.43152 0
      vertex -14.8662 -2.44909 2.4
      vertex -14.8662 -2.44909 0
    endloop
  endfacet
  facet normal 0.510431 -0.859919 0
    outer loop
      vertex -14.8366 -2.43152 0
      vertex -14.8366 -2.43152 2.4
      vertex -14.8662 -2.44909 2.4
    endloop
  endfacet
  facet normal -0.70656 -0.707653 0
    outer loop
      vertex -10.8594 -6.40258 0
      vertex -14.8366 -2.43152 2.4
      vertex -14.8366 -2.43152 0
    endloop
  endfacet
  facet normal -0.70656 -0.707653 0
    outer loop
      vertex -10.8594 -6.40258 0
      vertex -10.8594 -6.40258 2.4
      vertex -14.8366 -2.43152 2.4
    endloop
  endfacet
  facet normal -0.686256 -0.72736 0
    outer loop
      vertex -10.821 -6.43881 0
      vertex -10.8594 -6.40258 2.4
      vertex -10.8594 -6.40258 0
    endloop
  endfacet
  facet normal -0.686256 -0.72736 0
    outer loop
      vertex -10.821 -6.43881 0
      vertex -10.821 -6.43881 2.4
      vertex -10.8594 -6.40258 2.4
    endloop
  endfacet
  facet normal -0.641576 -0.76706 0
    outer loop
      vertex -10.7809 -6.47235 0
      vertex -10.821 -6.43881 2.4
      vertex -10.821 -6.43881 0
    endloop
  endfacet
  facet normal -0.641576 -0.76706 0
    outer loop
      vertex -10.7809 -6.47235 0
      vertex -10.7809 -6.47235 2.4
      vertex -10.821 -6.43881 2.4
    endloop
  endfacet
  facet normal -0.596483 -0.802625 0
    outer loop
      vertex -10.7392 -6.50334 0
      vertex -10.7809 -6.47235 2.4
      vertex -10.7809 -6.47235 0
    endloop
  endfacet
  facet normal -0.596483 -0.802625 0
    outer loop
      vertex -10.7392 -6.50334 0
      vertex -10.7392 -6.50334 2.4
      vertex -10.7809 -6.47235 2.4
    endloop
  endfacet
  facet normal -0.549659 -0.835389 0
    outer loop
      vertex -10.6959 -6.53183 0
      vertex -10.7392 -6.50334 2.4
      vertex -10.7392 -6.50334 0
    endloop
  endfacet
  facet normal -0.549659 -0.835389 0
    outer loop
      vertex -10.6959 -6.53183 0
      vertex -10.6959 -6.53183 2.4
      vertex -10.7392 -6.50334 2.4
    endloop
  endfacet
  facet normal -0.502266 -0.864713 0
    outer loop
      vertex -10.651 -6.55791 0
      vertex -10.6959 -6.53183 2.4
      vertex -10.6959 -6.53183 0
    endloop
  endfacet
  facet normal -0.502266 -0.864713 0
    outer loop
      vertex -10.651 -6.55791 0
      vertex -10.651 -6.55791 2.4
      vertex -10.6959 -6.53183 2.4
    endloop
  endfacet
  facet normal -0.454235 -0.890882 0
    outer loop
      vertex -10.6044 -6.58167 0
      vertex -10.651 -6.55791 2.4
      vertex -10.651 -6.55791 0
    endloop
  endfacet
  facet normal -0.454235 -0.890882 0
    outer loop
      vertex -10.6044 -6.58167 0
      vertex -10.6044 -6.58167 2.4
      vertex -10.651 -6.55791 2.4
    endloop
  endfacet
  facet normal -0.408316 -0.912841 0
    outer loop
      vertex -10.5562 -6.60323 0
      vertex -10.6044 -6.58167 2.4
      vertex -10.6044 -6.58167 0
    endloop
  endfacet
  facet normal -0.408316 -0.912841 0
    outer loop
      vertex -10.5562 -6.60323 0
      vertex -10.5562 -6.60323 2.4
      vertex -10.6044 -6.58167 2.4
    endloop
  endfacet
  facet normal -0.362825 -0.931857 0
    outer loop
      vertex -10.5064 -6.62262 0
      vertex -10.5562 -6.60323 2.4
      vertex -10.5562 -6.60323 0
    endloop
  endfacet
  facet normal -0.362825 -0.931857 0
    outer loop
      vertex -10.5064 -6.62262 0
      vertex -10.5064 -6.62262 2.4
      vertex -10.5562 -6.60323 2.4
    endloop
  endfacet
  facet normal -0.320151 -0.947367 0
    outer loop
      vertex -10.455 -6.63999 0
      vertex -10.5064 -6.62262 2.4
      vertex -10.5064 -6.62262 0
    endloop
  endfacet
  facet normal -0.320151 -0.947367 0
    outer loop
      vertex -10.455 -6.63999 0
      vertex -10.455 -6.63999 2.4
      vertex -10.5064 -6.62262 2.4
    endloop
  endfacet
  facet normal -0.278207 -0.960521 0
    outer loop
      vertex -10.4019 -6.65537 0
      vertex -10.455 -6.63999 2.4
      vertex -10.455 -6.63999 0
    endloop
  endfacet
  facet normal -0.278207 -0.960521 0
    outer loop
      vertex -10.4019 -6.65537 0
      vertex -10.4019 -6.65537 2.4
      vertex -10.455 -6.63999 2.4
    endloop
  endfacet
  facet normal -0.240025 -0.970767 0
    outer loop
      vertex -10.3473 -6.66887 0
      vertex -10.4019 -6.65537 2.4
      vertex -10.4019 -6.65537 0
    endloop
  endfacet
  facet normal -0.240025 -0.970767 0
    outer loop
      vertex -10.3473 -6.66887 0
      vertex -10.3473 -6.66887 2.4
      vertex -10.4019 -6.65537 2.4
    endloop
  endfacet
  facet normal -0.203968 -0.978978 0
    outer loop
      vertex -10.291 -6.6806 0
      vertex -10.3473 -6.66887 2.4
      vertex -10.3473 -6.66887 0
    endloop
  endfacet
  facet normal -0.203968 -0.978978 0
    outer loop
      vertex -10.291 -6.6806 0
      vertex -10.291 -6.6806 2.4
      vertex -10.3473 -6.66887 2.4
    endloop
  endfacet
  facet normal -0.170809 -0.985304 0
    outer loop
      vertex -10.2332 -6.69062 0
      vertex -10.291 -6.6806 2.4
      vertex -10.291 -6.6806 0
    endloop
  endfacet
  facet normal -0.170809 -0.985304 0
    outer loop
      vertex -10.2332 -6.69062 0
      vertex -10.2332 -6.69062 2.4
      vertex -10.291 -6.6806 2.4
    endloop
  endfacet
  facet normal -0.139531 -0.990218 0
    outer loop
      vertex -10.1738 -6.69899 0
      vertex -10.2332 -6.69062 2.4
      vertex -10.2332 -6.69062 0
    endloop
  endfacet
  facet normal -0.139531 -0.990218 0
    outer loop
      vertex -10.1738 -6.69899 0
      vertex -10.1738 -6.69899 2.4
      vertex -10.2332 -6.69062 2.4
    endloop
  endfacet
  facet normal -0.111915 -0.993718 0
    outer loop
      vertex -10.1128 -6.70586 0
      vertex -10.1738 -6.69899 2.4
      vertex -10.1738 -6.69899 0
    endloop
  endfacet
  facet normal -0.111915 -0.993718 0
    outer loop
      vertex -10.1128 -6.70586 0
      vertex -10.1128 -6.70586 2.4
      vertex -10.1738 -6.69899 2.4
    endloop
  endfacet
  facet normal -0.0862588 -0.996273 0
    outer loop
      vertex -10.0502 -6.71128 0
      vertex -10.1128 -6.70586 2.4
      vertex -10.1128 -6.70586 0
    endloop
  endfacet
  facet normal -0.0862588 -0.996273 0
    outer loop
      vertex -10.0502 -6.71128 0
      vertex -10.0502 -6.71128 2.4
      vertex -10.1128 -6.70586 2.4
    endloop
  endfacet
  facet normal -0.0632883 -0.997995 0
    outer loop
      vertex -9.98602 -6.71535 0
      vertex -10.0502 -6.71128 2.4
      vertex -10.0502 -6.71128 0
    endloop
  endfacet
  facet normal -0.0632883 -0.997995 0
    outer loop
      vertex -9.98602 -6.71535 0
      vertex -9.98602 -6.71535 2.4
      vertex -10.0502 -6.71128 2.4
    endloop
  endfacet
  facet normal -0.0425664 -0.999094 0
    outer loop
      vertex -9.9203 -6.71815 0
      vertex -9.98602 -6.71535 2.4
      vertex -9.98602 -6.71535 0
    endloop
  endfacet
  facet normal -0.0425664 -0.999094 0
    outer loop
      vertex -9.9203 -6.71815 0
      vertex -9.9203 -6.71815 2.4
      vertex -9.98602 -6.71535 2.4
    endloop
  endfacet
  facet normal -0.0239159 -0.999714 0
    outer loop
      vertex -9.853 -6.71976 0
      vertex -9.9203 -6.71815 2.4
      vertex -9.9203 -6.71815 0
    endloop
  endfacet
  facet normal -0.0239159 -0.999714 0
    outer loop
      vertex -9.853 -6.71976 0
      vertex -9.853 -6.71976 2.4
      vertex -9.9203 -6.71815 2.4
    endloop
  endfacet
  facet normal -0.00769543 -0.99997 0
    outer loop
      vertex -9.78413 -6.72029 0
      vertex -9.853 -6.71976 2.4
      vertex -9.853 -6.71976 0
    endloop
  endfacet
  facet normal -0.00769543 -0.99997 0
    outer loop
      vertex -9.78413 -6.72029 0
      vertex -9.78413 -6.72029 2.4
      vertex -9.853 -6.71976 2.4
    endloop
  endfacet
  facet normal 0 -1 0
    outer loop
      vertex -3.85805 -6.72029 0
      vertex -9.78413 -6.72029 2.4
      vertex -9.78413 -6.72029 0
    endloop
  endfacet
  facet normal 0 -1 0
    outer loop
      vertex -3.85805 -6.72029 0
      vertex -3.85805 -6.72029 2.4
      vertex -9.78413 -6.72029 2.4
    endloop
  endfacet
  facet normal 0.0214319 -0.99977 0
    outer loop
      vertex -3.84079 -6.71992 0
      vertex -3.85805 -6.72029 2.4
      vertex -3.85805 -6.72029 0
    endloop
  endfacet
  facet normal 0.0214319 -0.99977 0
    outer loop
      vertex -3.84079 -6.71992 0
      vertex -3.84079 -6.71992 2.4
      vertex -3.85805 -6.72029 2.4
    endloop
  endfacet
  facet normal 0.0636253 -0.997974 0
    outer loop
      vertex -3.82385 -6.71884 0
      vertex -3.84079 -6.71992 2.4
      vertex -3.84079 -6.71992 0
    endloop
  endfacet
  facet normal 0.0636253 -0.997974 0
    outer loop
      vertex -3.82385 -6.71884 0
      vertex -3.82385 -6.71884 2.4
      vertex -3.84079 -6.71992 2.4
    endloop
  endfacet
  facet normal 0.105217 -0.994449 0
    outer loop
      vertex -3.80731 -6.71709 0
      vertex -3.82385 -6.71884 2.4
      vertex -3.82385 -6.71884 0
    endloop
  endfacet
  facet normal 0.105217 -0.994449 0
    outer loop
      vertex -3.80731 -6.71709 0
      vertex -3.80731 -6.71709 2.4
      vertex -3.82385 -6.71884 2.4
    endloop
  endfacet
  facet normal 0.145902 -0.989299 0
    outer loop
      vertex -3.79124 -6.71472 0
      vertex -3.80731 -6.71709 2.4
      vertex -3.80731 -6.71709 0
    endloop
  endfacet
  facet normal 0.145902 -0.989299 0
    outer loop
      vertex -3.79124 -6.71472 0
      vertex -3.79124 -6.71472 2.4
      vertex -3.80731 -6.71709 2.4
    endloop
  endfacet
  facet normal 0.191747 -0.981444 0
    outer loop
      vertex -3.77568 -6.71168 0
      vertex -3.79124 -6.71472 2.4
      vertex -3.79124 -6.71472 0
    endloop
  endfacet
  facet normal 0.191747 -0.981444 0
    outer loop
      vertex -3.77568 -6.71168 0
      vertex -3.77568 -6.71168 2.4
      vertex -3.79124 -6.71472 2.4
    endloop
  endfacet
  facet normal 0.233226 -0.972423 0
    outer loop
      vertex -3.76067 -6.70808 0
      vertex -3.77568 -6.71168 2.4
      vertex -3.77568 -6.71168 0
    endloop
  endfacet
  facet normal 0.233226 -0.972423 0
    outer loop
      vertex -3.76067 -6.70808 0
      vertex -3.76067 -6.70808 2.4
      vertex -3.77568 -6.71168 2.4
    endloop
  endfacet
  facet normal 0.280359 -0.959895 0
    outer loop
      vertex -3.74629 -6.70388 0
      vertex -3.76067 -6.70808 2.4
      vertex -3.76067 -6.70808 0
    endloop
  endfacet
  facet normal 0.280359 -0.959895 0
    outer loop
      vertex -3.74629 -6.70388 0
      vertex -3.74629 -6.70388 2.4
      vertex -3.76067 -6.70808 2.4
    endloop
  endfacet
  facet normal 0.325351 -0.945593 0
    outer loop
      vertex -3.73263 -6.69918 0
      vertex -3.74629 -6.70388 2.4
      vertex -3.74629 -6.70388 0
    endloop
  endfacet
  facet normal 0.325351 -0.945593 0
    outer loop
      vertex -3.73263 -6.69918 0
      vertex -3.73263 -6.69918 2.4
      vertex -3.74629 -6.70388 2.4
    endloop
  endfacet
  facet normal 0.377069 -0.926185 0
    outer loop
      vertex -3.71971 -6.69392 0
      vertex -3.73263 -6.69918 2.4
      vertex -3.73263 -6.69918 0
    endloop
  endfacet
  facet normal 0.377069 -0.926185 0
    outer loop
      vertex -3.71971 -6.69392 0
      vertex -3.71971 -6.69392 2.4
      vertex -3.73263 -6.69918 2.4
    endloop
  endfacet
  facet normal 0.426769 -0.904361 0
    outer loop
      vertex -3.70761 -6.68821 0
      vertex -3.71971 -6.69392 2.4
      vertex -3.71971 -6.69392 0
    endloop
  endfacet
  facet normal 0.426769 -0.904361 0
    outer loop
      vertex -3.70761 -6.68821 0
      vertex -3.70761 -6.68821 2.4
      vertex -3.71971 -6.69392 2.4
    endloop
  endfacet
  facet normal 0.482128 -0.876101 0
    outer loop
      vertex -3.69638 -6.68203 0
      vertex -3.70761 -6.68821 2.4
      vertex -3.70761 -6.68821 0
    endloop
  endfacet
  facet normal 0.482128 -0.876101 0
    outer loop
      vertex -3.69638 -6.68203 0
      vertex -3.69638 -6.68203 2.4
      vertex -3.70761 -6.68821 2.4
    endloop
  endfacet
  facet normal 0.538614 -0.842552 0
    outer loop
      vertex -3.68604 -6.67542 0
      vertex -3.69638 -6.68203 2.4
      vertex -3.69638 -6.68203 0
    endloop
  endfacet
  facet normal 0.538614 -0.842552 0
    outer loop
      vertex -3.68604 -6.67542 0
      vertex -3.68604 -6.67542 2.4
      vertex -3.69638 -6.68203 2.4
    endloop
  endfacet
  facet normal 0.603015 -0.79773 0
    outer loop
      vertex -3.67674 -6.66839 0
      vertex -3.68604 -6.67542 2.4
      vertex -3.68604 -6.67542 0
    endloop
  endfacet
  facet normal 0.603015 -0.79773 0
    outer loop
      vertex -3.67674 -6.66839 0
      vertex -3.67674 -6.66839 2.4
      vertex -3.68604 -6.67542 2.4
    endloop
  endfacet
  facet normal 0.665316 -0.746562 0
    outer loop
      vertex -3.66847 -6.66102 0
      vertex -3.67674 -6.66839 2.4
      vertex -3.67674 -6.66839 0
    endloop
  endfacet
  facet normal 0.665316 -0.746562 0
    outer loop
      vertex -3.66847 -6.66102 0
      vertex -3.66847 -6.66102 2.4
      vertex -3.67674 -6.66839 2.4
    endloop
  endfacet
  facet normal 0.734076 -0.679068 0
    outer loop
      vertex -3.66131 -6.65328 0
      vertex -3.66847 -6.66102 2.4
      vertex -3.66847 -6.66102 0
    endloop
  endfacet
  facet normal 0.734076 -0.679068 0
    outer loop
      vertex -3.66131 -6.65328 0
      vertex -3.66131 -6.65328 2.4
      vertex -3.66847 -6.66102 2.4
    endloop
  endfacet
  facet normal 0.802145 -0.59713 0
    outer loop
      vertex -3.65531 -6.64522 0
      vertex -3.66131 -6.65328 2.4
      vertex -3.66131 -6.65328 0
    endloop
  endfacet
  facet normal 0.802145 -0.59713 0
    outer loop
      vertex -3.65531 -6.64522 0
      vertex -3.65531 -6.64522 2.4
      vertex -3.66131 -6.65328 2.4
    endloop
  endfacet
  facet normal 0.869202 -0.494456 0
    outer loop
      vertex -3.65056 -6.63687 0
      vertex -3.65531 -6.64522 2.4
      vertex -3.65531 -6.64522 0
    endloop
  endfacet
  facet normal 0.869202 -0.494456 0
    outer loop
      vertex -3.65056 -6.63687 0
      vertex -3.65056 -6.63687 2.4
      vertex -3.65531 -6.64522 2.4
    endloop
  endfacet
  facet normal 0.927213 -0.374534 0
    outer loop
      vertex -3.64707 -6.62823 0
      vertex -3.65056 -6.63687 2.4
      vertex -3.65056 -6.63687 0
    endloop
  endfacet
  facet normal 0.927213 -0.374534 0
    outer loop
      vertex -3.64707 -6.62823 0
      vertex -3.64707 -6.62823 2.4
      vertex -3.65056 -6.63687 2.4
    endloop
  endfacet
  facet normal 0.972546 -0.232709 0
    outer loop
      vertex -3.64495 -6.61937 0
      vertex -3.64707 -6.62823 2.4
      vertex -3.64707 -6.62823 0
    endloop
  endfacet
  facet normal 0.972546 -0.232709 0
    outer loop
      vertex -3.64495 -6.61937 0
      vertex -3.64495 -6.61937 2.4
      vertex -3.64707 -6.62823 2.4
    endloop
  endfacet
  facet normal 0.996681 -0.0814066 0
    outer loop
      vertex -3.64421 -6.61031 0
      vertex -3.64495 -6.61937 2.4
      vertex -3.64495 -6.61937 0
    endloop
  endfacet
  facet normal 0.996681 -0.0814066 0
    outer loop
      vertex -3.64421 -6.61031 0
      vertex -3.64421 -6.61031 2.4
      vertex -3.64495 -6.61937 2.4
    endloop
  endfacet
  facet normal 0.999155 0.0410987 0
    outer loop
      vertex -3.64466 -6.59937 0
      vertex -3.64421 -6.61031 2.4
      vertex -3.64421 -6.61031 0
    endloop
  endfacet
  facet normal 0.999155 0.0410987 -0
    outer loop
      vertex -3.64466 -6.59937 0
      vertex -3.64466 -6.59937 2.4
      vertex -3.64421 -6.61031 2.4
    endloop
  endfacet
  facet normal 0.992404 0.123025 0
    outer loop
      vertex -3.64601 -6.58848 0
      vertex -3.64466 -6.59937 2.4
      vertex -3.64466 -6.59937 0
    endloop
  endfacet
  facet normal 0.992404 0.123025 -0
    outer loop
      vertex -3.64601 -6.58848 0
      vertex -3.64601 -6.58848 2.4
      vertex -3.64466 -6.59937 2.4
    endloop
  endfacet
  facet normal 0.97963 0.200811 0
    outer loop
      vertex -3.64823 -6.57765 0
      vertex -3.64601 -6.58848 2.4
      vertex -3.64601 -6.58848 0
    endloop
  endfacet
  facet normal 0.97963 0.200811 -0
    outer loop
      vertex -3.64823 -6.57765 0
      vertex -3.64823 -6.57765 2.4
      vertex -3.64601 -6.58848 2.4
    endloop
  endfacet
  facet normal 0.962462 0.271418 0
    outer loop
      vertex -3.65127 -6.56687 0
      vertex -3.64823 -6.57765 2.4
      vertex -3.64823 -6.57765 0
    endloop
  endfacet
  facet normal 0.962462 0.271418 -0
    outer loop
      vertex -3.65127 -6.56687 0
      vertex -3.65127 -6.56687 2.4
      vertex -3.64823 -6.57765 2.4
    endloop
  endfacet
  facet normal 0.942294 0.334785 0
    outer loop
      vertex -3.6551 -6.55609 0
      vertex -3.65127 -6.56687 2.4
      vertex -3.65127 -6.56687 0
    endloop
  endfacet
  facet normal 0.942294 0.334785 -0
    outer loop
      vertex -3.6551 -6.55609 0
      vertex -3.6551 -6.55609 2.4
      vertex -3.65127 -6.56687 2.4
    endloop
  endfacet
  facet normal 0.91857 0.395258 0
    outer loop
      vertex -3.65973 -6.54533 0
      vertex -3.6551 -6.55609 2.4
      vertex -3.6551 -6.55609 0
    endloop
  endfacet
  facet normal 0.91857 0.395258 -0
    outer loop
      vertex -3.65973 -6.54533 0
      vertex -3.65973 -6.54533 2.4
      vertex -3.6551 -6.55609 2.4
    endloop
  endfacet
  facet normal 0.895914 0.444227 0
    outer loop
      vertex -3.66509 -6.53452 0
      vertex -3.65973 -6.54533 2.4
      vertex -3.65973 -6.54533 0
    endloop
  endfacet
  facet normal 0.895914 0.444227 -0
    outer loop
      vertex -3.66509 -6.53452 0
      vertex -3.66509 -6.53452 2.4
      vertex -3.65973 -6.54533 2.4
    endloop
  endfacet
  facet normal 0.870713 0.491792 0
    outer loop
      vertex -3.67119 -6.52372 0
      vertex -3.66509 -6.53452 2.4
      vertex -3.66509 -6.53452 0
    endloop
  endfacet
  facet normal 0.870713 0.491792 -0
    outer loop
      vertex -3.67119 -6.52372 0
      vertex -3.67119 -6.52372 2.4
      vertex -3.66509 -6.53452 2.4
    endloop
  endfacet
  facet normal 0.848217 0.529649 0
    outer loop
      vertex -3.67799 -6.51283 0
      vertex -3.67119 -6.52372 2.4
      vertex -3.67119 -6.52372 0
    endloop
  endfacet
  facet normal 0.848217 0.529649 -0
    outer loop
      vertex -3.67799 -6.51283 0
      vertex -3.67799 -6.51283 2.4
      vertex -3.67119 -6.52372 2.4
    endloop
  endfacet
  facet normal 0.826562 0.562846 0
    outer loop
      vertex -3.68546 -6.50186 0
      vertex -3.67799 -6.51283 2.4
      vertex -3.67799 -6.51283 0
    endloop
  endfacet
  facet normal 0.826562 0.562846 -0
    outer loop
      vertex -3.68546 -6.50186 0
      vertex -3.68546 -6.50186 2.4
      vertex -3.67799 -6.51283 2.4
    endloop
  endfacet
  facet normal 0.806614 0.591079 0
    outer loop
      vertex -3.69355 -6.49082 0
      vertex -3.68546 -6.50186 2.4
      vertex -3.68546 -6.50186 0
    endloop
  endfacet
  facet normal 0.806614 0.591079 -0
    outer loop
      vertex -3.69355 -6.49082 0
      vertex -3.69355 -6.49082 2.4
      vertex -3.68546 -6.50186 2.4
    endloop
  endfacet
  facet normal 0.787714 0.616042 0
    outer loop
      vertex -3.70227 -6.47967 0
      vertex -3.69355 -6.49082 2.4
      vertex -3.69355 -6.49082 0
    endloop
  endfacet
  facet normal 0.787714 0.616042 -0
    outer loop
      vertex -3.70227 -6.47967 0
      vertex -3.70227 -6.47967 2.4
      vertex -3.69355 -6.49082 2.4
    endloop
  endfacet
  facet normal 0.770845 0.637023 0
    outer loop
      vertex -3.7116 -6.46838 0
      vertex -3.70227 -6.47967 2.4
      vertex -3.70227 -6.47967 0
    endloop
  endfacet
  facet normal 0.770845 0.637023 -0
    outer loop
      vertex -3.7116 -6.46838 0
      vertex -3.7116 -6.46838 2.4
      vertex -3.70227 -6.47967 2.4
    endloop
  endfacet
  facet normal 0.756957 0.653464 0
    outer loop
      vertex -3.72145 -6.45697 0
      vertex -3.7116 -6.46838 2.4
      vertex -3.7116 -6.46838 0
    endloop
  endfacet
  facet normal 0.756957 0.653464 -0
    outer loop
      vertex -3.72145 -6.45697 0
      vertex -3.72145 -6.45697 2.4
      vertex -3.7116 -6.46838 2.4
    endloop
  endfacet
  facet normal 0.744889 0.667189 0
    outer loop
      vertex -3.73184 -6.44537 0
      vertex -3.72145 -6.45697 2.4
      vertex -3.72145 -6.45697 0
    endloop
  endfacet
  facet normal 0.744889 0.667189 -0
    outer loop
      vertex -3.73184 -6.44537 0
      vertex -3.73184 -6.44537 2.4
      vertex -3.72145 -6.45697 2.4
    endloop
  endfacet
  facet normal 0.733968 0.679185 0
    outer loop
      vertex -3.74275 -6.43358 0
      vertex -3.73184 -6.44537 2.4
      vertex -3.73184 -6.44537 0
    endloop
  endfacet
  facet normal 0.733968 0.679185 -0
    outer loop
      vertex -3.74275 -6.43358 0
      vertex -3.74275 -6.43358 2.4
      vertex -3.73184 -6.44537 2.4
    endloop
  endfacet
  facet normal 0.725045 0.688702 0
    outer loop
      vertex -3.75412 -6.42161 0
      vertex -3.74275 -6.43358 2.4
      vertex -3.74275 -6.43358 0
    endloop
  endfacet
  facet normal 0.725045 0.688702 -0
    outer loop
      vertex -3.75412 -6.42161 0
      vertex -3.75412 -6.42161 2.4
      vertex -3.74275 -6.43358 2.4
    endloop
  endfacet
  facet normal 0.718194 0.695843 0
    outer loop
      vertex -3.76595 -6.4094 0
      vertex -3.75412 -6.42161 2.4
      vertex -3.75412 -6.42161 0
    endloop
  endfacet
  facet normal 0.718194 0.695843 -0
    outer loop
      vertex -3.76595 -6.4094 0
      vertex -3.76595 -6.4094 2.4
      vertex -3.75412 -6.42161 2.4
    endloop
  endfacet
  facet normal 0.712814 0.701354 0
    outer loop
      vertex -3.77819 -6.39696 0
      vertex -3.76595 -6.4094 2.4
      vertex -3.76595 -6.4094 0
    endloop
  endfacet
  facet normal 0.712814 0.701354 -0
    outer loop
      vertex -3.77819 -6.39696 0
      vertex -3.77819 -6.39696 2.4
      vertex -3.76595 -6.4094 2.4
    endloop
  endfacet
  facet normal 0.707943 0.706269 0
    outer loop
      vertex -3.79085 -6.38427 0
      vertex -3.77819 -6.39696 2.4
      vertex -3.77819 -6.39696 0
    endloop
  endfacet
  facet normal 0.707943 0.706269 -0
    outer loop
      vertex -3.79085 -6.38427 0
      vertex -3.79085 -6.38427 2.4
      vertex -3.77819 -6.39696 2.4
    endloop
  endfacet
  facet normal 0.676797 0.73617 0
    outer loop
      vertex -10.9877 0.232143 0
      vertex -3.79085 -6.38427 2.4
      vertex -3.79085 -6.38427 0
    endloop
  endfacet
  facet normal 0.676797 0.73617 -0
    outer loop
      vertex -10.9877 0.232143 0
      vertex -10.9877 0.232143 2.4
      vertex -3.79085 -6.38427 2.4
    endloop
  endfacet
  facet normal 0.745971 0.665978 0
    outer loop
      vertex -10.9965 0.242 0
      vertex -10.9877 0.232143 2.4
      vertex -10.9877 0.232143 0
    endloop
  endfacet
  facet normal 0.745971 0.665978 -0
    outer loop
      vertex -10.9965 0.242 0
      vertex -10.9965 0.242 2.4
      vertex -10.9877 0.232143 2.4
    endloop
  endfacet
  facet normal 0.753811 0.657091 0
    outer loop
      vertex -11.0047 0.251407 0
      vertex -10.9965 0.242 2.4
      vertex -10.9965 0.242 0
    endloop
  endfacet
  facet normal 0.753811 0.657091 -0
    outer loop
      vertex -11.0047 0.251407 0
      vertex -11.0047 0.251407 2.4
      vertex -10.9965 0.242 2.4
    endloop
  endfacet
  facet normal 0.760244 0.649637 0
    outer loop
      vertex -11.0124 0.260418 0
      vertex -11.0047 0.251407 2.4
      vertex -11.0047 0.251407 0
    endloop
  endfacet
  facet normal 0.760244 0.649637 -0
    outer loop
      vertex -11.0124 0.260418 0
      vertex -11.0124 0.260418 2.4
      vertex -11.0047 0.251407 2.4
    endloop
  endfacet
  facet normal 0.7761 0.63061 0
    outer loop
      vertex -11.0194 0.269033 0
      vertex -11.0124 0.260418 2.4
      vertex -11.0124 0.260418 0
    endloop
  endfacet
  facet normal 0.7761 0.63061 -0
    outer loop
      vertex -11.0194 0.269033 0
      vertex -11.0194 0.269033 2.4
      vertex -11.0124 0.260418 2.4
    endloop
  endfacet
  facet normal 0.790879 0.611973 0
    outer loop
      vertex -11.0258 0.277304 0
      vertex -11.0194 0.269033 2.4
      vertex -11.0194 0.269033 0
    endloop
  endfacet
  facet normal 0.790879 0.611973 -0
    outer loop
      vertex -11.0258 0.277304 0
      vertex -11.0258 0.277304 2.4
      vertex -11.0194 0.269033 2.4
    endloop
  endfacet
  facet normal 0.796393 0.604779 0
    outer loop
      vertex -11.0318 0.285205 0
      vertex -11.0258 0.277304 2.4
      vertex -11.0258 0.277304 0
    endloop
  endfacet
  facet normal 0.796393 0.604779 -0
    outer loop
      vertex -11.0318 0.285205 0
      vertex -11.0318 0.285205 2.4
      vertex -11.0258 0.277304 2.4
    endloop
  endfacet
  facet normal 0.814603 0.580018 0
    outer loop
      vertex -11.0372 0.292789 0
      vertex -11.0318 0.285205 2.4
      vertex -11.0318 0.285205 0
    endloop
  endfacet
  facet normal 0.814603 0.580018 -0
    outer loop
      vertex -11.0372 0.292789 0
      vertex -11.0372 0.292789 2.4
      vertex -11.0318 0.285205 2.4
    endloop
  endfacet
  facet normal 0.835313 0.549774 0
    outer loop
      vertex -11.042 0.300082 0
      vertex -11.0372 0.292789 2.4
      vertex -11.0372 0.292789 0
    endloop
  endfacet
  facet normal 0.835313 0.549774 -0
    outer loop
      vertex -11.042 0.300082 0
      vertex -11.042 0.300082 2.4
      vertex -11.0372 0.292789 2.4
    endloop
  endfacet
  facet normal 0.846739 0.532008 0
    outer loop
      vertex -11.0464 0.307085 0
      vertex -11.042 0.300082 2.4
      vertex -11.042 0.300082 0
    endloop
  endfacet
  facet normal 0.846739 0.532008 -0
    outer loop
      vertex -11.0464 0.307085 0
      vertex -11.0464 0.307085 2.4
      vertex -11.042 0.300082 2.4
    endloop
  endfacet
  facet normal 0.866313 0.499501 0
    outer loop
      vertex -11.0503 0.313849 0
      vertex -11.0464 0.307085 2.4
      vertex -11.0464 0.307085 0
    endloop
  endfacet
  facet normal 0.866313 0.499501 -0
    outer loop
      vertex -11.0503 0.313849 0
      vertex -11.0503 0.313849 2.4
      vertex -11.0464 0.307085 2.4
    endloop
  endfacet
  facet normal 0.886885 0.46199 0
    outer loop
      vertex -11.0537 0.320376 0
      vertex -11.0503 0.313849 2.4
      vertex -11.0503 0.313849 0
    endloop
  endfacet
  facet normal 0.886885 0.46199 -0
    outer loop
      vertex -11.0537 0.320376 0
      vertex -11.0537 0.320376 2.4
      vertex -11.0503 0.313849 2.4
    endloop
  endfacet
  facet normal 0.903964 0.427608 0
    outer loop
      vertex -11.0567 0.326718 0
      vertex -11.0537 0.320376 2.4
      vertex -11.0537 0.320376 0
    endloop
  endfacet
  facet normal 0.903964 0.427608 -0
    outer loop
      vertex -11.0567 0.326718 0
      vertex -11.0567 0.326718 2.4
      vertex -11.0537 0.320376 2.4
    endloop
  endfacet
  facet normal 0.920637 0.390419 0
    outer loop
      vertex -11.0593 0.332849 0
      vertex -11.0567 0.326718 2.4
      vertex -11.0567 0.326718 0
    endloop
  endfacet
  facet normal 0.920637 0.390419 -0
    outer loop
      vertex -11.0593 0.332849 0
      vertex -11.0593 0.332849 2.4
      vertex -11.0567 0.326718 2.4
    endloop
  endfacet
  facet normal 0.938839 0.344356 0
    outer loop
      vertex -11.0615 0.338847 0
      vertex -11.0593 0.332849 2.4
      vertex -11.0593 0.332849 0
    endloop
  endfacet
  facet normal 0.938839 0.344356 -0
    outer loop
      vertex -11.0615 0.338847 0
      vertex -11.0615 0.338847 2.4
      vertex -11.0593 0.332849 2.4
    endloop
  endfacet
  facet normal 0.955637 0.294546 0
    outer loop
      vertex -11.0633 0.344687 0
      vertex -11.0615 0.338847 2.4
      vertex -11.0615 0.338847 0
    endloop
  endfacet
  facet normal 0.955637 0.294546 -0
    outer loop
      vertex -11.0633 0.344687 0
      vertex -11.0633 0.344687 2.4
      vertex -11.0615 0.338847 2.4
    endloop
  endfacet
  facet normal 0.971463 0.23719 0
    outer loop
      vertex -11.0647 0.350421 0
      vertex -11.0633 0.344687 2.4
      vertex -11.0633 0.344687 0
    endloop
  endfacet
  facet normal 0.971463 0.23719 -0
    outer loop
      vertex -11.0647 0.350421 0
      vertex -11.0647 0.350421 2.4
      vertex -11.0633 0.344687 2.4
    endloop
  endfacet
  facet normal 0.981436 0.191789 0
    outer loop
      vertex -11.0658 0.35605 0
      vertex -11.0647 0.350421 2.4
      vertex -11.0647 0.350421 0
    endloop
  endfacet
  facet normal 0.981436 0.191789 -0
    outer loop
      vertex -11.0658 0.35605 0
      vertex -11.0658 0.35605 2.4
      vertex -11.0647 0.350421 2.4
    endloop
  endfacet
  facet normal 0.992212 0.12456 0
    outer loop
      vertex -11.0665 0.361626 0
      vertex -11.0658 0.35605 2.4
      vertex -11.0658 0.35605 0
    endloop
  endfacet
  facet normal 0.992212 0.12456 -0
    outer loop
      vertex -11.0665 0.361626 0
      vertex -11.0665 0.361626 2.4
      vertex -11.0658 0.35605 2.4
    endloop
  endfacet
  facet normal 0.995926 0.090178 0
    outer loop
      vertex -11.067 0.367148 0
      vertex -11.0665 0.361626 2.4
      vertex -11.0665 0.361626 0
    endloop
  endfacet
  facet normal 0.995926 0.090178 -0
    outer loop
      vertex -11.067 0.367148 0
      vertex -11.067 0.367148 2.4
      vertex -11.0665 0.361626 2.4
    endloop
  endfacet
  facet normal 0.999835 0.0181887 0
    outer loop
      vertex -11.0671 0.372645 0
      vertex -11.067 0.367148 2.4
      vertex -11.067 0.367148 0
    endloop
  endfacet
  facet normal 0.999835 0.0181887 -0
    outer loop
      vertex -11.0671 0.372645 0
      vertex -11.0671 0.372645 2.4
      vertex -11.067 0.367148 2.4
    endloop
  endfacet
  facet normal 0.999515 -0.0311327 0
    outer loop
      vertex -11.0669 0.379066 0
      vertex -11.0671 0.372645 2.4
      vertex -11.0671 0.372645 0
    endloop
  endfacet
  facet normal 0.999515 -0.0311327 0
    outer loop
      vertex -11.0669 0.379066 0
      vertex -11.0669 0.379066 2.4
      vertex -11.0671 0.372645 2.4
    endloop
  endfacet
  facet normal 0.995699 -0.0926519 0
    outer loop
      vertex -11.0663 0.385514 0
      vertex -11.0669 0.379066 2.4
      vertex -11.0669 0.379066 0
    endloop
  endfacet
  facet normal 0.995699 -0.0926519 0
    outer loop
      vertex -11.0663 0.385514 0
      vertex -11.0663 0.385514 2.4
      vertex -11.0669 0.379066 2.4
    endloop
  endfacet
  facet normal 0.988187 -0.153255 0
    outer loop
      vertex -11.0653 0.391962 0
      vertex -11.0663 0.385514 2.4
      vertex -11.0663 0.385514 0
    endloop
  endfacet
  facet normal 0.988187 -0.153255 0
    outer loop
      vertex -11.0653 0.391962 0
      vertex -11.0653 0.391962 2.4
      vertex -11.0663 0.385514 2.4
    endloop
  endfacet
  facet normal 0.974391 -0.22486 0
    outer loop
      vertex -11.0638 0.398462 0
      vertex -11.0653 0.391962 2.4
      vertex -11.0653 0.391962 0
    endloop
  endfacet
  facet normal 0.974391 -0.22486 0
    outer loop
      vertex -11.0638 0.398462 0
      vertex -11.0638 0.398462 2.4
      vertex -11.0653 0.391962 2.4
    endloop
  endfacet
  facet normal 0.956446 -0.291911 0
    outer loop
      vertex -11.0618 0.405015 0
      vertex -11.0638 0.398462 2.4
      vertex -11.0638 0.398462 0
    endloop
  endfacet
  facet normal 0.956446 -0.291911 0
    outer loop
      vertex -11.0618 0.405015 0
      vertex -11.0618 0.405015 2.4
      vertex -11.0638 0.398462 2.4
    endloop
  endfacet
  facet normal 0.935742 -0.352684 0
    outer loop
      vertex -11.0593 0.411648 0
      vertex -11.0618 0.405015 2.4
      vertex -11.0618 0.405015 0
    endloop
  endfacet
  facet normal 0.935742 -0.352684 0
    outer loop
      vertex -11.0593 0.411648 0
      vertex -11.0593 0.411648 2.4
      vertex -11.0618 0.405015 2.4
    endloop
  endfacet
  facet normal 0.912957 -0.408056 0
    outer loop
      vertex -11.0563 0.41836 0
      vertex -11.0593 0.411648 2.4
      vertex -11.0593 0.411648 0
    endloop
  endfacet
  facet normal 0.912957 -0.408056 0
    outer loop
      vertex -11.0563 0.41836 0
      vertex -11.0563 0.41836 2.4
      vertex -11.0593 0.411648 2.4
    endloop
  endfacet
  facet normal 0.878123 -0.478435 0
    outer loop
      vertex -11.0526 0.425151 0
      vertex -11.0563 0.41836 2.4
      vertex -11.0563 0.41836 0
    endloop
  endfacet
  facet normal 0.878123 -0.478435 0
    outer loop
      vertex -11.0526 0.425151 0
      vertex -11.0526 0.425151 2.4
      vertex -11.0563 0.41836 2.4
    endloop
  endfacet
  facet normal 0.854098 -0.520112 0
    outer loop
      vertex -11.0484 0.432048 0
      vertex -11.0526 0.425151 2.4
      vertex -11.0526 0.425151 0
    endloop
  endfacet
  facet normal 0.854098 -0.520112 0
    outer loop
      vertex -11.0484 0.432048 0
      vertex -11.0484 0.432048 2.4
      vertex -11.0526 0.425151 2.4
    endloop
  endfacet
  facet normal 0.815915 -0.578171 0
    outer loop
      vertex -11.0434 0.439104 0
      vertex -11.0484 0.432048 2.4
      vertex -11.0484 0.432048 0
    endloop
  endfacet
  facet normal 0.815915 -0.578171 0
    outer loop
      vertex -11.0434 0.439104 0
      vertex -11.0434 0.439104 2.4
      vertex -11.0484 0.432048 2.4
    endloop
  endfacet
  facet normal 0.787732 -0.616018 0
    outer loop
      vertex -11.0378 0.446265 0
      vertex -11.0434 0.439104 2.4
      vertex -11.0434 0.439104 0
    endloop
  endfacet
  facet normal 0.787732 -0.616018 0
    outer loop
      vertex -11.0378 0.446265 0
      vertex -11.0378 0.446265 2.4
      vertex -11.0434 0.439104 2.4
    endloop
  endfacet
  facet normal 0.757939 -0.652325 0
    outer loop
      vertex -11.0315 0.453585 0
      vertex -11.0378 0.446265 2.4
      vertex -11.0378 0.446265 0
    endloop
  endfacet
  facet normal 0.757939 -0.652325 0
    outer loop
      vertex -11.0315 0.453585 0
      vertex -11.0315 0.453585 2.4
      vertex -11.0378 0.446265 2.4
    endloop
  endfacet
  facet normal 0.72639 -0.687283 0
    outer loop
      vertex -11.0244 0.461089 0
      vertex -11.0315 0.453585 2.4
      vertex -11.0315 0.453585 0
    endloop
  endfacet
  facet normal 0.72639 -0.687283 0
    outer loop
      vertex -11.0244 0.461089 0
      vertex -11.0244 0.461089 2.4
      vertex -11.0315 0.453585 2.4
    endloop
  endfacet
  facet normal 0.696258 -0.717792 0
    outer loop
      vertex -11.0165 0.468752 0
      vertex -11.0244 0.461089 2.4
      vertex -11.0244 0.461089 0
    endloop
  endfacet
  facet normal 0.696258 -0.717792 0
    outer loop
      vertex -11.0165 0.468752 0
      vertex -11.0165 0.468752 2.4
      vertex -11.0244 0.461089 2.4
    endloop
  endfacet
  facet normal 0.66986 -0.742487 0
    outer loop
      vertex -11.0078 0.476601 0
      vertex -11.0165 0.468752 2.4
      vertex -11.0165 0.468752 0
    endloop
  endfacet
  facet normal 0.66986 -0.742487 0
    outer loop
      vertex -11.0078 0.476601 0
      vertex -11.0078 0.476601 2.4
      vertex -11.0165 0.468752 2.4
    endloop
  endfacet
  facet normal 0.64816 -0.761504 0
    outer loop
      vertex -10.9983 0.484687 0
      vertex -11.0078 0.476601 2.4
      vertex -11.0078 0.476601 0
    endloop
  endfacet
  facet normal 0.64816 -0.761504 0
    outer loop
      vertex -10.9983 0.484687 0
      vertex -10.9983 0.484687 2.4
      vertex -11.0078 0.476601 2.4
    endloop
  endfacet
  facet normal 0.622444 -0.782664 0
    outer loop
      vertex -10.9879 0.492958 0
      vertex -10.9983 0.484687 2.4
      vertex -10.9983 0.484687 0
    endloop
  endfacet
  facet normal 0.622444 -0.782664 0
    outer loop
      vertex -10.9879 0.492958 0
      vertex -10.9879 0.492958 2.4
      vertex -10.9983 0.484687 2.4
    endloop
  endfacet
  facet normal 0.599326 -0.800505 0
    outer loop
      vertex -10.9765 0.501493 0
      vertex -10.9879 0.492958 2.4
      vertex -10.9879 0.492958 0
    endloop
  endfacet
  facet normal 0.599326 -0.800505 0
    outer loop
      vertex -10.9765 0.501493 0
      vertex -10.9765 0.501493 2.4
      vertex -10.9879 0.492958 2.4
    endloop
  endfacet
  facet normal 0.580681 -0.814131 0
    outer loop
      vertex -10.9642 0.510266 0
      vertex -10.9765 0.501493 2.4
      vertex -10.9765 0.501493 0
    endloop
  endfacet
  facet normal 0.580681 -0.814131 0
    outer loop
      vertex -10.9642 0.510266 0
      vertex -10.9642 0.510266 2.4
      vertex -10.9765 0.501493 2.4
    endloop
  endfacet
  facet normal 0.563807 -0.825907 0
    outer loop
      vertex -10.951 0.519277 0
      vertex -10.9642 0.510266 2.4
      vertex -10.9642 0.510266 0
    endloop
  endfacet
  facet normal 0.563807 -0.825907 0
    outer loop
      vertex -10.951 0.519277 0
      vertex -10.951 0.519277 2.4
      vertex -10.9642 0.510266 2.4
    endloop
  endfacet
  facet normal 0.51458 -0.857443 0
    outer loop
      vertex -1.76865 6.02991 0
      vertex -10.951 0.519277 2.4
      vertex -10.951 0.519277 0
    endloop
  endfacet
  facet normal 0.51458 -0.857443 0
    outer loop
      vertex -1.76865 6.02991 0
      vertex -1.76865 6.02991 2.4
      vertex -10.951 0.519277 2.4
    endloop
  endfacet
  facet normal -0.0539753 -0.998542 0
    outer loop
      vertex -1.75792 6.02933 0
      vertex -1.76865 6.02991 2.4
      vertex -1.76865 6.02991 0
    endloop
  endfacet
  facet normal -0.0539753 -0.998542 0
    outer loop
      vertex -1.75792 6.02933 0
      vertex -1.75792 6.02933 2.4
      vertex -1.76865 6.02991 2.4
    endloop
  endfacet
  facet normal -0.166757 -0.985998 0
    outer loop
      vertex -1.74775 6.02761 0
      vertex -1.75792 6.02933 2.4
      vertex -1.75792 6.02933 0
    endloop
  endfacet
  facet normal -0.166757 -0.985998 0
    outer loop
      vertex -1.74775 6.02761 0
      vertex -1.74775 6.02761 2.4
      vertex -1.75792 6.02933 2.4
    endloop
  endfacet
  facet normal -0.279463 -0.960156 0
    outer loop
      vertex -1.73813 6.02481 0
      vertex -1.74775 6.02761 2.4
      vertex -1.74775 6.02761 0
    endloop
  endfacet
  facet normal -0.279463 -0.960156 0
    outer loop
      vertex -1.73813 6.02481 0
      vertex -1.73813 6.02481 2.4
      vertex -1.74775 6.02761 2.4
    endloop
  endfacet
  facet normal -0.38901 -0.921233 0
    outer loop
      vertex -1.72906 6.02098 0
      vertex -1.73813 6.02481 2.4
      vertex -1.73813 6.02481 0
    endloop
  endfacet
  facet normal -0.38901 -0.921233 0
    outer loop
      vertex -1.72906 6.02098 0
      vertex -1.72906 6.02098 2.4
      vertex -1.73813 6.02481 2.4
    endloop
  endfacet
  facet normal -0.491182 -0.871057 0
    outer loop
      vertex -1.72053 6.01617 0
      vertex -1.72906 6.02098 2.4
      vertex -1.72906 6.02098 0
    endloop
  endfacet
  facet normal -0.491182 -0.871057 0
    outer loop
      vertex -1.72053 6.01617 0
      vertex -1.72053 6.01617 2.4
      vertex -1.72906 6.02098 2.4
    endloop
  endfacet
  facet normal -0.581913 -0.813251 0
    outer loop
      vertex -1.71255 6.01046 0
      vertex -1.72053 6.01617 2.4
      vertex -1.72053 6.01617 0
    endloop
  endfacet
  facet normal -0.581913 -0.813251 0
    outer loop
      vertex -1.71255 6.01046 0
      vertex -1.71255 6.01046 2.4
      vertex -1.72053 6.01617 2.4
    endloop
  endfacet
  facet normal -0.664489 -0.747298 0
    outer loop
      vertex -1.70515 6.00388 0
      vertex -1.71255 6.01046 2.4
      vertex -1.71255 6.01046 0
    endloop
  endfacet
  facet normal -0.664489 -0.747298 0
    outer loop
      vertex -1.70515 6.00388 0
      vertex -1.70515 6.00388 2.4
      vertex -1.71255 6.01046 2.4
    endloop
  endfacet
  facet normal -0.730924 -0.682459 0
    outer loop
      vertex -1.69825 5.99649 0
      vertex -1.70515 6.00388 2.4
      vertex -1.70515 6.00388 0
    endloop
  endfacet
  facet normal -0.730924 -0.682459 0
    outer loop
      vertex -1.69825 5.99649 0
      vertex -1.69825 5.99649 2.4
      vertex -1.70515 6.00388 2.4
    endloop
  endfacet
  facet normal -0.790345 -0.612663 0
    outer loop
      vertex -1.69194 5.98835 0
      vertex -1.69825 5.99649 2.4
      vertex -1.69825 5.99649 0
    endloop
  endfacet
  facet normal -0.790345 -0.612663 0
    outer loop
      vertex -1.69194 5.98835 0
      vertex -1.69194 5.98835 2.4
      vertex -1.69825 5.99649 2.4
    endloop
  endfacet
  facet normal -0.837554 -0.546355 0
    outer loop
      vertex -1.68618 5.97952 0
      vertex -1.69194 5.98835 2.4
      vertex -1.69194 5.98835 0
    endloop
  endfacet
  facet normal -0.837554 -0.546355 0
    outer loop
      vertex -1.68618 5.97952 0
      vertex -1.68618 5.97952 2.4
      vertex -1.69194 5.98835 2.4
    endloop
  endfacet
  facet normal -0.875416 -0.48337 0
    outer loop
      vertex -1.68094 5.97003 0
      vertex -1.68618 5.97952 2.4
      vertex -1.68618 5.97952 0
    endloop
  endfacet
  facet normal -0.875416 -0.48337 0
    outer loop
      vertex -1.68094 5.97003 0
      vertex -1.68094 5.97003 2.4
      vertex -1.68618 5.97952 2.4
    endloop
  endfacet
  facet normal -0.906713 -0.421748 0
    outer loop
      vertex -1.67627 5.95999 0
      vertex -1.68094 5.97003 2.4
      vertex -1.68094 5.97003 0
    endloop
  endfacet
  facet normal -0.906713 -0.421748 0
    outer loop
      vertex -1.67627 5.95999 0
      vertex -1.67627 5.95999 2.4
      vertex -1.68094 5.97003 2.4
    endloop
  endfacet
  facet normal -0.931955 -0.362574 0
    outer loop
      vertex -1.67215 5.9494 0
      vertex -1.67627 5.95999 2.4
      vertex -1.67627 5.95999 0
    endloop
  endfacet
  facet normal -0.931955 -0.362574 0
    outer loop
      vertex -1.67215 5.9494 0
      vertex -1.67215 5.9494 2.4
      vertex -1.67627 5.95999 2.4
    endloop
  endfacet
  facet normal -0.951814 -0.306676 0
    outer loop
      vertex -1.66858 5.93832 0
      vertex -1.67215 5.9494 2.4
      vertex -1.67215 5.9494 0
    endloop
  endfacet
  facet normal -0.951814 -0.306676 0
    outer loop
      vertex -1.66858 5.93832 0
      vertex -1.66858 5.93832 2.4
      vertex -1.67215 5.9494 2.4
    endloop
  endfacet
  facet normal -0.966736 -0.255777 0
    outer loop
      vertex -1.66554 5.92683 0
      vertex -1.66858 5.93832 2.4
      vertex -1.66858 5.93832 0
    endloop
  endfacet
  facet normal -0.966736 -0.255777 0
    outer loop
      vertex -1.66554 5.92683 0
      vertex -1.66554 5.92683 2.4
      vertex -1.66858 5.93832 2.4
    endloop
  endfacet
  facet normal -0.979193 -0.202933 0
    outer loop
      vertex -1.66308 5.91496 0
      vertex -1.66554 5.92683 2.4
      vertex -1.66554 5.92683 0
    endloop
  endfacet
  facet normal -0.979193 -0.202933 0
    outer loop
      vertex -1.66308 5.91496 0
      vertex -1.66308 5.91496 2.4
      vertex -1.66554 5.92683 2.4
    endloop
  endfacet
  facet normal -0.987618 -0.156881 0
    outer loop
      vertex -1.66115 5.90281 0
      vertex -1.66308 5.91496 2.4
      vertex -1.66308 5.91496 0
    endloop
  endfacet
  facet normal -0.987618 -0.156881 0
    outer loop
      vertex -1.66115 5.90281 0
      vertex -1.66115 5.90281 2.4
      vertex -1.66308 5.91496 2.4
    endloop
  endfacet
  facet normal -0.994 -0.10938 0
    outer loop
      vertex -1.65978 5.89036 0
      vertex -1.66115 5.90281 2.4
      vertex -1.66115 5.90281 0
    endloop
  endfacet
  facet normal -0.994 -0.10938 0
    outer loop
      vertex -1.65978 5.89036 0
      vertex -1.65978 5.89036 2.4
      vertex -1.66115 5.90281 2.4
    endloop
  endfacet
  facet normal -0.997889 -0.064942 0
    outer loop
      vertex -1.65896 5.87776 0
      vertex -1.65978 5.89036 2.4
      vertex -1.65978 5.89036 0
    endloop
  endfacet
  facet normal -0.997889 -0.064942 0
    outer loop
      vertex -1.65896 5.87776 0
      vertex -1.65896 5.87776 2.4
      vertex -1.65978 5.89036 2.4
    endloop
  endfacet
  facet normal -0.999743 -0.0226681 0
    outer loop
      vertex -1.65867 5.86497 0
      vertex -1.65896 5.87776 2.4
      vertex -1.65896 5.87776 0
    endloop
  endfacet
  facet normal -0.999743 -0.0226681 0
    outer loop
      vertex -1.65867 5.86497 0
      vertex -1.65867 5.86497 2.4
      vertex -1.65896 5.87776 2.4
    endloop
  endfacet
  facet normal -1 0 0
    outer loop
      vertex -1.65867 -5.59004 0
      vertex -1.65867 5.86497 2.4
      vertex -1.65867 5.86497 0
    endloop
  endfacet
  facet normal -1 0 0
    outer loop
      vertex -1.65867 -5.59004 0
      vertex -1.65867 -5.59004 2.4
      vertex -1.65867 5.86497 2.4
    endloop
  endfacet
  facet normal -0.999449 -0.0331824 0
    outer loop
      vertex -1.6555 -5.68552 0
      vertex -1.65867 -5.59004 2.4
      vertex -1.65867 -5.59004 0
    endloop
  endfacet
  facet normal -0.999449 -0.0331824 0
    outer loop
      vertex -1.6555 -5.68552 0
      vertex -1.6555 -5.68552 2.4
      vertex -1.65867 -5.59004 2.4
    endloop
  endfacet
  facet normal -0.994778 -0.102062 0
    outer loop
      vertex -1.64606 -5.77753 0
      vertex -1.6555 -5.68552 2.4
      vertex -1.6555 -5.68552 0
    endloop
  endfacet
  facet normal -0.994778 -0.102062 0
    outer loop
      vertex -1.64606 -5.77753 0
      vertex -1.64606 -5.77753 2.4
      vertex -1.6555 -5.68552 2.4
    endloop
  endfacet
  facet normal -0.984856 -0.173372 0
    outer loop
      vertex -1.6305 -5.86592 0
      vertex -1.64606 -5.77753 2.4
      vertex -1.64606 -5.77753 0
    endloop
  endfacet
  facet normal -0.984856 -0.173372 0
    outer loop
      vertex -1.6305 -5.86592 0
      vertex -1.6305 -5.86592 2.4
      vertex -1.64606 -5.77753 2.4
    endloop
  endfacet
  facet normal -0.969274 -0.245983 0
    outer loop
      vertex -1.60902 -5.95056 0
      vertex -1.6305 -5.86592 2.4
      vertex -1.6305 -5.86592 0
    endloop
  endfacet
  facet normal -0.969274 -0.245983 0
    outer loop
      vertex -1.60902 -5.95056 0
      vertex -1.60902 -5.95056 2.4
      vertex -1.6305 -5.86592 2.4
    endloop
  endfacet
  facet normal -0.947372 -0.320134 0
    outer loop
      vertex -1.58175 -6.03126 0
      vertex -1.60902 -5.95056 2.4
      vertex -1.60902 -5.95056 0
    endloop
  endfacet
  facet normal -0.947372 -0.320134 0
    outer loop
      vertex -1.58175 -6.03126 0
      vertex -1.58175 -6.03126 2.4
      vertex -1.60902 -5.95056 2.4
    endloop
  endfacet
  facet normal -0.91876 -0.394816 0
    outer loop
      vertex -1.54882 -6.10789 0
      vertex -1.58175 -6.03126 2.4
      vertex -1.58175 -6.03126 0
    endloop
  endfacet
  facet normal -0.91876 -0.394816 0
    outer loop
      vertex -1.54882 -6.10789 0
      vertex -1.54882 -6.10789 2.4
      vertex -1.58175 -6.03126 2.4
    endloop
  endfacet
  facet normal -0.883458 -0.46851 0
    outer loop
      vertex -1.51042 -6.1803 0
      vertex -1.54882 -6.10789 2.4
      vertex -1.54882 -6.10789 0
    endloop
  endfacet
  facet normal -0.883458 -0.46851 0
    outer loop
      vertex -1.51042 -6.1803 0
      vertex -1.51042 -6.1803 2.4
      vertex -1.54882 -6.10789 2.4
    endloop
  endfacet
  facet normal -0.841054 -0.540951 0
    outer loop
      vertex -1.46669 -6.24829 0
      vertex -1.51042 -6.1803 2.4
      vertex -1.51042 -6.1803 0
    endloop
  endfacet
  facet normal -0.841054 -0.540951 0
    outer loop
      vertex -1.46669 -6.24829 0
      vertex -1.46669 -6.24829 2.4
      vertex -1.51042 -6.1803 2.4
    endloop
  endfacet
  facet normal -0.79228 -0.610157 0
    outer loop
      vertex -1.41781 -6.31176 0
      vertex -1.46669 -6.24829 2.4
      vertex -1.46669 -6.24829 0
    endloop
  endfacet
  facet normal -0.79228 -0.610157 0
    outer loop
      vertex -1.41781 -6.31176 0
      vertex -1.41781 -6.31176 2.4
      vertex -1.46669 -6.24829 2.4
    endloop
  endfacet
  facet normal -0.73692 -0.67598 0
    outer loop
      vertex -1.3639 -6.37053 0
      vertex -1.41781 -6.31176 2.4
      vertex -1.41781 -6.31176 0
    endloop
  endfacet
  facet normal -0.73692 -0.67598 0
    outer loop
      vertex -1.3639 -6.37053 0
      vertex -1.3639 -6.37053 2.4
      vertex -1.41781 -6.31176 2.4
    endloop
  endfacet
  facet normal -0.675776 -0.737107 0
    outer loop
      vertex -1.30513 -6.42441 0
      vertex -1.3639 -6.37053 2.4
      vertex -1.3639 -6.37053 0
    endloop
  endfacet
  facet normal -0.675776 -0.737107 0
    outer loop
      vertex -1.30513 -6.42441 0
      vertex -1.30513 -6.42441 2.4
      vertex -1.3639 -6.37053 2.4
    endloop
  endfacet
  facet normal -0.610513 -0.792006 0
    outer loop
      vertex -1.24168 -6.47332 0
      vertex -1.30513 -6.42441 2.4
      vertex -1.30513 -6.42441 0
    endloop
  endfacet
  facet normal -0.610513 -0.792006 0
    outer loop
      vertex -1.24168 -6.47332 0
      vertex -1.24168 -6.47332 2.4
      vertex -1.30513 -6.42441 2.4
    endloop
  endfacet
  facet normal -0.540608 -0.841275 0
    outer loop
      vertex -1.17366 -6.51703 0
      vertex -1.24168 -6.47332 2.4
      vertex -1.24168 -6.47332 0
    endloop
  endfacet
  facet normal -0.540608 -0.841275 0
    outer loop
      vertex -1.17366 -6.51703 0
      vertex -1.17366 -6.51703 2.4
      vertex -1.24168 -6.47332 2.4
    endloop
  endfacet
  facet normal -0.46856 -0.883431 0
    outer loop
      vertex -1.10126 -6.55543 0
      vertex -1.17366 -6.51703 2.4
      vertex -1.17366 -6.51703 0
    endloop
  endfacet
  facet normal -0.46856 -0.883431 0
    outer loop
      vertex -1.10126 -6.55543 0
      vertex -1.10126 -6.55543 2.4
      vertex -1.17366 -6.51703 2.4
    endloop
  endfacet
  facet normal -0.394715 -0.918804 0
    outer loop
      vertex -1.02463 -6.58835 0
      vertex -1.10126 -6.55543 2.4
      vertex -1.10126 -6.55543 0
    endloop
  endfacet
  facet normal -0.394715 -0.918804 0
    outer loop
      vertex -1.02463 -6.58835 0
      vertex -1.02463 -6.58835 2.4
      vertex -1.10126 -6.55543 2.4
    endloop
  endfacet
  facet normal -0.320436 -0.94727 0
    outer loop
      vertex -0.943926 -6.61565 0
      vertex -1.02463 -6.58835 2.4
      vertex -1.02463 -6.58835 0
    endloop
  endfacet
  facet normal -0.320436 -0.94727 0
    outer loop
      vertex -0.943926 -6.61565 0
      vertex -0.943926 -6.61565 2.4
      vertex -1.02463 -6.58835 2.4
    endloop
  endfacet
  facet normal -0.245986 -0.969273 0
    outer loop
      vertex -0.859287 -6.63713 0
      vertex -0.943926 -6.61565 2.4
      vertex -0.943926 -6.61565 0
    endloop
  endfacet
  facet normal -0.245986 -0.969273 0
    outer loop
      vertex -0.859287 -6.63713 0
      vertex -0.859287 -6.63713 2.4
      vertex -0.943926 -6.61565 2.4
    endloop
  endfacet
  facet normal -0.173154 -0.984895 0
    outer loop
      vertex -0.770896 -6.65267 0
      vertex -0.859287 -6.63713 2.4
      vertex -0.859287 -6.63713 0
    endloop
  endfacet
  facet normal -0.173154 -0.984895 0
    outer loop
      vertex -0.770896 -6.65267 0
      vertex -0.770896 -6.65267 2.4
      vertex -0.859287 -6.63713 2.4
    endloop
  endfacet
  facet normal -0.101953 -0.994789 0
    outer loop
      vertex -0.678884 -6.6621 0
      vertex -0.770896 -6.65267 2.4
      vertex -0.770896 -6.65267 0
    endloop
  endfacet
  facet normal -0.101953 -0.994789 0
    outer loop
      vertex -0.678884 -6.6621 0
      vertex -0.678884 -6.6621 2.4
      vertex -0.770896 -6.65267 2.4
    endloop
  endfacet
  facet normal -0.0335076 -0.999438 0
    outer loop
      vertex -0.583437 -6.6653 0
      vertex -0.678884 -6.6621 2.4
      vertex -0.678884 -6.6621 0
    endloop
  endfacet
  facet normal -0.0335076 -0.999438 0
    outer loop
      vertex -0.583437 -6.6653 0
      vertex -0.583437 -6.6653 2.4
      vertex -0.678884 -6.6621 2.4
    endloop
  endfacet
  facet normal 0 -1 0
    outer loop
      vertex 8.69844 -6.6653 0
      vertex -0.583437 -6.6653 2.4
      vertex -0.583437 -6.6653 0
    endloop
  endfacet
  facet normal 0 -1 0
    outer loop
      vertex 8.69844 -6.6653 0
      vertex 8.69844 -6.6653 2.4
      vertex -0.583437 -6.6653 2.4
    endloop
  endfacet
  facet normal 0.0321219 -0.999484 0
    outer loop
      vertex 8.75507 -6.66348 0
      vertex 8.69844 -6.6653 2.4
      vertex 8.69844 -6.6653 0
    endloop
  endfacet
  facet normal 0.0321219 -0.999484 0
    outer loop
      vertex 8.75507 -6.66348 0
      vertex 8.75507 -6.66348 2.4
      vertex 8.69844 -6.6653 2.4
    endloop
  endfacet
  facet normal 0.0636215 -0.997974 0
    outer loop
      vertex 8.81154 -6.65988 0
      vertex 8.75507 -6.66348 2.4
      vertex 8.75507 -6.66348 0
    endloop
  endfacet
  facet normal 0.0636215 -0.997974 0
    outer loop
      vertex 8.81154 -6.65988 0
      vertex 8.81154 -6.65988 2.4
      vertex 8.75507 -6.66348 2.4
    endloop
  endfacet
  facet normal 0.0953349 -0.995445 0
    outer loop
      vertex 8.86782 -6.65449 0
      vertex 8.81154 -6.65988 2.4
      vertex 8.81154 -6.65988 0
    endloop
  endfacet
  facet normal 0.0953349 -0.995445 0
    outer loop
      vertex 8.86782 -6.65449 0
      vertex 8.86782 -6.65449 2.4
      vertex 8.81154 -6.65988 2.4
    endloop
  endfacet
  facet normal 0.126257 -0.991998 0
    outer loop
      vertex 8.92384 -6.64736 0
      vertex 8.86782 -6.65449 2.4
      vertex 8.86782 -6.65449 0
    endloop
  endfacet
  facet normal 0.126257 -0.991998 0
    outer loop
      vertex 8.92384 -6.64736 0
      vertex 8.92384 -6.64736 2.4
      vertex 8.86782 -6.65449 2.4
    endloop
  endfacet
  facet normal 0.15779 -0.987473 0
    outer loop
      vertex 8.9796 -6.63845 0
      vertex 8.92384 -6.64736 2.4
      vertex 8.92384 -6.64736 0
    endloop
  endfacet
  facet normal 0.15779 -0.987473 0
    outer loop
      vertex 8.9796 -6.63845 0
      vertex 8.9796 -6.63845 2.4
      vertex 8.92384 -6.64736 2.4
    endloop
  endfacet
  facet normal 0.187625 -0.982241 0
    outer loop
      vertex 9.03504 -6.62786 0
      vertex 8.9796 -6.63845 2.4
      vertex 8.9796 -6.63845 0
    endloop
  endfacet
  facet normal 0.187625 -0.982241 0
    outer loop
      vertex 9.03504 -6.62786 0
      vertex 9.03504 -6.62786 2.4
      vertex 8.9796 -6.63845 2.4
    endloop
  endfacet
  facet normal 0.21813 -0.97592 0
    outer loop
      vertex 9.09016 -6.61554 0
      vertex 9.03504 -6.62786 2.4
      vertex 9.03504 -6.62786 0
    endloop
  endfacet
  facet normal 0.21813 -0.97592 0
    outer loop
      vertex 9.09016 -6.61554 0
      vertex 9.09016 -6.61554 2.4
      vertex 9.03504 -6.62786 2.4
    endloop
  endfacet
  facet normal 0.247949 -0.968773 0
    outer loop
      vertex 9.14486 -6.60154 0
      vertex 9.09016 -6.61554 2.4
      vertex 9.09016 -6.61554 0
    endloop
  endfacet
  facet normal 0.247949 -0.968773 0
    outer loop
      vertex 9.14486 -6.60154 0
      vertex 9.14486 -6.60154 2.4
      vertex 9.09016 -6.61554 2.4
    endloop
  endfacet
  facet normal 0.27722 -0.960806 0
    outer loop
      vertex 9.19917 -6.58587 0
      vertex 9.14486 -6.60154 2.4
      vertex 9.14486 -6.60154 0
    endloop
  endfacet
  facet normal 0.27722 -0.960806 0
    outer loop
      vertex 9.19917 -6.58587 0
      vertex 9.19917 -6.58587 2.4
      vertex 9.14486 -6.60154 2.4
    endloop
  endfacet
  facet normal 0.306181 -0.951973 0
    outer loop
      vertex 9.25299 -6.56856 0
      vertex 9.19917 -6.58587 2.4
      vertex 9.19917 -6.58587 0
    endloop
  endfacet
  facet normal 0.306181 -0.951973 0
    outer loop
      vertex 9.25299 -6.56856 0
      vertex 9.25299 -6.56856 2.4
      vertex 9.19917 -6.58587 2.4
    endloop
  endfacet
  facet normal 0.334825 -0.94228 0
    outer loop
      vertex 9.30632 -6.54961 0
      vertex 9.25299 -6.56856 2.4
      vertex 9.25299 -6.56856 0
    endloop
  endfacet
  facet normal 0.334825 -0.94228 0
    outer loop
      vertex 9.30632 -6.54961 0
      vertex 9.30632 -6.54961 2.4
      vertex 9.25299 -6.56856 2.4
    endloop
  endfacet
  facet normal 0.362736 -0.931892 0
    outer loop
      vertex 9.35914 -6.52905 0
      vertex 9.30632 -6.54961 2.4
      vertex 9.30632 -6.54961 0
    endloop
  endfacet
  facet normal 0.362736 -0.931892 0
    outer loop
      vertex 9.35914 -6.52905 0
      vertex 9.35914 -6.52905 2.4
      vertex 9.30632 -6.54961 2.4
    endloop
  endfacet
  facet normal 0.39079 -0.92048 0
    outer loop
      vertex 9.41136 -6.50688 0
      vertex 9.35914 -6.52905 2.4
      vertex 9.35914 -6.52905 0
    endloop
  endfacet
  facet normal 0.39079 -0.92048 0
    outer loop
      vertex 9.41136 -6.50688 0
      vertex 9.41136 -6.50688 2.4
      vertex 9.35914 -6.52905 2.4
    endloop
  endfacet
  facet normal 0.417618 -0.908623 0
    outer loop
      vertex 9.46299 -6.48315 0
      vertex 9.41136 -6.50688 2.4
      vertex 9.41136 -6.50688 0
    endloop
  endfacet
  facet normal 0.417618 -0.908623 0
    outer loop
      vertex 9.46299 -6.48315 0
      vertex 9.46299 -6.48315 2.4
      vertex 9.41136 -6.50688 2.4
    endloop
  endfacet
  facet normal 0.444119 -0.895968 0
    outer loop
      vertex 9.51399 -6.45787 0
      vertex 9.46299 -6.48315 2.4
      vertex 9.46299 -6.48315 0
    endloop
  endfacet
  facet normal 0.444119 -0.895968 0
    outer loop
      vertex 9.51399 -6.45787 0
      vertex 9.51399 -6.45787 2.4
      vertex 9.46299 -6.48315 2.4
    endloop
  endfacet
  facet normal 0.470488 -0.882406 0
    outer loop
      vertex 9.56431 -6.43104 0
      vertex 9.51399 -6.45787 2.4
      vertex 9.51399 -6.45787 0
    endloop
  endfacet
  facet normal 0.470488 -0.882406 0
    outer loop
      vertex 9.56431 -6.43104 0
      vertex 9.56431 -6.43104 2.4
      vertex 9.51399 -6.45787 2.4
    endloop
  endfacet
  facet normal 0.496309 -0.868146 0
    outer loop
      vertex 9.6139 -6.40269 0
      vertex 9.56431 -6.43104 2.4
      vertex 9.56431 -6.43104 0
    endloop
  endfacet
  facet normal 0.496309 -0.868146 0
    outer loop
      vertex 9.6139 -6.40269 0
      vertex 9.6139 -6.40269 2.4
      vertex 9.56431 -6.43104 2.4
    endloop
  endfacet
  facet normal 0.521464 -0.853273 0
    outer loop
      vertex 9.66276 -6.37283 0
      vertex 9.6139 -6.40269 2.4
      vertex 9.6139 -6.40269 0
    endloop
  endfacet
  facet normal 0.521464 -0.853273 0
    outer loop
      vertex 9.66276 -6.37283 0
      vertex 9.66276 -6.37283 2.4
      vertex 9.6139 -6.40269 2.4
    endloop
  endfacet
  facet normal 0.546385 -0.837534 0
    outer loop
      vertex 9.7108 -6.34149 0
      vertex 9.66276 -6.37283 2.4
      vertex 9.66276 -6.37283 0
    endloop
  endfacet
  facet normal 0.546385 -0.837534 0
    outer loop
      vertex 9.7108 -6.34149 0
      vertex 9.7108 -6.34149 2.4
      vertex 9.66276 -6.37283 2.4
    endloop
  endfacet
  facet normal 0.544806 -0.838562 0
    outer loop
      vertex 23.6279 2.70031 0
      vertex 9.7108 -6.34149 2.4
      vertex 9.7108 -6.34149 0
    endloop
  endfacet
  facet normal 0.544806 -0.838562 0
    outer loop
      vertex 23.6279 2.70031 0
      vertex 23.6279 2.70031 2.4
      vertex 9.7108 -6.34149 2.4
    endloop
  endfacet
  facet normal -0.0485408 -0.998821 0
    outer loop
      vertex 23.6386 2.69979 0
      vertex 23.6279 2.70031 2.4
      vertex 23.6279 2.70031 0
    endloop
  endfacet
  facet normal -0.0485408 -0.998821 0
    outer loop
      vertex 23.6386 2.69979 0
      vertex 23.6386 2.69979 2.4
      vertex 23.6279 2.70031 2.4
    endloop
  endfacet
  facet normal -0.160277 -0.987072 0
    outer loop
      vertex 23.6487 2.69815 0
      vertex 23.6386 2.69979 2.4
      vertex 23.6386 2.69979 0
    endloop
  endfacet
  facet normal -0.160277 -0.987072 0
    outer loop
      vertex 23.6487 2.69815 0
      vertex 23.6487 2.69815 2.4
      vertex 23.6386 2.69979 2.4
    endloop
  endfacet
  facet normal -0.27039 -0.962751 0
    outer loop
      vertex 23.6581 2.69551 0
      vertex 23.6487 2.69815 2.4
      vertex 23.6487 2.69815 0
    endloop
  endfacet
  facet normal -0.27039 -0.962751 0
    outer loop
      vertex 23.6581 2.69551 0
      vertex 23.6581 2.69551 2.4
      vertex 23.6487 2.69815 2.4
    endloop
  endfacet
  facet normal -0.385806 -0.92258 0
    outer loop
      vertex 23.6669 2.69183 0
      vertex 23.6581 2.69551 2.4
      vertex 23.6581 2.69551 0
    endloop
  endfacet
  facet normal -0.385806 -0.92258 0
    outer loop
      vertex 23.6669 2.69183 0
      vertex 23.6669 2.69183 2.4
      vertex 23.6581 2.69551 2.4
    endloop
  endfacet
  facet normal -0.495683 -0.868504 0
    outer loop
      vertex 23.6751 2.68715 0
      vertex 23.6669 2.69183 2.4
      vertex 23.6669 2.69183 0
    endloop
  endfacet
  facet normal -0.495683 -0.868504 0
    outer loop
      vertex 23.6751 2.68715 0
      vertex 23.6751 2.68715 2.4
      vertex 23.6669 2.69183 2.4
    endloop
  endfacet
  facet normal -0.59457 -0.804044 0
    outer loop
      vertex 23.6827 2.68153 0
      vertex 23.6751 2.68715 2.4
      vertex 23.6751 2.68715 0
    endloop
  endfacet
  facet normal -0.59457 -0.804044 0
    outer loop
      vertex 23.6827 2.68153 0
      vertex 23.6827 2.68153 2.4
      vertex 23.6751 2.68715 2.4
    endloop
  endfacet
  facet normal -0.68491 -0.728628 0
    outer loop
      vertex 23.6897 2.67495 0
      vertex 23.6827 2.68153 2.4
      vertex 23.6827 2.68153 0
    endloop
  endfacet
  facet normal -0.68491 -0.728628 0
    outer loop
      vertex 23.6897 2.67495 0
      vertex 23.6897 2.67495 2.4
      vertex 23.6827 2.68153 2.4
    endloop
  endfacet
  facet normal -0.754823 -0.655929 0
    outer loop
      vertex 23.6962 2.66747 0
      vertex 23.6897 2.67495 2.4
      vertex 23.6897 2.67495 0
    endloop
  endfacet
  facet normal -0.754823 -0.655929 0
    outer loop
      vertex 23.6962 2.66747 0
      vertex 23.6962 2.66747 2.4
      vertex 23.6897 2.67495 2.4
    endloop
  endfacet
  facet normal -0.821306 -0.570488 0
    outer loop
      vertex 23.702 2.65912 0
      vertex 23.6962 2.66747 2.4
      vertex 23.6962 2.66747 0
    endloop
  endfacet
  facet normal -0.821306 -0.570488 0
    outer loop
      vertex 23.702 2.65912 0
      vertex 23.702 2.65912 2.4
      vertex 23.6962 2.66747 2.4
    endloop
  endfacet
  facet normal -0.866499 -0.499179 0
    outer loop
      vertex 23.7073 2.64992 0
      vertex 23.702 2.65912 2.4
      vertex 23.702 2.65912 0
    endloop
  endfacet
  facet normal -0.866499 -0.499179 0
    outer loop
      vertex 23.7073 2.64992 0
      vertex 23.7073 2.64992 2.4
      vertex 23.702 2.65912 2.4
    endloop
  endfacet
  facet normal -0.902195 -0.431328 0
    outer loop
      vertex 23.7121 2.63988 0
      vertex 23.7073 2.64992 2.4
      vertex 23.7073 2.64992 0
    endloop
  endfacet
  facet normal -0.902195 -0.431328 0
    outer loop
      vertex 23.7121 2.63988 0
      vertex 23.7121 2.63988 2.4
      vertex 23.7073 2.64992 2.4
    endloop
  endfacet
  facet normal -0.929186 -0.369612 0
    outer loop
      vertex 23.7164 2.62907 0
      vertex 23.7121 2.63988 2.4
      vertex 23.7121 2.63988 0
    endloop
  endfacet
  facet normal -0.929186 -0.369612 0
    outer loop
      vertex 23.7164 2.62907 0
      vertex 23.7164 2.62907 2.4
      vertex 23.7121 2.63988 2.4
    endloop
  endfacet
  facet normal -0.955064 -0.296399 0
    outer loop
      vertex 23.72 2.61747 0
      vertex 23.7164 2.62907 2.4
      vertex 23.7164 2.62907 0
    endloop
  endfacet
  facet normal -0.955064 -0.296399 0
    outer loop
      vertex 23.72 2.61747 0
      vertex 23.72 2.61747 2.4
      vertex 23.7164 2.62907 2.4
    endloop
  endfacet
  facet normal -0.967983 -0.251017 0
    outer loop
      vertex 23.7232 2.60513 0
      vertex 23.72 2.61747 2.4
      vertex 23.72 2.61747 0
    endloop
  endfacet
  facet normal -0.967983 -0.251017 0
    outer loop
      vertex 23.7232 2.60513 0
      vertex 23.7232 2.60513 2.4
      vertex 23.72 2.61747 2.4
    endloop
  endfacet
  facet normal -0.97926 -0.202606 0
    outer loop
      vertex 23.7259 2.59208 0
      vertex 23.7232 2.60513 2.4
      vertex 23.7232 2.60513 0
    endloop
  endfacet
  facet normal -0.97926 -0.202606 0
    outer loop
      vertex 23.7259 2.59208 0
      vertex 23.7259 2.59208 2.4
      vertex 23.7232 2.60513 2.4
    endloop
  endfacet
  facet normal -0.988521 -0.151084 0
    outer loop
      vertex 23.728 2.57834 0
      vertex 23.7259 2.59208 2.4
      vertex 23.7259 2.59208 0
    endloop
  endfacet
  facet normal -0.988521 -0.151084 0
    outer loop
      vertex 23.728 2.57834 0
      vertex 23.728 2.57834 2.4
      vertex 23.7259 2.59208 2.4
    endloop
  endfacet
  facet normal -0.993103 -0.117241 0
    outer loop
      vertex 23.7297 2.56394 0
      vertex 23.728 2.57834 2.4
      vertex 23.728 2.57834 0
    endloop
  endfacet
  facet normal -0.993103 -0.117241 0
    outer loop
      vertex 23.7297 2.56394 0
      vertex 23.7297 2.56394 2.4
      vertex 23.728 2.57834 2.4
    endloop
  endfacet
  facet normal -0.996832 -0.0795345 0
    outer loop
      vertex 23.7309 2.5489 0
      vertex 23.7297 2.56394 2.4
      vertex 23.7297 2.56394 0
    endloop
  endfacet
  facet normal -0.996832 -0.0795345 0
    outer loop
      vertex 23.7309 2.5489 0
      vertex 23.7309 2.5489 2.4
      vertex 23.7297 2.56394 2.4
    endloop
  endfacet
  facet normal -0.999265 -0.038335 0
    outer loop
      vertex 23.7315 2.53326 0
      vertex 23.7309 2.5489 2.4
      vertex 23.7309 2.5489 0
    endloop
  endfacet
  facet normal -0.999265 -0.038335 0
    outer loop
      vertex 23.7315 2.53326 0
      vertex 23.7315 2.53326 2.4
      vertex 23.7309 2.5489 2.4
    endloop
  endfacet
  facet normal -0.999829 -0.0184811 0
    outer loop
      vertex 23.7318 2.51703 0
      vertex 23.7315 2.53326 2.4
      vertex 23.7315 2.53326 0
    endloop
  endfacet
  facet normal -0.999829 -0.0184811 0
    outer loop
      vertex 23.7318 2.51703 0
      vertex 23.7318 2.51703 2.4
      vertex 23.7315 2.53326 2.4
    endloop
  endfacet
  facet normal -1 0 0
    outer loop
      vertex 23.7318 -7.07462 0
      vertex 23.7318 2.51703 2.4
      vertex 23.7318 2.51703 0
    endloop
  endfacet
  facet normal -1 0 0
    outer loop
      vertex 23.7318 -7.07462 0
      vertex 23.7318 -7.07462 2.4
      vertex 23.7318 2.51703 2.4
    endloop
  endfacet
  facet normal -0.999878 -0.0155987 0
    outer loop
      vertex 23.7322 -7.10026 0
      vertex 23.7318 -7.07462 2.4
      vertex 23.7318 -7.07462 0
    endloop
  endfacet
  facet normal -0.999878 -0.0155987 0
    outer loop
      vertex 23.7322 -7.10026 0
      vertex 23.7322 -7.10026 2.4
      vertex 23.7318 -7.07462 2.4
    endloop
  endfacet
  facet normal -0.998267 -0.0588452 0
    outer loop
      vertex 23.7336 -7.12401 0
      vertex 23.7322 -7.10026 2.4
      vertex 23.7322 -7.10026 0
    endloop
  endfacet
  facet normal -0.998267 -0.0588452 0
    outer loop
      vertex 23.7336 -7.12401 0
      vertex 23.7336 -7.12401 2.4
      vertex 23.7322 -7.10026 2.4
    endloop
  endfacet
  facet normal -0.995459 -0.0951941 0
    outer loop
      vertex 23.7357 -7.14597 0
      vertex 23.7336 -7.12401 2.4
      vertex 23.7336 -7.12401 0
    endloop
  endfacet
  facet normal -0.995459 -0.0951941 0
    outer loop
      vertex 23.7357 -7.14597 0
      vertex 23.7357 -7.14597 2.4
      vertex 23.7336 -7.12401 2.4
    endloop
  endfacet
  facet normal -0.989841 -0.142176 0
    outer loop
      vertex 23.7386 -7.16616 0
      vertex 23.7357 -7.14597 2.4
      vertex 23.7357 -7.14597 0
    endloop
  endfacet
  facet normal -0.989841 -0.142176 0
    outer loop
      vertex 23.7386 -7.16616 0
      vertex 23.7386 -7.16616 2.4
      vertex 23.7357 -7.14597 2.4
    endloop
  endfacet
  facet normal -0.980621 -0.195912 0
    outer loop
      vertex 23.7423 -7.18468 0
      vertex 23.7386 -7.16616 2.4
      vertex 23.7386 -7.16616 0
    endloop
  endfacet
  facet normal -0.980621 -0.195912 0
    outer loop
      vertex 23.7423 -7.18468 0
      vertex 23.7423 -7.18468 2.4
      vertex 23.7386 -7.16616 2.4
    endloop
  endfacet
  facet normal -0.969087 -0.246718 0
    outer loop
      vertex 23.7466 -7.20157 0
      vertex 23.7423 -7.18468 2.4
      vertex 23.7423 -7.18468 0
    endloop
  endfacet
  facet normal -0.969087 -0.246718 0
    outer loop
      vertex 23.7466 -7.20157 0
      vertex 23.7466 -7.20157 2.4
      vertex 23.7423 -7.18468 2.4
    endloop
  endfacet
  facet normal -0.950829 -0.309716 0
    outer loop
      vertex 23.7516 -7.21692 0
      vertex 23.7466 -7.20157 2.4
      vertex 23.7466 -7.20157 0
    endloop
  endfacet
  facet normal -0.950829 -0.309716 0
    outer loop
      vertex 23.7516 -7.21692 0
      vertex 23.7516 -7.21692 2.4
      vertex 23.7466 -7.20157 2.4
    endloop
  endfacet
  facet normal -0.926802 -0.375549 0
    outer loop
      vertex 23.7572 -7.23074 0
      vertex 23.7516 -7.21692 2.4
      vertex 23.7516 -7.21692 0
    endloop
  endfacet
  facet normal -0.926802 -0.375549 0
    outer loop
      vertex 23.7572 -7.23074 0
      vertex 23.7572 -7.23074 2.4
      vertex 23.7516 -7.21692 2.4
    endloop
  endfacet
  facet normal -0.896879 -0.442277 0
    outer loop
      vertex 23.7633 -7.24311 0
      vertex 23.7572 -7.23074 2.4
      vertex 23.7572 -7.23074 0
    endloop
  endfacet
  facet normal -0.896879 -0.442277 0
    outer loop
      vertex 23.7633 -7.24311 0
      vertex 23.7633 -7.24311 2.4
      vertex 23.7572 -7.23074 2.4
    endloop
  endfacet
  facet normal -0.853416 -0.52123 0
    outer loop
      vertex 23.77 -7.25408 0
      vertex 23.7633 -7.24311 2.4
      vertex 23.7633 -7.24311 0
    endloop
  endfacet
  facet normal -0.853416 -0.52123 0
    outer loop
      vertex 23.77 -7.25408 0
      vertex 23.77 -7.25408 2.4
      vertex 23.7633 -7.24311 2.4
    endloop
  endfacet
  facet normal -0.80606 -0.591833 0
    outer loop
      vertex 23.7771 -7.26375 0
      vertex 23.77 -7.25408 2.4
      vertex 23.77 -7.25408 0
    endloop
  endfacet
  facet normal -0.80606 -0.591833 0
    outer loop
      vertex 23.7771 -7.26375 0
      vertex 23.7771 -7.26375 2.4
      vertex 23.77 -7.25408 2.4
    endloop
  endfacet
  facet normal -0.744752 -0.667341 0
    outer loop
      vertex 23.7846 -7.27212 0
      vertex 23.7771 -7.26375 2.4
      vertex 23.7771 -7.26375 0
    endloop
  endfacet
  facet normal -0.744752 -0.667341 0
    outer loop
      vertex 23.7846 -7.27212 0
      vertex 23.7846 -7.27212 2.4
      vertex 23.7771 -7.26375 2.4
    endloop
  endfacet
  facet normal -0.673092 -0.739559 0
    outer loop
      vertex 23.7925 -7.27931 0
      vertex 23.7846 -7.27212 2.4
      vertex 23.7846 -7.27212 0
    endloop
  endfacet
  facet normal -0.673092 -0.739559 0
    outer loop
      vertex 23.7925 -7.27931 0
      vertex 23.7925 -7.27931 2.4
      vertex 23.7846 -7.27212 2.4
    endloop
  endfacet
  facet normal -0.597144 -0.802134 0
    outer loop
      vertex 23.8006 -7.28534 0
      vertex 23.7925 -7.27931 2.4
      vertex 23.7925 -7.27931 0
    endloop
  endfacet
  facet normal -0.597144 -0.802134 0
    outer loop
      vertex 23.8006 -7.28534 0
      vertex 23.8006 -7.28534 2.4
      vertex 23.7925 -7.27931 2.4
    endloop
  endfacet
  facet normal -0.500193 -0.865914 0
    outer loop
      vertex 23.8091 -7.29025 0
      vertex 23.8006 -7.28534 2.4
      vertex 23.8006 -7.28534 0
    endloop
  endfacet
  facet normal -0.500193 -0.865914 0
    outer loop
      vertex 23.8091 -7.29025 0
      vertex 23.8091 -7.29025 2.4
      vertex 23.8006 -7.28534 2.4
    endloop
  endfacet
  facet normal -0.409929 -0.912118 0
    outer loop
      vertex 23.8178 -7.29416 0
      vertex 23.8091 -7.29025 2.4
      vertex 23.8091 -7.29025 0
    endloop
  endfacet
  facet normal -0.409929 -0.912118 0
    outer loop
      vertex 23.8178 -7.29416 0
      vertex 23.8178 -7.29416 2.4
      vertex 23.8091 -7.29025 2.4
    endloop
  endfacet
  facet normal -0.313666 -0.949533 0
    outer loop
      vertex 23.8267 -7.2971 0
      vertex 23.8178 -7.29416 2.4
      vertex 23.8178 -7.29416 0
    endloop
  endfacet
  facet normal -0.313666 -0.949533 0
    outer loop
      vertex 23.8267 -7.2971 0
      vertex 23.8267 -7.2971 2.4
      vertex 23.8178 -7.29416 2.4
    endloop
  endfacet
  facet normal -0.220028 -0.975494 0
    outer loop
      vertex 23.8357 -7.29913 0
      vertex 23.8267 -7.2971 2.4
      vertex 23.8267 -7.2971 0
    endloop
  endfacet
  facet normal -0.220028 -0.975494 0
    outer loop
      vertex 23.8357 -7.29913 0
      vertex 23.8357 -7.29913 2.4
      vertex 23.8267 -7.2971 2.4
    endloop
  endfacet
  facet normal -0.126449 -0.991973 0
    outer loop
      vertex 23.8448 -7.30029 0
      vertex 23.8357 -7.29913 2.4
      vertex 23.8357 -7.29913 0
    endloop
  endfacet
  facet normal -0.126449 -0.991973 0
    outer loop
      vertex 23.8448 -7.30029 0
      vertex 23.8448 -7.30029 2.4
      vertex 23.8357 -7.29913 2.4
    endloop
  endfacet
  facet normal -0.0401849 -0.999192 0
    outer loop
      vertex 23.854 -7.30066 0
      vertex 23.8448 -7.30029 2.4
      vertex 23.8448 -7.30029 0
    endloop
  endfacet
  facet normal -0.0401849 -0.999192 0
    outer loop
      vertex 23.854 -7.30066 0
      vertex 23.854 -7.30066 2.4
      vertex 23.8448 -7.30029 2.4
    endloop
  endfacet
  facet normal 0.515561 -0.856853 0
    outer loop
      vertex 28.9308 -4.24599 0
      vertex 23.854 -7.30066 2.4
      vertex 23.854 -7.30066 0
    endloop
  endfacet
  facet normal 0.515561 -0.856853 0
    outer loop
      vertex 28.9308 -4.24599 0
      vertex 28.9308 -4.24599 2.4
      vertex 23.854 -7.30066 2.4
    endloop
  endfacet
endsolid OpenSCAD_Model
