solid OpenSCAD_Model
  facet normal 0 0 -1
    outer loop
      vertex 7.97611 -28.9344 0
      vertex 6.63754 -26.1966 0
      vertex 7.34001 -26.0081 0
    endloop
  endfacet
  facet normal 0 -0 -1
    outer loop
      vertex 9.40283 -25.3325 0
      vertex 10.0216 -28.2871 0
      vertex 8.72291 -25.5757 0
    endloop
  endfacet
  facet normal 0 0 -1
    outer loop
      vertex 8.03522 -25.801 0
      vertex 9.34637 -28.5186 0
      vertex 8.66447 -28.7344 0
    endloop
  endfacet
  facet normal -0 0 -1
    outer loop
      vertex 7.28148 -29.1181 0
      vertex 6.58075 -29.2855 0
      vertex 5.92807 -26.3664 0
    endloop
  endfacet
  facet normal 0 0 -1
    outer loop
      vertex 9.40283 -25.3325 0
      vertex 10.0747 -25.0715 0
      vertex 10.69 -28.0401 0
    endloop
  endfacet
  facet normal 0 0 -1
    outer loop
      vertex 5.16179 -29.5701 0
      vertex 5.21186 -26.5172 0
      vertex 5.87413 -29.4362 0
    endloop
  endfacet
  facet normal 0 0 -1
    outer loop
      vertex 11.3514 -27.7779 0
      vertex 10.7383 -24.793 0
      vertex 12.0056 -27.5008 0
    endloop
  endfacet
  facet normal -0 0 -1
    outer loop
      vertex 5.16179 -29.5701 0
      vertex 4.44393 -29.6869 0
      vertex 4.48917 -26.6487 0
    endloop
  endfacet
  facet normal 0 0 -1
    outer loop
      vertex 12.6524 -27.2088 0
      vertex 11.3934 -24.4974 0
      vertex 13.2916 -26.9024 0
    endloop
  endfacet
  facet normal 0 0 -1
    outer loop
      vertex 3.02535 -26.8529 0
      vertex 3.76024 -26.7607 0
      vertex 3.72073 -29.7864 0
    endloop
  endfacet
  facet normal 0 0 -1
    outer loop
      vertex 13.923 -26.5817 0
      vertex 12.0396 -24.1847 0
      vertex 12.6768 -23.8554 0
    endloop
  endfacet
  facet normal -0 0 -1
    outer loop
      vertex 15.3327 -25.795 0
      vertex 13.923 -26.5817 0
      vertex 13.3047 -23.5097 0
    endloop
  endfacet
  facet normal 0 -0 -1
    outer loop
      vertex 14.4666 -22.8135 0
      vertex 15.3327 -25.795 0
      vertex 13.923 -23.1478 0
    endloop
  endfacet
  facet normal -0 0 -1
    outer loop
      vertex 0.778297 -30.0063 0
      vertex 0.031215 -30.0156 0
      vertex 0.031215 -27.0187 0
    endloop
  endfacet
  facet normal 0 0 -1
    outer loop
      vertex -0.720538 -30.0063 0
      vertex -0.729657 -27.0082 0
      vertex 0.031215 -27.0187 0
    endloop
  endfacet
  facet normal 0 0 -1
    outer loop
      vertex -10.6715 -28.0533 0
      vertex -11.3319 -27.7939 0
      vertex -10.0564 -25.0715 0
    endloop
  endfacet
  facet normal 0 -0 -1
    outer loop
      vertex 22.9136 -14.282 0
      vertex 25.5437 -15.7414 0
      vertex 22.5702 -14.8209 0
    endloop
  endfacet
  facet normal 0 0 -1
    outer loop
      vertex 20.6707 -17.381 0
      vertex 21.0742 -16.8877 0
      vertex 22.6904 -19.6312 0
    endloop
  endfacet
  facet normal 0 0 -1
    outer loop
      vertex 19.8298 -18.3378 0
      vertex 22.6904 -19.6312 0
      vertex 21.6083 -20.817 0
    endloop
  endfacet
  facet normal 0 0 -1
    outer loop
      vertex 20.465 -21.943 0
      vertex 18.9451 -19.2534 0
      vertex 21.6083 -20.817 0
    endloop
  endfacet
  facet normal 0 0 -1
    outer loop
      vertex 21.4661 -16.3848 0
      vertex 21.8462 -15.8726 0
      vertex 23.7088 -18.3882 0
    endloop
  endfacet
  facet normal 0 0 -1
    outer loop
      vertex 21.8462 -15.8726 0
      vertex 22.2143 -15.3512 0
      vertex 24.6608 -17.0907 0
    endloop
  endfacet
  facet normal 0 0 -1
    outer loop
      vertex 13.923 -10.6295 0
      vertex 13.923 -5.07284 0
      vertex 23.7877 -12.7836 0
    endloop
  endfacet
  facet normal 0 0 -1
    outer loop
      vertex 18.0182 -20.1259 0
      vertex 18.4868 -19.6951 0
      vertex 20.465 -21.943 0
    endloop
  endfacet
  facet normal 0 0 -1
    outer loop
      vertex 22.2143 -15.3512 0
      vertex 22.5702 -14.8209 0
      vertex 24.6608 -17.0907 0
    endloop
  endfacet
  facet normal 0 0 -1
    outer loop
      vertex 23.7877 -12.7836 0
      vertex 26.355 -14.3429 0
      vertex 25.5437 -15.7414 0
    endloop
  endfacet
  facet normal 0 -0 -1
    outer loop
      vertex 27.0031 0.0156075 0
      vertex 30 0.0156075 0
      vertex 26.9945 -0.679731 0
    endloop
  endfacet
  facet normal 0 -0 -1
    outer loop
      vertex 26.9945 -0.679731 0
      vertex 29.9515 -1.70528 0
      vertex 26.9687 -1.37023 0
    endloop
  endfacet
  facet normal 0 0 -1
    outer loop
      vertex 29.8078 -3.40102 0
      vertex 26.8665 -2.73602 0
      vertex 26.926 -2.05571 0
    endloop
  endfacet
  facet normal 0 -0 -1
    outer loop
      vertex 26.5893 -4.74427 0
      vertex 29.5714 -5.06894 0
      vertex 26.4647 -5.40225 0
    endloop
  endfacet
  facet normal 0 0 -1
    outer loop
      vertex 28.8313 -8.31068 0
      vertex 25.8096 -7.97257 0
      vertex 25.9965 -7.33955 0
    endloop
  endfacet
  facet normal -0 0 -1
    outer loop
      vertex 28.3328 -9.87914 0
      vertex 27.7522 -11.4091 0
      vertex 25.1593 -9.83107 0
    endloop
  endfacet
  facet normal 0 0 -1
    outer loop
      vertex 24.09 -12.2083 0
      vertex 27.092 -12.8979 0
      vertex 26.355 -14.3429 0
    endloop
  endfacet
  facet normal 0 0 -1
    outer loop
      vertex 30 0.0156075 0
      vertex 26.9641 1.47672 0
      vertex 29.9515 1.73627 0
    endloop
  endfacet
  facet normal 0 0 -1
    outer loop
      vertex 22.9136 -14.282 0
      vertex 23.7877 -12.7836 0
      vertex 25.5437 -15.7414 0
    endloop
  endfacet
  facet normal 0 -0 -1
    outer loop
      vertex -27.7508 11.4329 0
      vertex -25.1882 9.7708 0
      vertex -28.332 9.90446 0
    endloop
  endfacet
  facet normal 0 0 -1
    outer loop
      vertex -21.0758 16.8967 0
      vertex -23.7021 18.406 0
      vertex -22.6819 19.6486 0
    endloop
  endfacet
  facet normal -0 0 -1
    outer loop
      vertex 1.52098 29.9793 0
      vertex 0.84287 27.0187 0
      vertex 0.778297 30.0065 0
    endloop
  endfacet
  facet normal 0 0 -1
    outer loop
      vertex 1.55271 26.9862 0
      vertex 0.84287 27.0187 0
      vertex 1.52098 29.9793 0
    endloop
  endfacet
  facet normal 0 0 -1
    outer loop
      vertex 21.0844 16.8892 0
      vertex 20.2038 17.9358 0
      vertex 22.6904 19.6486 0
    endloop
  endfacet
  facet normal 0 0 -1
    outer loop
      vertex 23.4014 13.4938 0
      vertex 25.5437 15.7609 0
      vertex 26.355 14.3637 0
    endloop
  endfacet
  facet normal -0 0 -1
    outer loop
      vertex 27.092 12.9202 0
      vertex 24.0589 12.2834 0
      vertex 26.355 14.3637 0
    endloop
  endfacet
  facet normal -0 0 -1
    outer loop
      vertex 27.7522 11.4329 0
      vertex 24.6556 11.0371 0
      vertex 27.092 12.9202 0
    endloop
  endfacet
  facet normal 0 0 -1
    outer loop
      vertex 22.6852 14.6662 0
      vertex 21.9122 15.7987 0
      vertex 24.6608 17.1092 0
    endloop
  endfacet
  facet normal 0 0 -1
    outer loop
      vertex 21.9122 15.7987 0
      vertex 21.0844 16.8892 0
      vertex 23.7088 18.406 0
    endloop
  endfacet
  facet normal 0 0 -1
    outer loop
      vertex 25.1895 9.75695 0
      vertex 28.3328 9.90446 0
      vertex 25.6587 8.44489 0
    endloop
  endfacet
  facet normal 0 0 -1
    outer loop
      vertex 25.6587 8.44489 0
      vertex 28.8313 8.3375 0
      vertex 26.0612 7.10295 0
    endloop
  endfacet
  facet normal 0 0 -1
    outer loop
      vertex 21.6083 20.8345 0
      vertex 20.2038 17.9358 0
      vertex 19.2724 18.9363 0
    endloop
  endfacet
  facet normal 0 0 -1
    outer loop
      vertex 20.465 21.961 0
      vertex 19.2724 18.9363 0
      vertex 18.2922 19.8889 0
    endloop
  endfacet
  facet normal 0 0 -1
    outer loop
      vertex 26.395 5.73315 0
      vertex 26.0612 7.10295 0
      vertex 29.245 6.73461 0
    endloop
  endfacet
  facet normal 0 -0 -1
    outer loop
      vertex 18.0054 24.0257 0
      vertex 19.2632 23.0256 0
      vertex 17.2652 20.7915 0
    endloop
  endfacet
  facet normal 0 0 -1
    outer loop
      vertex 1.55271 26.9862 0
      vertex 2.25907 29.9343 0
      vertex 2.25849 26.9357 0
    endloop
  endfacet
  facet normal -0 0 -1
    outer loop
      vertex 3.72073 29.7912 0
      vertex 2.95992 26.8673 0
      vertex 2.99238 29.8715 0
    endloop
  endfacet
  facet normal 0 0 -1
    outer loop
      vertex 4.3485 26.6778 0
      vertex 3.65669 26.7812 0
      vertex 4.44393 29.6936 0
    endloop
  endfacet
  facet normal 0 0 -1
    outer loop
      vertex 5.03504 26.5571 0
      vertex 5.87413 29.4472 0
      vertex 5.716 26.4195 0
    endloop
  endfacet
  facet normal 0 0 -1
    outer loop
      vertex 8.37806 25.7031 0
      vertex 9.34637 28.541 0
      vertex 9.0266 25.4836 0
    endloop
  endfacet
  facet normal 0 -0 -1
    outer loop
      vertex 6.58075 29.2987 0
      vertex 7.28148 29.1337 0
      vertex 6.39109 26.265 0
    endloop
  endfacet
  facet normal 0 0 -1
    outer loop
      vertex 7.06 26.094 0
      vertex 7.28148 29.1337 0
      vertex 7.97611 28.9523 0
    endloop
  endfacet
  facet normal -0 0 -1
    outer loop
      vertex 8.66447 28.7547 0
      vertex 7.72242 25.9066 0
      vertex 7.97611 28.9523 0
    endloop
  endfacet
  facet normal 0 0 -1
    outer loop
      vertex 5.716 26.4195 0
      vertex 6.58075 29.2987 0
      vertex 6.39109 26.265 0
    endloop
  endfacet
  facet normal 0 0 -1
    outer loop
      vertex 5.716 26.4195 0
      vertex 5.87413 29.4472 0
      vertex 6.58075 29.2987 0
    endloop
  endfacet
  facet normal 0 0 -1
    outer loop
      vertex 5.03504 26.5571 0
      vertex 5.16179 29.5789 0
      vertex 5.87413 29.4472 0
    endloop
  endfacet
  facet normal 0 0 -1
    outer loop
      vertex 5.03504 26.5571 0
      vertex 4.3485 26.6778 0
      vertex 5.16179 29.5789 0
    endloop
  endfacet
  facet normal -0 0 -1
    outer loop
      vertex 5.16179 29.5789 0
      vertex 4.3485 26.6778 0
      vertex 4.44393 29.6936 0
    endloop
  endfacet
  facet normal -0 0 -1
    outer loop
      vertex 4.44393 29.6936 0
      vertex 3.65669 26.7812 0
      vertex 3.72073 29.7912 0
    endloop
  endfacet
  facet normal 0 0 -1
    outer loop
      vertex 3.72073 29.7912 0
      vertex 3.65669 26.7812 0
      vertex 2.95992 26.8673 0
    endloop
  endfacet
  facet normal 0 0 -1
    outer loop
      vertex 10.69 28.0665 0
      vertex 9.66774 25.2484 0
      vertex 9.0266 25.4836 0
    endloop
  endfacet
  facet normal 0 0 -1
    outer loop
      vertex 2.25849 26.9357 0
      vertex 2.99238 29.8715 0
      vertex 2.95992 26.8673 0
    endloop
  endfacet
  facet normal 0 0 -1
    outer loop
      vertex 2.25849 26.9357 0
      vertex 2.25907 29.9343 0
      vertex 2.99238 29.8715 0
    endloop
  endfacet
  facet normal 0 0 -1
    outer loop
      vertex 1.55271 26.9862 0
      vertex 1.52098 29.9793 0
      vertex 2.25907 29.9343 0
    endloop
  endfacet
  facet normal 0 -0 -1
    outer loop
      vertex 11.3514 27.8059 0
      vertex 12.0056 27.5301 0
      vertex 10.3012 24.9976 0
    endloop
  endfacet
  facet normal 0 0 -1
    outer loop
      vertex 10.9266 24.7316 0
      vertex 12.6524 27.2392 0
      vertex 11.5437 24.4504 0
    endloop
  endfacet
  facet normal 0 0 -1
    outer loop
      vertex 12.1522 24.1544 0
      vertex 13.2916 26.9334 0
      vertex 13.923 26.6129 0
    endloop
  endfacet
  facet normal 0 0 -1
    outer loop
      vertex 15.3327 25.822 0
      vertex 13.923 23.179 0
      vertex 13.3422 23.5184 0
    endloop
  endfacet
  facet normal 0 0 -1
    outer loop
      vertex -1.46785 29.9793 0
      vertex -1.49895 26.9862 0
      vertex -2.21047 29.9343 0
    endloop
  endfacet
  facet normal 0 0 -1
    outer loop
      vertex 15.0786 22.4385 0
      vertex 16.6944 24.9587 0
      vertex 18.0054 24.0257 0
    endloop
  endfacet
  facet normal 0 0 -1
    outer loop
      vertex -5.12946 29.5789 0
      vertex -4.31728 26.6778 0
      vertex -5.00688 26.5571 0
    endloop
  endfacet
  facet normal 0 -0 -1
    outer loop
      vertex -5.84516 29.4472 0
      vertex -5.69006 26.4195 0
      vertex -6.55477 29.2987 0
    endloop
  endfacet
  facet normal 0 -0 -1
    outer loop
      vertex -21.5976 20.8345 0
      vertex -20.1931 17.9417 0
      vertex -22.6819 19.6486 0
    endloop
  endfacet
  facet normal 0 0 -1
    outer loop
      vertex -7.25806 29.1337 0
      vertex -6.36662 26.265 0
      vertex -7.03634 26.094 0
    endloop
  endfacet
  facet normal 0 0 -1
    outer loop
      vertex -21.5976 20.8345 0
      vertex -20.4518 21.961 0
      vertex -19.2592 18.9407 0
    endloop
  endfacet
  facet normal 0 0 -1
    outer loop
      vertex -10.6715 28.0665 0
      vertex -9.00237 25.4836 0
      vertex -9.64264 25.2484 0
    endloop
  endfacet
  facet normal 0 0 -1
    outer loop
      vertex -11.5153 24.4504 0
      vertex -12.6287 27.2392 0
      vertex -10.8993 24.7316 0
    endloop
  endfacet
  facet normal 0 -0 -1
    outer loop
      vertex -13.8918 26.6129 0
      vertex -13.3112 23.5184 0
      vertex -15.306 25.822 0
    endloop
  endfacet
  facet normal 0 0 -1
    outer loop
      vertex -17.246 20.7933 0
      vertex -17.9863 24.0257 0
      vertex -16.1705 21.6429 0
    endloop
  endfacet
  facet normal 0 0 -1
    outer loop
      vertex -17.246 20.7933 0
      vertex -19.2472 23.0256 0
      vertex -17.9863 24.0257 0
    endloop
  endfacet
  facet normal 0 -0 -1
    outer loop
      vertex 0.031215 30.0156 0
      vertex 0.84287 27.0187 0
      vertex -0.780435 27.0187 0
    endloop
  endfacet
  facet normal 0 0 -1
    outer loop
      vertex -15.0518 22.4387 0
      vertex -17.9863 24.0257 0
      vertex -16.6717 24.9587 0
    endloop
  endfacet
  facet normal 0 -0 -1
    outer loop
      vertex -15.306 25.822 0
      vertex -13.8918 23.179 0
      vertex -16.6717 24.9587 0
    endloop
  endfacet
  facet normal 0 0 -1
    outer loop
      vertex -13.8918 26.6129 0
      vertex -12.1227 24.1544 0
      vertex -12.7214 23.8436 0
    endloop
  endfacet
  facet normal 0 0 -1
    outer loop
      vertex -12.1227 24.1544 0
      vertex -13.2646 26.9334 0
      vertex -11.5153 24.4504 0
    endloop
  endfacet
  facet normal 0 0 -1
    outer loop
      vertex -10.8993 24.7316 0
      vertex -12.6287 27.2392 0
      vertex -11.9844 27.5301 0
    endloop
  endfacet
  facet normal 0 -0 -1
    outer loop
      vertex -11.3319 27.8059 0
      vertex -10.275 24.9976 0
      vertex -11.9844 27.5301 0
    endloop
  endfacet
  facet normal -0 0 -1
    outer loop
      vertex -8.35443 25.7031 0
      vertex -9.00237 25.4836 0
      vertex -9.32767 28.541 0
    endloop
  endfacet
  facet normal 0 0 -1
    outer loop
      vertex -20.4518 21.961 0
      vertex -19.2472 23.0256 0
      vertex -18.2762 19.8919 0
    endloop
  endfacet
  facet normal 0 0 -1
    outer loop
      vertex -8.64474 28.7547 0
      vertex -7.9548 28.9523 0
      vertex -7.69901 25.9066 0
    endloop
  endfacet
  facet normal 0 0 -1
    outer loop
      vertex -4.40791 29.6936 0
      vertex -3.68073 29.7912 0
      vertex -3.62148 26.7812 0
    endloop
  endfacet
  facet normal -0 0 -1
    outer loop
      vertex -2.2121 26.9357 0
      vertex -2.91968 26.8673 0
      vertex -2.94818 29.8715 0
    endloop
  endfacet
  facet normal 0 -0 -1
    outer loop
      vertex -28.332 9.90446 0
      vertex -25.6579 8.45866 0
      vertex -28.8308 8.3375 0
    endloop
  endfacet
  facet normal -0 0 -1
    outer loop
      vertex -25.5853 -8.64378 0
      vertex -28.332 -9.87999 0
      vertex -25.7894 -8.01303 0
    endloop
  endfacet
  facet normal 0 0 -1
    outer loop
      vertex -26.658 4.34765 0
      vertex -26.8484 2.92561 0
      vertex -29.8077 3.43139 0
    endloop
  endfacet
  facet normal -0 0 -1
    outer loop
      vertex -25.9785 -7.37544 0
      vertex -28.8308 -8.31117 0
      vertex -26.1524 -6.73127 0
    endloop
  endfacet
  facet normal -0 0 -1
    outer loop
      vertex -26.4537 -5.42422 0
      vertex -29.2448 -6.70664 0
      vertex -29.5713 -5.06905 0
    endloop
  endfacet
  facet normal -0 0 -1
    outer loop
      vertex -26.8633 -2.74252 0
      vertex -29.8077 -3.40105 0
      vertex -26.9241 -2.05951 0
    endloop
  endfacet
  facet normal -0 0 -1
    outer loop
      vertex -26.9241 -2.05951 0
      vertex -29.8077 -3.40105 0
      vertex -29.9515 -1.70528 0
    endloop
  endfacet
  facet normal -0 0 -1
    outer loop
      vertex -26.9943 -0.680185 0
      vertex -29.9515 -1.70528 0
      vertex -30 0.0156075 0
    endloop
  endfacet
  facet normal 0 -0 -1
    outer loop
      vertex -29.5713 5.09837 0
      vertex -26.658 4.34765 0
      vertex -29.8077 3.43139 0
    endloop
  endfacet
  facet normal -0 0 -1
    outer loop
      vertex -25.133 -9.88375 0
      vertex -27.7508 -11.4105 0
      vertex -28.332 -9.87999 0
    endloop
  endfacet
  facet normal 0 0 -1
    outer loop
      vertex -27.7508 11.4329 0
      vertex -24.6536 11.0506 0
      vertex -25.1882 9.7708 0
    endloop
  endfacet
  facet normal 0 0 -1
    outer loop
      vertex -27.7508 -11.4105 0
      vertex -25.133 -9.88375 0
      vertex -24.8853 -10.4924 0
    endloop
  endfacet
  facet normal 0 0 -1
    outer loop
      vertex 29.8078 3.43139 0
      vertex 26.6581 4.3375 0
      vertex 29.5714 5.09837 0
    endloop
  endfacet
  facet normal 0 0 -1
    outer loop
      vertex -16.6717 -24.9578 0
      vertex -14.9695 -22.4672 0
      vertex -14.4352 -22.8137 0
    endloop
  endfacet
  facet normal 0 0 -1
    outer loop
      vertex -16.5165 -21.3552 0
      vertex -17.9863 -24.0238 0
      vertex -19.2472 -23.0224 0
    endloop
  endfacet
  facet normal 0 -0 -1
    outer loop
      vertex -20.6151 -17.4161 0
      vertex -20.2022 -17.8954 0
      vertex -22.6819 -19.6398 0
    endloop
  endfacet
  facet normal 0 0 -1
    outer loop
      vertex -23.7021 -18.395 0
      vertex -24.6556 -17.0959 0
      vertex -21.7857 -15.9211 0
    endloop
  endfacet
  facet normal 0 0 -1
    outer loop
      vertex -24.059 -12.2703 0
      vertex -26.3522 -14.3458 0
      vertex -27.09 -12.8999 0
    endloop
  endfacet
  facet normal -0 0 -1
    outer loop
      vertex 0.84287 27.0187 0
      vertex -4.18314 2.45057 0
      vertex -0.780435 27.0187 0
    endloop
  endfacet
  facet normal 0 -0 -1
    outer loop
      vertex -24.3481 -11.686 0
      vertex -24.059 -12.2703 0
      vertex -27.09 -12.8999 0
    endloop
  endfacet
  facet normal 0 0 -1
    outer loop
      vertex -27.09 -12.8999 0
      vertex -24.6236 -11.0933 0
      vertex -24.3481 -11.686 0
    endloop
  endfacet
  facet normal 0 -0 -1
    outer loop
      vertex -18.8983 -19.2729 0
      vertex -18.4423 -19.7113 0
      vertex -20.4518 -21.9561 0
    endloop
  endfacet
  facet normal 0 0 -1
    outer loop
      vertex -27.09 -12.8999 0
      vertex -27.7508 -11.4105 0
      vertex -24.6236 -11.0933 0
    endloop
  endfacet
  facet normal 0 -0 -1
    outer loop
      vertex -24.8853 -10.4924 0
      vertex -24.6236 -11.0933 0
      vertex -27.7508 -11.4105 0
    endloop
  endfacet
  facet normal 0 0 -1
    outer loop
      vertex 22.5702 -14.8209 0
      vertex 25.5437 -15.7414 0
      vertex 24.6608 -17.0907 0
    endloop
  endfacet
  facet normal 0 0 -1
    outer loop
      vertex -13.2646 -26.9292 0
      vertex -13.8918 -26.6129 0
      vertex -12.0185 -24.1847 0
    endloop
  endfacet
  facet normal 0 0 -1
    outer loop
      vertex 18.0054 -24.0047 0
      vertex 16.5526 -21.3498 0
      vertex 19.2632 -23.0064 0
    endloop
  endfacet
  facet normal 0 0 -1
    outer loop
      vertex 15.5277 -22.1065 0
      vertex 16.0448 -21.7342 0
      vertex 18.0054 -24.0047 0
    endloop
  endfacet
  facet normal 0 -0 -1
    outer loop
      vertex -2.98114 -26.8529 0
      vertex -2.94818 -29.8685 0
      vertex -3.68073 -29.7868 0
    endloop
  endfacet
  facet normal 0 0 -1
    outer loop
      vertex -3.72024 -26.7607 0
      vertex -2.98114 -26.8529 0
      vertex -3.68073 -29.7868 0
    endloop
  endfacet
  facet normal 0 0 -1
    outer loop
      vertex -9.32767 -28.5272 0
      vertex -8.0139 -25.801 0
      vertex -8.64474 -28.7412 0
    endloop
  endfacet
  facet normal 0 0 -1
    outer loop
      vertex -4.45314 -26.6487 0
      vertex -3.72024 -26.7607 0
      vertex -4.40791 -29.6877 0
    endloop
  endfacet
  facet normal 0 -0 -1
    outer loop
      vertex -4.45314 -26.6487 0
      vertex -4.40791 -29.6877 0
      vertex -5.12946 -29.5714 0
    endloop
  endfacet
  facet normal -0 0 -1
    outer loop
      vertex -4.45314 -26.6487 0
      vertex -5.12946 -29.5714 0
      vertex -5.17953 -26.5172 0
    endloop
  endfacet
  facet normal 0 -0 -1
    outer loop
      vertex -5.17953 -26.5172 0
      vertex -5.12946 -29.5714 0
      vertex -5.84516 -29.4382 0
    endloop
  endfacet
  facet normal 0 0 -1
    outer loop
      vertex -6.55477 -29.2883 0
      vertex -7.25806 -29.122 0
      vertex -5.8991 -26.3664 0
    endloop
  endfacet
  facet normal -0 0 -1
    outer loop
      vertex -5.17953 -26.5172 0
      vertex -5.84516 -29.4382 0
      vertex -5.8991 -26.3664 0
    endloop
  endfacet
  facet normal 0 0 -1
    outer loop
      vertex -6.61156 -26.1966 0
      vertex -7.25806 -29.122 0
      vertex -7.9548 -28.9395 0
    endloop
  endfacet
  facet normal 0 0 -1
    outer loop
      vertex -4.40791 -29.6877 0
      vertex -3.72024 -26.7607 0
      vertex -3.68073 -29.7868 0
    endloop
  endfacet
  facet normal 0 0 -1
    outer loop
      vertex -7.3166 -26.0081 0
      vertex -7.9548 -28.9395 0
      vertex -8.64474 -28.7412 0
    endloop
  endfacet
  facet normal 0 0 -1
    outer loop
      vertex -2.94818 -29.8685 0
      vertex -2.98114 -26.8529 0
      vertex -2.23614 -26.9251 0
    endloop
  endfacet
  facet normal 0 0 -1
    outer loop
      vertex -2.21047 -29.9325 0
      vertex -2.94818 -29.8685 0
      vertex -2.23614 -26.9251 0
    endloop
  endfacet
  facet normal -0 0 -1
    outer loop
      vertex -8.70318 -25.5757 0
      vertex -10.0033 -28.2978 0
      vertex -9.38413 -25.3325 0
    endloop
  endfacet
  facet normal 0 0 -1
    outer loop
      vertex -2.23614 -26.9251 0
      vertex -1.48554 -26.9769 0
      vertex -2.21047 -29.9325 0
    endloop
  endfacet
  facet normal 0 0 -1
    outer loop
      vertex -2.21047 -29.9325 0
      vertex -1.48554 -26.9769 0
      vertex -1.46785 -29.9785 0
    endloop
  endfacet
  facet normal 0 0 -1
    outer loop
      vertex -1.46785 -29.9785 0
      vertex -1.48554 -26.9769 0
      vertex -0.729657 -27.0082 0
    endloop
  endfacet
  facet normal 0 0 -1
    outer loop
      vertex -0.720538 -30.0063 0
      vertex -1.46785 -29.9785 0
      vertex -0.729657 -27.0082 0
    endloop
  endfacet
  facet normal 0 0 -1
    outer loop
      vertex 15.0016 -22.4663 0
      vertex 15.5277 -22.1065 0
      vertex 16.6944 -24.9351 0
    endloop
  endfacet
  facet normal 0 -0 -1
    outer loop
      vertex 0.031215 -27.0187 0
      vertex 0.031215 -30.0156 0
      vertex -0.720538 -30.0063 0
    endloop
  endfacet
  facet normal 0 0 -1
    outer loop
      vertex -13.8918 -5.13527 0
      vertex -0.031215 -4.97919 0
      vertex -13.8918 -10.6608 0
    endloop
  endfacet
  facet normal 0 0 -1
    outer loop
      vertex -13.8918 -5.13527 0
      vertex -4.18314 2.45057 0
      vertex -0.031215 -4.97919 0
    endloop
  endfacet
  facet normal 0 0 -1
    outer loop
      vertex 14.4666 -22.8135 0
      vertex 16.6944 -24.9351 0
      vertex 15.3327 -25.795 0
    endloop
  endfacet
  facet normal 0 0 -1
    outer loop
      vertex 1.53868 -26.9769 0
      vertex 1.52098 -29.9785 0
      vertex 0.787416 -27.0082 0
    endloop
  endfacet
  facet normal -0 0 -1
    outer loop
      vertex 2.99238 -29.8683 0
      vertex 2.25907 -29.9324 0
      vertex 2.28474 -26.9251 0
    endloop
  endfacet
  facet normal 0 -0 -1
    outer loop
      vertex 29.8078 3.43139 0
      vertex 29.9515 1.73627 0
      vertex 26.8484 2.91802 0
    endloop
  endfacet
  facet normal -0 0 -1
    outer loop
      vertex -13.2777 -23.5097 0
      vertex -15.306 -25.8217 0
      vertex -13.8918 -23.1478 0
    endloop
  endfacet
  facet normal 0 -0 -1
    outer loop
      vertex -25.5398 15.7609 0
      vertex -23.3975 13.5055 0
      vertex -26.3522 14.3637 0
    endloop
  endfacet
  facet normal 0 0 -1
    outer loop
      vertex -25.5398 15.7609 0
      vertex -22.68 14.6766 0
      vertex -23.3975 13.5055 0
    endloop
  endfacet
  facet normal -0 -0 -1
    outer loop
      vertex 0.778297 30.0065 0
      vertex 0.84287 27.0187 0
      vertex 0.031215 30.0156 0
    endloop
  endfacet
  facet normal 0 0 -1
    outer loop
      vertex -0.780435 27.0187 0
      vertex -0.720538 30.0065 0
      vertex 0.031215 30.0156 0
    endloop
  endfacet
  facet normal 0 0 -1
    outer loop
      vertex 6.39109 26.265 0
      vertex 7.28148 29.1337 0
      vertex 7.06 26.094 0
    endloop
  endfacet
  facet normal 0 0 -1
    outer loop
      vertex 7.06 26.094 0
      vertex 7.97611 28.9523 0
      vertex 7.72242 25.9066 0
    endloop
  endfacet
  facet normal 0 0 -1
    outer loop
      vertex 7.72242 25.9066 0
      vertex 8.66447 28.7547 0
      vertex 8.37806 25.7031 0
    endloop
  endfacet
  facet normal 0 0 -1
    outer loop
      vertex 8.37806 25.7031 0
      vertex 8.66447 28.7547 0
      vertex 9.34637 28.541 0
    endloop
  endfacet
  facet normal 0 0 -1
    outer loop
      vertex 9.0266 25.4836 0
      vertex 9.34637 28.541 0
      vertex 10.0216 28.3116 0
    endloop
  endfacet
  facet normal -0 0 -1
    outer loop
      vertex 10.69 28.0665 0
      vertex 9.0266 25.4836 0
      vertex 10.0216 28.3116 0
    endloop
  endfacet
  facet normal -0 0 -1
    outer loop
      vertex 11.3514 27.8059 0
      vertex 9.66774 25.2484 0
      vertex 10.69 28.0665 0
    endloop
  endfacet
  facet normal 0 0 -1
    outer loop
      vertex 11.3514 27.8059 0
      vertex 10.3012 24.9976 0
      vertex 9.66774 25.2484 0
    endloop
  endfacet
  facet normal 0 0 -1
    outer loop
      vertex 12.0056 27.5301 0
      vertex 10.9266 24.7316 0
      vertex 10.3012 24.9976 0
    endloop
  endfacet
  facet normal 0 -0 -1
    outer loop
      vertex 12.0056 27.5301 0
      vertex 12.6524 27.2392 0
      vertex 10.9266 24.7316 0
    endloop
  endfacet
  facet normal 0 -0 -1
    outer loop
      vertex 12.6524 27.2392 0
      vertex 13.2916 26.9334 0
      vertex 11.5437 24.4504 0
    endloop
  endfacet
  facet normal 0 0 -1
    outer loop
      vertex 11.5437 24.4504 0
      vertex 13.2916 26.9334 0
      vertex 12.1522 24.1544 0
    endloop
  endfacet
  facet normal 0 0 -1
    outer loop
      vertex 12.1522 24.1544 0
      vertex 13.923 26.6129 0
      vertex 12.7518 23.8436 0
    endloop
  endfacet
  facet normal 0 0 -1
    outer loop
      vertex 12.7518 23.8436 0
      vertex 13.923 26.6129 0
      vertex 13.3422 23.5184 0
    endloop
  endfacet
  facet normal 0 0 -1
    outer loop
      vertex 13.3422 23.5184 0
      vertex 13.923 26.6129 0
      vertex 15.3327 25.822 0
    endloop
  endfacet
  facet normal 0 0 -1
    outer loop
      vertex 13.923 23.179 0
      vertex 15.3327 25.822 0
      vertex 16.6944 24.9587 0
    endloop
  endfacet
  facet normal 0 0 -1
    outer loop
      vertex 15.0786 22.4385 0
      vertex 13.923 23.179 0
      vertex 16.6944 24.9587 0
    endloop
  endfacet
  facet normal 0 0 -1
    outer loop
      vertex 16.1933 21.642 0
      vertex 15.0786 22.4385 0
      vertex 18.0054 24.0257 0
    endloop
  endfacet
  facet normal 0 0 -1
    outer loop
      vertex 17.2652 20.7915 0
      vertex 16.1933 21.642 0
      vertex 18.0054 24.0257 0
    endloop
  endfacet
  facet normal 0 0 -1
    outer loop
      vertex 18.2922 19.8889 0
      vertex 17.2652 20.7915 0
      vertex 19.2632 23.0256 0
    endloop
  endfacet
  facet normal -0 0 -1
    outer loop
      vertex 20.465 21.961 0
      vertex 18.2922 19.8889 0
      vertex 19.2632 23.0256 0
    endloop
  endfacet
  facet normal -0 0 -1
    outer loop
      vertex 21.6083 20.8345 0
      vertex 19.2724 18.9363 0
      vertex 20.465 21.961 0
    endloop
  endfacet
  facet normal -0 0 -1
    outer loop
      vertex 22.6904 19.6486 0
      vertex 20.2038 17.9358 0
      vertex 21.6083 20.8345 0
    endloop
  endfacet
  facet normal -0 0 -1
    outer loop
      vertex 23.7088 18.406 0
      vertex 21.0844 16.8892 0
      vertex 22.6904 19.6486 0
    endloop
  endfacet
  facet normal -0 0 -1
    outer loop
      vertex 24.6608 17.1092 0
      vertex 21.9122 15.7987 0
      vertex 23.7088 18.406 0
    endloop
  endfacet
  facet normal 0 0 -1
    outer loop
      vertex 22.6852 14.6662 0
      vertex 24.6608 17.1092 0
      vertex 25.5437 15.7609 0
    endloop
  endfacet
  facet normal 0 0 -1
    outer loop
      vertex 23.4014 13.4938 0
      vertex 22.6852 14.6662 0
      vertex 25.5437 15.7609 0
    endloop
  endfacet
  facet normal 0 0 -1
    outer loop
      vertex 24.0589 12.2834 0
      vertex 23.4014 13.4938 0
      vertex 26.355 14.3637 0
    endloop
  endfacet
  facet normal 0 0 -1
    outer loop
      vertex 24.6556 11.0371 0
      vertex 24.0589 12.2834 0
      vertex 27.092 12.9202 0
    endloop
  endfacet
  facet normal 0 0 -1
    outer loop
      vertex 25.1895 9.75695 0
      vertex 24.6556 11.0371 0
      vertex 27.7522 11.4329 0
    endloop
  endfacet
  facet normal -0 0 -1
    outer loop
      vertex 28.3328 9.90446 0
      vertex 25.1895 9.75695 0
      vertex 27.7522 11.4329 0
    endloop
  endfacet
  facet normal 0 0 -1
    outer loop
      vertex 28.8313 8.3375 0
      vertex 25.6587 8.44489 0
      vertex 28.3328 9.90446 0
    endloop
  endfacet
  facet normal 0 0 -1
    outer loop
      vertex 29.245 6.73461 0
      vertex 26.0612 7.10295 0
      vertex 28.8313 8.3375 0
    endloop
  endfacet
  facet normal 0 0 -1
    outer loop
      vertex 29.5714 5.09837 0
      vertex 26.395 5.73315 0
      vertex 29.245 6.73461 0
    endloop
  endfacet
  facet normal -0 0 -1
    outer loop
      vertex 29.5714 5.09837 0
      vertex 26.6581 4.3375 0
      vertex 26.395 5.73315 0
    endloop
  endfacet
  facet normal -0 0 -1
    outer loop
      vertex 29.8078 3.43139 0
      vertex 26.8484 2.91802 0
      vertex 26.6581 4.3375 0
    endloop
  endfacet
  facet normal -0 0 -1
    outer loop
      vertex 29.9515 1.73627 0
      vertex 26.9641 1.47672 0
      vertex 26.8484 2.91802 0
    endloop
  endfacet
  facet normal 0 0 -1
    outer loop
      vertex 30 0.0156075 0
      vertex 27.0031 0.0156075 0
      vertex 26.9641 1.47672 0
    endloop
  endfacet
  facet normal 0 0 -1
    outer loop
      vertex 29.9515 -1.70528 0
      vertex 26.9945 -0.679731 0
      vertex 30 0.0156075 0
    endloop
  endfacet
  facet normal 0 0 -1
    outer loop
      vertex 26.926 -2.05571 0
      vertex 26.9687 -1.37023 0
      vertex 29.9515 -1.70528 0
    endloop
  endfacet
  facet normal 0 0 -1
    outer loop
      vertex 29.8078 -3.40102 0
      vertex 26.926 -2.05571 0
      vertex 29.9515 -1.70528 0
    endloop
  endfacet
  facet normal 0 0 -1
    outer loop
      vertex 26.7905 -3.411 0
      vertex 26.8665 -2.73602 0
      vertex 29.8078 -3.40102 0
    endloop
  endfacet
  facet normal 0 0 -1
    outer loop
      vertex 26.698 -4.08047 0
      vertex 26.7905 -3.411 0
      vertex 29.8078 -3.40102 0
    endloop
  endfacet
  facet normal 0 0 -1
    outer loop
      vertex 29.5714 -5.06894 0
      vertex 26.698 -4.08047 0
      vertex 29.8078 -3.40102 0
    endloop
  endfacet
  facet normal 0 0 -1
    outer loop
      vertex 29.5714 -5.06894 0
      vertex 26.5893 -4.74427 0
      vertex 26.698 -4.08047 0
    endloop
  endfacet
  facet normal 0 0 -1
    outer loop
      vertex 29.245 -6.70639 0
      vertex 26.4647 -5.40225 0
      vertex 29.5714 -5.06894 0
    endloop
  endfacet
  facet normal 0 0 -1
    outer loop
      vertex 29.245 -6.70639 0
      vertex 26.3242 -6.05423 0
      vertex 26.4647 -5.40225 0
    endloop
  endfacet
  facet normal 0 0 -1
    outer loop
      vertex 29.245 -6.70639 0
      vertex 26.1681 -6.70005 0
      vertex 26.3242 -6.05423 0
    endloop
  endfacet
  facet normal -0 0 -1
    outer loop
      vertex 29.245 -6.70639 0
      vertex 28.8313 -8.31068 0
      vertex 26.1681 -6.70005 0
    endloop
  endfacet
  facet normal 0 -0 -1
    outer loop
      vertex 26.1681 -6.70005 0
      vertex 28.8313 -8.31068 0
      vertex 25.9965 -7.33955 0
    endloop
  endfacet
  facet normal -0 0 -1
    outer loop
      vertex 28.8313 -8.31068 0
      vertex 28.3328 -9.87914 0
      vertex 25.8096 -7.97257 0
    endloop
  endfacet
  facet normal 0 -0 -1
    outer loop
      vertex 25.8096 -7.97257 0
      vertex 28.3328 -9.87914 0
      vertex 25.6077 -8.59894 0
    endloop
  endfacet
  facet normal 0 -0 -1
    outer loop
      vertex 25.6077 -8.59894 0
      vertex 28.3328 -9.87914 0
      vertex 25.3909 -9.21849 0
    endloop
  endfacet
  facet normal 0 -0 -1
    outer loop
      vertex 25.3909 -9.21849 0
      vertex 28.3328 -9.87914 0
      vertex 25.1593 -9.83107 0
    endloop
  endfacet
  facet normal 0 -0 -1
    outer loop
      vertex 25.1593 -9.83107 0
      vertex 27.7522 -11.4091 0
      vertex 24.9133 -10.4365 0
    endloop
  endfacet
  facet normal 0 -0 -1
    outer loop
      vertex 24.9133 -10.4365 0
      vertex 27.7522 -11.4091 0
      vertex 24.6529 -11.0346 0
    endloop
  endfacet
  facet normal 0 0 -1
    outer loop
      vertex 24.6529 -11.0346 0
      vertex 27.7522 -11.4091 0
      vertex 27.092 -12.8979 0
    endloop
  endfacet
  facet normal 0 0 -1
    outer loop
      vertex 24.3784 -11.6253 0
      vertex 24.6529 -11.0346 0
      vertex 27.092 -12.8979 0
    endloop
  endfacet
  facet normal 0 0 -1
    outer loop
      vertex 23.7877 -12.7836 0
      vertex 24.09 -12.2083 0
      vertex 26.355 -14.3429 0
    endloop
  endfacet
  facet normal 0 0 -1
    outer loop
      vertex 24.09 -12.2083 0
      vertex 24.3784 -11.6253 0
      vertex 27.092 -12.8979 0
    endloop
  endfacet
  facet normal 0 -0 -1
    outer loop
      vertex -24.059 -12.2703 0
      vertex -23.7565 -12.846 0
      vertex -26.3522 -14.3458 0
    endloop
  endfacet
  facet normal 0 0 -1
    outer loop
      vertex -23.7565 -12.846 0
      vertex -25.5398 -15.7453 0
      vertex -26.3522 -14.3458 0
    endloop
  endfacet
  facet normal 0 0 -1
    outer loop
      vertex -25.133 -9.88375 0
      vertex -28.332 -9.87999 0
      vertex -25.3664 -9.26744 0
    endloop
  endfacet
  facet normal 0 0 -1
    outer loop
      vertex -11.3739 -24.4974 0
      vertex -11.9844 -27.5199 0
      vertex -12.6287 -27.2316 0
    endloop
  endfacet
  facet normal -0 0 -1
    outer loop
      vertex -25.3664 -9.26744 0
      vertex -28.332 -9.87999 0
      vertex -25.5853 -8.64378 0
    endloop
  endfacet
  facet normal 0 0 -1
    outer loop
      vertex -25.5398 -15.7453 0
      vertex -23.7565 -12.846 0
      vertex -22.8512 -14.3444 0
    endloop
  endfacet
  facet normal 0 0 -1
    outer loop
      vertex -28.332 -9.87999 0
      vertex -28.8308 -8.31117 0
      vertex -25.7894 -8.01303 0
    endloop
  endfacet
  facet normal -0 0 -1
    outer loop
      vertex -25.7894 -8.01303 0
      vertex -28.8308 -8.31117 0
      vertex -25.9785 -7.37544 0
    endloop
  endfacet
  facet normal 0 0 -1
    outer loop
      vertex -28.8308 -8.31117 0
      vertex -29.2448 -6.70664 0
      vertex -26.1524 -6.73127 0
    endloop
  endfacet
  facet normal 0 0 -1
    outer loop
      vertex -26.1524 -6.73127 0
      vertex -29.2448 -6.70664 0
      vertex -26.3109 -6.08078 0
    endloop
  endfacet
  facet normal -0 0 -1
    outer loop
      vertex -26.3109 -6.08078 0
      vertex -29.2448 -6.70664 0
      vertex -26.4537 -5.42422 0
    endloop
  endfacet
  facet normal 0 0 -1
    outer loop
      vertex -29.5713 -5.06905 0
      vertex -26.5806 -4.76186 0
      vertex -26.4537 -5.42422 0
    endloop
  endfacet
  facet normal 0 0 -1
    outer loop
      vertex -29.5713 -5.06905 0
      vertex -29.8077 -3.40105 0
      vertex -26.6913 -4.09395 0
    endloop
  endfacet
  facet normal 0 0 -1
    outer loop
      vertex -29.5713 -5.06905 0
      vertex -26.6913 -4.09395 0
      vertex -26.5806 -4.76186 0
    endloop
  endfacet
  facet normal 0 0 -1
    outer loop
      vertex -26.6913 -4.09395 0
      vertex -29.8077 -3.40105 0
      vertex -26.7856 -3.42075 0
    endloop
  endfacet
  facet normal 0 0 -1
    outer loop
      vertex -26.7856 -3.42075 0
      vertex -29.8077 -3.40105 0
      vertex -26.8633 -2.74252 0
    endloop
  endfacet
  facet normal 0 -0 -1
    outer loop
      vertex -26.9678 -1.37198 0
      vertex -26.9241 -2.05951 0
      vertex -29.9515 -1.70528 0
    endloop
  endfacet
  facet normal 0 -0 -1
    outer loop
      vertex -26.9943 -0.680185 0
      vertex -26.9678 -1.37198 0
      vertex -29.9515 -1.70528 0
    endloop
  endfacet
  facet normal -0 -0 -1
    outer loop
      vertex -27.0031 0.0156075 0
      vertex -26.9943 -0.680185 0
      vertex -30 0.0156075 0
    endloop
  endfacet
  facet normal 0 0 -1
    outer loop
      vertex -26.9641 1.48095 0
      vertex -27.0031 0.0156075 0
      vertex -30 0.0156075 0
    endloop
  endfacet
  facet normal 0 0 -1
    outer loop
      vertex -30 0.0156075 0
      vertex -29.9515 1.73627 0
      vertex -26.9641 1.48095 0
    endloop
  endfacet
  facet normal 0 0 -1
    outer loop
      vertex -26.9641 1.48095 0
      vertex -29.9515 1.73627 0
      vertex -26.8484 2.92561 0
    endloop
  endfacet
  facet normal -0 0 -1
    outer loop
      vertex -26.8484 2.92561 0
      vertex -29.9515 1.73627 0
      vertex -29.8077 3.43139 0
    endloop
  endfacet
  facet normal 0 0 -1
    outer loop
      vertex -29.5713 5.09837 0
      vertex -26.3948 5.74514 0
      vertex -26.658 4.34765 0
    endloop
  endfacet
  facet normal 0 0 -1
    outer loop
      vertex -29.5713 5.09837 0
      vertex -29.2448 6.73461 0
      vertex -26.3948 5.74514 0
    endloop
  endfacet
  facet normal -0 0 -1
    outer loop
      vertex -26.0607 7.11612 0
      vertex -29.2448 6.73461 0
      vertex -28.8308 8.3375 0
    endloop
  endfacet
  facet normal 0 0 -1
    outer loop
      vertex -26.3948 5.74514 0
      vertex -29.2448 6.73461 0
      vertex -26.0607 7.11612 0
    endloop
  endfacet
  facet normal 0 0 -1
    outer loop
      vertex -25.6579 8.45866 0
      vertex -26.0607 7.11612 0
      vertex -28.8308 8.3375 0
    endloop
  endfacet
  facet normal 0 -0 -1
    outer loop
      vertex 0.84287 27.0187 0
      vertex 4.27679 2.45057 0
      vertex -4.18314 2.45057 0
    endloop
  endfacet
  facet normal -0 0 -1
    outer loop
      vertex -25.1882 9.7708 0
      vertex -25.6579 8.45866 0
      vertex -28.332 9.90446 0
    endloop
  endfacet
  facet normal 0 0 -1
    outer loop
      vertex -27.7508 11.4329 0
      vertex -27.09 12.9202 0
      vertex -24.6536 11.0506 0
    endloop
  endfacet
  facet normal 0 0 -1
    outer loop
      vertex -24.056 12.2961 0
      vertex -27.09 12.9202 0
      vertex -26.3522 14.3637 0
    endloop
  endfacet
  facet normal 0 0 -1
    outer loop
      vertex -24.6536 11.0506 0
      vertex -27.09 12.9202 0
      vertex -24.056 12.2961 0
    endloop
  endfacet
  facet normal -0 0 -1
    outer loop
      vertex -23.3975 13.5055 0
      vertex -24.056 12.2961 0
      vertex -26.3522 14.3637 0
    endloop
  endfacet
  facet normal 0 0 -1
    outer loop
      vertex -25.5398 15.7609 0
      vertex -24.6556 17.1092 0
      vertex -22.68 14.6766 0
    endloop
  endfacet
  facet normal 0 0 -1
    outer loop
      vertex -21.9054 15.8077 0
      vertex -24.6556 17.1092 0
      vertex -23.7021 18.406 0
    endloop
  endfacet
  facet normal 0 0 -1
    outer loop
      vertex -22.68 14.6766 0
      vertex -24.6556 17.1092 0
      vertex -21.9054 15.8077 0
    endloop
  endfacet
  facet normal -0 0 -1
    outer loop
      vertex -21.0758 16.8967 0
      vertex -21.9054 15.8077 0
      vertex -23.7021 18.406 0
    endloop
  endfacet
  facet normal -0 0 -1
    outer loop
      vertex -20.1931 17.9417 0
      vertex -21.0758 16.8967 0
      vertex -22.6819 19.6486 0
    endloop
  endfacet
  facet normal -0 0 -1
    outer loop
      vertex -19.2592 18.9407 0
      vertex -20.1931 17.9417 0
      vertex -21.5976 20.8345 0
    endloop
  endfacet
  facet normal -0 0 -1
    outer loop
      vertex -18.2762 19.8919 0
      vertex -19.2592 18.9407 0
      vertex -20.4518 21.961 0
    endloop
  endfacet
  facet normal -0 0 -1
    outer loop
      vertex -17.246 20.7933 0
      vertex -18.2762 19.8919 0
      vertex -19.2472 23.0256 0
    endloop
  endfacet
  facet normal 0 0 -1
    outer loop
      vertex -16.1705 21.6429 0
      vertex -17.9863 24.0257 0
      vertex -15.0518 22.4387 0
    endloop
  endfacet
  facet normal 0 0 -1
    outer loop
      vertex -15.0518 22.4387 0
      vertex -16.6717 24.9587 0
      vertex -13.8918 23.179 0
    endloop
  endfacet
  facet normal 0 0 -1
    outer loop
      vertex -13.8918 23.179 0
      vertex -15.306 25.822 0
      vertex -13.3112 23.5184 0
    endloop
  endfacet
  facet normal 0 0 -1
    outer loop
      vertex -13.3112 23.5184 0
      vertex -13.8918 26.6129 0
      vertex -12.7214 23.8436 0
    endloop
  endfacet
  facet normal 0 0 -1
    outer loop
      vertex -13.8918 26.6129 0
      vertex -13.2646 26.9334 0
      vertex -12.1227 24.1544 0
    endloop
  endfacet
  facet normal 0 0 -1
    outer loop
      vertex -13.2646 26.9334 0
      vertex -12.6287 27.2392 0
      vertex -11.5153 24.4504 0
    endloop
  endfacet
  facet normal 0 0 -1
    outer loop
      vertex -11.9844 27.5301 0
      vertex -10.275 24.9976 0
      vertex -10.8993 24.7316 0
    endloop
  endfacet
  facet normal 0 0 -1
    outer loop
      vertex -11.3319 27.8059 0
      vertex -9.64264 25.2484 0
      vertex -10.275 24.9976 0
    endloop
  endfacet
  facet normal 0 0 -1
    outer loop
      vertex -11.3319 27.8059 0
      vertex -10.6715 28.0665 0
      vertex -9.64264 25.2484 0
    endloop
  endfacet
  facet normal 0 0 -1
    outer loop
      vertex -10.6715 28.0665 0
      vertex -10.0033 28.3116 0
      vertex -9.00237 25.4836 0
    endloop
  endfacet
  facet normal 0 0 -1
    outer loop
      vertex -9.00237 25.4836 0
      vertex -10.0033 28.3116 0
      vertex -9.32767 28.541 0
    endloop
  endfacet
  facet normal 0 0 -1
    outer loop
      vertex -8.35443 25.7031 0
      vertex -9.32767 28.541 0
      vertex -8.64474 28.7547 0
    endloop
  endfacet
  facet normal -0 0 -1
    outer loop
      vertex -7.69901 25.9066 0
      vertex -8.35443 25.7031 0
      vertex -8.64474 28.7547 0
    endloop
  endfacet
  facet normal -0 0 -1
    outer loop
      vertex -7.03634 26.094 0
      vertex -7.69901 25.9066 0
      vertex -7.9548 28.9523 0
    endloop
  endfacet
  facet normal 0 -0 -1
    outer loop
      vertex -7.25806 29.1337 0
      vertex -7.03634 26.094 0
      vertex -7.9548 28.9523 0
    endloop
  endfacet
  facet normal 0 -0 -1
    outer loop
      vertex -6.55477 29.2987 0
      vertex -6.36662 26.265 0
      vertex -7.25806 29.1337 0
    endloop
  endfacet
  facet normal 0 0 -1
    outer loop
      vertex -6.55477 29.2987 0
      vertex -5.69006 26.4195 0
      vertex -6.36662 26.265 0
    endloop
  endfacet
  facet normal 0 0 -1
    outer loop
      vertex -5.84516 29.4472 0
      vertex -5.00688 26.5571 0
      vertex -5.69006 26.4195 0
    endloop
  endfacet
  facet normal 0 0 -1
    outer loop
      vertex -5.84516 29.4472 0
      vertex -5.12946 29.5789 0
      vertex -5.00688 26.5571 0
    endloop
  endfacet
  facet normal 0 0 -1
    outer loop
      vertex -5.12946 29.5789 0
      vertex -4.40791 29.6936 0
      vertex -4.31728 26.6778 0
    endloop
  endfacet
  facet normal 0 0 -1
    outer loop
      vertex -4.31728 26.6778 0
      vertex -4.40791 29.6936 0
      vertex -3.62148 26.7812 0
    endloop
  endfacet
  facet normal 0 0 -1
    outer loop
      vertex -3.62148 26.7812 0
      vertex -3.68073 29.7912 0
      vertex -2.91968 26.8673 0
    endloop
  endfacet
  facet normal 0 0 -1
    outer loop
      vertex -2.91968 26.8673 0
      vertex -3.68073 29.7912 0
      vertex -2.94818 29.8715 0
    endloop
  endfacet
  facet normal 0 0 -1
    outer loop
      vertex -2.2121 26.9357 0
      vertex -2.94818 29.8715 0
      vertex -2.21047 29.9343 0
    endloop
  endfacet
  facet normal -0 0 -1
    outer loop
      vertex -1.49895 26.9862 0
      vertex -2.2121 26.9357 0
      vertex -2.21047 29.9343 0
    endloop
  endfacet
  facet normal -0 0 -1
    outer loop
      vertex -0.780435 27.0187 0
      vertex -1.49895 26.9862 0
      vertex -1.46785 29.9793 0
    endloop
  endfacet
  facet normal 0 0 -1
    outer loop
      vertex -0.720538 30.0065 0
      vertex -0.780435 27.0187 0
      vertex -1.46785 29.9793 0
    endloop
  endfacet
  facet normal 0 0 -1
    outer loop
      vertex -6.55477 -29.2883 0
      vertex -5.8991 -26.3664 0
      vertex -5.84516 -29.4382 0
    endloop
  endfacet
  facet normal 0 0 -1
    outer loop
      vertex -7.25806 -29.122 0
      vertex -6.61156 -26.1966 0
      vertex -5.8991 -26.3664 0
    endloop
  endfacet
  facet normal 0 0 -1
    outer loop
      vertex -7.9548 -28.9395 0
      vertex -7.3166 -26.0081 0
      vertex -6.61156 -26.1966 0
    endloop
  endfacet
  facet normal 0 0 -1
    outer loop
      vertex -8.64474 -28.7412 0
      vertex -8.0139 -25.801 0
      vertex -7.3166 -26.0081 0
    endloop
  endfacet
  facet normal 0 0 -1
    outer loop
      vertex -9.32767 -28.5272 0
      vertex -8.70318 -25.5757 0
      vertex -8.0139 -25.801 0
    endloop
  endfacet
  facet normal 0 0 -1
    outer loop
      vertex -9.32767 -28.5272 0
      vertex -10.0033 -28.2978 0
      vertex -8.70318 -25.5757 0
    endloop
  endfacet
  facet normal 0 0 -1
    outer loop
      vertex -10.0033 -28.2978 0
      vertex -10.6715 -28.0533 0
      vertex -9.38413 -25.3325 0
    endloop
  endfacet
  facet normal -0 0 -1
    outer loop
      vertex -9.38413 -25.3325 0
      vertex -10.6715 -28.0533 0
      vertex -10.0564 -25.0715 0
    endloop
  endfacet
  facet normal -0 0 -1
    outer loop
      vertex -10.0564 -25.0715 0
      vertex -11.3319 -27.7939 0
      vertex -10.7198 -24.793 0
    endloop
  endfacet
  facet normal 0 0 -1
    outer loop
      vertex -10.7198 -24.793 0
      vertex -11.3319 -27.7939 0
      vertex -11.9844 -27.5199 0
    endloop
  endfacet
  facet normal 0 -0 -1
    outer loop
      vertex -11.3739 -24.4974 0
      vertex -10.7198 -24.793 0
      vertex -11.9844 -27.5199 0
    endloop
  endfacet
  facet normal 0 0 -1
    outer loop
      vertex -13.2646 -26.9292 0
      vertex -11.3739 -24.4974 0
      vertex -12.6287 -27.2316 0
    endloop
  endfacet
  facet normal 0 0 -1
    outer loop
      vertex -13.2646 -26.9292 0
      vertex -12.0185 -24.1847 0
      vertex -11.3739 -24.4974 0
    endloop
  endfacet
  facet normal 0 0 -1
    outer loop
      vertex -13.8918 -26.6129 0
      vertex -12.6532 -23.8554 0
      vertex -12.0185 -24.1847 0
    endloop
  endfacet
  facet normal 0 0 -1
    outer loop
      vertex -13.8918 -26.6129 0
      vertex -13.2777 -23.5097 0
      vertex -12.6532 -23.8554 0
    endloop
  endfacet
  facet normal 0 0 -1
    outer loop
      vertex -13.8918 -26.6129 0
      vertex -15.306 -25.8217 0
      vertex -13.2777 -23.5097 0
    endloop
  endfacet
  facet normal 0 0 -1
    outer loop
      vertex -15.306 -25.8217 0
      vertex -14.4352 -22.8137 0
      vertex -13.8918 -23.1478 0
    endloop
  endfacet
  facet normal 0 0 -1
    outer loop
      vertex -15.306 -25.8217 0
      vertex -16.6717 -24.9578 0
      vertex -14.4352 -22.8137 0
    endloop
  endfacet
  facet normal 0 0 -1
    outer loop
      vertex -22.8512 -14.3444 0
      vertex -23.7565 -12.846 0
      vertex -13.8918 -10.6608 0
    endloop
  endfacet
  facet normal 0 -0 -1
    outer loop
      vertex -15.4946 -22.1085 0
      vertex -14.9695 -22.4672 0
      vertex -16.6717 -24.9578 0
    endloop
  endfacet
  facet normal 0 0 -1
    outer loop
      vertex -17.9863 -24.0238 0
      vertex -15.4946 -22.1085 0
      vertex -16.6717 -24.9578 0
    endloop
  endfacet
  facet normal 0 0 -1
    outer loop
      vertex -23.7565 -12.846 0
      vertex -13.8918 -5.13527 0
      vertex -13.8918 -10.6608 0
    endloop
  endfacet
  facet normal 0 0 -1
    outer loop
      vertex -17.9863 -24.0238 0
      vertex -16.0103 -21.7377 0
      vertex -15.4946 -22.1085 0
    endloop
  endfacet
  facet normal 0 0 -1
    outer loop
      vertex -17.9863 -24.0238 0
      vertex -16.5165 -21.3552 0
      vertex -16.0103 -21.7377 0
    endloop
  endfacet
  facet normal 0 0 -1
    outer loop
      vertex -19.2472 -23.0224 0
      vertex -17.0129 -20.9611 0
      vertex -16.5165 -21.3552 0
    endloop
  endfacet
  facet normal 0 0 -1
    outer loop
      vertex -19.2472 -23.0224 0
      vertex -17.4995 -20.5556 0
      vertex -17.0129 -20.9611 0
    endloop
  endfacet
  facet normal 0 0 -1
    outer loop
      vertex -19.2472 -23.0224 0
      vertex -17.976 -20.1389 0
      vertex -17.4995 -20.5556 0
    endloop
  endfacet
  facet normal 0 0 -1
    outer loop
      vertex -19.2472 -23.0224 0
      vertex -20.4518 -21.9561 0
      vertex -17.976 -20.1389 0
    endloop
  endfacet
  facet normal -0 0 -1
    outer loop
      vertex -17.976 -20.1389 0
      vertex -20.4518 -21.9561 0
      vertex -18.4423 -19.7113 0
    endloop
  endfacet
  facet normal 0 0 -1
    outer loop
      vertex -20.4518 -21.9561 0
      vertex -21.5976 -20.8277 0
      vertex -18.8983 -19.2729 0
    endloop
  endfacet
  facet normal -0 0 -1
    outer loop
      vertex -18.8983 -19.2729 0
      vertex -21.5976 -20.8277 0
      vertex -19.3437 -18.824 0
    endloop
  endfacet
  facet normal -0 0 -1
    outer loop
      vertex -19.3437 -18.824 0
      vertex -21.5976 -20.8277 0
      vertex -19.7784 -18.3647 0
    endloop
  endfacet
  facet normal 0 0 -1
    outer loop
      vertex -19.7784 -18.3647 0
      vertex -21.5976 -20.8277 0
      vertex -22.6819 -19.6398 0
    endloop
  endfacet
  facet normal 0 -0 -1
    outer loop
      vertex -20.2022 -17.8954 0
      vertex -19.7784 -18.3647 0
      vertex -22.6819 -19.6398 0
    endloop
  endfacet
  facet normal -0 0 -1
    outer loop
      vertex -20.6151 -17.4161 0
      vertex -22.6819 -19.6398 0
      vertex -21.0167 -16.9272 0
    endloop
  endfacet
  facet normal 0 0 -1
    outer loop
      vertex -21.0167 -16.9272 0
      vertex -22.6819 -19.6398 0
      vertex -23.7021 -18.395 0
    endloop
  endfacet
  facet normal 0 -0 -1
    outer loop
      vertex -21.407 -16.4288 0
      vertex -21.0167 -16.9272 0
      vertex -23.7021 -18.395 0
    endloop
  endfacet
  facet normal 0 -0 -1
    outer loop
      vertex -21.7857 -15.9211 0
      vertex -21.407 -16.4288 0
      vertex -23.7021 -18.395 0
    endloop
  endfacet
  facet normal 0 -0 -1
    outer loop
      vertex -22.1528 -15.4043 0
      vertex -21.7857 -15.9211 0
      vertex -24.6556 -17.0959 0
    endloop
  endfacet
  facet normal 0 -0 -1
    outer loop
      vertex -22.508 -14.8787 0
      vertex -22.1528 -15.4043 0
      vertex -24.6556 -17.0959 0
    endloop
  endfacet
  facet normal 0 0 -1
    outer loop
      vertex -25.5398 -15.7453 0
      vertex -22.508 -14.8787 0
      vertex -24.6556 -17.0959 0
    endloop
  endfacet
  facet normal 0 0 -1
    outer loop
      vertex -25.5398 -15.7453 0
      vertex -22.8512 -14.3444 0
      vertex -22.508 -14.8787 0
    endloop
  endfacet
  facet normal 0 0 -1
    outer loop
      vertex 13.923 -5.07284 0
      vertex -0.031215 -4.97919 0
      vertex 4.27679 2.45057 0
    endloop
  endfacet
  facet normal 0 0 -1
    outer loop
      vertex -0.031215 -4.97919 0
      vertex -4.18314 2.45057 0
      vertex 4.27679 2.45057 0
    endloop
  endfacet
  facet normal 0 0 -1
    outer loop
      vertex 17.0509 -20.9535 0
      vertex 17.5395 -20.5454 0
      vertex 19.2632 -23.0064 0
    endloop
  endfacet
  facet normal 0 0 -1
    outer loop
      vertex 13.923 -10.6295 0
      vertex -0.031215 -4.97919 0
      vertex 13.923 -5.07284 0
    endloop
  endfacet
  facet normal -0 0 -1
    outer loop
      vertex 23.7877 -12.7836 0
      vertex 22.9136 -14.282 0
      vertex 13.923 -10.6295 0
    endloop
  endfacet
  facet normal 0 0 -1
    outer loop
      vertex 21.8462 -15.8726 0
      vertex 24.6608 -17.0907 0
      vertex 23.7088 -18.3882 0
    endloop
  endfacet
  facet normal 0 -0 -1
    outer loop
      vertex 21.4661 -16.3848 0
      vertex 23.7088 -18.3882 0
      vertex 21.0742 -16.8877 0
    endloop
  endfacet
  facet normal 0 0 -1
    outer loop
      vertex 21.0742 -16.8877 0
      vertex 23.7088 -18.3882 0
      vertex 22.6904 -19.6312 0
    endloop
  endfacet
  facet normal 0 -0 -1
    outer loop
      vertex 20.6707 -17.381 0
      vertex 22.6904 -19.6312 0
      vertex 20.2559 -17.8644 0
    endloop
  endfacet
  facet normal 0 -0 -1
    outer loop
      vertex 20.2559 -17.8644 0
      vertex 22.6904 -19.6312 0
      vertex 19.8298 -18.3378 0
    endloop
  endfacet
  facet normal 0 -0 -1
    outer loop
      vertex 19.8298 -18.3378 0
      vertex 21.6083 -20.817 0
      vertex 19.3928 -18.8008 0
    endloop
  endfacet
  facet normal 0 -0 -1
    outer loop
      vertex 19.3928 -18.8008 0
      vertex 21.6083 -20.817 0
      vertex 18.9451 -19.2534 0
    endloop
  endfacet
  facet normal 0 -0 -1
    outer loop
      vertex 18.9451 -19.2534 0
      vertex 20.465 -21.943 0
      vertex 18.4868 -19.6951 0
    endloop
  endfacet
  facet normal -0 0 -1
    outer loop
      vertex 20.465 -21.943 0
      vertex 19.2632 -23.0064 0
      vertex 18.0182 -20.1259 0
    endloop
  endfacet
  facet normal 0 -0 -1
    outer loop
      vertex 18.0182 -20.1259 0
      vertex 19.2632 -23.0064 0
      vertex 17.5395 -20.5454 0
    endloop
  endfacet
  facet normal 0 0 -1
    outer loop
      vertex 19.2632 -23.0064 0
      vertex 16.5526 -21.3498 0
      vertex 17.0509 -20.9535 0
    endloop
  endfacet
  facet normal 0 0 -1
    outer loop
      vertex 18.0054 -24.0047 0
      vertex 16.0448 -21.7342 0
      vertex 16.5526 -21.3498 0
    endloop
  endfacet
  facet normal 0 0 -1
    outer loop
      vertex 16.6944 -24.9351 0
      vertex 15.5277 -22.1065 0
      vertex 18.0054 -24.0047 0
    endloop
  endfacet
  facet normal 0 0 -1
    outer loop
      vertex 14.4666 -22.8135 0
      vertex 15.0016 -22.4663 0
      vertex 16.6944 -24.9351 0
    endloop
  endfacet
  facet normal 0 -0 -1
    outer loop
      vertex 13.923 -23.1478 0
      vertex 15.3327 -25.795 0
      vertex 13.3047 -23.5097 0
    endloop
  endfacet
  facet normal 0 -0 -1
    outer loop
      vertex 13.3047 -23.5097 0
      vertex 13.923 -26.5817 0
      vertex 12.6768 -23.8554 0
    endloop
  endfacet
  facet normal 0 0 -1
    outer loop
      vertex 12.0396 -24.1847 0
      vertex 13.923 -26.5817 0
      vertex 13.2916 -26.9024 0
    endloop
  endfacet
  facet normal 0 0 -1
    outer loop
      vertex 11.3934 -24.4974 0
      vertex 12.0396 -24.1847 0
      vertex 13.2916 -26.9024 0
    endloop
  endfacet
  facet normal 0 0 -1
    outer loop
      vertex 12.0056 -27.5008 0
      vertex 11.3934 -24.4974 0
      vertex 12.6524 -27.2088 0
    endloop
  endfacet
  facet normal 0 0 -1
    outer loop
      vertex 12.0056 -27.5008 0
      vertex 10.7383 -24.793 0
      vertex 11.3934 -24.4974 0
    endloop
  endfacet
  facet normal 0 0 -1
    outer loop
      vertex 11.3514 -27.7779 0
      vertex 10.0747 -25.0715 0
      vertex 10.7383 -24.793 0
    endloop
  endfacet
  facet normal -0 0 -1
    outer loop
      vertex 11.3514 -27.7779 0
      vertex 10.69 -28.0401 0
      vertex 10.0747 -25.0715 0
    endloop
  endfacet
  facet normal -0 0 -1
    outer loop
      vertex 10.69 -28.0401 0
      vertex 10.0216 -28.2871 0
      vertex 9.40283 -25.3325 0
    endloop
  endfacet
  facet normal -0 0 -1
    outer loop
      vertex 10.0216 -28.2871 0
      vertex 9.34637 -28.5186 0
      vertex 8.72291 -25.5757 0
    endloop
  endfacet
  facet normal 0 -0 -1
    outer loop
      vertex 8.72291 -25.5757 0
      vertex 9.34637 -28.5186 0
      vertex 8.03522 -25.801 0
    endloop
  endfacet
  facet normal 0 -0 -1
    outer loop
      vertex 8.03522 -25.801 0
      vertex 8.66447 -28.7344 0
      vertex 7.34001 -26.0081 0
    endloop
  endfacet
  facet normal 0 0 -1
    outer loop
      vertex 7.34001 -26.0081 0
      vertex 8.66447 -28.7344 0
      vertex 7.97611 -28.9344 0
    endloop
  endfacet
  facet normal 0 0 -1
    outer loop
      vertex 6.63754 -26.1966 0
      vertex 7.97611 -28.9344 0
      vertex 7.28148 -29.1181 0
    endloop
  endfacet
  facet normal 0 0 -1
    outer loop
      vertex 5.92807 -26.3664 0
      vertex 6.63754 -26.1966 0
      vertex 7.28148 -29.1181 0
    endloop
  endfacet
  facet normal 0 0 -1
    outer loop
      vertex 5.87413 -29.4362 0
      vertex 5.92807 -26.3664 0
      vertex 6.58075 -29.2855 0
    endloop
  endfacet
  facet normal 0 0 -1
    outer loop
      vertex 5.87413 -29.4362 0
      vertex 5.21186 -26.5172 0
      vertex 5.92807 -26.3664 0
    endloop
  endfacet
  facet normal 0 0 -1
    outer loop
      vertex 5.16179 -29.5701 0
      vertex 4.48917 -26.6487 0
      vertex 5.21186 -26.5172 0
    endloop
  endfacet
  facet normal 0 0 -1
    outer loop
      vertex 4.44393 -29.6869 0
      vertex 3.76024 -26.7607 0
      vertex 4.48917 -26.6487 0
    endloop
  endfacet
  facet normal -0 0 -1
    outer loop
      vertex 4.44393 -29.6869 0
      vertex 3.72073 -29.7864 0
      vertex 3.76024 -26.7607 0
    endloop
  endfacet
  facet normal -0 0 -1
    outer loop
      vertex 3.72073 -29.7864 0
      vertex 2.99238 -29.8683 0
      vertex 3.02535 -26.8529 0
    endloop
  endfacet
  facet normal 0 0 -1
    outer loop
      vertex 3.02535 -26.8529 0
      vertex 2.99238 -29.8683 0
      vertex 2.28474 -26.9251 0
    endloop
  endfacet
  facet normal 0 0 -1
    outer loop
      vertex 2.28474 -26.9251 0
      vertex 2.25907 -29.9324 0
      vertex 1.53868 -26.9769 0
    endloop
  endfacet
  facet normal 0 -0 -1
    outer loop
      vertex 1.53868 -26.9769 0
      vertex 2.25907 -29.9324 0
      vertex 1.52098 -29.9785 0
    endloop
  endfacet
  facet normal 0 0 -1
    outer loop
      vertex 0.031215 -27.0187 0
      vertex 0.787416 -27.0082 0
      vertex 0.778297 -30.0063 0
    endloop
  endfacet
  facet normal 0 -0 -1
    outer loop
      vertex 0.787416 -27.0082 0
      vertex 1.52098 -29.9785 0
      vertex 0.778297 -30.0063 0
    endloop
  endfacet
  facet normal 0 0 1
    outer loop
      vertex 7.34001 -26.0081 2.4
      vertex 6.63754 -26.1966 2.4
      vertex 7.97611 -28.9344 2.4
    endloop
  endfacet
  facet normal -0 0 1
    outer loop
      vertex 8.72291 -25.5757 2.4
      vertex 10.0216 -28.2871 2.4
      vertex 9.40283 -25.3325 2.4
    endloop
  endfacet
  facet normal 0 -0 1
    outer loop
      vertex 8.66447 -28.7344 2.4
      vertex 9.34637 -28.5186 2.4
      vertex 8.03522 -25.801 2.4
    endloop
  endfacet
  facet normal 0 0 1
    outer loop
      vertex 5.92807 -26.3664 2.4
      vertex 6.58075 -29.2855 2.4
      vertex 7.28148 -29.1181 2.4
    endloop
  endfacet
  facet normal 0 0 1
    outer loop
      vertex 10.69 -28.0401 2.4
      vertex 10.0747 -25.0715 2.4
      vertex 9.40283 -25.3325 2.4
    endloop
  endfacet
  facet normal 0 0 1
    outer loop
      vertex 5.87413 -29.4362 2.4
      vertex 5.21186 -26.5172 2.4
      vertex 5.16179 -29.5701 2.4
    endloop
  endfacet
  facet normal 0 0 1
    outer loop
      vertex 12.0056 -27.5008 2.4
      vertex 10.7383 -24.793 2.4
      vertex 11.3514 -27.7779 2.4
    endloop
  endfacet
  facet normal 0 0 1
    outer loop
      vertex 4.48917 -26.6487 2.4
      vertex 4.44393 -29.6869 2.4
      vertex 5.16179 -29.5701 2.4
    endloop
  endfacet
  facet normal 0 0 1
    outer loop
      vertex 13.2916 -26.9024 2.4
      vertex 11.3934 -24.4974 2.4
      vertex 12.6524 -27.2088 2.4
    endloop
  endfacet
  facet normal 0 -0 1
    outer loop
      vertex 3.72073 -29.7864 2.4
      vertex 3.76024 -26.7607 2.4
      vertex 3.02535 -26.8529 2.4
    endloop
  endfacet
  facet normal 0 0 1
    outer loop
      vertex 12.6768 -23.8554 2.4
      vertex 12.0396 -24.1847 2.4
      vertex 13.923 -26.5817 2.4
    endloop
  endfacet
  facet normal 0 0 1
    outer loop
      vertex 13.3047 -23.5097 2.4
      vertex 13.923 -26.5817 2.4
      vertex 15.3327 -25.795 2.4
    endloop
  endfacet
  facet normal -0 0 1
    outer loop
      vertex 13.923 -23.1478 2.4
      vertex 15.3327 -25.795 2.4
      vertex 14.4666 -22.8135 2.4
    endloop
  endfacet
  facet normal 0 0 1
    outer loop
      vertex 0.031215 -27.0187 2.4
      vertex 0.031215 -30.0156 2.4
      vertex 0.778297 -30.0063 2.4
    endloop
  endfacet
  facet normal 0 0 1
    outer loop
      vertex 0.031215 -27.0187 2.4
      vertex -0.729657 -27.0082 2.4
      vertex -0.720538 -30.0063 2.4
    endloop
  endfacet
  facet normal 0 0 1
    outer loop
      vertex -10.0564 -25.0715 2.4
      vertex -11.3319 -27.7939 2.4
      vertex -10.6715 -28.0533 2.4
    endloop
  endfacet
  facet normal -0 0 1
    outer loop
      vertex 22.5702 -14.8209 2.4
      vertex 25.5437 -15.7414 2.4
      vertex 22.9136 -14.282 2.4
    endloop
  endfacet
  facet normal 0 0 1
    outer loop
      vertex 22.6904 -19.6312 2.4
      vertex 21.0742 -16.8877 2.4
      vertex 20.6707 -17.381 2.4
    endloop
  endfacet
  facet normal 0 -0 1
    outer loop
      vertex 21.6083 -20.817 2.4
      vertex 22.6904 -19.6312 2.4
      vertex 19.8298 -18.3378 2.4
    endloop
  endfacet
  facet normal 0 0 1
    outer loop
      vertex 21.6083 -20.817 2.4
      vertex 18.9451 -19.2534 2.4
      vertex 20.465 -21.943 2.4
    endloop
  endfacet
  facet normal 0 0 1
    outer loop
      vertex 23.7088 -18.3882 2.4
      vertex 21.8462 -15.8726 2.4
      vertex 21.4661 -16.3848 2.4
    endloop
  endfacet
  facet normal 0 0 1
    outer loop
      vertex 24.6608 -17.0907 2.4
      vertex 22.2143 -15.3512 2.4
      vertex 21.8462 -15.8726 2.4
    endloop
  endfacet
  facet normal 0 0 1
    outer loop
      vertex 23.7877 -12.7836 2.4
      vertex 13.923 -5.07284 2.4
      vertex 13.923 -10.6295 2.4
    endloop
  endfacet
  facet normal 0 0 1
    outer loop
      vertex 20.465 -21.943 2.4
      vertex 18.4868 -19.6951 2.4
      vertex 18.0182 -20.1259 2.4
    endloop
  endfacet
  facet normal 0 0 1
    outer loop
      vertex 24.6608 -17.0907 2.4
      vertex 22.5702 -14.8209 2.4
      vertex 22.2143 -15.3512 2.4
    endloop
  endfacet
  facet normal 0 -0 1
    outer loop
      vertex 25.5437 -15.7414 2.4
      vertex 26.355 -14.3429 2.4
      vertex 23.7877 -12.7836 2.4
    endloop
  endfacet
  facet normal 0 0 1
    outer loop
      vertex 26.9945 -0.679731 2.4
      vertex 30 0.0156075 2.4
      vertex 27.0031 0.0156075 2.4
    endloop
  endfacet
  facet normal -0 0 1
    outer loop
      vertex 26.9687 -1.37023 2.4
      vertex 29.9515 -1.70528 2.4
      vertex 26.9945 -0.679731 2.4
    endloop
  endfacet
  facet normal 0 0 1
    outer loop
      vertex 26.926 -2.05571 2.4
      vertex 26.8665 -2.73602 2.4
      vertex 29.8078 -3.40102 2.4
    endloop
  endfacet
  facet normal 0 0 1
    outer loop
      vertex 26.4647 -5.40225 2.4
      vertex 29.5714 -5.06894 2.4
      vertex 26.5893 -4.74427 2.4
    endloop
  endfacet
  facet normal 0 0 1
    outer loop
      vertex 25.9965 -7.33955 2.4
      vertex 25.8096 -7.97257 2.4
      vertex 28.8313 -8.31068 2.4
    endloop
  endfacet
  facet normal 0 0 1
    outer loop
      vertex 25.1593 -9.83107 2.4
      vertex 27.7522 -11.4091 2.4
      vertex 28.3328 -9.87914 2.4
    endloop
  endfacet
  facet normal 0 -0 1
    outer loop
      vertex 26.355 -14.3429 2.4
      vertex 27.092 -12.8979 2.4
      vertex 24.09 -12.2083 2.4
    endloop
  endfacet
  facet normal 0 0 1
    outer loop
      vertex 29.9515 1.73627 2.4
      vertex 26.9641 1.47672 2.4
      vertex 30 0.0156075 2.4
    endloop
  endfacet
  facet normal 0 0 1
    outer loop
      vertex 25.5437 -15.7414 2.4
      vertex 23.7877 -12.7836 2.4
      vertex 22.9136 -14.282 2.4
    endloop
  endfacet
  facet normal -0 0 1
    outer loop
      vertex -28.332 9.90446 2.4
      vertex -25.1882 9.7708 2.4
      vertex -27.7508 11.4329 2.4
    endloop
  endfacet
  facet normal 0 0 1
    outer loop
      vertex -22.6819 19.6486 2.4
      vertex -23.7021 18.406 2.4
      vertex -21.0758 16.8967 2.4
    endloop
  endfacet
  facet normal 0 0 1
    outer loop
      vertex 0.778297 30.0065 2.4
      vertex 0.84287 27.0187 2.4
      vertex 1.52098 29.9793 2.4
    endloop
  endfacet
  facet normal 0 0 1
    outer loop
      vertex 1.52098 29.9793 2.4
      vertex 0.84287 27.0187 2.4
      vertex 1.55271 26.9862 2.4
    endloop
  endfacet
  facet normal 0 0 1
    outer loop
      vertex 22.6904 19.6486 2.4
      vertex 20.2038 17.9358 2.4
      vertex 21.0844 16.8892 2.4
    endloop
  endfacet
  facet normal 0 0 1
    outer loop
      vertex 26.355 14.3637 2.4
      vertex 25.5437 15.7609 2.4
      vertex 23.4014 13.4938 2.4
    endloop
  endfacet
  facet normal 0 0 1
    outer loop
      vertex 26.355 14.3637 2.4
      vertex 24.0589 12.2834 2.4
      vertex 27.092 12.9202 2.4
    endloop
  endfacet
  facet normal 0 0 1
    outer loop
      vertex 27.092 12.9202 2.4
      vertex 24.6556 11.0371 2.4
      vertex 27.7522 11.4329 2.4
    endloop
  endfacet
  facet normal 0 0 1
    outer loop
      vertex 24.6608 17.1092 2.4
      vertex 21.9122 15.7987 2.4
      vertex 22.6852 14.6662 2.4
    endloop
  endfacet
  facet normal 0 0 1
    outer loop
      vertex 23.7088 18.406 2.4
      vertex 21.0844 16.8892 2.4
      vertex 21.9122 15.7987 2.4
    endloop
  endfacet
  facet normal 0 -0 1
    outer loop
      vertex 25.6587 8.44489 2.4
      vertex 28.3328 9.90446 2.4
      vertex 25.1895 9.75695 2.4
    endloop
  endfacet
  facet normal 0 -0 1
    outer loop
      vertex 26.0612 7.10295 2.4
      vertex 28.8313 8.3375 2.4
      vertex 25.6587 8.44489 2.4
    endloop
  endfacet
  facet normal -0 0 1
    outer loop
      vertex 19.2724 18.9363 2.4
      vertex 20.2038 17.9358 2.4
      vertex 21.6083 20.8345 2.4
    endloop
  endfacet
  facet normal -0 0 1
    outer loop
      vertex 18.2922 19.8889 2.4
      vertex 19.2724 18.9363 2.4
      vertex 20.465 21.961 2.4
    endloop
  endfacet
  facet normal 0 0 1
    outer loop
      vertex 29.245 6.73461 2.4
      vertex 26.0612 7.10295 2.4
      vertex 26.395 5.73315 2.4
    endloop
  endfacet
  facet normal 0 0 1
    outer loop
      vertex 17.2652 20.7915 2.4
      vertex 19.2632 23.0256 2.4
      vertex 18.0054 24.0257 2.4
    endloop
  endfacet
  facet normal 0 -0 1
    outer loop
      vertex 2.25849 26.9357 2.4
      vertex 2.25907 29.9343 2.4
      vertex 1.55271 26.9862 2.4
    endloop
  endfacet
  facet normal 0 0 1
    outer loop
      vertex 2.99238 29.8715 2.4
      vertex 2.95992 26.8673 2.4
      vertex 3.72073 29.7912 2.4
    endloop
  endfacet
  facet normal 0 0 1
    outer loop
      vertex 4.44393 29.6936 2.4
      vertex 3.65669 26.7812 2.4
      vertex 4.3485 26.6778 2.4
    endloop
  endfacet
  facet normal 0 -0 1
    outer loop
      vertex 5.716 26.4195 2.4
      vertex 5.87413 29.4472 2.4
      vertex 5.03504 26.5571 2.4
    endloop
  endfacet
  facet normal 0 -0 1
    outer loop
      vertex 9.0266 25.4836 2.4
      vertex 9.34637 28.541 2.4
      vertex 8.37806 25.7031 2.4
    endloop
  endfacet
  facet normal 0 0 1
    outer loop
      vertex 6.39109 26.265 2.4
      vertex 7.28148 29.1337 2.4
      vertex 6.58075 29.2987 2.4
    endloop
  endfacet
  facet normal 0 0 1
    outer loop
      vertex 7.97611 28.9523 2.4
      vertex 7.28148 29.1337 2.4
      vertex 7.06 26.094 2.4
    endloop
  endfacet
  facet normal 0 0 1
    outer loop
      vertex 7.97611 28.9523 2.4
      vertex 7.72242 25.9066 2.4
      vertex 8.66447 28.7547 2.4
    endloop
  endfacet
  facet normal 0 -0 1
    outer loop
      vertex 6.39109 26.265 2.4
      vertex 6.58075 29.2987 2.4
      vertex 5.716 26.4195 2.4
    endloop
  endfacet
  facet normal 0 0 1
    outer loop
      vertex 6.58075 29.2987 2.4
      vertex 5.87413 29.4472 2.4
      vertex 5.716 26.4195 2.4
    endloop
  endfacet
  facet normal 0 0 1
    outer loop
      vertex 5.87413 29.4472 2.4
      vertex 5.16179 29.5789 2.4
      vertex 5.03504 26.5571 2.4
    endloop
  endfacet
  facet normal 0 0 1
    outer loop
      vertex 5.16179 29.5789 2.4
      vertex 4.3485 26.6778 2.4
      vertex 5.03504 26.5571 2.4
    endloop
  endfacet
  facet normal 0 0 1
    outer loop
      vertex 4.44393 29.6936 2.4
      vertex 4.3485 26.6778 2.4
      vertex 5.16179 29.5789 2.4
    endloop
  endfacet
  facet normal 0 0 1
    outer loop
      vertex 3.72073 29.7912 2.4
      vertex 3.65669 26.7812 2.4
      vertex 4.44393 29.6936 2.4
    endloop
  endfacet
  facet normal -0 0 1
    outer loop
      vertex 2.95992 26.8673 2.4
      vertex 3.65669 26.7812 2.4
      vertex 3.72073 29.7912 2.4
    endloop
  endfacet
  facet normal -0 0 1
    outer loop
      vertex 9.0266 25.4836 2.4
      vertex 9.66774 25.2484 2.4
      vertex 10.69 28.0665 2.4
    endloop
  endfacet
  facet normal 0 -0 1
    outer loop
      vertex 2.95992 26.8673 2.4
      vertex 2.99238 29.8715 2.4
      vertex 2.25849 26.9357 2.4
    endloop
  endfacet
  facet normal 0 0 1
    outer loop
      vertex 2.99238 29.8715 2.4
      vertex 2.25907 29.9343 2.4
      vertex 2.25849 26.9357 2.4
    endloop
  endfacet
  facet normal 0 0 1
    outer loop
      vertex 2.25907 29.9343 2.4
      vertex 1.52098 29.9793 2.4
      vertex 1.55271 26.9862 2.4
    endloop
  endfacet
  facet normal 0 0 1
    outer loop
      vertex 10.3012 24.9976 2.4
      vertex 12.0056 27.5301 2.4
      vertex 11.3514 27.8059 2.4
    endloop
  endfacet
  facet normal 0 -0 1
    outer loop
      vertex 11.5437 24.4504 2.4
      vertex 12.6524 27.2392 2.4
      vertex 10.9266 24.7316 2.4
    endloop
  endfacet
  facet normal 0 0 1
    outer loop
      vertex 13.923 26.6129 2.4
      vertex 13.2916 26.9334 2.4
      vertex 12.1522 24.1544 2.4
    endloop
  endfacet
  facet normal -0 0 1
    outer loop
      vertex 13.3422 23.5184 2.4
      vertex 13.923 23.179 2.4
      vertex 15.3327 25.822 2.4
    endloop
  endfacet
  facet normal -0 0 1
    outer loop
      vertex -2.21047 29.9343 2.4
      vertex -1.49895 26.9862 2.4
      vertex -1.46785 29.9793 2.4
    endloop
  endfacet
  facet normal 0 0 1
    outer loop
      vertex 18.0054 24.0257 2.4
      vertex 16.6944 24.9587 2.4
      vertex 15.0786 22.4385 2.4
    endloop
  endfacet
  facet normal 0 -0 1
    outer loop
      vertex -5.00688 26.5571 2.4
      vertex -4.31728 26.6778 2.4
      vertex -5.12946 29.5789 2.4
    endloop
  endfacet
  facet normal -0 0 1
    outer loop
      vertex -6.55477 29.2987 2.4
      vertex -5.69006 26.4195 2.4
      vertex -5.84516 29.4472 2.4
    endloop
  endfacet
  facet normal -0 0 1
    outer loop
      vertex -22.6819 19.6486 2.4
      vertex -20.1931 17.9417 2.4
      vertex -21.5976 20.8345 2.4
    endloop
  endfacet
  facet normal 0 -0 1
    outer loop
      vertex -7.03634 26.094 2.4
      vertex -6.36662 26.265 2.4
      vertex -7.25806 29.1337 2.4
    endloop
  endfacet
  facet normal 0 0 1
    outer loop
      vertex -19.2592 18.9407 2.4
      vertex -20.4518 21.961 2.4
      vertex -21.5976 20.8345 2.4
    endloop
  endfacet
  facet normal 0 -0 1
    outer loop
      vertex -9.64264 25.2484 2.4
      vertex -9.00237 25.4836 2.4
      vertex -10.6715 28.0665 2.4
    endloop
  endfacet
  facet normal 0 0 1
    outer loop
      vertex -10.8993 24.7316 2.4
      vertex -12.6287 27.2392 2.4
      vertex -11.5153 24.4504 2.4
    endloop
  endfacet
  facet normal -0 0 1
    outer loop
      vertex -15.306 25.822 2.4
      vertex -13.3112 23.5184 2.4
      vertex -13.8918 26.6129 2.4
    endloop
  endfacet
  facet normal 0 0 1
    outer loop
      vertex -16.1705 21.6429 2.4
      vertex -17.9863 24.0257 2.4
      vertex -17.246 20.7933 2.4
    endloop
  endfacet
  facet normal 0 0 1
    outer loop
      vertex -17.9863 24.0257 2.4
      vertex -19.2472 23.0256 2.4
      vertex -17.246 20.7933 2.4
    endloop
  endfacet
  facet normal 0 0 1
    outer loop
      vertex -0.780435 27.0187 2.4
      vertex 0.84287 27.0187 2.4
      vertex 0.031215 30.0156 2.4
    endloop
  endfacet
  facet normal 0 0 1
    outer loop
      vertex -16.6717 24.9587 2.4
      vertex -17.9863 24.0257 2.4
      vertex -15.0518 22.4387 2.4
    endloop
  endfacet
  facet normal -0 0 1
    outer loop
      vertex -16.6717 24.9587 2.4
      vertex -13.8918 23.179 2.4
      vertex -15.306 25.822 2.4
    endloop
  endfacet
  facet normal 0 -0 1
    outer loop
      vertex -12.7214 23.8436 2.4
      vertex -12.1227 24.1544 2.4
      vertex -13.8918 26.6129 2.4
    endloop
  endfacet
  facet normal 0 0 1
    outer loop
      vertex -11.5153 24.4504 2.4
      vertex -13.2646 26.9334 2.4
      vertex -12.1227 24.1544 2.4
    endloop
  endfacet
  facet normal 0 0 1
    outer loop
      vertex -11.9844 27.5301 2.4
      vertex -12.6287 27.2392 2.4
      vertex -10.8993 24.7316 2.4
    endloop
  endfacet
  facet normal -0 0 1
    outer loop
      vertex -11.9844 27.5301 2.4
      vertex -10.275 24.9976 2.4
      vertex -11.3319 27.8059 2.4
    endloop
  endfacet
  facet normal 0 0 1
    outer loop
      vertex -9.32767 28.541 2.4
      vertex -9.00237 25.4836 2.4
      vertex -8.35443 25.7031 2.4
    endloop
  endfacet
  facet normal 0 0 1
    outer loop
      vertex -18.2762 19.8919 2.4
      vertex -19.2472 23.0256 2.4
      vertex -20.4518 21.961 2.4
    endloop
  endfacet
  facet normal 0 0 1
    outer loop
      vertex -7.69901 25.9066 2.4
      vertex -7.9548 28.9523 2.4
      vertex -8.64474 28.7547 2.4
    endloop
  endfacet
  facet normal 0 0 1
    outer loop
      vertex -3.62148 26.7812 2.4
      vertex -3.68073 29.7912 2.4
      vertex -4.40791 29.6936 2.4
    endloop
  endfacet
  facet normal 0 0 1
    outer loop
      vertex -2.94818 29.8715 2.4
      vertex -2.91968 26.8673 2.4
      vertex -2.2121 26.9357 2.4
    endloop
  endfacet
  facet normal 0 0 1
    outer loop
      vertex -28.8308 8.3375 2.4
      vertex -25.6579 8.45866 2.4
      vertex -28.332 9.90446 2.4
    endloop
  endfacet
  facet normal 0 0 1
    outer loop
      vertex -25.7894 -8.01303 2.4
      vertex -28.332 -9.87999 2.4
      vertex -25.5853 -8.64378 2.4
    endloop
  endfacet
  facet normal -0 0 1
    outer loop
      vertex -29.8077 3.43139 2.4
      vertex -26.8484 2.92561 2.4
      vertex -26.658 4.34765 2.4
    endloop
  endfacet
  facet normal 0 0 1
    outer loop
      vertex -26.1524 -6.73127 2.4
      vertex -28.8308 -8.31117 2.4
      vertex -25.9785 -7.37544 2.4
    endloop
  endfacet
  facet normal 0 0 1
    outer loop
      vertex -29.5713 -5.06905 2.4
      vertex -29.2448 -6.70664 2.4
      vertex -26.4537 -5.42422 2.4
    endloop
  endfacet
  facet normal 0 0 1
    outer loop
      vertex -26.9241 -2.05951 2.4
      vertex -29.8077 -3.40105 2.4
      vertex -26.8633 -2.74252 2.4
    endloop
  endfacet
  facet normal 0 0 1
    outer loop
      vertex -29.9515 -1.70528 2.4
      vertex -29.8077 -3.40105 2.4
      vertex -26.9241 -2.05951 2.4
    endloop
  endfacet
  facet normal 0 0 1
    outer loop
      vertex -30 0.0156075 2.4
      vertex -29.9515 -1.70528 2.4
      vertex -26.9943 -0.680185 2.4
    endloop
  endfacet
  facet normal 0 0 1
    outer loop
      vertex -29.8077 3.43139 2.4
      vertex -26.658 4.34765 2.4
      vertex -29.5713 5.09837 2.4
    endloop
  endfacet
  facet normal 0 0 1
    outer loop
      vertex -28.332 -9.87999 2.4
      vertex -27.7508 -11.4105 2.4
      vertex -25.133 -9.88375 2.4
    endloop
  endfacet
  facet normal 0 -0 1
    outer loop
      vertex -25.1882 9.7708 2.4
      vertex -24.6536 11.0506 2.4
      vertex -27.7508 11.4329 2.4
    endloop
  endfacet
  facet normal 0 0 1
    outer loop
      vertex -24.8853 -10.4924 2.4
      vertex -25.133 -9.88375 2.4
      vertex -27.7508 -11.4105 2.4
    endloop
  endfacet
  facet normal 0 0 1
    outer loop
      vertex 29.5714 5.09837 2.4
      vertex 26.6581 4.3375 2.4
      vertex 29.8078 3.43139 2.4
    endloop
  endfacet
  facet normal 0 0 1
    outer loop
      vertex -14.4352 -22.8137 2.4
      vertex -14.9695 -22.4672 2.4
      vertex -16.6717 -24.9578 2.4
    endloop
  endfacet
  facet normal -0 0 1
    outer loop
      vertex -19.2472 -23.0224 2.4
      vertex -17.9863 -24.0238 2.4
      vertex -16.5165 -21.3552 2.4
    endloop
  endfacet
  facet normal 0 0 1
    outer loop
      vertex -22.6819 -19.6398 2.4
      vertex -20.2022 -17.8954 2.4
      vertex -20.6151 -17.4161 2.4
    endloop
  endfacet
  facet normal 0 0 1
    outer loop
      vertex -21.7857 -15.9211 2.4
      vertex -24.6556 -17.0959 2.4
      vertex -23.7021 -18.395 2.4
    endloop
  endfacet
  facet normal -0 0 1
    outer loop
      vertex -27.09 -12.8999 2.4
      vertex -26.3522 -14.3458 2.4
      vertex -24.059 -12.2703 2.4
    endloop
  endfacet
  facet normal -0 0 1
    outer loop
      vertex -0.780435 27.0187 2.4
      vertex -4.18314 2.45057 2.4
      vertex 0.84287 27.0187 2.4
    endloop
  endfacet
  facet normal 0 0 1
    outer loop
      vertex -27.09 -12.8999 2.4
      vertex -24.059 -12.2703 2.4
      vertex -24.3481 -11.686 2.4
    endloop
  endfacet
  facet normal 0 0 1
    outer loop
      vertex -24.3481 -11.686 2.4
      vertex -24.6236 -11.0933 2.4
      vertex -27.09 -12.8999 2.4
    endloop
  endfacet
  facet normal 0 0 1
    outer loop
      vertex -20.4518 -21.9561 2.4
      vertex -18.4423 -19.7113 2.4
      vertex -18.8983 -19.2729 2.4
    endloop
  endfacet
  facet normal 0 0 1
    outer loop
      vertex -24.6236 -11.0933 2.4
      vertex -27.7508 -11.4105 2.4
      vertex -27.09 -12.8999 2.4
    endloop
  endfacet
  facet normal 0 0 1
    outer loop
      vertex -27.7508 -11.4105 2.4
      vertex -24.6236 -11.0933 2.4
      vertex -24.8853 -10.4924 2.4
    endloop
  endfacet
  facet normal 0 -0 1
    outer loop
      vertex 24.6608 -17.0907 2.4
      vertex 25.5437 -15.7414 2.4
      vertex 22.5702 -14.8209 2.4
    endloop
  endfacet
  facet normal 0 0 1
    outer loop
      vertex -12.0185 -24.1847 2.4
      vertex -13.8918 -26.6129 2.4
      vertex -13.2646 -26.9292 2.4
    endloop
  endfacet
  facet normal 0 0 1
    outer loop
      vertex 19.2632 -23.0064 2.4
      vertex 16.5526 -21.3498 2.4
      vertex 18.0054 -24.0047 2.4
    endloop
  endfacet
  facet normal 0 0 1
    outer loop
      vertex 18.0054 -24.0047 2.4
      vertex 16.0448 -21.7342 2.4
      vertex 15.5277 -22.1065 2.4
    endloop
  endfacet
  facet normal -0 0 1
    outer loop
      vertex -3.68073 -29.7868 2.4
      vertex -2.94818 -29.8685 2.4
      vertex -2.98114 -26.8529 2.4
    endloop
  endfacet
  facet normal 0 -0 1
    outer loop
      vertex -3.68073 -29.7868 2.4
      vertex -2.98114 -26.8529 2.4
      vertex -3.72024 -26.7607 2.4
    endloop
  endfacet
  facet normal 0 -0 1
    outer loop
      vertex -8.64474 -28.7412 2.4
      vertex -8.0139 -25.801 2.4
      vertex -9.32767 -28.5272 2.4
    endloop
  endfacet
  facet normal 0 -0 1
    outer loop
      vertex -4.40791 -29.6877 2.4
      vertex -3.72024 -26.7607 2.4
      vertex -4.45314 -26.6487 2.4
    endloop
  endfacet
  facet normal -0 0 1
    outer loop
      vertex -5.12946 -29.5714 2.4
      vertex -4.40791 -29.6877 2.4
      vertex -4.45314 -26.6487 2.4
    endloop
  endfacet
  facet normal 0 0 1
    outer loop
      vertex -5.17953 -26.5172 2.4
      vertex -5.12946 -29.5714 2.4
      vertex -4.45314 -26.6487 2.4
    endloop
  endfacet
  facet normal -0 0 1
    outer loop
      vertex -5.84516 -29.4382 2.4
      vertex -5.12946 -29.5714 2.4
      vertex -5.17953 -26.5172 2.4
    endloop
  endfacet
  facet normal 0 0 1
    outer loop
      vertex -5.8991 -26.3664 2.4
      vertex -7.25806 -29.122 2.4
      vertex -6.55477 -29.2883 2.4
    endloop
  endfacet
  facet normal 0 0 1
    outer loop
      vertex -5.8991 -26.3664 2.4
      vertex -5.84516 -29.4382 2.4
      vertex -5.17953 -26.5172 2.4
    endloop
  endfacet
  facet normal -0 0 1
    outer loop
      vertex -7.9548 -28.9395 2.4
      vertex -7.25806 -29.122 2.4
      vertex -6.61156 -26.1966 2.4
    endloop
  endfacet
  facet normal 0 0 1
    outer loop
      vertex -3.68073 -29.7868 2.4
      vertex -3.72024 -26.7607 2.4
      vertex -4.40791 -29.6877 2.4
    endloop
  endfacet
  facet normal -0 0 1
    outer loop
      vertex -8.64474 -28.7412 2.4
      vertex -7.9548 -28.9395 2.4
      vertex -7.3166 -26.0081 2.4
    endloop
  endfacet
  facet normal 0 0 1
    outer loop
      vertex -2.23614 -26.9251 2.4
      vertex -2.98114 -26.8529 2.4
      vertex -2.94818 -29.8685 2.4
    endloop
  endfacet
  facet normal 0 0 1
    outer loop
      vertex -2.23614 -26.9251 2.4
      vertex -2.94818 -29.8685 2.4
      vertex -2.21047 -29.9325 2.4
    endloop
  endfacet
  facet normal 0 0 1
    outer loop
      vertex -9.38413 -25.3325 2.4
      vertex -10.0033 -28.2978 2.4
      vertex -8.70318 -25.5757 2.4
    endloop
  endfacet
  facet normal 0 -0 1
    outer loop
      vertex -2.21047 -29.9325 2.4
      vertex -1.48554 -26.9769 2.4
      vertex -2.23614 -26.9251 2.4
    endloop
  endfacet
  facet normal 0 0 1
    outer loop
      vertex -1.46785 -29.9785 2.4
      vertex -1.48554 -26.9769 2.4
      vertex -2.21047 -29.9325 2.4
    endloop
  endfacet
  facet normal 0 0 1
    outer loop
      vertex -0.729657 -27.0082 2.4
      vertex -1.48554 -26.9769 2.4
      vertex -1.46785 -29.9785 2.4
    endloop
  endfacet
  facet normal 0 0 1
    outer loop
      vertex -0.729657 -27.0082 2.4
      vertex -1.46785 -29.9785 2.4
      vertex -0.720538 -30.0063 2.4
    endloop
  endfacet
  facet normal 0 0 1
    outer loop
      vertex 16.6944 -24.9351 2.4
      vertex 15.5277 -22.1065 2.4
      vertex 15.0016 -22.4663 2.4
    endloop
  endfacet
  facet normal -0 0 1
    outer loop
      vertex -0.720538 -30.0063 2.4
      vertex 0.031215 -30.0156 2.4
      vertex 0.031215 -27.0187 2.4
    endloop
  endfacet
  facet normal 0 0 1
    outer loop
      vertex -13.8918 -10.6608 2.4
      vertex -0.031215 -4.97919 2.4
      vertex -13.8918 -5.13527 2.4
    endloop
  endfacet
  facet normal 0 0 1
    outer loop
      vertex -0.031215 -4.97919 2.4
      vertex -4.18314 2.45057 2.4
      vertex -13.8918 -5.13527 2.4
    endloop
  endfacet
  facet normal 0 -0 1
    outer loop
      vertex 15.3327 -25.795 2.4
      vertex 16.6944 -24.9351 2.4
      vertex 14.4666 -22.8135 2.4
    endloop
  endfacet
  facet normal -0 0 1
    outer loop
      vertex 0.787416 -27.0082 2.4
      vertex 1.52098 -29.9785 2.4
      vertex 1.53868 -26.9769 2.4
    endloop
  endfacet
  facet normal 0 0 1
    outer loop
      vertex 2.28474 -26.9251 2.4
      vertex 2.25907 -29.9324 2.4
      vertex 2.99238 -29.8683 2.4
    endloop
  endfacet
  facet normal -0 0 1
    outer loop
      vertex 26.8484 2.91802 2.4
      vertex 29.9515 1.73627 2.4
      vertex 29.8078 3.43139 2.4
    endloop
  endfacet
  facet normal 0 0 1
    outer loop
      vertex -13.8918 -23.1478 2.4
      vertex -15.306 -25.8217 2.4
      vertex -13.2777 -23.5097 2.4
    endloop
  endfacet
  facet normal -0 0 1
    outer loop
      vertex -26.3522 14.3637 2.4
      vertex -23.3975 13.5055 2.4
      vertex -25.5398 15.7609 2.4
    endloop
  endfacet
  facet normal 0 -0 1
    outer loop
      vertex -23.3975 13.5055 2.4
      vertex -22.68 14.6766 2.4
      vertex -25.5398 15.7609 2.4
    endloop
  endfacet
  facet normal 0 0 1
    outer loop
      vertex 0.031215 30.0156 2.4
      vertex 0.84287 27.0187 2.4
      vertex 0.778297 30.0065 2.4
    endloop
  endfacet
  facet normal 0 0 1
    outer loop
      vertex 0.031215 30.0156 2.4
      vertex -0.720538 30.0065 2.4
      vertex -0.780435 27.0187 2.4
    endloop
  endfacet
  facet normal 0 -0 1
    outer loop
      vertex 7.06 26.094 2.4
      vertex 7.28148 29.1337 2.4
      vertex 6.39109 26.265 2.4
    endloop
  endfacet
  facet normal 0 -0 1
    outer loop
      vertex 7.72242 25.9066 2.4
      vertex 7.97611 28.9523 2.4
      vertex 7.06 26.094 2.4
    endloop
  endfacet
  facet normal 0 -0 1
    outer loop
      vertex 8.37806 25.7031 2.4
      vertex 8.66447 28.7547 2.4
      vertex 7.72242 25.9066 2.4
    endloop
  endfacet
  facet normal 0 0 1
    outer loop
      vertex 9.34637 28.541 2.4
      vertex 8.66447 28.7547 2.4
      vertex 8.37806 25.7031 2.4
    endloop
  endfacet
  facet normal 0 0 1
    outer loop
      vertex 10.0216 28.3116 2.4
      vertex 9.34637 28.541 2.4
      vertex 9.0266 25.4836 2.4
    endloop
  endfacet
  facet normal 0 0 1
    outer loop
      vertex 10.0216 28.3116 2.4
      vertex 9.0266 25.4836 2.4
      vertex 10.69 28.0665 2.4
    endloop
  endfacet
  facet normal 0 0 1
    outer loop
      vertex 10.69 28.0665 2.4
      vertex 9.66774 25.2484 2.4
      vertex 11.3514 27.8059 2.4
    endloop
  endfacet
  facet normal -0 0 1
    outer loop
      vertex 9.66774 25.2484 2.4
      vertex 10.3012 24.9976 2.4
      vertex 11.3514 27.8059 2.4
    endloop
  endfacet
  facet normal -0 0 1
    outer loop
      vertex 10.3012 24.9976 2.4
      vertex 10.9266 24.7316 2.4
      vertex 12.0056 27.5301 2.4
    endloop
  endfacet
  facet normal 0 0 1
    outer loop
      vertex 10.9266 24.7316 2.4
      vertex 12.6524 27.2392 2.4
      vertex 12.0056 27.5301 2.4
    endloop
  endfacet
  facet normal 0 0 1
    outer loop
      vertex 11.5437 24.4504 2.4
      vertex 13.2916 26.9334 2.4
      vertex 12.6524 27.2392 2.4
    endloop
  endfacet
  facet normal 0 -0 1
    outer loop
      vertex 12.1522 24.1544 2.4
      vertex 13.2916 26.9334 2.4
      vertex 11.5437 24.4504 2.4
    endloop
  endfacet
  facet normal 0 -0 1
    outer loop
      vertex 12.7518 23.8436 2.4
      vertex 13.923 26.6129 2.4
      vertex 12.1522 24.1544 2.4
    endloop
  endfacet
  facet normal 0 -0 1
    outer loop
      vertex 13.3422 23.5184 2.4
      vertex 13.923 26.6129 2.4
      vertex 12.7518 23.8436 2.4
    endloop
  endfacet
  facet normal 0 0 1
    outer loop
      vertex 15.3327 25.822 2.4
      vertex 13.923 26.6129 2.4
      vertex 13.3422 23.5184 2.4
    endloop
  endfacet
  facet normal 0 0 1
    outer loop
      vertex 16.6944 24.9587 2.4
      vertex 15.3327 25.822 2.4
      vertex 13.923 23.179 2.4
    endloop
  endfacet
  facet normal 0 0 1
    outer loop
      vertex 16.6944 24.9587 2.4
      vertex 13.923 23.179 2.4
      vertex 15.0786 22.4385 2.4
    endloop
  endfacet
  facet normal 0 0 1
    outer loop
      vertex 18.0054 24.0257 2.4
      vertex 15.0786 22.4385 2.4
      vertex 16.1933 21.642 2.4
    endloop
  endfacet
  facet normal 0 0 1
    outer loop
      vertex 18.0054 24.0257 2.4
      vertex 16.1933 21.642 2.4
      vertex 17.2652 20.7915 2.4
    endloop
  endfacet
  facet normal 0 0 1
    outer loop
      vertex 19.2632 23.0256 2.4
      vertex 17.2652 20.7915 2.4
      vertex 18.2922 19.8889 2.4
    endloop
  endfacet
  facet normal 0 0 1
    outer loop
      vertex 19.2632 23.0256 2.4
      vertex 18.2922 19.8889 2.4
      vertex 20.465 21.961 2.4
    endloop
  endfacet
  facet normal 0 0 1
    outer loop
      vertex 20.465 21.961 2.4
      vertex 19.2724 18.9363 2.4
      vertex 21.6083 20.8345 2.4
    endloop
  endfacet
  facet normal 0 0 1
    outer loop
      vertex 21.6083 20.8345 2.4
      vertex 20.2038 17.9358 2.4
      vertex 22.6904 19.6486 2.4
    endloop
  endfacet
  facet normal 0 0 1
    outer loop
      vertex 22.6904 19.6486 2.4
      vertex 21.0844 16.8892 2.4
      vertex 23.7088 18.406 2.4
    endloop
  endfacet
  facet normal 0 0 1
    outer loop
      vertex 23.7088 18.406 2.4
      vertex 21.9122 15.7987 2.4
      vertex 24.6608 17.1092 2.4
    endloop
  endfacet
  facet normal 0 0 1
    outer loop
      vertex 25.5437 15.7609 2.4
      vertex 24.6608 17.1092 2.4
      vertex 22.6852 14.6662 2.4
    endloop
  endfacet
  facet normal 0 0 1
    outer loop
      vertex 25.5437 15.7609 2.4
      vertex 22.6852 14.6662 2.4
      vertex 23.4014 13.4938 2.4
    endloop
  endfacet
  facet normal 0 0 1
    outer loop
      vertex 26.355 14.3637 2.4
      vertex 23.4014 13.4938 2.4
      vertex 24.0589 12.2834 2.4
    endloop
  endfacet
  facet normal 0 0 1
    outer loop
      vertex 27.092 12.9202 2.4
      vertex 24.0589 12.2834 2.4
      vertex 24.6556 11.0371 2.4
    endloop
  endfacet
  facet normal 0 0 1
    outer loop
      vertex 27.7522 11.4329 2.4
      vertex 24.6556 11.0371 2.4
      vertex 25.1895 9.75695 2.4
    endloop
  endfacet
  facet normal 0 0 1
    outer loop
      vertex 27.7522 11.4329 2.4
      vertex 25.1895 9.75695 2.4
      vertex 28.3328 9.90446 2.4
    endloop
  endfacet
  facet normal 0 0 1
    outer loop
      vertex 28.3328 9.90446 2.4
      vertex 25.6587 8.44489 2.4
      vertex 28.8313 8.3375 2.4
    endloop
  endfacet
  facet normal 0 0 1
    outer loop
      vertex 28.8313 8.3375 2.4
      vertex 26.0612 7.10295 2.4
      vertex 29.245 6.73461 2.4
    endloop
  endfacet
  facet normal 0 0 1
    outer loop
      vertex 29.245 6.73461 2.4
      vertex 26.395 5.73315 2.4
      vertex 29.5714 5.09837 2.4
    endloop
  endfacet
  facet normal 0 0 1
    outer loop
      vertex 26.395 5.73315 2.4
      vertex 26.6581 4.3375 2.4
      vertex 29.5714 5.09837 2.4
    endloop
  endfacet
  facet normal 0 0 1
    outer loop
      vertex 26.6581 4.3375 2.4
      vertex 26.8484 2.91802 2.4
      vertex 29.8078 3.43139 2.4
    endloop
  endfacet
  facet normal 0 0 1
    outer loop
      vertex 26.8484 2.91802 2.4
      vertex 26.9641 1.47672 2.4
      vertex 29.9515 1.73627 2.4
    endloop
  endfacet
  facet normal 0 0 1
    outer loop
      vertex 26.9641 1.47672 2.4
      vertex 27.0031 0.0156075 2.4
      vertex 30 0.0156075 2.4
    endloop
  endfacet
  facet normal 0 0 1
    outer loop
      vertex 30 0.0156075 2.4
      vertex 26.9945 -0.679731 2.4
      vertex 29.9515 -1.70528 2.4
    endloop
  endfacet
  facet normal 0 0 1
    outer loop
      vertex 29.9515 -1.70528 2.4
      vertex 26.9687 -1.37023 2.4
      vertex 26.926 -2.05571 2.4
    endloop
  endfacet
  facet normal 0 0 1
    outer loop
      vertex 29.9515 -1.70528 2.4
      vertex 26.926 -2.05571 2.4
      vertex 29.8078 -3.40102 2.4
    endloop
  endfacet
  facet normal 0 0 1
    outer loop
      vertex 29.8078 -3.40102 2.4
      vertex 26.8665 -2.73602 2.4
      vertex 26.7905 -3.411 2.4
    endloop
  endfacet
  facet normal 0 0 1
    outer loop
      vertex 29.8078 -3.40102 2.4
      vertex 26.7905 -3.411 2.4
      vertex 26.698 -4.08047 2.4
    endloop
  endfacet
  facet normal 0 0 1
    outer loop
      vertex 29.8078 -3.40102 2.4
      vertex 26.698 -4.08047 2.4
      vertex 29.5714 -5.06894 2.4
    endloop
  endfacet
  facet normal 0 0 1
    outer loop
      vertex 26.698 -4.08047 2.4
      vertex 26.5893 -4.74427 2.4
      vertex 29.5714 -5.06894 2.4
    endloop
  endfacet
  facet normal 0 0 1
    outer loop
      vertex 29.5714 -5.06894 2.4
      vertex 26.4647 -5.40225 2.4
      vertex 29.245 -6.70639 2.4
    endloop
  endfacet
  facet normal 0 0 1
    outer loop
      vertex 26.4647 -5.40225 2.4
      vertex 26.3242 -6.05423 2.4
      vertex 29.245 -6.70639 2.4
    endloop
  endfacet
  facet normal 0 0 1
    outer loop
      vertex 26.3242 -6.05423 2.4
      vertex 26.1681 -6.70005 2.4
      vertex 29.245 -6.70639 2.4
    endloop
  endfacet
  facet normal 0 0 1
    outer loop
      vertex 26.1681 -6.70005 2.4
      vertex 28.8313 -8.31068 2.4
      vertex 29.245 -6.70639 2.4
    endloop
  endfacet
  facet normal -0 0 1
    outer loop
      vertex 25.9965 -7.33955 2.4
      vertex 28.8313 -8.31068 2.4
      vertex 26.1681 -6.70005 2.4
    endloop
  endfacet
  facet normal 0 0 1
    outer loop
      vertex 25.8096 -7.97257 2.4
      vertex 28.3328 -9.87914 2.4
      vertex 28.8313 -8.31068 2.4
    endloop
  endfacet
  facet normal -0 0 1
    outer loop
      vertex 25.6077 -8.59894 2.4
      vertex 28.3328 -9.87914 2.4
      vertex 25.8096 -7.97257 2.4
    endloop
  endfacet
  facet normal -0 0 1
    outer loop
      vertex 25.3909 -9.21849 2.4
      vertex 28.3328 -9.87914 2.4
      vertex 25.6077 -8.59894 2.4
    endloop
  endfacet
  facet normal -0 0 1
    outer loop
      vertex 25.1593 -9.83107 2.4
      vertex 28.3328 -9.87914 2.4
      vertex 25.3909 -9.21849 2.4
    endloop
  endfacet
  facet normal -0 0 1
    outer loop
      vertex 24.9133 -10.4365 2.4
      vertex 27.7522 -11.4091 2.4
      vertex 25.1593 -9.83107 2.4
    endloop
  endfacet
  facet normal -0 0 1
    outer loop
      vertex 24.6529 -11.0346 2.4
      vertex 27.7522 -11.4091 2.4
      vertex 24.9133 -10.4365 2.4
    endloop
  endfacet
  facet normal 0 -0 1
    outer loop
      vertex 27.092 -12.8979 2.4
      vertex 27.7522 -11.4091 2.4
      vertex 24.6529 -11.0346 2.4
    endloop
  endfacet
  facet normal 0 0 1
    outer loop
      vertex 27.092 -12.8979 2.4
      vertex 24.6529 -11.0346 2.4
      vertex 24.3784 -11.6253 2.4
    endloop
  endfacet
  facet normal 0 0 1
    outer loop
      vertex 26.355 -14.3429 2.4
      vertex 24.09 -12.2083 2.4
      vertex 23.7877 -12.7836 2.4
    endloop
  endfacet
  facet normal 0 0 1
    outer loop
      vertex 27.092 -12.8979 2.4
      vertex 24.3784 -11.6253 2.4
      vertex 24.09 -12.2083 2.4
    endloop
  endfacet
  facet normal 0 0 1
    outer loop
      vertex -26.3522 -14.3458 2.4
      vertex -23.7565 -12.846 2.4
      vertex -24.059 -12.2703 2.4
    endloop
  endfacet
  facet normal -0 0 1
    outer loop
      vertex -26.3522 -14.3458 2.4
      vertex -25.5398 -15.7453 2.4
      vertex -23.7565 -12.846 2.4
    endloop
  endfacet
  facet normal 0 0 1
    outer loop
      vertex -25.3664 -9.26744 2.4
      vertex -28.332 -9.87999 2.4
      vertex -25.133 -9.88375 2.4
    endloop
  endfacet
  facet normal -0 0 1
    outer loop
      vertex -12.6287 -27.2316 2.4
      vertex -11.9844 -27.5199 2.4
      vertex -11.3739 -24.4974 2.4
    endloop
  endfacet
  facet normal 0 0 1
    outer loop
      vertex -25.5853 -8.64378 2.4
      vertex -28.332 -9.87999 2.4
      vertex -25.3664 -9.26744 2.4
    endloop
  endfacet
  facet normal 0 0 1
    outer loop
      vertex -22.8512 -14.3444 2.4
      vertex -23.7565 -12.846 2.4
      vertex -25.5398 -15.7453 2.4
    endloop
  endfacet
  facet normal 0 0 1
    outer loop
      vertex -25.7894 -8.01303 2.4
      vertex -28.8308 -8.31117 2.4
      vertex -28.332 -9.87999 2.4
    endloop
  endfacet
  facet normal 0 0 1
    outer loop
      vertex -25.9785 -7.37544 2.4
      vertex -28.8308 -8.31117 2.4
      vertex -25.7894 -8.01303 2.4
    endloop
  endfacet
  facet normal 0 0 1
    outer loop
      vertex -26.1524 -6.73127 2.4
      vertex -29.2448 -6.70664 2.4
      vertex -28.8308 -8.31117 2.4
    endloop
  endfacet
  facet normal 0 0 1
    outer loop
      vertex -26.3109 -6.08078 2.4
      vertex -29.2448 -6.70664 2.4
      vertex -26.1524 -6.73127 2.4
    endloop
  endfacet
  facet normal 0 0 1
    outer loop
      vertex -26.4537 -5.42422 2.4
      vertex -29.2448 -6.70664 2.4
      vertex -26.3109 -6.08078 2.4
    endloop
  endfacet
  facet normal 0 0 1
    outer loop
      vertex -26.4537 -5.42422 2.4
      vertex -26.5806 -4.76186 2.4
      vertex -29.5713 -5.06905 2.4
    endloop
  endfacet
  facet normal 0 0 1
    outer loop
      vertex -26.6913 -4.09395 2.4
      vertex -29.8077 -3.40105 2.4
      vertex -29.5713 -5.06905 2.4
    endloop
  endfacet
  facet normal 0 0 1
    outer loop
      vertex -26.5806 -4.76186 2.4
      vertex -26.6913 -4.09395 2.4
      vertex -29.5713 -5.06905 2.4
    endloop
  endfacet
  facet normal 0 0 1
    outer loop
      vertex -26.7856 -3.42075 2.4
      vertex -29.8077 -3.40105 2.4
      vertex -26.6913 -4.09395 2.4
    endloop
  endfacet
  facet normal 0 0 1
    outer loop
      vertex -26.8633 -2.74252 2.4
      vertex -29.8077 -3.40105 2.4
      vertex -26.7856 -3.42075 2.4
    endloop
  endfacet
  facet normal -0 0 1
    outer loop
      vertex -29.9515 -1.70528 2.4
      vertex -26.9241 -2.05951 2.4
      vertex -26.9678 -1.37198 2.4
    endloop
  endfacet
  facet normal 0 0 1
    outer loop
      vertex -29.9515 -1.70528 2.4
      vertex -26.9678 -1.37198 2.4
      vertex -26.9943 -0.680185 2.4
    endloop
  endfacet
  facet normal -0 0 1
    outer loop
      vertex -30 0.0156075 2.4
      vertex -26.9943 -0.680185 2.4
      vertex -27.0031 0.0156075 2.4
    endloop
  endfacet
  facet normal 0 0 1
    outer loop
      vertex -30 0.0156075 2.4
      vertex -27.0031 0.0156075 2.4
      vertex -26.9641 1.48095 2.4
    endloop
  endfacet
  facet normal 0 0 1
    outer loop
      vertex -26.9641 1.48095 2.4
      vertex -29.9515 1.73627 2.4
      vertex -30 0.0156075 2.4
    endloop
  endfacet
  facet normal 0 0 1
    outer loop
      vertex -26.8484 2.92561 2.4
      vertex -29.9515 1.73627 2.4
      vertex -26.9641 1.48095 2.4
    endloop
  endfacet
  facet normal 0 0 1
    outer loop
      vertex -29.8077 3.43139 2.4
      vertex -29.9515 1.73627 2.4
      vertex -26.8484 2.92561 2.4
    endloop
  endfacet
  facet normal 0 -0 1
    outer loop
      vertex -26.658 4.34765 2.4
      vertex -26.3948 5.74514 2.4
      vertex -29.5713 5.09837 2.4
    endloop
  endfacet
  facet normal 0 0 1
    outer loop
      vertex -26.3948 5.74514 2.4
      vertex -29.2448 6.73461 2.4
      vertex -29.5713 5.09837 2.4
    endloop
  endfacet
  facet normal 0 0 1
    outer loop
      vertex -28.8308 8.3375 2.4
      vertex -29.2448 6.73461 2.4
      vertex -26.0607 7.11612 2.4
    endloop
  endfacet
  facet normal 0 0 1
    outer loop
      vertex -26.0607 7.11612 2.4
      vertex -29.2448 6.73461 2.4
      vertex -26.3948 5.74514 2.4
    endloop
  endfacet
  facet normal -0 0 1
    outer loop
      vertex -28.8308 8.3375 2.4
      vertex -26.0607 7.11612 2.4
      vertex -25.6579 8.45866 2.4
    endloop
  endfacet
  facet normal 0 0 1
    outer loop
      vertex -4.18314 2.45057 2.4
      vertex 4.27679 2.45057 2.4
      vertex 0.84287 27.0187 2.4
    endloop
  endfacet
  facet normal 0 0 1
    outer loop
      vertex -28.332 9.90446 2.4
      vertex -25.6579 8.45866 2.4
      vertex -25.1882 9.7708 2.4
    endloop
  endfacet
  facet normal 0 0 1
    outer loop
      vertex -24.6536 11.0506 2.4
      vertex -27.09 12.9202 2.4
      vertex -27.7508 11.4329 2.4
    endloop
  endfacet
  facet normal 0 0 1
    outer loop
      vertex -26.3522 14.3637 2.4
      vertex -27.09 12.9202 2.4
      vertex -24.056 12.2961 2.4
    endloop
  endfacet
  facet normal 0 0 1
    outer loop
      vertex -24.056 12.2961 2.4
      vertex -27.09 12.9202 2.4
      vertex -24.6536 11.0506 2.4
    endloop
  endfacet
  facet normal 0 0 1
    outer loop
      vertex -26.3522 14.3637 2.4
      vertex -24.056 12.2961 2.4
      vertex -23.3975 13.5055 2.4
    endloop
  endfacet
  facet normal 0 0 1
    outer loop
      vertex -22.68 14.6766 2.4
      vertex -24.6556 17.1092 2.4
      vertex -25.5398 15.7609 2.4
    endloop
  endfacet
  facet normal 0 0 1
    outer loop
      vertex -23.7021 18.406 2.4
      vertex -24.6556 17.1092 2.4
      vertex -21.9054 15.8077 2.4
    endloop
  endfacet
  facet normal 0 0 1
    outer loop
      vertex -21.9054 15.8077 2.4
      vertex -24.6556 17.1092 2.4
      vertex -22.68 14.6766 2.4
    endloop
  endfacet
  facet normal 0 0 1
    outer loop
      vertex -23.7021 18.406 2.4
      vertex -21.9054 15.8077 2.4
      vertex -21.0758 16.8967 2.4
    endloop
  endfacet
  facet normal 0 0 1
    outer loop
      vertex -22.6819 19.6486 2.4
      vertex -21.0758 16.8967 2.4
      vertex -20.1931 17.9417 2.4
    endloop
  endfacet
  facet normal 0 0 1
    outer loop
      vertex -21.5976 20.8345 2.4
      vertex -20.1931 17.9417 2.4
      vertex -19.2592 18.9407 2.4
    endloop
  endfacet
  facet normal 0 0 1
    outer loop
      vertex -20.4518 21.961 2.4
      vertex -19.2592 18.9407 2.4
      vertex -18.2762 19.8919 2.4
    endloop
  endfacet
  facet normal 0 0 1
    outer loop
      vertex -19.2472 23.0256 2.4
      vertex -18.2762 19.8919 2.4
      vertex -17.246 20.7933 2.4
    endloop
  endfacet
  facet normal 0 0 1
    outer loop
      vertex -15.0518 22.4387 2.4
      vertex -17.9863 24.0257 2.4
      vertex -16.1705 21.6429 2.4
    endloop
  endfacet
  facet normal 0 0 1
    outer loop
      vertex -13.8918 23.179 2.4
      vertex -16.6717 24.9587 2.4
      vertex -15.0518 22.4387 2.4
    endloop
  endfacet
  facet normal 0 0 1
    outer loop
      vertex -13.3112 23.5184 2.4
      vertex -15.306 25.822 2.4
      vertex -13.8918 23.179 2.4
    endloop
  endfacet
  facet normal 0 0 1
    outer loop
      vertex -12.7214 23.8436 2.4
      vertex -13.8918 26.6129 2.4
      vertex -13.3112 23.5184 2.4
    endloop
  endfacet
  facet normal 0 0 1
    outer loop
      vertex -12.1227 24.1544 2.4
      vertex -13.2646 26.9334 2.4
      vertex -13.8918 26.6129 2.4
    endloop
  endfacet
  facet normal 0 0 1
    outer loop
      vertex -11.5153 24.4504 2.4
      vertex -12.6287 27.2392 2.4
      vertex -13.2646 26.9334 2.4
    endloop
  endfacet
  facet normal 0 -0 1
    outer loop
      vertex -10.8993 24.7316 2.4
      vertex -10.275 24.9976 2.4
      vertex -11.9844 27.5301 2.4
    endloop
  endfacet
  facet normal 0 -0 1
    outer loop
      vertex -10.275 24.9976 2.4
      vertex -9.64264 25.2484 2.4
      vertex -11.3319 27.8059 2.4
    endloop
  endfacet
  facet normal 0 0 1
    outer loop
      vertex -9.64264 25.2484 2.4
      vertex -10.6715 28.0665 2.4
      vertex -11.3319 27.8059 2.4
    endloop
  endfacet
  facet normal 0 0 1
    outer loop
      vertex -9.00237 25.4836 2.4
      vertex -10.0033 28.3116 2.4
      vertex -10.6715 28.0665 2.4
    endloop
  endfacet
  facet normal 0 0 1
    outer loop
      vertex -9.32767 28.541 2.4
      vertex -10.0033 28.3116 2.4
      vertex -9.00237 25.4836 2.4
    endloop
  endfacet
  facet normal 0 0 1
    outer loop
      vertex -8.64474 28.7547 2.4
      vertex -9.32767 28.541 2.4
      vertex -8.35443 25.7031 2.4
    endloop
  endfacet
  facet normal 0 0 1
    outer loop
      vertex -8.64474 28.7547 2.4
      vertex -8.35443 25.7031 2.4
      vertex -7.69901 25.9066 2.4
    endloop
  endfacet
  facet normal 0 0 1
    outer loop
      vertex -7.9548 28.9523 2.4
      vertex -7.69901 25.9066 2.4
      vertex -7.03634 26.094 2.4
    endloop
  endfacet
  facet normal -0 0 1
    outer loop
      vertex -7.9548 28.9523 2.4
      vertex -7.03634 26.094 2.4
      vertex -7.25806 29.1337 2.4
    endloop
  endfacet
  facet normal -0 0 1
    outer loop
      vertex -7.25806 29.1337 2.4
      vertex -6.36662 26.265 2.4
      vertex -6.55477 29.2987 2.4
    endloop
  endfacet
  facet normal 0 -0 1
    outer loop
      vertex -6.36662 26.265 2.4
      vertex -5.69006 26.4195 2.4
      vertex -6.55477 29.2987 2.4
    endloop
  endfacet
  facet normal 0 -0 1
    outer loop
      vertex -5.69006 26.4195 2.4
      vertex -5.00688 26.5571 2.4
      vertex -5.84516 29.4472 2.4
    endloop
  endfacet
  facet normal 0 0 1
    outer loop
      vertex -5.00688 26.5571 2.4
      vertex -5.12946 29.5789 2.4
      vertex -5.84516 29.4472 2.4
    endloop
  endfacet
  facet normal 0 0 1
    outer loop
      vertex -4.31728 26.6778 2.4
      vertex -4.40791 29.6936 2.4
      vertex -5.12946 29.5789 2.4
    endloop
  endfacet
  facet normal 0 0 1
    outer loop
      vertex -3.62148 26.7812 2.4
      vertex -4.40791 29.6936 2.4
      vertex -4.31728 26.6778 2.4
    endloop
  endfacet
  facet normal 0 0 1
    outer loop
      vertex -2.91968 26.8673 2.4
      vertex -3.68073 29.7912 2.4
      vertex -3.62148 26.7812 2.4
    endloop
  endfacet
  facet normal 0 0 1
    outer loop
      vertex -2.94818 29.8715 2.4
      vertex -3.68073 29.7912 2.4
      vertex -2.91968 26.8673 2.4
    endloop
  endfacet
  facet normal 0 0 1
    outer loop
      vertex -2.21047 29.9343 2.4
      vertex -2.94818 29.8715 2.4
      vertex -2.2121 26.9357 2.4
    endloop
  endfacet
  facet normal 0 0 1
    outer loop
      vertex -2.21047 29.9343 2.4
      vertex -2.2121 26.9357 2.4
      vertex -1.49895 26.9862 2.4
    endloop
  endfacet
  facet normal 0 0 1
    outer loop
      vertex -1.46785 29.9793 2.4
      vertex -1.49895 26.9862 2.4
      vertex -0.780435 27.0187 2.4
    endloop
  endfacet
  facet normal -0 0 1
    outer loop
      vertex -1.46785 29.9793 2.4
      vertex -0.780435 27.0187 2.4
      vertex -0.720538 30.0065 2.4
    endloop
  endfacet
  facet normal 0 0 1
    outer loop
      vertex -5.84516 -29.4382 2.4
      vertex -5.8991 -26.3664 2.4
      vertex -6.55477 -29.2883 2.4
    endloop
  endfacet
  facet normal 0 0 1
    outer loop
      vertex -5.8991 -26.3664 2.4
      vertex -6.61156 -26.1966 2.4
      vertex -7.25806 -29.122 2.4
    endloop
  endfacet
  facet normal 0 0 1
    outer loop
      vertex -6.61156 -26.1966 2.4
      vertex -7.3166 -26.0081 2.4
      vertex -7.9548 -28.9395 2.4
    endloop
  endfacet
  facet normal 0 0 1
    outer loop
      vertex -7.3166 -26.0081 2.4
      vertex -8.0139 -25.801 2.4
      vertex -8.64474 -28.7412 2.4
    endloop
  endfacet
  facet normal 0 0 1
    outer loop
      vertex -8.0139 -25.801 2.4
      vertex -8.70318 -25.5757 2.4
      vertex -9.32767 -28.5272 2.4
    endloop
  endfacet
  facet normal 0 0 1
    outer loop
      vertex -8.70318 -25.5757 2.4
      vertex -10.0033 -28.2978 2.4
      vertex -9.32767 -28.5272 2.4
    endloop
  endfacet
  facet normal 0 0 1
    outer loop
      vertex -9.38413 -25.3325 2.4
      vertex -10.6715 -28.0533 2.4
      vertex -10.0033 -28.2978 2.4
    endloop
  endfacet
  facet normal 0 0 1
    outer loop
      vertex -10.0564 -25.0715 2.4
      vertex -10.6715 -28.0533 2.4
      vertex -9.38413 -25.3325 2.4
    endloop
  endfacet
  facet normal 0 0 1
    outer loop
      vertex -10.7198 -24.793 2.4
      vertex -11.3319 -27.7939 2.4
      vertex -10.0564 -25.0715 2.4
    endloop
  endfacet
  facet normal -0 0 1
    outer loop
      vertex -11.9844 -27.5199 2.4
      vertex -11.3319 -27.7939 2.4
      vertex -10.7198 -24.793 2.4
    endloop
  endfacet
  facet normal 0 0 1
    outer loop
      vertex -11.9844 -27.5199 2.4
      vertex -10.7198 -24.793 2.4
      vertex -11.3739 -24.4974 2.4
    endloop
  endfacet
  facet normal 0 -0 1
    outer loop
      vertex -12.6287 -27.2316 2.4
      vertex -11.3739 -24.4974 2.4
      vertex -13.2646 -26.9292 2.4
    endloop
  endfacet
  facet normal 0 0 1
    outer loop
      vertex -11.3739 -24.4974 2.4
      vertex -12.0185 -24.1847 2.4
      vertex -13.2646 -26.9292 2.4
    endloop
  endfacet
  facet normal 0 0 1
    outer loop
      vertex -12.0185 -24.1847 2.4
      vertex -12.6532 -23.8554 2.4
      vertex -13.8918 -26.6129 2.4
    endloop
  endfacet
  facet normal 0 0 1
    outer loop
      vertex -12.6532 -23.8554 2.4
      vertex -13.2777 -23.5097 2.4
      vertex -13.8918 -26.6129 2.4
    endloop
  endfacet
  facet normal 0 0 1
    outer loop
      vertex -13.2777 -23.5097 2.4
      vertex -15.306 -25.8217 2.4
      vertex -13.8918 -26.6129 2.4
    endloop
  endfacet
  facet normal 0 0 1
    outer loop
      vertex -13.8918 -23.1478 2.4
      vertex -14.4352 -22.8137 2.4
      vertex -15.306 -25.8217 2.4
    endloop
  endfacet
  facet normal 0 0 1
    outer loop
      vertex -14.4352 -22.8137 2.4
      vertex -16.6717 -24.9578 2.4
      vertex -15.306 -25.8217 2.4
    endloop
  endfacet
  facet normal 0 0 1
    outer loop
      vertex -13.8918 -10.6608 2.4
      vertex -23.7565 -12.846 2.4
      vertex -22.8512 -14.3444 2.4
    endloop
  endfacet
  facet normal 0 0 1
    outer loop
      vertex -16.6717 -24.9578 2.4
      vertex -14.9695 -22.4672 2.4
      vertex -15.4946 -22.1085 2.4
    endloop
  endfacet
  facet normal 0 -0 1
    outer loop
      vertex -16.6717 -24.9578 2.4
      vertex -15.4946 -22.1085 2.4
      vertex -17.9863 -24.0238 2.4
    endloop
  endfacet
  facet normal 0 -0 1
    outer loop
      vertex -13.8918 -10.6608 2.4
      vertex -13.8918 -5.13527 2.4
      vertex -23.7565 -12.846 2.4
    endloop
  endfacet
  facet normal 0 0 1
    outer loop
      vertex -15.4946 -22.1085 2.4
      vertex -16.0103 -21.7377 2.4
      vertex -17.9863 -24.0238 2.4
    endloop
  endfacet
  facet normal 0 0 1
    outer loop
      vertex -16.0103 -21.7377 2.4
      vertex -16.5165 -21.3552 2.4
      vertex -17.9863 -24.0238 2.4
    endloop
  endfacet
  facet normal 0 0 1
    outer loop
      vertex -16.5165 -21.3552 2.4
      vertex -17.0129 -20.9611 2.4
      vertex -19.2472 -23.0224 2.4
    endloop
  endfacet
  facet normal 0 0 1
    outer loop
      vertex -17.0129 -20.9611 2.4
      vertex -17.4995 -20.5556 2.4
      vertex -19.2472 -23.0224 2.4
    endloop
  endfacet
  facet normal 0 0 1
    outer loop
      vertex -17.4995 -20.5556 2.4
      vertex -17.976 -20.1389 2.4
      vertex -19.2472 -23.0224 2.4
    endloop
  endfacet
  facet normal 0 0 1
    outer loop
      vertex -17.976 -20.1389 2.4
      vertex -20.4518 -21.9561 2.4
      vertex -19.2472 -23.0224 2.4
    endloop
  endfacet
  facet normal 0 0 1
    outer loop
      vertex -18.4423 -19.7113 2.4
      vertex -20.4518 -21.9561 2.4
      vertex -17.976 -20.1389 2.4
    endloop
  endfacet
  facet normal 0 0 1
    outer loop
      vertex -18.8983 -19.2729 2.4
      vertex -21.5976 -20.8277 2.4
      vertex -20.4518 -21.9561 2.4
    endloop
  endfacet
  facet normal 0 0 1
    outer loop
      vertex -19.3437 -18.824 2.4
      vertex -21.5976 -20.8277 2.4
      vertex -18.8983 -19.2729 2.4
    endloop
  endfacet
  facet normal 0 0 1
    outer loop
      vertex -19.7784 -18.3647 2.4
      vertex -21.5976 -20.8277 2.4
      vertex -19.3437 -18.824 2.4
    endloop
  endfacet
  facet normal -0 0 1
    outer loop
      vertex -22.6819 -19.6398 2.4
      vertex -21.5976 -20.8277 2.4
      vertex -19.7784 -18.3647 2.4
    endloop
  endfacet
  facet normal 0 0 1
    outer loop
      vertex -22.6819 -19.6398 2.4
      vertex -19.7784 -18.3647 2.4
      vertex -20.2022 -17.8954 2.4
    endloop
  endfacet
  facet normal 0 0 1
    outer loop
      vertex -21.0167 -16.9272 2.4
      vertex -22.6819 -19.6398 2.4
      vertex -20.6151 -17.4161 2.4
    endloop
  endfacet
  facet normal -0 0 1
    outer loop
      vertex -23.7021 -18.395 2.4
      vertex -22.6819 -19.6398 2.4
      vertex -21.0167 -16.9272 2.4
    endloop
  endfacet
  facet normal 0 0 1
    outer loop
      vertex -23.7021 -18.395 2.4
      vertex -21.0167 -16.9272 2.4
      vertex -21.407 -16.4288 2.4
    endloop
  endfacet
  facet normal 0 0 1
    outer loop
      vertex -23.7021 -18.395 2.4
      vertex -21.407 -16.4288 2.4
      vertex -21.7857 -15.9211 2.4
    endloop
  endfacet
  facet normal 0 0 1
    outer loop
      vertex -24.6556 -17.0959 2.4
      vertex -21.7857 -15.9211 2.4
      vertex -22.1528 -15.4043 2.4
    endloop
  endfacet
  facet normal 0 0 1
    outer loop
      vertex -24.6556 -17.0959 2.4
      vertex -22.1528 -15.4043 2.4
      vertex -22.508 -14.8787 2.4
    endloop
  endfacet
  facet normal 0 -0 1
    outer loop
      vertex -24.6556 -17.0959 2.4
      vertex -22.508 -14.8787 2.4
      vertex -25.5398 -15.7453 2.4
    endloop
  endfacet
  facet normal 0 0 1
    outer loop
      vertex -22.508 -14.8787 2.4
      vertex -22.8512 -14.3444 2.4
      vertex -25.5398 -15.7453 2.4
    endloop
  endfacet
  facet normal 0 0 1
    outer loop
      vertex 4.27679 2.45057 2.4
      vertex -0.031215 -4.97919 2.4
      vertex 13.923 -5.07284 2.4
    endloop
  endfacet
  facet normal 0 0 1
    outer loop
      vertex 4.27679 2.45057 2.4
      vertex -4.18314 2.45057 2.4
      vertex -0.031215 -4.97919 2.4
    endloop
  endfacet
  facet normal 0 0 1
    outer loop
      vertex 19.2632 -23.0064 2.4
      vertex 17.5395 -20.5454 2.4
      vertex 17.0509 -20.9535 2.4
    endloop
  endfacet
  facet normal 0 0 1
    outer loop
      vertex 13.923 -5.07284 2.4
      vertex -0.031215 -4.97919 2.4
      vertex 13.923 -10.6295 2.4
    endloop
  endfacet
  facet normal 0 0 1
    outer loop
      vertex 13.923 -10.6295 2.4
      vertex 22.9136 -14.282 2.4
      vertex 23.7877 -12.7836 2.4
    endloop
  endfacet
  facet normal 0 -0 1
    outer loop
      vertex 23.7088 -18.3882 2.4
      vertex 24.6608 -17.0907 2.4
      vertex 21.8462 -15.8726 2.4
    endloop
  endfacet
  facet normal -0 0 1
    outer loop
      vertex 21.0742 -16.8877 2.4
      vertex 23.7088 -18.3882 2.4
      vertex 21.4661 -16.3848 2.4
    endloop
  endfacet
  facet normal 0 -0 1
    outer loop
      vertex 22.6904 -19.6312 2.4
      vertex 23.7088 -18.3882 2.4
      vertex 21.0742 -16.8877 2.4
    endloop
  endfacet
  facet normal -0 0 1
    outer loop
      vertex 20.2559 -17.8644 2.4
      vertex 22.6904 -19.6312 2.4
      vertex 20.6707 -17.381 2.4
    endloop
  endfacet
  facet normal -0 0 1
    outer loop
      vertex 19.8298 -18.3378 2.4
      vertex 22.6904 -19.6312 2.4
      vertex 20.2559 -17.8644 2.4
    endloop
  endfacet
  facet normal -0 0 1
    outer loop
      vertex 19.3928 -18.8008 2.4
      vertex 21.6083 -20.817 2.4
      vertex 19.8298 -18.3378 2.4
    endloop
  endfacet
  facet normal -0 0 1
    outer loop
      vertex 18.9451 -19.2534 2.4
      vertex 21.6083 -20.817 2.4
      vertex 19.3928 -18.8008 2.4
    endloop
  endfacet
  facet normal -0 0 1
    outer loop
      vertex 18.4868 -19.6951 2.4
      vertex 20.465 -21.943 2.4
      vertex 18.9451 -19.2534 2.4
    endloop
  endfacet
  facet normal 0 0 1
    outer loop
      vertex 18.0182 -20.1259 2.4
      vertex 19.2632 -23.0064 2.4
      vertex 20.465 -21.943 2.4
    endloop
  endfacet
  facet normal -0 0 1
    outer loop
      vertex 17.5395 -20.5454 2.4
      vertex 19.2632 -23.0064 2.4
      vertex 18.0182 -20.1259 2.4
    endloop
  endfacet
  facet normal 0 0 1
    outer loop
      vertex 17.0509 -20.9535 2.4
      vertex 16.5526 -21.3498 2.4
      vertex 19.2632 -23.0064 2.4
    endloop
  endfacet
  facet normal 0 0 1
    outer loop
      vertex 16.5526 -21.3498 2.4
      vertex 16.0448 -21.7342 2.4
      vertex 18.0054 -24.0047 2.4
    endloop
  endfacet
  facet normal 0 0 1
    outer loop
      vertex 18.0054 -24.0047 2.4
      vertex 15.5277 -22.1065 2.4
      vertex 16.6944 -24.9351 2.4
    endloop
  endfacet
  facet normal 0 0 1
    outer loop
      vertex 16.6944 -24.9351 2.4
      vertex 15.0016 -22.4663 2.4
      vertex 14.4666 -22.8135 2.4
    endloop
  endfacet
  facet normal -0 0 1
    outer loop
      vertex 13.3047 -23.5097 2.4
      vertex 15.3327 -25.795 2.4
      vertex 13.923 -23.1478 2.4
    endloop
  endfacet
  facet normal -0 0 1
    outer loop
      vertex 12.6768 -23.8554 2.4
      vertex 13.923 -26.5817 2.4
      vertex 13.3047 -23.5097 2.4
    endloop
  endfacet
  facet normal 0 -0 1
    outer loop
      vertex 13.2916 -26.9024 2.4
      vertex 13.923 -26.5817 2.4
      vertex 12.0396 -24.1847 2.4
    endloop
  endfacet
  facet normal 0 0 1
    outer loop
      vertex 13.2916 -26.9024 2.4
      vertex 12.0396 -24.1847 2.4
      vertex 11.3934 -24.4974 2.4
    endloop
  endfacet
  facet normal 0 0 1
    outer loop
      vertex 12.6524 -27.2088 2.4
      vertex 11.3934 -24.4974 2.4
      vertex 12.0056 -27.5008 2.4
    endloop
  endfacet
  facet normal 0 0 1
    outer loop
      vertex 11.3934 -24.4974 2.4
      vertex 10.7383 -24.793 2.4
      vertex 12.0056 -27.5008 2.4
    endloop
  endfacet
  facet normal 0 0 1
    outer loop
      vertex 10.7383 -24.793 2.4
      vertex 10.0747 -25.0715 2.4
      vertex 11.3514 -27.7779 2.4
    endloop
  endfacet
  facet normal 0 0 1
    outer loop
      vertex 10.0747 -25.0715 2.4
      vertex 10.69 -28.0401 2.4
      vertex 11.3514 -27.7779 2.4
    endloop
  endfacet
  facet normal 0 0 1
    outer loop
      vertex 9.40283 -25.3325 2.4
      vertex 10.0216 -28.2871 2.4
      vertex 10.69 -28.0401 2.4
    endloop
  endfacet
  facet normal 0 0 1
    outer loop
      vertex 8.72291 -25.5757 2.4
      vertex 9.34637 -28.5186 2.4
      vertex 10.0216 -28.2871 2.4
    endloop
  endfacet
  facet normal -0 0 1
    outer loop
      vertex 8.03522 -25.801 2.4
      vertex 9.34637 -28.5186 2.4
      vertex 8.72291 -25.5757 2.4
    endloop
  endfacet
  facet normal -0 0 1
    outer loop
      vertex 7.34001 -26.0081 2.4
      vertex 8.66447 -28.7344 2.4
      vertex 8.03522 -25.801 2.4
    endloop
  endfacet
  facet normal 0 -0 1
    outer loop
      vertex 7.97611 -28.9344 2.4
      vertex 8.66447 -28.7344 2.4
      vertex 7.34001 -26.0081 2.4
    endloop
  endfacet
  facet normal 0 -0 1
    outer loop
      vertex 7.28148 -29.1181 2.4
      vertex 7.97611 -28.9344 2.4
      vertex 6.63754 -26.1966 2.4
    endloop
  endfacet
  facet normal 0 0 1
    outer loop
      vertex 7.28148 -29.1181 2.4
      vertex 6.63754 -26.1966 2.4
      vertex 5.92807 -26.3664 2.4
    endloop
  endfacet
  facet normal 0 0 1
    outer loop
      vertex 6.58075 -29.2855 2.4
      vertex 5.92807 -26.3664 2.4
      vertex 5.87413 -29.4362 2.4
    endloop
  endfacet
  facet normal 0 0 1
    outer loop
      vertex 5.92807 -26.3664 2.4
      vertex 5.21186 -26.5172 2.4
      vertex 5.87413 -29.4362 2.4
    endloop
  endfacet
  facet normal 0 0 1
    outer loop
      vertex 5.21186 -26.5172 2.4
      vertex 4.48917 -26.6487 2.4
      vertex 5.16179 -29.5701 2.4
    endloop
  endfacet
  facet normal 0 0 1
    outer loop
      vertex 4.48917 -26.6487 2.4
      vertex 3.76024 -26.7607 2.4
      vertex 4.44393 -29.6869 2.4
    endloop
  endfacet
  facet normal 0 0 1
    outer loop
      vertex 3.76024 -26.7607 2.4
      vertex 3.72073 -29.7864 2.4
      vertex 4.44393 -29.6869 2.4
    endloop
  endfacet
  facet normal 0 0 1
    outer loop
      vertex 3.02535 -26.8529 2.4
      vertex 2.99238 -29.8683 2.4
      vertex 3.72073 -29.7864 2.4
    endloop
  endfacet
  facet normal -0 0 1
    outer loop
      vertex 2.28474 -26.9251 2.4
      vertex 2.99238 -29.8683 2.4
      vertex 3.02535 -26.8529 2.4
    endloop
  endfacet
  facet normal -0 0 1
    outer loop
      vertex 1.53868 -26.9769 2.4
      vertex 2.25907 -29.9324 2.4
      vertex 2.28474 -26.9251 2.4
    endloop
  endfacet
  facet normal 0 0 1
    outer loop
      vertex 1.52098 -29.9785 2.4
      vertex 2.25907 -29.9324 2.4
      vertex 1.53868 -26.9769 2.4
    endloop
  endfacet
  facet normal 0 -0 1
    outer loop
      vertex 0.778297 -30.0063 2.4
      vertex 0.787416 -27.0082 2.4
      vertex 0.031215 -27.0187 2.4
    endloop
  endfacet
  facet normal 0 0 1
    outer loop
      vertex 0.778297 -30.0063 2.4
      vertex 1.52098 -29.9785 2.4
      vertex 0.787416 -27.0082 2.4
    endloop
  endfacet
  facet normal 0.0374057 -0.9993 0
    outer loop
      vertex 1.52098 -29.9785 0
      vertex 0.778297 -30.0063 2.4
      vertex 0.778297 -30.0063 0
    endloop
  endfacet
  facet normal 0.0374057 -0.9993 0
    outer loop
      vertex 1.52098 -29.9785 0
      vertex 1.52098 -29.9785 2.4
      vertex 0.778297 -30.0063 2.4
    endloop
  endfacet
  facet normal 0.062337 -0.998055 0
    outer loop
      vertex 2.25907 -29.9324 0
      vertex 1.52098 -29.9785 2.4
      vertex 1.52098 -29.9785 0
    endloop
  endfacet
  facet normal 0.062337 -0.998055 0
    outer loop
      vertex 2.25907 -29.9324 0
      vertex 2.25907 -29.9324 2.4
      vertex 1.52098 -29.9785 2.4
    endloop
  endfacet
  facet normal 0.0870798 -0.996201 0
    outer loop
      vertex 2.99238 -29.8683 0
      vertex 2.25907 -29.9324 2.4
      vertex 2.25907 -29.9324 0
    endloop
  endfacet
  facet normal 0.0870798 -0.996201 0
    outer loop
      vertex 2.99238 -29.8683 0
      vertex 2.99238 -29.8683 2.4
      vertex 2.25907 -29.9324 2.4
    endloop
  endfacet
  facet normal 0.111742 -0.993737 0
    outer loop
      vertex 3.72073 -29.7864 0
      vertex 2.99238 -29.8683 2.4
      vertex 2.99238 -29.8683 0
    endloop
  endfacet
  facet normal 0.111742 -0.993737 0
    outer loop
      vertex 3.72073 -29.7864 0
      vertex 3.72073 -29.7864 2.4
      vertex 2.99238 -29.8683 2.4
    endloop
  endfacet
  facet normal 0.136299 -0.990668 0
    outer loop
      vertex 4.44393 -29.6869 0
      vertex 3.72073 -29.7864 2.4
      vertex 3.72073 -29.7864 0
    endloop
  endfacet
  facet normal 0.136299 -0.990668 0
    outer loop
      vertex 4.44393 -29.6869 0
      vertex 4.44393 -29.6869 2.4
      vertex 3.72073 -29.7864 2.4
    endloop
  endfacet
  facet normal 0.160594 -0.987021 0
    outer loop
      vertex 5.16179 -29.5701 0
      vertex 4.44393 -29.6869 2.4
      vertex 4.44393 -29.6869 0
    endloop
  endfacet
  facet normal 0.160594 -0.987021 0
    outer loop
      vertex 5.16179 -29.5701 0
      vertex 5.16179 -29.5701 2.4
      vertex 4.44393 -29.6869 2.4
    endloop
  endfacet
  facet normal 0.184737 -0.982788 0
    outer loop
      vertex 5.87413 -29.4362 0
      vertex 5.16179 -29.5701 2.4
      vertex 5.16179 -29.5701 0
    endloop
  endfacet
  facet normal 0.184737 -0.982788 0
    outer loop
      vertex 5.87413 -29.4362 0
      vertex 5.87413 -29.4362 2.4
      vertex 5.16179 -29.5701 2.4
    endloop
  endfacet
  facet normal 0.208578 -0.978006 0
    outer loop
      vertex 6.58075 -29.2855 0
      vertex 5.87413 -29.4362 2.4
      vertex 5.87413 -29.4362 0
    endloop
  endfacet
  facet normal 0.208578 -0.978006 0
    outer loop
      vertex 6.58075 -29.2855 0
      vertex 6.58075 -29.2855 2.4
      vertex 5.87413 -29.4362 2.4
    endloop
  endfacet
  facet normal 0.232355 -0.972631 0
    outer loop
      vertex 7.28148 -29.1181 0
      vertex 6.58075 -29.2855 2.4
      vertex 6.58075 -29.2855 0
    endloop
  endfacet
  facet normal 0.232355 -0.972631 0
    outer loop
      vertex 7.28148 -29.1181 0
      vertex 7.28148 -29.1181 2.4
      vertex 6.58075 -29.2855 2.4
    endloop
  endfacet
  facet normal 0.255668 -0.966765 0
    outer loop
      vertex 7.97611 -28.9344 0
      vertex 7.28148 -29.1181 2.4
      vertex 7.28148 -29.1181 0
    endloop
  endfacet
  facet normal 0.255668 -0.966765 0
    outer loop
      vertex 7.97611 -28.9344 0
      vertex 7.97611 -28.9344 2.4
      vertex 7.28148 -29.1181 2.4
    endloop
  endfacet
  facet normal 0.279008 -0.960289 0
    outer loop
      vertex 8.66447 -28.7344 0
      vertex 7.97611 -28.9344 2.4
      vertex 7.97611 -28.9344 0
    endloop
  endfacet
  facet normal 0.279008 -0.960289 0
    outer loop
      vertex 8.66447 -28.7344 0
      vertex 8.66447 -28.7344 2.4
      vertex 7.97611 -28.9344 2.4
    endloop
  endfacet
  facet normal 0.30172 -0.953397 0
    outer loop
      vertex 9.34637 -28.5186 0
      vertex 8.66447 -28.7344 2.4
      vertex 8.66447 -28.7344 0
    endloop
  endfacet
  facet normal 0.30172 -0.953397 0
    outer loop
      vertex 9.34637 -28.5186 0
      vertex 9.34637 -28.5186 2.4
      vertex 8.66447 -28.7344 2.4
    endloop
  endfacet
  facet normal 0.324315 -0.945949 0
    outer loop
      vertex 10.0216 -28.2871 0
      vertex 9.34637 -28.5186 2.4
      vertex 9.34637 -28.5186 0
    endloop
  endfacet
  facet normal 0.324315 -0.945949 0
    outer loop
      vertex 10.0216 -28.2871 0
      vertex 10.0216 -28.2871 2.4
      vertex 9.34637 -28.5186 2.4
    endloop
  endfacet
  facet normal 0.346629 -0.938002 0
    outer loop
      vertex 10.69 -28.0401 0
      vertex 10.0216 -28.2871 2.4
      vertex 10.0216 -28.2871 0
    endloop
  endfacet
  facet normal 0.346629 -0.938002 0
    outer loop
      vertex 10.69 -28.0401 0
      vertex 10.69 -28.0401 2.4
      vertex 10.0216 -28.2871 2.4
    endloop
  endfacet
  facet normal 0.368529 -0.929616 0
    outer loop
      vertex 11.3514 -27.7779 0
      vertex 10.69 -28.0401 2.4
      vertex 10.69 -28.0401 0
    endloop
  endfacet
  facet normal 0.368529 -0.929616 0
    outer loop
      vertex 11.3514 -27.7779 0
      vertex 11.3514 -27.7779 2.4
      vertex 10.69 -28.0401 2.4
    endloop
  endfacet
  facet normal 0.390026 -0.920804 0
    outer loop
      vertex 12.0056 -27.5008 0
      vertex 11.3514 -27.7779 2.4
      vertex 11.3514 -27.7779 0
    endloop
  endfacet
  facet normal 0.390026 -0.920804 0
    outer loop
      vertex 12.0056 -27.5008 0
      vertex 12.0056 -27.5008 2.4
      vertex 11.3514 -27.7779 2.4
    endloop
  endfacet
  facet normal 0.411466 -0.911425 0
    outer loop
      vertex 12.6524 -27.2088 0
      vertex 12.0056 -27.5008 2.4
      vertex 12.0056 -27.5008 0
    endloop
  endfacet
  facet normal 0.411466 -0.911425 0
    outer loop
      vertex 12.6524 -27.2088 0
      vertex 12.6524 -27.2088 2.4
      vertex 12.0056 -27.5008 2.4
    endloop
  endfacet
  facet normal 0.432254 -0.901752 0
    outer loop
      vertex 13.2916 -26.9024 0
      vertex 12.6524 -27.2088 2.4
      vertex 12.6524 -27.2088 0
    endloop
  endfacet
  facet normal 0.432254 -0.901752 0
    outer loop
      vertex 13.2916 -26.9024 0
      vertex 13.2916 -26.9024 2.4
      vertex 12.6524 -27.2088 2.4
    endloop
  endfacet
  facet normal 0.452853 -0.891585 0
    outer loop
      vertex 13.923 -26.5817 0
      vertex 13.2916 -26.9024 2.4
      vertex 13.2916 -26.9024 0
    endloop
  endfacet
  facet normal 0.452853 -0.891585 0
    outer loop
      vertex 13.923 -26.5817 0
      vertex 13.923 -26.5817 2.4
      vertex 13.2916 -26.9024 2.4
    endloop
  endfacet
  facet normal 0.487315 -0.873227 0
    outer loop
      vertex 15.3327 -25.795 0
      vertex 13.923 -26.5817 2.4
      vertex 13.923 -26.5817 0
    endloop
  endfacet
  facet normal 0.487315 -0.873227 0
    outer loop
      vertex 15.3327 -25.795 0
      vertex 15.3327 -25.795 2.4
      vertex 13.923 -26.5817 2.4
    endloop
  endfacet
  facet normal 0.533939 -0.845523 0
    outer loop
      vertex 16.6944 -24.9351 0
      vertex 15.3327 -25.795 2.4
      vertex 15.3327 -25.795 0
    endloop
  endfacet
  facet normal 0.533939 -0.845523 0
    outer loop
      vertex 16.6944 -24.9351 0
      vertex 16.6944 -24.9351 2.4
      vertex 15.3327 -25.795 2.4
    endloop
  endfacet
  facet normal 0.578752 -0.815503 0
    outer loop
      vertex 18.0054 -24.0047 0
      vertex 16.6944 -24.9351 2.4
      vertex 16.6944 -24.9351 0
    endloop
  endfacet
  facet normal 0.578752 -0.815503 0
    outer loop
      vertex 18.0054 -24.0047 0
      vertex 18.0054 -24.0047 2.4
      vertex 16.6944 -24.9351 2.4
    endloop
  endfacet
  facet normal 0.621675 -0.783275 0
    outer loop
      vertex 19.2632 -23.0064 0
      vertex 18.0054 -24.0047 2.4
      vertex 18.0054 -24.0047 0
    endloop
  endfacet
  facet normal 0.621675 -0.783275 0
    outer loop
      vertex 19.2632 -23.0064 0
      vertex 19.2632 -23.0064 2.4
      vertex 18.0054 -24.0047 2.4
    endloop
  endfacet
  facet normal 0.662668 -0.748913 0
    outer loop
      vertex 20.465 -21.943 0
      vertex 19.2632 -23.0064 2.4
      vertex 19.2632 -23.0064 0
    endloop
  endfacet
  facet normal 0.662668 -0.748913 0
    outer loop
      vertex 20.465 -21.943 0
      vertex 20.465 -21.943 2.4
      vertex 19.2632 -23.0064 2.4
    endloop
  endfacet
  facet normal 0.701696 -0.712477 0
    outer loop
      vertex 21.6083 -20.817 0
      vertex 20.465 -21.943 2.4
      vertex 20.465 -21.943 0
    endloop
  endfacet
  facet normal 0.701696 -0.712477 0
    outer loop
      vertex 21.6083 -20.817 0
      vertex 21.6083 -20.817 2.4
      vertex 20.465 -21.943 2.4
    endloop
  endfacet
  facet normal 0.738668 -0.67407 0
    outer loop
      vertex 22.6904 -19.6312 0
      vertex 21.6083 -20.817 2.4
      vertex 21.6083 -20.817 0
    endloop
  endfacet
  facet normal 0.738668 -0.67407 0
    outer loop
      vertex 22.6904 -19.6312 0
      vertex 22.6904 -19.6312 2.4
      vertex 21.6083 -20.817 2.4
    endloop
  endfacet
  facet normal 0.77353 -0.63376 0
    outer loop
      vertex 23.7088 -18.3882 0
      vertex 22.6904 -19.6312 2.4
      vertex 22.6904 -19.6312 0
    endloop
  endfacet
  facet normal 0.77353 -0.63376 0
    outer loop
      vertex 23.7088 -18.3882 0
      vertex 23.7088 -18.3882 2.4
      vertex 22.6904 -19.6312 2.4
    endloop
  endfacet
  facet normal 0.806257 -0.591566 0
    outer loop
      vertex 24.6608 -17.0907 0
      vertex 23.7088 -18.3882 2.4
      vertex 23.7088 -18.3882 0
    endloop
  endfacet
  facet normal 0.806257 -0.591566 0
    outer loop
      vertex 24.6608 -17.0907 0
      vertex 24.6608 -17.0907 2.4
      vertex 23.7088 -18.3882 2.4
    endloop
  endfacet
  facet normal 0.836781 -0.547538 0
    outer loop
      vertex 25.5437 -15.7414 0
      vertex 24.6608 -17.0907 2.4
      vertex 24.6608 -17.0907 0
    endloop
  endfacet
  facet normal 0.836781 -0.547538 0
    outer loop
      vertex 25.5437 -15.7414 0
      vertex 25.5437 -15.7414 2.4
      vertex 24.6608 -17.0907 2.4
    endloop
  endfacet
  facet normal 0.864986 -0.501797 0
    outer loop
      vertex 26.355 -14.3429 0
      vertex 25.5437 -15.7414 2.4
      vertex 25.5437 -15.7414 0
    endloop
  endfacet
  facet normal 0.864986 -0.501797 0
    outer loop
      vertex 26.355 -14.3429 0
      vertex 26.355 -14.3429 2.4
      vertex 25.5437 -15.7414 2.4
    endloop
  endfacet
  facet normal 0.890823 -0.454351 0
    outer loop
      vertex 27.092 -12.8979 0
      vertex 26.355 -14.3429 2.4
      vertex 26.355 -14.3429 0
    endloop
  endfacet
  facet normal 0.890823 -0.454351 0
    outer loop
      vertex 27.092 -12.8979 0
      vertex 27.092 -12.8979 2.4
      vertex 26.355 -14.3429 2.4
    endloop
  endfacet
  facet normal 0.914151 -0.405375 0
    outer loop
      vertex 27.7522 -11.4091 0
      vertex 27.092 -12.8979 2.4
      vertex 27.092 -12.8979 0
    endloop
  endfacet
  facet normal 0.914151 -0.405375 0
    outer loop
      vertex 27.7522 -11.4091 0
      vertex 27.7522 -11.4091 2.4
      vertex 27.092 -12.8979 2.4
    endloop
  endfacet
  facet normal 0.934943 -0.354799 0
    outer loop
      vertex 28.3328 -9.87914 0
      vertex 27.7522 -11.4091 2.4
      vertex 27.7522 -11.4091 0
    endloop
  endfacet
  facet normal 0.934943 -0.354799 0
    outer loop
      vertex 28.3328 -9.87914 0
      vertex 28.3328 -9.87914 2.4
      vertex 27.7522 -11.4091 2.4
    endloop
  endfacet
  facet normal 0.953023 -0.302897 0
    outer loop
      vertex 28.8313 -8.31068 0
      vertex 28.3328 -9.87914 2.4
      vertex 28.3328 -9.87914 0
    endloop
  endfacet
  facet normal 0.953023 -0.302897 0
    outer loop
      vertex 28.8313 -8.31068 0
      vertex 28.8313 -8.31068 2.4
      vertex 28.3328 -9.87914 2.4
    endloop
  endfacet
  facet normal 0.968323 -0.249702 0
    outer loop
      vertex 29.245 -6.70639 0
      vertex 28.8313 -8.31068 2.4
      vertex 28.8313 -8.31068 0
    endloop
  endfacet
  facet normal 0.968323 -0.249702 0
    outer loop
      vertex 29.245 -6.70639 0
      vertex 29.245 -6.70639 2.4
      vertex 28.8313 -8.31068 2.4
    endloop
  endfacet
  facet normal 0.980706 -0.195488 0
    outer loop
      vertex 29.5714 -5.06894 0
      vertex 29.245 -6.70639 2.4
      vertex 29.245 -6.70639 0
    endloop
  endfacet
  facet normal 0.980706 -0.195488 0
    outer loop
      vertex 29.5714 -5.06894 0
      vertex 29.5714 -5.06894 2.4
      vertex 29.245 -6.70639 2.4
    endloop
  endfacet
  facet normal 0.990105 -0.140331 0
    outer loop
      vertex 29.8078 -3.40102 0
      vertex 29.5714 -5.06894 2.4
      vertex 29.5714 -5.06894 0
    endloop
  endfacet
  facet normal 0.990105 -0.140331 0
    outer loop
      vertex 29.8078 -3.40102 0
      vertex 29.8078 -3.40102 2.4
      vertex 29.5714 -5.06894 2.4
    endloop
  endfacet
  facet normal 0.996429 -0.0844391 0
    outer loop
      vertex 29.9515 -1.70528 0
      vertex 29.8078 -3.40102 2.4
      vertex 29.8078 -3.40102 0
    endloop
  endfacet
  facet normal 0.996429 -0.0844391 0
    outer loop
      vertex 29.9515 -1.70528 0
      vertex 29.9515 -1.70528 2.4
      vertex 29.8078 -3.40102 2.4
    endloop
  endfacet
  facet normal 0.999603 -0.0281719 0
    outer loop
      vertex 30 0.0156075 0
      vertex 29.9515 -1.70528 2.4
      vertex 29.9515 -1.70528 0
    endloop
  endfacet
  facet normal 0.999603 -0.0281719 0
    outer loop
      vertex 30 0.0156075 0
      vertex 30 0.0156075 2.4
      vertex 29.9515 -1.70528 2.4
    endloop
  endfacet
  facet normal 0.999603 0.0281756 0
    outer loop
      vertex 29.9515 1.73627 0
      vertex 30 0.0156075 2.4
      vertex 30 0.0156075 0
    endloop
  endfacet
  facet normal 0.999603 0.0281756 -0
    outer loop
      vertex 29.9515 1.73627 0
      vertex 29.9515 1.73627 2.4
      vertex 30 0.0156075 2.4
    endloop
  endfacet
  facet normal 0.996426 0.0844698 0
    outer loop
      vertex 29.8078 3.43139 0
      vertex 29.9515 1.73627 2.4
      vertex 29.9515 1.73627 0
    endloop
  endfacet
  facet normal 0.996426 0.0844698 -0
    outer loop
      vertex 29.8078 3.43139 0
      vertex 29.8078 3.43139 2.4
      vertex 29.9515 1.73627 2.4
    endloop
  endfacet
  facet normal 0.990094 0.140408 0
    outer loop
      vertex 29.5714 5.09837 0
      vertex 29.8078 3.43139 2.4
      vertex 29.8078 3.43139 0
    endloop
  endfacet
  facet normal 0.990094 0.140408 -0
    outer loop
      vertex 29.5714 5.09837 0
      vertex 29.5714 5.09837 2.4
      vertex 29.8078 3.43139 2.4
    endloop
  endfacet
  facet normal 0.980678 0.195627 0
    outer loop
      vertex 29.245 6.73461 0
      vertex 29.5714 5.09837 2.4
      vertex 29.5714 5.09837 0
    endloop
  endfacet
  facet normal 0.980678 0.195627 -0
    outer loop
      vertex 29.245 6.73461 0
      vertex 29.245 6.73461 2.4
      vertex 29.5714 5.09837 2.4
    endloop
  endfacet
  facet normal 0.96827 0.249907 0
    outer loop
      vertex 28.8313 8.3375 0
      vertex 29.245 6.73461 2.4
      vertex 29.245 6.73461 0
    endloop
  endfacet
  facet normal 0.96827 0.249907 -0
    outer loop
      vertex 28.8313 8.3375 0
      vertex 28.8313 8.3375 2.4
      vertex 29.245 6.73461 2.4
    endloop
  endfacet
  facet normal 0.95294 0.30316 0
    outer loop
      vertex 28.3328 9.90446 0
      vertex 28.8313 8.3375 2.4
      vertex 28.8313 8.3375 0
    endloop
  endfacet
  facet normal 0.95294 0.30316 -0
    outer loop
      vertex 28.3328 9.90446 0
      vertex 28.3328 9.90446 2.4
      vertex 28.8313 8.3375 2.4
    endloop
  endfacet
  facet normal 0.934826 0.355107 0
    outer loop
      vertex 27.7522 11.4329 0
      vertex 28.3328 9.90446 2.4
      vertex 28.3328 9.90446 0
    endloop
  endfacet
  facet normal 0.934826 0.355107 -0
    outer loop
      vertex 27.7522 11.4329 0
      vertex 27.7522 11.4329 2.4
      vertex 28.3328 9.90446 2.4
    endloop
  endfacet
  facet normal 0.913999 0.405716 0
    outer loop
      vertex 27.092 12.9202 0
      vertex 27.7522 11.4329 2.4
      vertex 27.7522 11.4329 0
    endloop
  endfacet
  facet normal 0.913999 0.405716 -0
    outer loop
      vertex 27.092 12.9202 0
      vertex 27.092 12.9202 2.4
      vertex 27.7522 11.4329 2.4
    endloop
  endfacet
  facet normal 0.890632 0.454725 0
    outer loop
      vertex 26.355 14.3637 0
      vertex 27.092 12.9202 2.4
      vertex 27.092 12.9202 0
    endloop
  endfacet
  facet normal 0.890632 0.454725 -0
    outer loop
      vertex 26.355 14.3637 0
      vertex 26.355 14.3637 2.4
      vertex 27.092 12.9202 2.4
    endloop
  endfacet
  facet normal 0.864783 0.502146 0
    outer loop
      vertex 25.5437 15.7609 0
      vertex 26.355 14.3637 2.4
      vertex 26.355 14.3637 0
    endloop
  endfacet
  facet normal 0.864783 0.502146 -0
    outer loop
      vertex 25.5437 15.7609 0
      vertex 25.5437 15.7609 2.4
      vertex 26.355 14.3637 2.4
    endloop
  endfacet
  facet normal 0.836594 0.547823 0
    outer loop
      vertex 24.6608 17.1092 0
      vertex 25.5437 15.7609 2.4
      vertex 25.5437 15.7609 0
    endloop
  endfacet
  facet normal 0.836594 0.547823 -0
    outer loop
      vertex 24.6608 17.1092 0
      vertex 24.6608 17.1092 2.4
      vertex 25.5437 15.7609 2.4
    endloop
  endfacet
  facet normal 0.806105 0.591773 0
    outer loop
      vertex 23.7088 18.406 0
      vertex 24.6608 17.1092 2.4
      vertex 24.6608 17.1092 0
    endloop
  endfacet
  facet normal 0.806105 0.591773 -0
    outer loop
      vertex 23.7088 18.406 0
      vertex 23.7088 18.406 2.4
      vertex 24.6608 17.1092 2.4
    endloop
  endfacet
  facet normal 0.77343 0.633882 0
    outer loop
      vertex 22.6904 19.6486 0
      vertex 23.7088 18.406 2.4
      vertex 23.7088 18.406 0
    endloop
  endfacet
  facet normal 0.77343 0.633882 -0
    outer loop
      vertex 22.6904 19.6486 0
      vertex 22.6904 19.6486 2.4
      vertex 23.7088 18.406 2.4
    endloop
  endfacet
  facet normal 0.738696 0.674039 0
    outer loop
      vertex 21.6083 20.8345 0
      vertex 22.6904 19.6486 2.4
      vertex 22.6904 19.6486 0
    endloop
  endfacet
  facet normal 0.738696 0.674039 -0
    outer loop
      vertex 21.6083 20.8345 0
      vertex 21.6083 20.8345 2.4
      vertex 22.6904 19.6486 2.4
    endloop
  endfacet
  facet normal 0.701854 0.712321 0
    outer loop
      vertex 20.465 21.961 0
      vertex 21.6083 20.8345 2.4
      vertex 21.6083 20.8345 0
    endloop
  endfacet
  facet normal 0.701854 0.712321 -0
    outer loop
      vertex 20.465 21.961 0
      vertex 20.465 21.961 2.4
      vertex 21.6083 20.8345 2.4
    endloop
  endfacet
  facet normal 0.663087 0.748542 0
    outer loop
      vertex 19.2632 23.0256 0
      vertex 20.465 21.961 2.4
      vertex 20.465 21.961 0
    endloop
  endfacet
  facet normal 0.663087 0.748542 -0
    outer loop
      vertex 19.2632 23.0256 0
      vertex 19.2632 23.0256 2.4
      vertex 20.465 21.961 2.4
    endloop
  endfacet
  facet normal 0.622362 0.782729 0
    outer loop
      vertex 18.0054 24.0257 0
      vertex 19.2632 23.0256 2.4
      vertex 19.2632 23.0256 0
    endloop
  endfacet
  facet normal 0.622362 0.782729 -0
    outer loop
      vertex 18.0054 24.0257 0
      vertex 18.0054 24.0257 2.4
      vertex 19.2632 23.0256 2.4
    endloop
  endfacet
  facet normal 0.579826 0.81474 0
    outer loop
      vertex 16.6944 24.9587 0
      vertex 18.0054 24.0257 2.4
      vertex 18.0054 24.0257 0
    endloop
  endfacet
  facet normal 0.579826 0.81474 -0
    outer loop
      vertex 16.6944 24.9587 0
      vertex 16.6944 24.9587 2.4
      vertex 18.0054 24.0257 2.4
    endloop
  endfacet
  facet normal 0.535446 0.844569 0
    outer loop
      vertex 15.3327 25.822 0
      vertex 16.6944 24.9587 2.4
      vertex 16.6944 24.9587 0
    endloop
  endfacet
  facet normal 0.535446 0.844569 -0
    outer loop
      vertex 15.3327 25.822 0
      vertex 15.3327 25.822 2.4
      vertex 16.6944 24.9587 2.4
    endloop
  endfacet
  facet normal 0.489295 0.872119 0
    outer loop
      vertex 13.923 26.6129 0
      vertex 15.3327 25.822 2.4
      vertex 15.3327 25.822 0
    endloop
  endfacet
  facet normal 0.489295 0.872119 -0
    outer loop
      vertex 13.923 26.6129 0
      vertex 13.923 26.6129 2.4
      vertex 15.3327 25.822 2.4
    endloop
  endfacet
  facet normal 0.452628 0.891699 0
    outer loop
      vertex 13.2916 26.9334 0
      vertex 13.923 26.6129 2.4
      vertex 13.923 26.6129 0
    endloop
  endfacet
  facet normal 0.452628 0.891699 -0
    outer loop
      vertex 13.2916 26.9334 0
      vertex 13.2916 26.9334 2.4
      vertex 13.923 26.6129 2.4
    endloop
  endfacet
  facet normal 0.431565 0.902082 0
    outer loop
      vertex 12.6524 27.2392 0
      vertex 13.2916 26.9334 2.4
      vertex 13.2916 26.9334 0
    endloop
  endfacet
  facet normal 0.431565 0.902082 -0
    outer loop
      vertex 12.6524 27.2392 0
      vertex 12.6524 27.2392 2.4
      vertex 13.2916 26.9334 2.4
    endloop
  endfacet
  facet normal 0.410177 0.912006 0
    outer loop
      vertex 12.0056 27.5301 0
      vertex 12.6524 27.2392 2.4
      vertex 12.6524 27.2392 0
    endloop
  endfacet
  facet normal 0.410177 0.912006 -0
    outer loop
      vertex 12.0056 27.5301 0
      vertex 12.0056 27.5301 2.4
      vertex 12.6524 27.2392 2.4
    endloop
  endfacet
  facet normal 0.388473 0.92146 0
    outer loop
      vertex 11.3514 27.8059 0
      vertex 12.0056 27.5301 2.4
      vertex 12.0056 27.5301 0
    endloop
  endfacet
  facet normal 0.388473 0.92146 -0
    outer loop
      vertex 11.3514 27.8059 0
      vertex 11.3514 27.8059 2.4
      vertex 12.0056 27.5301 2.4
    endloop
  endfacet
  facet normal 0.366584 0.930385 0
    outer loop
      vertex 10.69 28.0665 0
      vertex 11.3514 27.8059 2.4
      vertex 11.3514 27.8059 0
    endloop
  endfacet
  facet normal 0.366584 0.930385 -0
    outer loop
      vertex 10.69 28.0665 0
      vertex 10.69 28.0665 2.4
      vertex 11.3514 27.8059 2.4
    endloop
  endfacet
  facet normal 0.344279 0.938867 0
    outer loop
      vertex 10.0216 28.3116 0
      vertex 10.69 28.0665 2.4
      vertex 10.69 28.0665 0
    endloop
  endfacet
  facet normal 0.344279 0.938867 -0
    outer loop
      vertex 10.0216 28.3116 0
      vertex 10.0216 28.3116 2.4
      vertex 10.69 28.0665 2.4
    endloop
  endfacet
  facet normal 0.321679 0.946849 0
    outer loop
      vertex 9.34637 28.541 0
      vertex 10.0216 28.3116 2.4
      vertex 10.0216 28.3116 0
    endloop
  endfacet
  facet normal 0.321679 0.946849 -0
    outer loop
      vertex 9.34637 28.541 0
      vertex 9.34637 28.541 2.4
      vertex 10.0216 28.3116 2.4
    endloop
  endfacet
  facet normal 0.299048 0.954238 0
    outer loop
      vertex 8.66447 28.7547 0
      vertex 9.34637 28.541 2.4
      vertex 9.34637 28.541 0
    endloop
  endfacet
  facet normal 0.299048 0.954238 -0
    outer loop
      vertex 8.66447 28.7547 0
      vertex 8.66447 28.7547 2.4
      vertex 9.34637 28.541 2.4
    endloop
  endfacet
  facet normal 0.275916 0.961182 0
    outer loop
      vertex 7.97611 28.9523 0
      vertex 8.66447 28.7547 2.4
      vertex 8.66447 28.7547 0
    endloop
  endfacet
  facet normal 0.275916 0.961182 -0
    outer loop
      vertex 7.97611 28.9523 0
      vertex 7.97611 28.9523 2.4
      vertex 8.66447 28.7547 2.4
    endloop
  endfacet
  facet normal 0.252673 0.967552 0
    outer loop
      vertex 7.28148 29.1337 0
      vertex 7.97611 28.9523 2.4
      vertex 7.97611 28.9523 0
    endloop
  endfacet
  facet normal 0.252673 0.967552 -0
    outer loop
      vertex 7.28148 29.1337 0
      vertex 7.28148 29.1337 2.4
      vertex 7.97611 28.9523 2.4
    endloop
  endfacet
  facet normal 0.2292 0.973379 0
    outer loop
      vertex 6.58075 29.2987 0
      vertex 7.28148 29.1337 2.4
      vertex 7.28148 29.1337 0
    endloop
  endfacet
  facet normal 0.2292 0.973379 -0
    outer loop
      vertex 6.58075 29.2987 0
      vertex 6.58075 29.2987 2.4
      vertex 7.28148 29.1337 2.4
    endloop
  endfacet
  facet normal 0.205663 0.978623 0
    outer loop
      vertex 5.87413 29.4472 0
      vertex 6.58075 29.2987 2.4
      vertex 6.58075 29.2987 0
    endloop
  endfacet
  facet normal 0.205663 0.978623 -0
    outer loop
      vertex 5.87413 29.4472 0
      vertex 5.87413 29.4472 2.4
      vertex 6.58075 29.2987 2.4
    endloop
  endfacet
  facet normal 0.181803 0.983335 0
    outer loop
      vertex 5.16179 29.5789 0
      vertex 5.87413 29.4472 2.4
      vertex 5.87413 29.4472 0
    endloop
  endfacet
  facet normal 0.181803 0.983335 -0
    outer loop
      vertex 5.16179 29.5789 0
      vertex 5.16179 29.5789 2.4
      vertex 5.87413 29.4472 2.4
    endloop
  endfacet
  facet normal 0.157779 0.987474 0
    outer loop
      vertex 4.44393 29.6936 0
      vertex 5.16179 29.5789 2.4
      vertex 5.16179 29.5789 0
    endloop
  endfacet
  facet normal 0.157779 0.987474 -0
    outer loop
      vertex 4.44393 29.6936 0
      vertex 4.44393 29.6936 2.4
      vertex 5.16179 29.5789 2.4
    endloop
  endfacet
  facet normal 0.133743 0.991016 0
    outer loop
      vertex 3.72073 29.7912 0
      vertex 4.44393 29.6936 2.4
      vertex 4.44393 29.6936 0
    endloop
  endfacet
  facet normal 0.133743 0.991016 -0
    outer loop
      vertex 3.72073 29.7912 0
      vertex 3.72073 29.7912 2.4
      vertex 4.44393 29.6936 2.4
    endloop
  endfacet
  facet normal 0.109585 0.993977 0
    outer loop
      vertex 2.99238 29.8715 0
      vertex 3.72073 29.7912 2.4
      vertex 3.72073 29.7912 0
    endloop
  endfacet
  facet normal 0.109585 0.993977 -0
    outer loop
      vertex 2.99238 29.8715 0
      vertex 2.99238 29.8715 2.4
      vertex 3.72073 29.7912 2.4
    endloop
  endfacet
  facet normal 0.0853268 0.996353 0
    outer loop
      vertex 2.25907 29.9343 0
      vertex 2.99238 29.8715 2.4
      vertex 2.99238 29.8715 0
    endloop
  endfacet
  facet normal 0.0853268 0.996353 -0
    outer loop
      vertex 2.25907 29.9343 0
      vertex 2.25907 29.9343 2.4
      vertex 2.99238 29.8715 2.4
    endloop
  endfacet
  facet normal 0.0608552 0.998147 0
    outer loop
      vertex 1.52098 29.9793 0
      vertex 2.25907 29.9343 2.4
      vertex 2.25907 29.9343 0
    endloop
  endfacet
  facet normal 0.0608552 0.998147 -0
    outer loop
      vertex 1.52098 29.9793 0
      vertex 1.52098 29.9793 2.4
      vertex 2.25907 29.9343 2.4
    endloop
  endfacet
  facet normal 0.0365994 0.99933 0
    outer loop
      vertex 0.778297 30.0065 0
      vertex 1.52098 29.9793 2.4
      vertex 1.52098 29.9793 0
    endloop
  endfacet
  facet normal 0.0365994 0.99933 -0
    outer loop
      vertex 0.778297 30.0065 0
      vertex 0.778297 30.0065 2.4
      vertex 1.52098 29.9793 2.4
    endloop
  endfacet
  facet normal 0.0121798 0.999926 0
    outer loop
      vertex 0.031215 30.0156 0
      vertex 0.778297 30.0065 2.4
      vertex 0.778297 30.0065 0
    endloop
  endfacet
  facet normal 0.0121798 0.999926 -0
    outer loop
      vertex 0.031215 30.0156 0
      vertex 0.031215 30.0156 2.4
      vertex 0.778297 30.0065 2.4
    endloop
  endfacet
  facet normal -0.0121042 0.999927 0
    outer loop
      vertex -0.720538 30.0065 0
      vertex 0.031215 30.0156 2.4
      vertex 0.031215 30.0156 0
    endloop
  endfacet
  facet normal -0.0121042 0.999927 0
    outer loop
      vertex -0.720538 30.0065 0
      vertex -0.720538 30.0065 2.4
      vertex 0.031215 30.0156 2.4
    endloop
  endfacet
  facet normal -0.036373 0.999338 0
    outer loop
      vertex -1.46785 29.9793 0
      vertex -0.720538 30.0065 2.4
      vertex -0.720538 30.0065 0
    endloop
  endfacet
  facet normal -0.036373 0.999338 0
    outer loop
      vertex -1.46785 29.9793 0
      vertex -1.46785 29.9793 2.4
      vertex -0.720538 30.0065 2.4
    endloop
  endfacet
  facet normal -0.0604853 0.998169 0
    outer loop
      vertex -2.21047 29.9343 0
      vertex -1.46785 29.9793 2.4
      vertex -1.46785 29.9793 0
    endloop
  endfacet
  facet normal -0.0604853 0.998169 0
    outer loop
      vertex -2.21047 29.9343 0
      vertex -2.21047 29.9343 2.4
      vertex -1.46785 29.9793 2.4
    endloop
  endfacet
  facet normal -0.0848215 0.996396 0
    outer loop
      vertex -2.94818 29.8715 0
      vertex -2.21047 29.9343 2.4
      vertex -2.21047 29.9343 0
    endloop
  endfacet
  facet normal -0.0848215 0.996396 0
    outer loop
      vertex -2.94818 29.8715 0
      vertex -2.94818 29.8715 2.4
      vertex -2.21047 29.9343 2.4
    endloop
  endfacet
  facet normal -0.108964 0.994046 0
    outer loop
      vertex -3.68073 29.7912 0
      vertex -2.94818 29.8715 2.4
      vertex -2.94818 29.8715 0
    endloop
  endfacet
  facet normal -0.108964 0.994046 0
    outer loop
      vertex -3.68073 29.7912 0
      vertex -3.68073 29.7912 2.4
      vertex -2.94818 29.8715 2.4
    endloop
  endfacet
  facet normal -0.133024 0.991113 0
    outer loop
      vertex -4.40791 29.6936 0
      vertex -3.68073 29.7912 2.4
      vertex -3.68073 29.7912 0
    endloop
  endfacet
  facet normal -0.133024 0.991113 0
    outer loop
      vertex -4.40791 29.6936 0
      vertex -4.40791 29.6936 2.4
      vertex -3.68073 29.7912 2.4
    endloop
  endfacet
  facet normal -0.156992 0.9876 0
    outer loop
      vertex -5.12946 29.5789 0
      vertex -4.40791 29.6936 2.4
      vertex -4.40791 29.6936 0
    endloop
  endfacet
  facet normal -0.156992 0.9876 0
    outer loop
      vertex -5.12946 29.5789 0
      vertex -5.12946 29.5789 2.4
      vertex -4.40791 29.6936 2.4
    endloop
  endfacet
  facet normal -0.180977 0.983487 0
    outer loop
      vertex -5.84516 29.4472 0
      vertex -5.12946 29.5789 2.4
      vertex -5.12946 29.5789 0
    endloop
  endfacet
  facet normal -0.180977 0.983487 0
    outer loop
      vertex -5.84516 29.4472 0
      vertex -5.84516 29.4472 2.4
      vertex -5.12946 29.5789 2.4
    endloop
  endfacet
  facet normal -0.204833 0.978797 0
    outer loop
      vertex -6.55477 29.2987 0
      vertex -5.84516 29.4472 2.4
      vertex -5.84516 29.4472 0
    endloop
  endfacet
  facet normal -0.204833 0.978797 0
    outer loop
      vertex -6.55477 29.2987 0
      vertex -6.55477 29.2987 2.4
      vertex -5.84516 29.4472 2.4
    endloop
  endfacet
  facet normal -0.22841 0.973565 0
    outer loop
      vertex -7.25806 29.1337 0
      vertex -6.55477 29.2987 2.4
      vertex -6.55477 29.2987 0
    endloop
  endfacet
  facet normal -0.22841 0.973565 0
    outer loop
      vertex -7.25806 29.1337 0
      vertex -7.25806 29.1337 2.4
      vertex -6.55477 29.2987 2.4
    endloop
  endfacet
  facet normal -0.251956 0.967739 0
    outer loop
      vertex -7.9548 28.9523 0
      vertex -7.25806 29.1337 2.4
      vertex -7.25806 29.1337 0
    endloop
  endfacet
  facet normal -0.251956 0.967739 0
    outer loop
      vertex -7.9548 28.9523 0
      vertex -7.9548 28.9523 2.4
      vertex -7.25806 29.1337 2.4
    endloop
  endfacet
  facet normal -0.275332 0.961349 0
    outer loop
      vertex -8.64474 28.7547 0
      vertex -7.9548 28.9523 2.4
      vertex -7.9548 28.9523 0
    endloop
  endfacet
  facet normal -0.275332 0.961349 0
    outer loop
      vertex -8.64474 28.7547 0
      vertex -8.64474 28.7547 2.4
      vertex -7.9548 28.9523 2.4
    endloop
  endfacet
  facet normal -0.298637 0.954367 0
    outer loop
      vertex -9.32767 28.541 0
      vertex -8.64474 28.7547 2.4
      vertex -8.64474 28.7547 0
    endloop
  endfacet
  facet normal -0.298637 0.954367 0
    outer loop
      vertex -9.32767 28.541 0
      vertex -9.32767 28.541 2.4
      vertex -8.64474 28.7547 2.4
    endloop
  endfacet
  facet normal -0.321508 0.946907 0
    outer loop
      vertex -10.0033 28.3116 0
      vertex -9.32767 28.541 2.4
      vertex -9.32767 28.541 0
    endloop
  endfacet
  facet normal -0.321508 0.946907 0
    outer loop
      vertex -10.0033 28.3116 0
      vertex -10.0033 28.3116 2.4
      vertex -9.32767 28.541 2.4
    endloop
  endfacet
  facet normal -0.34437 0.938834 0
    outer loop
      vertex -10.6715 28.0665 0
      vertex -10.0033 28.3116 2.4
      vertex -10.0033 28.3116 0
    endloop
  endfacet
  facet normal -0.34437 0.938834 0
    outer loop
      vertex -10.6715 28.0665 0
      vertex -10.6715 28.0665 2.4
      vertex -10.0033 28.3116 2.4
    endloop
  endfacet
  facet normal -0.367064 0.930196 0
    outer loop
      vertex -11.3319 27.8059 0
      vertex -10.6715 28.0665 2.4
      vertex -10.6715 28.0665 0
    endloop
  endfacet
  facet normal -0.367064 0.930196 0
    outer loop
      vertex -11.3319 27.8059 0
      vertex -11.3319 27.8059 2.4
      vertex -10.6715 28.0665 2.4
    endloop
  endfacet
  facet normal -0.389331 0.921098 0
    outer loop
      vertex -11.9844 27.5301 0
      vertex -11.3319 27.8059 2.4
      vertex -11.3319 27.8059 0
    endloop
  endfacet
  facet normal -0.389331 0.921098 0
    outer loop
      vertex -11.9844 27.5301 0
      vertex -11.9844 27.5301 2.4
      vertex -11.3319 27.8059 2.4
    endloop
  endfacet
  facet normal -0.4115 0.91141 0
    outer loop
      vertex -12.6287 27.2392 0
      vertex -11.9844 27.5301 2.4
      vertex -11.9844 27.5301 0
    endloop
  endfacet
  facet normal -0.4115 0.91141 0
    outer loop
      vertex -12.6287 27.2392 0
      vertex -12.6287 27.2392 2.4
      vertex -11.9844 27.5301 2.4
    endloop
  endfacet
  facet normal -0.433385 0.901209 0
    outer loop
      vertex -13.2646 26.9334 0
      vertex -12.6287 27.2392 2.4
      vertex -12.6287 27.2392 0
    endloop
  endfacet
  facet normal -0.433385 0.901209 0
    outer loop
      vertex -13.2646 26.9334 0
      vertex -13.2646 26.9334 2.4
      vertex -12.6287 27.2392 2.4
    endloop
  endfacet
  facet normal -0.455034 0.890474 0
    outer loop
      vertex -13.8918 26.6129 0
      vertex -13.2646 26.9334 2.4
      vertex -13.2646 26.9334 0
    endloop
  endfacet
  facet normal -0.455034 0.890474 0
    outer loop
      vertex -13.8918 26.6129 0
      vertex -13.8918 26.6129 2.4
      vertex -13.2646 26.9334 2.4
    endloop
  endfacet
  facet normal -0.488109 0.872783 0
    outer loop
      vertex -15.306 25.822 0
      vertex -13.8918 26.6129 2.4
      vertex -13.8918 26.6129 0
    endloop
  endfacet
  facet normal -0.488109 0.872783 0
    outer loop
      vertex -15.306 25.822 0
      vertex -15.306 25.822 2.4
      vertex -13.8918 26.6129 2.4
    endloop
  endfacet
  facet normal -0.534326 0.845279 0
    outer loop
      vertex -16.6717 24.9587 0
      vertex -15.306 25.822 2.4
      vertex -15.306 25.822 0
    endloop
  endfacet
  facet normal -0.534326 0.845279 0
    outer loop
      vertex -16.6717 24.9587 0
      vertex -16.6717 24.9587 2.4
      vertex -15.306 25.822 2.4
    endloop
  endfacet
  facet normal -0.578771 0.81549 0
    outer loop
      vertex -17.9863 24.0257 0
      vertex -16.6717 24.9587 2.4
      vertex -16.6717 24.9587 0
    endloop
  endfacet
  facet normal -0.578771 0.81549 0
    outer loop
      vertex -17.9863 24.0257 0
      vertex -17.9863 24.0257 2.4
      vertex -16.6717 24.9587 2.4
    endloop
  endfacet
  facet normal -0.621424 0.783475 0
    outer loop
      vertex -19.2472 23.0256 0
      vertex -17.9863 24.0257 2.4
      vertex -17.9863 24.0257 0
    endloop
  endfacet
  facet normal -0.621424 0.783475 0
    outer loop
      vertex -19.2472 23.0256 0
      vertex -19.2472 23.0256 2.4
      vertex -17.9863 24.0257 2.4
    endloop
  endfacet
  facet normal -0.662222 0.749308 0
    outer loop
      vertex -20.4518 21.961 0
      vertex -19.2472 23.0256 2.4
      vertex -19.2472 23.0256 0
    endloop
  endfacet
  facet normal -0.662222 0.749308 0
    outer loop
      vertex -20.4518 21.961 0
      vertex -20.4518 21.961 2.4
      vertex -19.2472 23.0256 2.4
    endloop
  endfacet
  facet normal -0.701076 0.713087 0
    outer loop
      vertex -21.5976 20.8345 0
      vertex -20.4518 21.961 2.4
      vertex -20.4518 21.961 0
    endloop
  endfacet
  facet normal -0.701076 0.713087 0
    outer loop
      vertex -21.5976 20.8345 0
      vertex -21.5976 20.8345 2.4
      vertex -20.4518 21.961 2.4
    endloop
  endfacet
  facet normal -0.738014 0.674786 0
    outer loop
      vertex -22.6819 19.6486 0
      vertex -21.5976 20.8345 2.4
      vertex -21.5976 20.8345 0
    endloop
  endfacet
  facet normal -0.738014 0.674786 0
    outer loop
      vertex -22.6819 19.6486 0
      vertex -22.6819 19.6486 2.4
      vertex -21.5976 20.8345 2.4
    endloop
  endfacet
  facet normal -0.772881 0.634551 0
    outer loop
      vertex -23.7021 18.406 0
      vertex -22.6819 19.6486 2.4
      vertex -22.6819 19.6486 0
    endloop
  endfacet
  facet normal -0.772881 0.634551 0
    outer loop
      vertex -23.7021 18.406 0
      vertex -23.7021 18.406 2.4
      vertex -22.6819 19.6486 2.4
    endloop
  endfacet
  facet normal -0.80566 0.592379 0
    outer loop
      vertex -24.6556 17.1092 0
      vertex -23.7021 18.406 2.4
      vertex -23.7021 18.406 0
    endloop
  endfacet
  facet normal -0.80566 0.592379 0
    outer loop
      vertex -24.6556 17.1092 0
      vertex -24.6556 17.1092 2.4
      vertex -23.7021 18.406 2.4
    endloop
  endfacet
  facet normal -0.836225 0.548387 0
    outer loop
      vertex -25.5398 15.7609 0
      vertex -24.6556 17.1092 2.4
      vertex -24.6556 17.1092 0
    endloop
  endfacet
  facet normal -0.836225 0.548387 0
    outer loop
      vertex -25.5398 15.7609 0
      vertex -25.5398 15.7609 2.4
      vertex -24.6556 17.1092 2.4
    endloop
  endfacet
  facet normal -0.864487 0.502655 0
    outer loop
      vertex -26.3522 14.3637 0
      vertex -25.5398 15.7609 2.4
      vertex -25.5398 15.7609 0
    endloop
  endfacet
  facet normal -0.864487 0.502655 0
    outer loop
      vertex -26.3522 14.3637 0
      vertex -26.3522 14.3637 2.4
      vertex -25.5398 15.7609 2.4
    endloop
  endfacet
  facet normal -0.890432 0.455116 0
    outer loop
      vertex -27.09 12.9202 0
      vertex -26.3522 14.3637 2.4
      vertex -26.3522 14.3637 0
    endloop
  endfacet
  facet normal -0.890432 0.455116 0
    outer loop
      vertex -27.09 12.9202 0
      vertex -27.09 12.9202 2.4
      vertex -26.3522 14.3637 2.4
    endloop
  endfacet
  facet normal -0.913862 0.406024 0
    outer loop
      vertex -27.7508 11.4329 0
      vertex -27.09 12.9202 2.4
      vertex -27.09 12.9202 0
    endloop
  endfacet
  facet normal -0.913862 0.406024 0
    outer loop
      vertex -27.7508 11.4329 0
      vertex -27.7508 11.4329 2.4
      vertex -27.09 12.9202 2.4
    endloop
  endfacet
  facet normal -0.934704 0.355428 0
    outer loop
      vertex -28.332 9.90446 0
      vertex -27.7508 11.4329 2.4
      vertex -27.7508 11.4329 0
    endloop
  endfacet
  facet normal -0.934704 0.355428 0
    outer loop
      vertex -28.332 9.90446 0
      vertex -28.332 9.90446 2.4
      vertex -27.7508 11.4329 2.4
    endloop
  endfacet
  facet normal -0.952887 0.303326 0
    outer loop
      vertex -28.8308 8.3375 0
      vertex -28.332 9.90446 2.4
      vertex -28.332 9.90446 0
    endloop
  endfacet
  facet normal -0.952887 0.303326 0
    outer loop
      vertex -28.8308 8.3375 0
      vertex -28.8308 8.3375 2.4
      vertex -28.332 9.90446 2.4
    endloop
  endfacet
  facet normal -0.968226 0.250077 0
    outer loop
      vertex -29.2448 6.73461 0
      vertex -28.8308 8.3375 2.4
      vertex -28.8308 8.3375 0
    endloop
  endfacet
  facet normal -0.968226 0.250077 0
    outer loop
      vertex -29.2448 6.73461 0
      vertex -29.2448 6.73461 2.4
      vertex -28.8308 8.3375 2.4
    endloop
  endfacet
  facet normal -0.980667 0.195685 0
    outer loop
      vertex -29.5713 5.09837 0
      vertex -29.2448 6.73461 2.4
      vertex -29.2448 6.73461 0
    endloop
  endfacet
  facet normal -0.980667 0.195685 0
    outer loop
      vertex -29.5713 5.09837 0
      vertex -29.5713 5.09837 2.4
      vertex -29.2448 6.73461 2.4
    endloop
  endfacet
  facet normal -0.990094 0.140408 0
    outer loop
      vertex -29.8077 3.43139 0
      vertex -29.5713 5.09837 2.4
      vertex -29.5713 5.09837 0
    endloop
  endfacet
  facet normal -0.990094 0.140408 0
    outer loop
      vertex -29.8077 3.43139 0
      vertex -29.8077 3.43139 2.4
      vertex -29.5713 5.09837 2.4
    endloop
  endfacet
  facet normal -0.996421 0.0845281 0
    outer loop
      vertex -29.9515 1.73627 0
      vertex -29.8077 3.43139 2.4
      vertex -29.8077 3.43139 0
    endloop
  endfacet
  facet normal -0.996421 0.0845281 0
    outer loop
      vertex -29.9515 1.73627 0
      vertex -29.9515 1.73627 2.4
      vertex -29.8077 3.43139 2.4
    endloop
  endfacet
  facet normal -0.999603 0.0281756 0
    outer loop
      vertex -30 0.0156075 0
      vertex -29.9515 1.73627 2.4
      vertex -29.9515 1.73627 0
    endloop
  endfacet
  facet normal -0.999603 0.0281756 0
    outer loop
      vertex -30 0.0156075 0
      vertex -30 0.0156075 2.4
      vertex -29.9515 1.73627 2.4
    endloop
  endfacet
  facet normal -0.999603 -0.0281719 0
    outer loop
      vertex -29.9515 -1.70528 0
      vertex -30 0.0156075 2.4
      vertex -30 0.0156075 0
    endloop
  endfacet
  facet normal -0.999603 -0.0281719 0
    outer loop
      vertex -29.9515 -1.70528 0
      vertex -29.9515 -1.70528 2.4
      vertex -30 0.0156075 2.4
    endloop
  endfacet
  facet normal -0.996424 -0.084496 0
    outer loop
      vertex -29.8077 -3.40105 0
      vertex -29.9515 -1.70528 2.4
      vertex -29.9515 -1.70528 0
    endloop
  endfacet
  facet normal -0.996424 -0.084496 0
    outer loop
      vertex -29.8077 -3.40105 0
      vertex -29.8077 -3.40105 2.4
      vertex -29.9515 -1.70528 2.4
    endloop
  endfacet
  facet normal -0.990106 -0.140324 0
    outer loop
      vertex -29.5713 -5.06905 0
      vertex -29.8077 -3.40105 2.4
      vertex -29.8077 -3.40105 0
    endloop
  endfacet
  facet normal -0.990106 -0.140324 0
    outer loop
      vertex -29.5713 -5.06905 0
      vertex -29.5713 -5.06905 2.4
      vertex -29.8077 -3.40105 2.4
    endloop
  endfacet
  facet normal -0.980698 -0.19553 0
    outer loop
      vertex -29.2448 -6.70664 0
      vertex -29.5713 -5.06905 2.4
      vertex -29.5713 -5.06905 0
    endloop
  endfacet
  facet normal -0.980698 -0.19553 0
    outer loop
      vertex -29.2448 -6.70664 0
      vertex -29.2448 -6.70664 2.4
      vertex -29.5713 -5.06905 2.4
    endloop
  endfacet
  facet normal -0.968288 -0.249837 0
    outer loop
      vertex -28.8308 -8.31117 0
      vertex -29.2448 -6.70664 2.4
      vertex -29.2448 -6.70664 0
    endloop
  endfacet
  facet normal -0.968288 -0.249837 0
    outer loop
      vertex -28.8308 -8.31117 0
      vertex -28.8308 -8.31117 2.4
      vertex -29.2448 -6.70664 2.4
    endloop
  endfacet
  facet normal -0.952991 -0.303 0
    outer loop
      vertex -28.332 -9.87999 0
      vertex -28.8308 -8.31117 2.4
      vertex -28.8308 -8.31117 0
    endloop
  endfacet
  facet normal -0.952991 -0.303 0
    outer loop
      vertex -28.332 -9.87999 0
      vertex -28.332 -9.87999 2.4
      vertex -28.8308 -8.31117 2.4
    endloop
  endfacet
  facet normal -0.934863 -0.355008 0
    outer loop
      vertex -27.7508 -11.4105 0
      vertex -28.332 -9.87999 2.4
      vertex -28.332 -9.87999 0
    endloop
  endfacet
  facet normal -0.934863 -0.355008 0
    outer loop
      vertex -27.7508 -11.4105 0
      vertex -27.7508 -11.4105 2.4
      vertex -28.332 -9.87999 2.4
    endloop
  endfacet
  facet normal -0.914075 -0.405546 0
    outer loop
      vertex -27.09 -12.8999 0
      vertex -27.7508 -11.4105 2.4
      vertex -27.7508 -11.4105 0
    endloop
  endfacet
  facet normal -0.914075 -0.405546 0
    outer loop
      vertex -27.09 -12.8999 0
      vertex -27.09 -12.8999 2.4
      vertex -27.7508 -11.4105 2.4
    endloop
  endfacet
  facet normal -0.890738 -0.454517 0
    outer loop
      vertex -26.3522 -14.3458 0
      vertex -27.09 -12.8999 2.4
      vertex -27.09 -12.8999 0
    endloop
  endfacet
  facet normal -0.890738 -0.454517 0
    outer loop
      vertex -26.3522 -14.3458 0
      vertex -26.3522 -14.3458 2.4
      vertex -27.09 -12.8999 2.4
    endloop
  endfacet
  facet normal -0.864846 -0.502037 0
    outer loop
      vertex -25.5398 -15.7453 0
      vertex -26.3522 -14.3458 2.4
      vertex -26.3522 -14.3458 0
    endloop
  endfacet
  facet normal -0.864846 -0.502037 0
    outer loop
      vertex -25.5398 -15.7453 0
      vertex -25.5398 -15.7453 2.4
      vertex -26.3522 -14.3458 2.4
    endloop
  endfacet
  facet normal -0.836653 -0.547733 0
    outer loop
      vertex -24.6556 -17.0959 0
      vertex -25.5398 -15.7453 2.4
      vertex -25.5398 -15.7453 0
    endloop
  endfacet
  facet normal -0.836653 -0.547733 0
    outer loop
      vertex -24.6556 -17.0959 0
      vertex -24.6556 -17.0959 2.4
      vertex -25.5398 -15.7453 2.4
    endloop
  endfacet
  facet normal -0.80616 -0.591697 0
    outer loop
      vertex -23.7021 -18.395 0
      vertex -24.6556 -17.0959 2.4
      vertex -24.6556 -17.0959 0
    endloop
  endfacet
  facet normal -0.80616 -0.591697 0
    outer loop
      vertex -23.7021 -18.395 0
      vertex -23.7021 -18.395 2.4
      vertex -24.6556 -17.0959 2.4
    endloop
  endfacet
  facet normal -0.773431 -0.63388 0
    outer loop
      vertex -22.6819 -19.6398 0
      vertex -23.7021 -18.395 2.4
      vertex -23.7021 -18.395 0
    endloop
  endfacet
  facet normal -0.773431 -0.63388 0
    outer loop
      vertex -22.6819 -19.6398 0
      vertex -22.6819 -19.6398 2.4
      vertex -23.7021 -18.395 2.4
    endloop
  endfacet
  facet normal -0.73858 -0.674166 0
    outer loop
      vertex -21.5976 -20.8277 0
      vertex -22.6819 -19.6398 2.4
      vertex -22.6819 -19.6398 0
    endloop
  endfacet
  facet normal -0.73858 -0.674166 0
    outer loop
      vertex -21.5976 -20.8277 0
      vertex -21.5976 -20.8277 2.4
      vertex -22.6819 -19.6398 2.4
    endloop
  endfacet
  facet normal -0.701676 -0.712496 0
    outer loop
      vertex -20.4518 -21.9561 0
      vertex -21.5976 -20.8277 2.4
      vertex -21.5976 -20.8277 0
    endloop
  endfacet
  facet normal -0.701676 -0.712496 0
    outer loop
      vertex -20.4518 -21.9561 0
      vertex -20.4518 -21.9561 2.4
      vertex -21.5976 -20.8277 2.4
    endloop
  endfacet
  facet normal -0.662815 -0.748783 0
    outer loop
      vertex -19.2472 -23.0224 0
      vertex -20.4518 -21.9561 2.4
      vertex -20.4518 -21.9561 0
    endloop
  endfacet
  facet normal -0.662815 -0.748783 0
    outer loop
      vertex -19.2472 -23.0224 0
      vertex -19.2472 -23.0224 2.4
      vertex -20.4518 -21.9561 2.4
    endloop
  endfacet
  facet normal -0.621919 -0.783081 0
    outer loop
      vertex -17.9863 -24.0238 0
      vertex -19.2472 -23.0224 2.4
      vertex -19.2472 -23.0224 0
    endloop
  endfacet
  facet normal -0.621919 -0.783081 0
    outer loop
      vertex -17.9863 -24.0238 0
      vertex -17.9863 -24.0238 2.4
      vertex -19.2472 -23.0224 2.4
    endloop
  endfacet
  facet normal -0.579183 -0.815197 0
    outer loop
      vertex -16.6717 -24.9578 0
      vertex -17.9863 -24.0238 2.4
      vertex -17.9863 -24.0238 0
    endloop
  endfacet
  facet normal -0.579183 -0.815197 0
    outer loop
      vertex -16.6717 -24.9578 0
      vertex -16.6717 -24.9578 2.4
      vertex -17.9863 -24.0238 2.4
    endloop
  endfacet
  facet normal -0.534591 -0.845111 0
    outer loop
      vertex -15.306 -25.8217 0
      vertex -16.6717 -24.9578 2.4
      vertex -16.6717 -24.9578 0
    endloop
  endfacet
  facet normal -0.534591 -0.845111 0
    outer loop
      vertex -15.306 -25.8217 0
      vertex -15.306 -25.8217 2.4
      vertex -16.6717 -24.9578 2.4
    endloop
  endfacet
  facet normal -0.48825 -0.872704 0
    outer loop
      vertex -13.8918 -26.6129 0
      vertex -15.306 -25.8217 2.4
      vertex -15.306 -25.8217 0
    endloop
  endfacet
  facet normal -0.48825 -0.872704 0
    outer loop
      vertex -13.8918 -26.6129 0
      vertex -13.8918 -26.6129 2.4
      vertex -15.306 -25.8217 2.4
    endloop
  endfacet
  facet normal -0.450286 -0.892884 0
    outer loop
      vertex -13.2646 -26.9292 0
      vertex -13.8918 -26.6129 2.4
      vertex -13.8918 -26.6129 0
    endloop
  endfacet
  facet normal -0.450286 -0.892884 0
    outer loop
      vertex -13.2646 -26.9292 0
      vertex -13.2646 -26.9292 2.4
      vertex -13.8918 -26.6129 2.4
    endloop
  endfacet
  facet normal -0.429459 -0.903086 0
    outer loop
      vertex -12.6287 -27.2316 0
      vertex -13.2646 -26.9292 2.4
      vertex -13.2646 -26.9292 0
    endloop
  endfacet
  facet normal -0.429459 -0.903086 0
    outer loop
      vertex -12.6287 -27.2316 0
      vertex -12.6287 -27.2316 2.4
      vertex -13.2646 -26.9292 2.4
    endloop
  endfacet
  facet normal -0.408438 -0.912786 0
    outer loop
      vertex -11.9844 -27.5199 0
      vertex -12.6287 -27.2316 2.4
      vertex -12.6287 -27.2316 0
    endloop
  endfacet
  facet normal -0.408438 -0.912786 0
    outer loop
      vertex -11.9844 -27.5199 0
      vertex -11.9844 -27.5199 2.4
      vertex -12.6287 -27.2316 2.4
    endloop
  endfacet
  facet normal -0.387172 -0.922007 0
    outer loop
      vertex -11.3319 -27.7939 0
      vertex -11.9844 -27.5199 2.4
      vertex -11.9844 -27.5199 0
    endloop
  endfacet
  facet normal -0.387172 -0.922007 0
    outer loop
      vertex -11.3319 -27.7939 0
      vertex -11.3319 -27.7939 2.4
      vertex -11.9844 -27.5199 2.4
    endloop
  endfacet
  facet normal -0.3656 -0.930772 0
    outer loop
      vertex -10.6715 -28.0533 0
      vertex -11.3319 -27.7939 2.4
      vertex -11.3319 -27.7939 0
    endloop
  endfacet
  facet normal -0.3656 -0.930772 0
    outer loop
      vertex -10.6715 -28.0533 0
      vertex -10.6715 -28.0533 2.4
      vertex -11.3319 -27.7939 2.4
    endloop
  endfacet
  facet normal -0.343627 -0.939106 0
    outer loop
      vertex -10.0033 -28.2978 0
      vertex -10.6715 -28.0533 2.4
      vertex -10.6715 -28.0533 0
    endloop
  endfacet
  facet normal -0.343627 -0.939106 0
    outer loop
      vertex -10.0033 -28.2978 0
      vertex -10.0033 -28.2978 2.4
      vertex -10.6715 -28.0533 2.4
    endloop
  endfacet
  facet normal -0.321508 -0.946907 0
    outer loop
      vertex -9.32767 -28.5272 0
      vertex -10.0033 -28.2978 2.4
      vertex -10.0033 -28.2978 0
    endloop
  endfacet
  facet normal -0.321508 -0.946907 0
    outer loop
      vertex -9.32767 -28.5272 0
      vertex -9.32767 -28.5272 2.4
      vertex -10.0033 -28.2978 2.4
    endloop
  endfacet
  facet normal -0.299019 -0.954247 0
    outer loop
      vertex -8.64474 -28.7412 0
      vertex -9.32767 -28.5272 2.4
      vertex -9.32767 -28.5272 0
    endloop
  endfacet
  facet normal -0.299019 -0.954247 0
    outer loop
      vertex -8.64474 -28.7412 0
      vertex -8.64474 -28.7412 2.4
      vertex -9.32767 -28.5272 2.4
    endloop
  endfacet
  facet normal -0.276233 -0.961091 0
    outer loop
      vertex -7.9548 -28.9395 0
      vertex -8.64474 -28.7412 2.4
      vertex -8.64474 -28.7412 0
    endloop
  endfacet
  facet normal -0.276233 -0.961091 0
    outer loop
      vertex -7.9548 -28.9395 0
      vertex -7.9548 -28.9395 2.4
      vertex -8.64474 -28.7412 2.4
    endloop
  endfacet
  facet normal -0.253386 -0.967365 0
    outer loop
      vertex -7.25806 -29.122 0
      vertex -7.9548 -28.9395 2.4
      vertex -7.9548 -28.9395 0
    endloop
  endfacet
  facet normal -0.253386 -0.967365 0
    outer loop
      vertex -7.25806 -29.122 0
      vertex -7.25806 -29.122 2.4
      vertex -7.9548 -28.9395 2.4
    endloop
  endfacet
  facet normal -0.230114 -0.973164 0
    outer loop
      vertex -6.55477 -29.2883 0
      vertex -7.25806 -29.122 2.4
      vertex -7.25806 -29.122 0
    endloop
  endfacet
  facet normal -0.230114 -0.973164 0
    outer loop
      vertex -6.55477 -29.2883 0
      vertex -6.55477 -29.2883 2.4
      vertex -7.25806 -29.122 2.4
    endloop
  endfacet
  facet normal -0.206682 -0.978408 0
    outer loop
      vertex -5.84516 -29.4382 0
      vertex -6.55477 -29.2883 2.4
      vertex -6.55477 -29.2883 0
    endloop
  endfacet
  facet normal -0.206682 -0.978408 0
    outer loop
      vertex -5.84516 -29.4382 0
      vertex -5.84516 -29.4382 2.4
      vertex -6.55477 -29.2883 2.4
    endloop
  endfacet
  facet normal -0.18297 -0.983119 0
    outer loop
      vertex -5.12946 -29.5714 0
      vertex -5.84516 -29.4382 2.4
      vertex -5.84516 -29.4382 0
    endloop
  endfacet
  facet normal -0.18297 -0.983119 0
    outer loop
      vertex -5.12946 -29.5714 0
      vertex -5.12946 -29.5714 2.4
      vertex -5.84516 -29.4382 2.4
    endloop
  endfacet
  facet normal -0.159127 -0.987258 0
    outer loop
      vertex -4.40791 -29.6877 0
      vertex -5.12946 -29.5714 2.4
      vertex -5.12946 -29.5714 0
    endloop
  endfacet
  facet normal -0.159127 -0.987258 0
    outer loop
      vertex -4.40791 -29.6877 0
      vertex -4.40791 -29.6877 2.4
      vertex -5.12946 -29.5714 2.4
    endloop
  endfacet
  facet normal -0.135032 -0.990841 0
    outer loop
      vertex -3.68073 -29.7868 0
      vertex -4.40791 -29.6877 2.4
      vertex -4.40791 -29.6877 0
    endloop
  endfacet
  facet normal -0.135032 -0.990841 0
    outer loop
      vertex -3.68073 -29.7868 0
      vertex -3.68073 -29.7868 2.4
      vertex -4.40791 -29.6877 2.4
    endloop
  endfacet
  facet normal -0.110841 -0.993838 0
    outer loop
      vertex -2.94818 -29.8685 0
      vertex -3.68073 -29.7868 2.4
      vertex -3.68073 -29.7868 0
    endloop
  endfacet
  facet normal -0.110841 -0.993838 0
    outer loop
      vertex -2.94818 -29.8685 0
      vertex -2.94818 -29.8685 2.4
      vertex -3.68073 -29.7868 2.4
    endloop
  endfacet
  facet normal -0.0864303 -0.996258 0
    outer loop
      vertex -2.21047 -29.9325 0
      vertex -2.94818 -29.8685 2.4
      vertex -2.94818 -29.8685 0
    endloop
  endfacet
  facet normal -0.0864303 -0.996258 0
    outer loop
      vertex -2.21047 -29.9325 0
      vertex -2.21047 -29.9325 2.4
      vertex -2.94818 -29.8685 2.4
    endloop
  endfacet
  facet normal -0.0618244 -0.998087 0
    outer loop
      vertex -1.46785 -29.9785 0
      vertex -2.21047 -29.9325 2.4
      vertex -2.21047 -29.9325 0
    endloop
  endfacet
  facet normal -0.0618244 -0.998087 0
    outer loop
      vertex -1.46785 -29.9785 0
      vertex -1.46785 -29.9785 2.4
      vertex -2.21047 -29.9325 2.4
    endloop
  endfacet
  facet normal -0.0371743 -0.999309 0
    outer loop
      vertex -0.720538 -30.0063 0
      vertex -1.46785 -29.9785 2.4
      vertex -1.46785 -29.9785 0
    endloop
  endfacet
  facet normal -0.0371743 -0.999309 0
    outer loop
      vertex -0.720538 -30.0063 0
      vertex -0.720538 -30.0063 2.4
      vertex -1.46785 -29.9785 2.4
    endloop
  endfacet
  facet normal -0.0123701 -0.999923 0
    outer loop
      vertex 0.031215 -30.0156 0
      vertex -0.720538 -30.0063 2.4
      vertex -0.720538 -30.0063 0
    endloop
  endfacet
  facet normal -0.0123701 -0.999923 0
    outer loop
      vertex 0.031215 -30.0156 0
      vertex 0.031215 -30.0156 2.4
      vertex -0.720538 -30.0063 2.4
    endloop
  endfacet
  facet normal 0.0124475 -0.999923 0
    outer loop
      vertex 0.778297 -30.0063 0
      vertex 0.031215 -30.0156 2.4
      vertex 0.031215 -30.0156 0
    endloop
  endfacet
  facet normal 0.0124475 -0.999923 0
    outer loop
      vertex 0.778297 -30.0063 0
      vertex 0.778297 -30.0063 2.4
      vertex 0.031215 -30.0156 2.4
    endloop
  endfacet
  facet normal 0.615 0.788527 -0
    outer loop
      vertex 4.27679 2.45057 0
      vertex 4.27679 2.45057 2.4
      vertex 13.923 -5.07284 0
    endloop
  endfacet
  facet normal 0.615 0.788527 0
    outer loop
      vertex 13.923 -5.07284 2.4
      vertex 13.923 -5.07284 0
      vertex 4.27679 2.45057 2.4
    endloop
  endfacet
  facet normal 0.990373 0.138426 -0
    outer loop
      vertex 0.84287 27.0187 0
      vertex 0.84287 27.0187 2.4
      vertex 4.27679 2.45057 0
    endloop
  endfacet
  facet normal 0.990373 0.138426 0
    outer loop
      vertex 4.27679 2.45057 2.4
      vertex 4.27679 2.45057 0
      vertex 0.84287 27.0187 2.4
    endloop
  endfacet
  facet normal -0.0457371 -0.998954 0
    outer loop
      vertex 1.55271 26.9862 0
      vertex 1.55271 26.9862 2.4
      vertex 0.84287 27.0187 0
    endloop
  endfacet
  facet normal -0.0457371 -0.998954 -0
    outer loop
      vertex 0.84287 27.0187 2.4
      vertex 0.84287 27.0187 0
      vertex 1.55271 26.9862 2.4
    endloop
  endfacet
  facet normal -0.0713696 -0.99745 0
    outer loop
      vertex 2.25849 26.9357 0
      vertex 2.25849 26.9357 2.4
      vertex 1.55271 26.9862 0
    endloop
  endfacet
  facet normal -0.0713696 -0.99745 -0
    outer loop
      vertex 1.55271 26.9862 2.4
      vertex 1.55271 26.9862 0
      vertex 2.25849 26.9357 2.4
    endloop
  endfacet
  facet normal -0.0970547 -0.995279 0
    outer loop
      vertex 2.95992 26.8673 0
      vertex 2.95992 26.8673 2.4
      vertex 2.25849 26.9357 0
    endloop
  endfacet
  facet normal -0.0970547 -0.995279 -0
    outer loop
      vertex 2.25849 26.9357 2.4
      vertex 2.25849 26.9357 0
      vertex 2.95992 26.8673 2.4
    endloop
  endfacet
  facet normal -0.122637 -0.992452 0
    outer loop
      vertex 3.65669 26.7812 0
      vertex 3.65669 26.7812 2.4
      vertex 2.95992 26.8673 0
    endloop
  endfacet
  facet normal -0.122637 -0.992452 -0
    outer loop
      vertex 2.95992 26.8673 2.4
      vertex 2.95992 26.8673 0
      vertex 3.65669 26.7812 2.4
    endloop
  endfacet
  facet normal -0.147821 -0.989014 0
    outer loop
      vertex 4.3485 26.6778 0
      vertex 4.3485 26.6778 2.4
      vertex 3.65669 26.7812 0
    endloop
  endfacet
  facet normal -0.147821 -0.989014 -0
    outer loop
      vertex 3.65669 26.7812 2.4
      vertex 3.65669 26.7812 0
      vertex 4.3485 26.6778 2.4
    endloop
  endfacet
  facet normal -0.173154 -0.984895 0
    outer loop
      vertex 5.03504 26.5571 0
      vertex 5.03504 26.5571 2.4
      vertex 4.3485 26.6778 0
    endloop
  endfacet
  facet normal -0.173154 -0.984895 -0
    outer loop
      vertex 4.3485 26.6778 2.4
      vertex 4.3485 26.6778 0
      vertex 5.03504 26.5571 2.4
    endloop
  endfacet
  facet normal -0.198065 -0.980189 0
    outer loop
      vertex 5.716 26.4195 0
      vertex 5.716 26.4195 2.4
      vertex 5.03504 26.5571 0
    endloop
  endfacet
  facet normal -0.198065 -0.980189 -0
    outer loop
      vertex 5.03504 26.5571 2.4
      vertex 5.03504 26.5571 0
      vertex 5.716 26.4195 2.4
    endloop
  endfacet
  facet normal -0.223091 -0.974798 0
    outer loop
      vertex 6.39109 26.265 0
      vertex 6.39109 26.265 2.4
      vertex 5.716 26.4195 0
    endloop
  endfacet
  facet normal -0.223091 -0.974798 -0
    outer loop
      vertex 5.716 26.4195 2.4
      vertex 5.716 26.4195 0
      vertex 6.39109 26.265 2.4
    endloop
  endfacet
  facet normal -0.247675 -0.968843 0
    outer loop
      vertex 7.06 26.094 0
      vertex 7.06 26.094 2.4
      vertex 6.39109 26.265 0
    endloop
  endfacet
  facet normal -0.247675 -0.968843 -0
    outer loop
      vertex 6.39109 26.265 2.4
      vertex 6.39109 26.265 0
      vertex 7.06 26.094 2.4
    endloop
  endfacet
  facet normal -0.272218 -0.962235 0
    outer loop
      vertex 7.72242 25.9066 0
      vertex 7.72242 25.9066 2.4
      vertex 7.06 26.094 0
    endloop
  endfacet
  facet normal -0.272218 -0.962235 -0
    outer loop
      vertex 7.06 26.094 2.4
      vertex 7.06 26.094 0
      vertex 7.72242 25.9066 2.4
    endloop
  endfacet
  facet normal -0.296433 -0.955054 0
    outer loop
      vertex 8.37806 25.7031 0
      vertex 8.37806 25.7031 2.4
      vertex 7.72242 25.9066 0
    endloop
  endfacet
  facet normal -0.296433 -0.955054 -0
    outer loop
      vertex 7.72242 25.9066 2.4
      vertex 7.72242 25.9066 0
      vertex 8.37806 25.7031 2.4
    endloop
  endfacet
  facet normal -0.320589 -0.947219 0
    outer loop
      vertex 9.0266 25.4836 0
      vertex 9.0266 25.4836 2.4
      vertex 8.37806 25.7031 0
    endloop
  endfacet
  facet normal -0.320589 -0.947219 -0
    outer loop
      vertex 8.37806 25.7031 2.4
      vertex 8.37806 25.7031 0
      vertex 9.0266 25.4836 2.4
    endloop
  endfacet
  facet normal -0.344404 -0.938822 0
    outer loop
      vertex 9.66774 25.2484 0
      vertex 9.66774 25.2484 2.4
      vertex 9.0266 25.4836 0
    endloop
  endfacet
  facet normal -0.344404 -0.938822 -0
    outer loop
      vertex 9.0266 25.4836 2.4
      vertex 9.0266 25.4836 0
      vertex 9.66774 25.2484 2.4
    endloop
  endfacet
  facet normal -0.368119 -0.929779 0
    outer loop
      vertex 10.3012 24.9976 0
      vertex 10.3012 24.9976 2.4
      vertex 9.66774 25.2484 0
    endloop
  endfacet
  facet normal -0.368119 -0.929779 -0
    outer loop
      vertex 9.66774 25.2484 2.4
      vertex 9.66774 25.2484 0
      vertex 10.3012 24.9976 2.4
    endloop
  endfacet
  facet normal -0.391396 -0.920222 0
    outer loop
      vertex 10.9266 24.7316 0
      vertex 10.9266 24.7316 2.4
      vertex 10.3012 24.9976 0
    endloop
  endfacet
  facet normal -0.391396 -0.920222 -0
    outer loop
      vertex 10.3012 24.9976 2.4
      vertex 10.3012 24.9976 0
      vertex 10.9266 24.7316 2.4
    endloop
  endfacet
  facet normal -0.414658 -0.909977 0
    outer loop
      vertex 11.5437 24.4504 0
      vertex 11.5437 24.4504 2.4
      vertex 10.9266 24.7316 0
    endloop
  endfacet
  facet normal -0.414658 -0.909977 -0
    outer loop
      vertex 10.9266 24.7316 2.4
      vertex 10.9266 24.7316 0
      vertex 11.5437 24.4504 2.4
    endloop
  endfacet
  facet normal -0.437433 -0.899251 0
    outer loop
      vertex 12.1522 24.1544 0
      vertex 12.1522 24.1544 2.4
      vertex 11.5437 24.4504 0
    endloop
  endfacet
  facet normal -0.437433 -0.899251 -0
    outer loop
      vertex 11.5437 24.4504 2.4
      vertex 11.5437 24.4504 0
      vertex 12.1522 24.1544 2.4
    endloop
  endfacet
  facet normal -0.460196 -0.887817 0
    outer loop
      vertex 12.7518 23.8436 0
      vertex 12.7518 23.8436 2.4
      vertex 12.1522 24.1544 0
    endloop
  endfacet
  facet normal -0.460196 -0.887817 -0
    outer loop
      vertex 12.1522 24.1544 2.4
      vertex 12.1522 24.1544 0
      vertex 12.7518 23.8436 2.4
    endloop
  endfacet
  facet normal -0.482465 -0.875915 0
    outer loop
      vertex 13.3422 23.5184 0
      vertex 13.3422 23.5184 2.4
      vertex 12.7518 23.8436 0
    endloop
  endfacet
  facet normal -0.482465 -0.875915 -0
    outer loop
      vertex 12.7518 23.8436 2.4
      vertex 12.7518 23.8436 0
      vertex 13.3422 23.5184 2.4
    endloop
  endfacet
  facet normal -0.504536 -0.86339 0
    outer loop
      vertex 13.923 23.179 0
      vertex 13.923 23.179 2.4
      vertex 13.3422 23.5184 0
    endloop
  endfacet
  facet normal -0.504536 -0.86339 -0
    outer loop
      vertex 13.3422 23.5184 2.4
      vertex 13.3422 23.5184 0
      vertex 13.923 23.179 2.4
    endloop
  endfacet
  facet normal -0.539527 -0.841968 0
    outer loop
      vertex 15.0786 22.4385 0
      vertex 15.0786 22.4385 2.4
      vertex 13.923 23.179 0
    endloop
  endfacet
  facet normal -0.539527 -0.841968 -0
    outer loop
      vertex 13.923 23.179 2.4
      vertex 13.923 23.179 0
      vertex 15.0786 22.4385 2.4
    endloop
  endfacet
  facet normal -0.581376 -0.813635 0
    outer loop
      vertex 16.1933 21.642 0
      vertex 16.1933 21.642 2.4
      vertex 15.0786 22.4385 0
    endloop
  endfacet
  facet normal -0.581376 -0.813635 -0
    outer loop
      vertex 15.0786 22.4385 2.4
      vertex 15.0786 22.4385 0
      vertex 16.1933 21.642 2.4
    endloop
  endfacet
  facet normal -0.621562 -0.783365 0
    outer loop
      vertex 17.2652 20.7915 0
      vertex 17.2652 20.7915 2.4
      vertex 16.1933 21.642 0
    endloop
  endfacet
  facet normal -0.621562 -0.783365 -0
    outer loop
      vertex 16.1933 21.642 2.4
      vertex 16.1933 21.642 0
      vertex 17.2652 20.7915 2.4
    endloop
  endfacet
  facet normal -0.66015 -0.751134 0
    outer loop
      vertex 18.2922 19.8889 0
      vertex 18.2922 19.8889 2.4
      vertex 17.2652 20.7915 0
    endloop
  endfacet
  facet normal -0.66015 -0.751134 -0
    outer loop
      vertex 17.2652 20.7915 2.4
      vertex 17.2652 20.7915 0
      vertex 18.2922 19.8889 2.4
    endloop
  endfacet
  facet normal -0.696938 -0.717131 0
    outer loop
      vertex 19.2724 18.9363 0
      vertex 19.2724 18.9363 2.4
      vertex 18.2922 19.8889 0
    endloop
  endfacet
  facet normal -0.696938 -0.717131 -0
    outer loop
      vertex 18.2922 19.8889 2.4
      vertex 18.2922 19.8889 0
      vertex 19.2724 18.9363 2.4
    endloop
  endfacet
  facet normal -0.73193 -0.681379 0
    outer loop
      vertex 20.2038 17.9358 0
      vertex 20.2038 17.9358 2.4
      vertex 19.2724 18.9363 0
    endloop
  endfacet
  facet normal -0.73193 -0.681379 -0
    outer loop
      vertex 19.2724 18.9363 2.4
      vertex 19.2724 18.9363 0
      vertex 20.2038 17.9358 2.4
    endloop
  endfacet
  facet normal -0.76518 -0.643816 0
    outer loop
      vertex 21.0844 16.8892 0
      vertex 21.0844 16.8892 2.4
      vertex 20.2038 17.9358 0
    endloop
  endfacet
  facet normal -0.76518 -0.643816 -0
    outer loop
      vertex 20.2038 17.9358 2.4
      vertex 20.2038 17.9358 0
      vertex 21.0844 16.8892 2.4
    endloop
  endfacet
  facet normal -0.796507 -0.604629 0
    outer loop
      vertex 21.9122 15.7987 0
      vertex 21.9122 15.7987 2.4
      vertex 21.0844 16.8892 0
    endloop
  endfacet
  facet normal -0.796507 -0.604629 -0
    outer loop
      vertex 21.0844 16.8892 2.4
      vertex 21.0844 16.8892 0
      vertex 21.9122 15.7987 2.4
    endloop
  endfacet
  facet normal -0.825942 -0.563755 0
    outer loop
      vertex 22.6852 14.6662 0
      vertex 22.6852 14.6662 2.4
      vertex 21.9122 15.7987 0
    endloop
  endfacet
  facet normal -0.825942 -0.563755 -0
    outer loop
      vertex 21.9122 15.7987 2.4
      vertex 21.9122 15.7987 0
      vertex 22.6852 14.6662 2.4
    endloop
  endfacet
  facet normal -0.853368 -0.521309 0
    outer loop
      vertex 23.4014 13.4938 0
      vertex 23.4014 13.4938 2.4
      vertex 22.6852 14.6662 0
    endloop
  endfacet
  facet normal -0.853368 -0.521309 -0
    outer loop
      vertex 22.6852 14.6662 2.4
      vertex 22.6852 14.6662 0
      vertex 23.4014 13.4938 2.4
    endloop
  endfacet
  facet normal -0.878724 -0.477331 0
    outer loop
      vertex 24.0589 12.2834 0
      vertex 24.0589 12.2834 2.4
      vertex 23.4014 13.4938 0
    endloop
  endfacet
  facet normal -0.878724 -0.477331 -0
    outer loop
      vertex 23.4014 13.4938 2.4
      vertex 23.4014 13.4938 0
      vertex 24.0589 12.2834 2.4
    endloop
  endfacet
  facet normal -0.901953 -0.431834 0
    outer loop
      vertex 24.6556 11.0371 0
      vertex 24.6556 11.0371 2.4
      vertex 24.0589 12.2834 0
    endloop
  endfacet
  facet normal -0.901953 -0.431834 -0
    outer loop
      vertex 24.0589 12.2834 2.4
      vertex 24.0589 12.2834 0
      vertex 24.6556 11.0371 2.4
    endloop
  endfacet
  facet normal -0.922948 -0.384925 0
    outer loop
      vertex 25.1895 9.75695 0
      vertex 25.1895 9.75695 2.4
      vertex 24.6556 11.0371 0
    endloop
  endfacet
  facet normal -0.922948 -0.384925 -0
    outer loop
      vertex 24.6556 11.0371 2.4
      vertex 24.6556 11.0371 0
      vertex 25.1895 9.75695 2.4
    endloop
  endfacet
  facet normal -0.941604 -0.336723 0
    outer loop
      vertex 25.6587 8.44489 0
      vertex 25.6587 8.44489 2.4
      vertex 25.1895 9.75695 0
    endloop
  endfacet
  facet normal -0.941604 -0.336723 -0
    outer loop
      vertex 25.1895 9.75695 2.4
      vertex 25.1895 9.75695 0
      vertex 25.6587 8.44489 2.4
    endloop
  endfacet
  facet normal -0.957842 -0.287294 0
    outer loop
      vertex 26.0612 7.10295 0
      vertex 26.0612 7.10295 2.4
      vertex 25.6587 8.44489 0
    endloop
  endfacet
  facet normal -0.957842 -0.287294 -0
    outer loop
      vertex 25.6587 8.44489 2.4
      vertex 25.6587 8.44489 0
      vertex 26.0612 7.10295 2.4
    endloop
  endfacet
  facet normal -0.971569 -0.236757 0
    outer loop
      vertex 26.395 5.73315 0
      vertex 26.395 5.73315 2.4
      vertex 26.0612 7.10295 0
    endloop
  endfacet
  facet normal -0.971569 -0.236757 -0
    outer loop
      vertex 26.0612 7.10295 2.4
      vertex 26.0612 7.10295 0
      vertex 26.395 5.73315 2.4
    endloop
  endfacet
  facet normal -0.982691 -0.185251 0
    outer loop
      vertex 26.6581 4.3375 0
      vertex 26.6581 4.3375 2.4
      vertex 26.395 5.73315 0
    endloop
  endfacet
  facet normal -0.982691 -0.185251 -0
    outer loop
      vertex 26.395 5.73315 2.4
      vertex 26.395 5.73315 0
      vertex 26.6581 4.3375 2.4
    endloop
  endfacet
  facet normal -0.991133 -0.132874 0
    outer loop
      vertex 26.8484 2.91802 0
      vertex 26.8484 2.91802 2.4
      vertex 26.6581 4.3375 0
    endloop
  endfacet
  facet normal -0.991133 -0.132874 -0
    outer loop
      vertex 26.6581 4.3375 2.4
      vertex 26.6581 4.3375 0
      vertex 26.8484 2.91802 2.4
    endloop
  endfacet
  facet normal -0.996793 -0.0800173 0
    outer loop
      vertex 26.9641 1.47672 0
      vertex 26.9641 1.47672 2.4
      vertex 26.8484 2.91802 0
    endloop
  endfacet
  facet normal -0.996793 -0.0800173 -0
    outer loop
      vertex 26.8484 2.91802 2.4
      vertex 26.8484 2.91802 0
      vertex 26.9641 1.47672 2.4
    endloop
  endfacet
  facet normal -0.999644 -0.0266825 0
    outer loop
      vertex 27.0031 0.0156075 0
      vertex 27.0031 0.0156075 2.4
      vertex 26.9641 1.47672 0
    endloop
  endfacet
  facet normal -0.999644 -0.0266825 -0
    outer loop
      vertex 26.9641 1.47672 2.4
      vertex 26.9641 1.47672 0
      vertex 27.0031 0.0156075 2.4
    endloop
  endfacet
  facet normal -0.999924 0.0123671 0
    outer loop
      vertex 26.9945 -0.679731 0
      vertex 26.9945 -0.679731 2.4
      vertex 27.0031 0.0156075 0
    endloop
  endfacet
  facet normal -0.999924 0.0123671 0
    outer loop
      vertex 27.0031 0.0156075 2.4
      vertex 27.0031 0.0156075 0
      vertex 26.9945 -0.679731 2.4
    endloop
  endfacet
  facet normal -0.999303 0.0373382 0
    outer loop
      vertex 26.9687 -1.37023 0
      vertex 26.9687 -1.37023 2.4
      vertex 26.9945 -0.679731 0
    endloop
  endfacet
  facet normal -0.999303 0.0373382 0
    outer loop
      vertex 26.9945 -0.679731 2.4
      vertex 26.9945 -0.679731 0
      vertex 26.9687 -1.37023 2.4
    endloop
  endfacet
  facet normal -0.998065 0.0621716 0
    outer loop
      vertex 26.926 -2.05571 0
      vertex 26.926 -2.05571 2.4
      vertex 26.9687 -1.37023 0
    endloop
  endfacet
  facet normal -0.998065 0.0621716 0
    outer loop
      vertex 26.9687 -1.37023 2.4
      vertex 26.9687 -1.37023 0
      vertex 26.926 -2.05571 2.4
    endloop
  endfacet
  facet normal -0.996197 0.0871275 0
    outer loop
      vertex 26.8665 -2.73602 0
      vertex 26.8665 -2.73602 2.4
      vertex 26.926 -2.05571 0
    endloop
  endfacet
  facet normal -0.996197 0.0871275 0
    outer loop
      vertex 26.926 -2.05571 2.4
      vertex 26.926 -2.05571 0
      vertex 26.8665 -2.73602 2.4
    endloop
  endfacet
  facet normal -0.993721 0.111889 0
    outer loop
      vertex 26.7905 -3.411 0
      vertex 26.7905 -3.411 2.4
      vertex 26.8665 -2.73602 0
    endloop
  endfacet
  facet normal -0.993721 0.111889 0
    outer loop
      vertex 26.8665 -2.73602 2.4
      vertex 26.8665 -2.73602 0
      vertex 26.7905 -3.411 2.4
    endloop
  endfacet
  facet normal -0.990589 0.136869 0
    outer loop
      vertex 26.698 -4.08047 0
      vertex 26.698 -4.08047 2.4
      vertex 26.7905 -3.411 0
    endloop
  endfacet
  facet normal -0.990589 0.136869 0
    outer loop
      vertex 26.7905 -3.411 2.4
      vertex 26.7905 -3.411 0
      vertex 26.698 -4.08047 2.4
    endloop
  endfacet
  facet normal -0.986856 0.161602 0
    outer loop
      vertex 26.5893 -4.74427 0
      vertex 26.5893 -4.74427 2.4
      vertex 26.698 -4.08047 0
    endloop
  endfacet
  facet normal -0.986856 0.161602 0
    outer loop
      vertex 26.698 -4.08047 2.4
      vertex 26.698 -4.08047 0
      vertex 26.5893 -4.74427 2.4
    endloop
  endfacet
  facet normal -0.982538 0.186061 0
    outer loop
      vertex 26.4647 -5.40225 0
      vertex 26.4647 -5.40225 2.4
      vertex 26.5893 -4.74427 0
    endloop
  endfacet
  facet normal -0.982538 0.186061 0
    outer loop
      vertex 26.5893 -4.74427 2.4
      vertex 26.5893 -4.74427 0
      vertex 26.4647 -5.40225 2.4
    endloop
  endfacet
  facet normal -0.977559 0.210661 0
    outer loop
      vertex 26.3242 -6.05423 0
      vertex 26.3242 -6.05423 2.4
      vertex 26.4647 -5.40225 0
    endloop
  endfacet
  facet normal -0.977559 0.210661 0
    outer loop
      vertex 26.4647 -5.40225 2.4
      vertex 26.4647 -5.40225 0
      vertex 26.3242 -6.05423 2.4
    endloop
  endfacet
  facet normal -0.972009 0.234943 0
    outer loop
      vertex 26.1681 -6.70005 0
      vertex 26.1681 -6.70005 2.4
      vertex 26.3242 -6.05423 0
    endloop
  endfacet
  facet normal -0.972009 0.234943 0
    outer loop
      vertex 26.3242 -6.05423 2.4
      vertex 26.3242 -6.05423 0
      vertex 26.1681 -6.70005 2.4
    endloop
  endfacet
  facet normal -0.965833 0.259166 0
    outer loop
      vertex 25.9965 -7.33955 0
      vertex 25.9965 -7.33955 2.4
      vertex 26.1681 -6.70005 0
    endloop
  endfacet
  facet normal -0.965833 0.259166 0
    outer loop
      vertex 26.1681 -6.70005 2.4
      vertex 26.1681 -6.70005 0
      vertex 25.9965 -7.33955 2.4
    endloop
  endfacet
  facet normal -0.959071 0.283167 0
    outer loop
      vertex 25.8096 -7.97257 0
      vertex 25.8096 -7.97257 2.4
      vertex 25.9965 -7.33955 0
    endloop
  endfacet
  facet normal -0.959071 0.283167 0
    outer loop
      vertex 25.9965 -7.33955 2.4
      vertex 25.9965 -7.33955 0
      vertex 25.8096 -7.97257 2.4
    endloop
  endfacet
  facet normal -0.951777 0.30679 0
    outer loop
      vertex 25.6077 -8.59894 0
      vertex 25.6077 -8.59894 2.4
      vertex 25.8096 -7.97257 0
    endloop
  endfacet
  facet normal -0.951777 0.30679 0
    outer loop
      vertex 25.8096 -7.97257 2.4
      vertex 25.8096 -7.97257 0
      vertex 25.6077 -8.59894 2.4
    endloop
  endfacet
  facet normal -0.943879 0.330293 0
    outer loop
      vertex 25.3909 -9.21849 0
      vertex 25.3909 -9.21849 2.4
      vertex 25.6077 -8.59894 0
    endloop
  endfacet
  facet normal -0.943879 0.330293 0
    outer loop
      vertex 25.6077 -8.59894 2.4
      vertex 25.6077 -8.59894 0
      vertex 25.3909 -9.21849 2.4
    endloop
  endfacet
  facet normal -0.935381 0.353642 0
    outer loop
      vertex 25.1593 -9.83107 0
      vertex 25.1593 -9.83107 2.4
      vertex 25.3909 -9.21849 0
    endloop
  endfacet
  facet normal -0.935381 0.353642 0
    outer loop
      vertex 25.3909 -9.21849 2.4
      vertex 25.3909 -9.21849 0
      vertex 25.1593 -9.83107 2.4
    endloop
  endfacet
  facet normal -0.926443 0.376435 0
    outer loop
      vertex 24.9133 -10.4365 0
      vertex 24.9133 -10.4365 2.4
      vertex 25.1593 -9.83107 0
    endloop
  endfacet
  facet normal -0.926443 0.376435 0
    outer loop
      vertex 25.1593 -9.83107 2.4
      vertex 25.1593 -9.83107 0
      vertex 24.9133 -10.4365 2.4
    endloop
  endfacet
  facet normal -0.91687 0.399186 0
    outer loop
      vertex 24.6529 -11.0346 0
      vertex 24.6529 -11.0346 2.4
      vertex 24.9133 -10.4365 0
    endloop
  endfacet
  facet normal -0.91687 0.399186 0
    outer loop
      vertex 24.9133 -10.4365 2.4
      vertex 24.9133 -10.4365 0
      vertex 24.6529 -11.0346 2.4
    endloop
  endfacet
  facet normal -0.906864 0.421423 0
    outer loop
      vertex 24.3784 -11.6253 0
      vertex 24.3784 -11.6253 2.4
      vertex 24.6529 -11.0346 0
    endloop
  endfacet
  facet normal -0.906864 0.421423 0
    outer loop
      vertex 24.6529 -11.0346 2.4
      vertex 24.6529 -11.0346 0
      vertex 24.3784 -11.6253 2.4
    endloop
  endfacet
  facet normal -0.896325 0.443397 0
    outer loop
      vertex 24.09 -12.2083 0
      vertex 24.09 -12.2083 2.4
      vertex 24.3784 -11.6253 0
    endloop
  endfacet
  facet normal -0.896325 0.443397 0
    outer loop
      vertex 24.3784 -11.6253 2.4
      vertex 24.3784 -11.6253 0
      vertex 24.09 -12.2083 2.4
    endloop
  endfacet
  facet normal -0.885228 0.465157 0
    outer loop
      vertex 23.7877 -12.7836 0
      vertex 23.7877 -12.7836 2.4
      vertex 24.09 -12.2083 0
    endloop
  endfacet
  facet normal -0.885228 0.465157 0
    outer loop
      vertex 24.09 -12.2083 2.4
      vertex 24.09 -12.2083 0
      vertex 23.7877 -12.7836 2.4
    endloop
  endfacet
  facet normal 0.615841 0.787871 -0
    outer loop
      vertex 13.923 -5.07284 0
      vertex 13.923 -5.07284 2.4
      vertex 23.7877 -12.7836 0
    endloop
  endfacet
  facet normal 0.615841 0.787871 0
    outer loop
      vertex 23.7877 -12.7836 2.4
      vertex 23.7877 -12.7836 0
      vertex 13.923 -5.07284 2.4
    endloop
  endfacet
  facet normal 0.896291 0.443467 -0
    outer loop
      vertex -24.3481 -11.686 0
      vertex -24.3481 -11.686 2.4
      vertex -24.059 -12.2703 0
    endloop
  endfacet
  facet normal 0.896291 0.443467 0
    outer loop
      vertex -24.059 -12.2703 2.4
      vertex -24.059 -12.2703 0
      vertex -24.3481 -11.686 2.4
    endloop
  endfacet
  facet normal 0.906823 0.421511 -0
    outer loop
      vertex -24.6236 -11.0933 0
      vertex -24.6236 -11.0933 2.4
      vertex -24.3481 -11.686 0
    endloop
  endfacet
  facet normal 0.906823 0.421511 0
    outer loop
      vertex -24.3481 -11.686 2.4
      vertex -24.3481 -11.686 0
      vertex -24.6236 -11.0933 2.4
    endloop
  endfacet
  facet normal 0.916825 0.39929 -0
    outer loop
      vertex -24.8853 -10.4924 0
      vertex -24.8853 -10.4924 2.4
      vertex -24.6236 -11.0933 0
    endloop
  endfacet
  facet normal 0.916825 0.39929 0
    outer loop
      vertex -24.6236 -11.0933 2.4
      vertex -24.6236 -11.0933 0
      vertex -24.8853 -10.4924 2.4
    endloop
  endfacet
  facet normal 0.926235 0.376946 -0
    outer loop
      vertex -25.133 -9.88375 0
      vertex -25.133 -9.88375 2.4
      vertex -24.8853 -10.4924 0
    endloop
  endfacet
  facet normal 0.926235 0.376946 0
    outer loop
      vertex -24.8853 -10.4924 2.4
      vertex -24.8853 -10.4924 0
      vertex -25.133 -9.88375 2.4
    endloop
  endfacet
  facet normal 0.935185 0.35416 -0
    outer loop
      vertex -25.3664 -9.26744 0
      vertex -25.3664 -9.26744 2.4
      vertex -25.133 -9.88375 0
    endloop
  endfacet
  facet normal 0.935185 0.35416 0
    outer loop
      vertex -25.133 -9.88375 2.4
      vertex -25.133 -9.88375 0
      vertex -25.3664 -9.26744 2.4
    endloop
  endfacet
  facet normal 0.943566 0.331185 -0
    outer loop
      vertex -25.5853 -8.64378 0
      vertex -25.5853 -8.64378 2.4
      vertex -25.3664 -9.26744 0
    endloop
  endfacet
  facet normal 0.943566 0.331185 0
    outer loop
      vertex -25.3664 -9.26744 2.4
      vertex -25.3664 -9.26744 0
      vertex -25.5853 -8.64378 2.4
    endloop
  endfacet
  facet normal 0.95143 0.307866 -0
    outer loop
      vertex -25.7894 -8.01303 0
      vertex -25.7894 -8.01303 2.4
      vertex -25.5853 -8.64378 0
    endloop
  endfacet
  facet normal 0.95143 0.307866 0
    outer loop
      vertex -25.5853 -8.64378 2.4
      vertex -25.5853 -8.64378 0
      vertex -25.7894 -8.01303 2.4
    endloop
  endfacet
  facet normal 0.958723 0.284343 -0
    outer loop
      vertex -25.9785 -7.37544 0
      vertex -25.9785 -7.37544 2.4
      vertex -25.7894 -8.01303 0
    endloop
  endfacet
  facet normal 0.958723 0.284343 0
    outer loop
      vertex -25.7894 -8.01303 2.4
      vertex -25.7894 -8.01303 0
      vertex -25.9785 -7.37544 2.4
    endloop
  endfacet
  facet normal 0.965439 0.26063 -0
    outer loop
      vertex -26.1524 -6.73127 0
      vertex -26.1524 -6.73127 2.4
      vertex -25.9785 -7.37544 0
    endloop
  endfacet
  facet normal 0.965439 0.26063 0
    outer loop
      vertex -25.9785 -7.37544 2.4
      vertex -25.9785 -7.37544 0
      vertex -26.1524 -6.73127 2.4
    endloop
  endfacet
  facet normal 0.971574 0.236736 -0
    outer loop
      vertex -26.3109 -6.08078 0
      vertex -26.3109 -6.08078 2.4
      vertex -26.1524 -6.73127 0
    endloop
  endfacet
  facet normal 0.971574 0.236736 0
    outer loop
      vertex -26.1524 -6.73127 2.4
      vertex -26.1524 -6.73127 0
      vertex -26.3109 -6.08078 2.4
    endloop
  endfacet
  facet normal 0.977155 0.212529 -0
    outer loop
      vertex -26.4537 -5.42422 0
      vertex -26.4537 -5.42422 2.4
      vertex -26.3109 -6.08078 0
    endloop
  endfacet
  facet normal 0.977155 0.212529 0
    outer loop
      vertex -26.3109 -6.08078 2.4
      vertex -26.3109 -6.08078 0
      vertex -26.4537 -5.42422 2.4
    endloop
  endfacet
  facet normal 0.982137 0.188165 -0
    outer loop
      vertex -26.5806 -4.76186 0
      vertex -26.5806 -4.76186 2.4
      vertex -26.4537 -5.42422 0
    endloop
  endfacet
  facet normal 0.982137 0.188165 0
    outer loop
      vertex -26.4537 -5.42422 2.4
      vertex -26.4537 -5.42422 0
      vertex -26.5806 -4.76186 2.4
    endloop
  endfacet
  facet normal 0.986542 0.16351 -0
    outer loop
      vertex -26.6913 -4.09395 0
      vertex -26.6913 -4.09395 2.4
      vertex -26.5806 -4.76186 0
    endloop
  endfacet
  facet normal 0.986542 0.16351 0
    outer loop
      vertex -26.5806 -4.76186 2.4
      vertex -26.5806 -4.76186 0
      vertex -26.6913 -4.09395 2.4
    endloop
  endfacet
  facet normal 0.990331 0.138723 -0
    outer loop
      vertex -26.7856 -3.42075 0
      vertex -26.7856 -3.42075 2.4
      vertex -26.6913 -4.09395 0
    endloop
  endfacet
  facet normal 0.990331 0.138723 0
    outer loop
      vertex -26.6913 -4.09395 2.4
      vertex -26.6913 -4.09395 0
      vertex -26.7856 -3.42075 2.4
    endloop
  endfacet
  facet normal 0.993502 0.113818 -0
    outer loop
      vertex -26.8633 -2.74252 0
      vertex -26.8633 -2.74252 2.4
      vertex -26.7856 -3.42075 0
    endloop
  endfacet
  facet normal 0.993502 0.113818 0
    outer loop
      vertex -26.7856 -3.42075 2.4
      vertex -26.7856 -3.42075 0
      vertex -26.8633 -2.74252 2.4
    endloop
  endfacet
  facet normal 0.996061 0.0886671 -0
    outer loop
      vertex -26.9241 -2.05951 0
      vertex -26.9241 -2.05951 2.4
      vertex -26.8633 -2.74252 0
    endloop
  endfacet
  facet normal 0.996061 0.0886671 0
    outer loop
      vertex -26.8633 -2.74252 2.4
      vertex -26.8633 -2.74252 0
      vertex -26.9241 -2.05951 2.4
    endloop
  endfacet
  facet normal 0.997986 0.0634329 -0
    outer loop
      vertex -26.9678 -1.37198 0
      vertex -26.9678 -1.37198 2.4
      vertex -26.9241 -2.05951 0
    endloop
  endfacet
  facet normal 0.997986 0.0634329 0
    outer loop
      vertex -26.9241 -2.05951 2.4
      vertex -26.9241 -2.05951 0
      vertex -26.9678 -1.37198 2.4
    endloop
  endfacet
  facet normal 0.999267 0.0382781 -0
    outer loop
      vertex -26.9943 -0.680185 0
      vertex -26.9943 -0.680185 2.4
      vertex -26.9678 -1.37198 0
    endloop
  endfacet
  facet normal 0.999267 0.0382781 0
    outer loop
      vertex -26.9678 -1.37198 2.4
      vertex -26.9678 -1.37198 0
      vertex -26.9943 -0.680185 2.4
    endloop
  endfacet
  facet normal 0.99992 0.0126464 -0
    outer loop
      vertex -27.0031 0.0156075 0
      vertex -27.0031 0.0156075 2.4
      vertex -26.9943 -0.680185 0
    endloop
  endfacet
  facet normal 0.99992 0.0126464 0
    outer loop
      vertex -26.9943 -0.680185 2.4
      vertex -26.9943 -0.680185 0
      vertex -27.0031 0.0156075 2.4
    endloop
  endfacet
  facet normal 0.999646 -0.0266055 0
    outer loop
      vertex -26.9641 1.48095 0
      vertex -26.9641 1.48095 2.4
      vertex -27.0031 0.0156075 0
    endloop
  endfacet
  facet normal 0.999646 -0.0266055 0
    outer loop
      vertex -27.0031 0.0156075 2.4
      vertex -27.0031 0.0156075 0
      vertex -26.9641 1.48095 2.4
    endloop
  endfacet
  facet normal 0.996808 -0.0798324 0
    outer loop
      vertex -26.8484 2.92561 0
      vertex -26.8484 2.92561 2.4
      vertex -26.9641 1.48095 0
    endloop
  endfacet
  facet normal 0.996808 -0.0798324 0
    outer loop
      vertex -26.9641 1.48095 2.4
      vertex -26.9641 1.48095 0
      vertex -26.8484 2.92561 2.4
    endloop
  endfacet
  facet normal 0.991155 -0.132708 0
    outer loop
      vertex -26.658 4.34765 0
      vertex -26.658 4.34765 2.4
      vertex -26.8484 2.92561 0
    endloop
  endfacet
  facet normal 0.991155 -0.132708 0
    outer loop
      vertex -26.8484 2.92561 2.4
      vertex -26.8484 2.92561 0
      vertex -26.658 4.34765 2.4
    endloop
  endfacet
  facet normal 0.982723 -0.185084 0
    outer loop
      vertex -26.3948 5.74514 0
      vertex -26.3948 5.74514 2.4
      vertex -26.658 4.34765 0
    endloop
  endfacet
  facet normal 0.982723 -0.185084 0
    outer loop
      vertex -26.658 4.34765 2.4
      vertex -26.658 4.34765 0
      vertex -26.3948 5.74514 2.4
    endloop
  endfacet
  facet normal 0.971567 -0.236765 0
    outer loop
      vertex -26.0607 7.11612 0
      vertex -26.0607 7.11612 2.4
      vertex -26.3948 5.74514 0
    endloop
  endfacet
  facet normal 0.971567 -0.236765 0
    outer loop
      vertex -26.3948 5.74514 2.4
      vertex -26.3948 5.74514 0
      vertex -26.0607 7.11612 2.4
    endloop
  endfacet
  facet normal 0.957819 -0.287373 0
    outer loop
      vertex -25.6579 8.45866 0
      vertex -25.6579 8.45866 2.4
      vertex -26.0607 7.11612 0
    endloop
  endfacet
  facet normal 0.957819 -0.287373 0
    outer loop
      vertex -26.0607 7.11612 2.4
      vertex -26.0607 7.11612 0
      vertex -25.6579 8.45866 2.4
    endloop
  endfacet
  facet normal 0.941497 -0.337023 0
    outer loop
      vertex -25.1882 9.7708 0
      vertex -25.1882 9.7708 2.4
      vertex -25.6579 8.45866 0
    endloop
  endfacet
  facet normal 0.941497 -0.337023 0
    outer loop
      vertex -25.6579 8.45866 2.4
      vertex -25.6579 8.45866 0
      vertex -25.1882 9.7708 2.4
    endloop
  endfacet
  facet normal 0.922731 -0.385445 0
    outer loop
      vertex -24.6536 11.0506 0
      vertex -24.6536 11.0506 2.4
      vertex -25.1882 9.7708 0
    endloop
  endfacet
  facet normal 0.922731 -0.385445 0
    outer loop
      vertex -25.1882 9.7708 2.4
      vertex -25.1882 9.7708 0
      vertex -24.6536 11.0506 2.4
    endloop
  endfacet
  facet normal 0.901591 -0.43259 0
    outer loop
      vertex -24.056 12.2961 0
      vertex -24.056 12.2961 2.4
      vertex -24.6536 11.0506 0
    endloop
  endfacet
  facet normal 0.901591 -0.43259 0
    outer loop
      vertex -24.6536 11.0506 2.4
      vertex -24.6536 11.0506 0
      vertex -24.056 12.2961 2.4
    endloop
  endfacet
  facet normal 0.878253 -0.478196 0
    outer loop
      vertex -23.3975 13.5055 0
      vertex -23.3975 13.5055 2.4
      vertex -24.056 12.2961 0
    endloop
  endfacet
  facet normal 0.878253 -0.478196 0
    outer loop
      vertex -24.056 12.2961 2.4
      vertex -24.056 12.2961 0
      vertex -23.3975 13.5055 2.4
    endloop
  endfacet
  facet normal 0.852689 -0.522419 0
    outer loop
      vertex -22.68 14.6766 0
      vertex -22.68 14.6766 2.4
      vertex -23.3975 13.5055 0
    endloop
  endfacet
  facet normal 0.852689 -0.522419 0
    outer loop
      vertex -23.3975 13.5055 2.4
      vertex -23.3975 13.5055 0
      vertex -22.68 14.6766 2.4
    endloop
  endfacet
  facet normal 0.825073 -0.565026 0
    outer loop
      vertex -21.9054 15.8077 0
      vertex -21.9054 15.8077 2.4
      vertex -22.68 14.6766 0
    endloop
  endfacet
  facet normal 0.825073 -0.565026 0
    outer loop
      vertex -22.68 14.6766 2.4
      vertex -22.68 14.6766 0
      vertex -21.9054 15.8077 2.4
    endloop
  endfacet
  facet normal 0.795472 -0.60599 0
    outer loop
      vertex -21.0758 16.8967 0
      vertex -21.0758 16.8967 2.4
      vertex -21.9054 15.8077 0
    endloop
  endfacet
  facet normal 0.795472 -0.60599 0
    outer loop
      vertex -21.9054 15.8077 2.4
      vertex -21.9054 15.8077 0
      vertex -21.0758 16.8967 2.4
    endloop
  endfacet
  facet normal 0.763938 -0.64529 0
    outer loop
      vertex -20.1931 17.9417 0
      vertex -20.1931 17.9417 2.4
      vertex -21.0758 16.8967 0
    endloop
  endfacet
  facet normal 0.763938 -0.64529 0
    outer loop
      vertex -21.0758 16.8967 2.4
      vertex -21.0758 16.8967 0
      vertex -20.1931 17.9417 2.4
    endloop
  endfacet
  facet normal 0.730508 -0.682904 0
    outer loop
      vertex -19.2592 18.9407 0
      vertex -19.2592 18.9407 2.4
      vertex -20.1931 17.9417 0
    endloop
  endfacet
  facet normal 0.730508 -0.682904 0
    outer loop
      vertex -20.1931 17.9417 2.4
      vertex -20.1931 17.9417 0
      vertex -19.2592 18.9407 2.4
    endloop
  endfacet
  facet normal 0.695387 -0.718635 0
    outer loop
      vertex -18.2762 19.8919 0
      vertex -18.2762 19.8919 2.4
      vertex -19.2592 18.9407 0
    endloop
  endfacet
  facet normal 0.695387 -0.718635 0
    outer loop
      vertex -19.2592 18.9407 2.4
      vertex -19.2592 18.9407 0
      vertex -18.2762 19.8919 2.4
    endloop
  endfacet
  facet normal 0.658494 -0.752586 0
    outer loop
      vertex -17.246 20.7933 0
      vertex -17.246 20.7933 2.4
      vertex -18.2762 19.8919 0
    endloop
  endfacet
  facet normal 0.658494 -0.752586 0
    outer loop
      vertex -18.2762 19.8919 2.4
      vertex -18.2762 19.8919 0
      vertex -17.246 20.7933 2.4
    endloop
  endfacet
  facet normal 0.619878 -0.784698 0
    outer loop
      vertex -16.1705 21.6429 0
      vertex -16.1705 21.6429 2.4
      vertex -17.246 20.7933 0
    endloop
  endfacet
  facet normal 0.619878 -0.784698 0
    outer loop
      vertex -17.246 20.7933 2.4
      vertex -17.246 20.7933 0
      vertex -16.1705 21.6429 2.4
    endloop
  endfacet
  facet normal 0.579659 -0.814859 0
    outer loop
      vertex -15.0518 22.4387 0
      vertex -15.0518 22.4387 2.4
      vertex -16.1705 21.6429 0
    endloop
  endfacet
  facet normal 0.579659 -0.814859 0
    outer loop
      vertex -16.1705 21.6429 2.4
      vertex -16.1705 21.6429 0
      vertex -15.0518 22.4387 2.4
    endloop
  endfacet
  facet normal 0.537971 -0.842964 0
    outer loop
      vertex -13.8918 23.179 0
      vertex -13.8918 23.179 2.4
      vertex -15.0518 22.4387 0
    endloop
  endfacet
  facet normal 0.537971 -0.842964 0
    outer loop
      vertex -15.0518 22.4387 2.4
      vertex -15.0518 22.4387 0
      vertex -13.8918 23.179 2.4
    endloop
  endfacet
  facet normal 0.504666 -0.863315 0
    outer loop
      vertex -13.3112 23.5184 0
      vertex -13.3112 23.5184 2.4
      vertex -13.8918 23.179 0
    endloop
  endfacet
  facet normal 0.504666 -0.863315 0
    outer loop
      vertex -13.8918 23.179 2.4
      vertex -13.8918 23.179 0
      vertex -13.3112 23.5184 2.4
    endloop
  endfacet
  facet normal 0.482842 -0.875708 0
    outer loop
      vertex -12.7214 23.8436 0
      vertex -12.7214 23.8436 2.4
      vertex -13.3112 23.5184 0
    endloop
  endfacet
  facet normal 0.482842 -0.875708 0
    outer loop
      vertex -13.3112 23.5184 2.4
      vertex -13.3112 23.5184 0
      vertex -12.7214 23.8436 2.4
    endloop
  endfacet
  facet normal 0.460741 -0.887535 0
    outer loop
      vertex -12.1227 24.1544 0
      vertex -12.1227 24.1544 2.4
      vertex -12.7214 23.8436 0
    endloop
  endfacet
  facet normal 0.460741 -0.887535 0
    outer loop
      vertex -12.7214 23.8436 2.4
      vertex -12.7214 23.8436 0
      vertex -12.1227 24.1544 2.4
    endloop
  endfacet
  facet normal 0.438074 -0.898939 0
    outer loop
      vertex -11.5153 24.4504 0
      vertex -11.5153 24.4504 2.4
      vertex -12.1227 24.1544 0
    endloop
  endfacet
  facet normal 0.438074 -0.898939 0
    outer loop
      vertex -12.1227 24.1544 2.4
      vertex -12.1227 24.1544 0
      vertex -11.5153 24.4504 2.4
    endloop
  endfacet
  facet normal 0.415271 -0.909698 0
    outer loop
      vertex -10.8993 24.7316 0
      vertex -10.8993 24.7316 2.4
      vertex -11.5153 24.4504 0
    endloop
  endfacet
  facet normal 0.415271 -0.909698 0
    outer loop
      vertex -11.5153 24.4504 2.4
      vertex -11.5153 24.4504 0
      vertex -10.8993 24.7316 2.4
    endloop
  endfacet
  facet normal 0.39198 -0.919974 0
    outer loop
      vertex -10.275 24.9976 0
      vertex -10.275 24.9976 2.4
      vertex -10.8993 24.7316 0
    endloop
  endfacet
  facet normal 0.39198 -0.919974 0
    outer loop
      vertex -10.8993 24.7316 2.4
      vertex -10.8993 24.7316 0
      vertex -10.275 24.9976 2.4
    endloop
  endfacet
  facet normal 0.368672 -0.929559 0
    outer loop
      vertex -9.64264 25.2484 0
      vertex -9.64264 25.2484 2.4
      vertex -10.275 24.9976 0
    endloop
  endfacet
  facet normal 0.368672 -0.929559 0
    outer loop
      vertex -10.275 24.9976 2.4
      vertex -10.275 24.9976 0
      vertex -9.64264 25.2484 2.4
    endloop
  endfacet
  facet normal 0.344816 -0.93867 0
    outer loop
      vertex -9.00237 25.4836 0
      vertex -9.00237 25.4836 2.4
      vertex -9.64264 25.2484 0
    endloop
  endfacet
  facet normal 0.344816 -0.93867 0
    outer loop
      vertex -9.64264 25.2484 2.4
      vertex -9.64264 25.2484 0
      vertex -9.00237 25.4836 2.4
    endloop
  endfacet
  facet normal 0.320855 -0.947128 0
    outer loop
      vertex -8.35443 25.7031 0
      vertex -8.35443 25.7031 2.4
      vertex -9.00237 25.4836 0
    endloop
  endfacet
  facet normal 0.320855 -0.947128 0
    outer loop
      vertex -9.00237 25.4836 2.4
      vertex -9.00237 25.4836 0
      vertex -8.35443 25.7031 2.4
    endloop
  endfacet
  facet normal 0.296524 -0.955025 0
    outer loop
      vertex -7.69901 25.9066 0
      vertex -7.69901 25.9066 2.4
      vertex -8.35443 25.7031 0
    endloop
  endfacet
  facet normal 0.296524 -0.955025 0
    outer loop
      vertex -8.35443 25.7031 2.4
      vertex -8.35443 25.7031 0
      vertex -7.69901 25.9066 2.4
    endloop
  endfacet
  facet normal 0.272123 -0.962262 0
    outer loop
      vertex -7.03634 26.094 0
      vertex -7.03634 26.094 2.4
      vertex -7.69901 25.9066 0
    endloop
  endfacet
  facet normal 0.272123 -0.962262 0
    outer loop
      vertex -7.69901 25.9066 2.4
      vertex -7.69901 25.9066 0
      vertex -7.03634 26.094 2.4
    endloop
  endfacet
  facet normal 0.247394 -0.968915 0
    outer loop
      vertex -6.36662 26.265 0
      vertex -6.36662 26.265 2.4
      vertex -7.03634 26.094 0
    endloop
  endfacet
  facet normal 0.247394 -0.968915 0
    outer loop
      vertex -7.03634 26.094 2.4
      vertex -7.03634 26.094 0
      vertex -6.36662 26.265 2.4
    endloop
  endfacet
  facet normal 0.22263 -0.974903 0
    outer loop
      vertex -5.69006 26.4195 0
      vertex -5.69006 26.4195 2.4
      vertex -6.36662 26.265 0
    endloop
  endfacet
  facet normal 0.22263 -0.974903 0
    outer loop
      vertex -6.36662 26.265 2.4
      vertex -6.36662 26.265 0
      vertex -5.69006 26.4195 2.4
    endloop
  endfacet
  facet normal 0.197446 -0.980314 0
    outer loop
      vertex -5.00688 26.5571 0
      vertex -5.00688 26.5571 2.4
      vertex -5.69006 26.4195 0
    endloop
  endfacet
  facet normal 0.197446 -0.980314 0
    outer loop
      vertex -5.69006 26.4195 2.4
      vertex -5.69006 26.4195 0
      vertex -5.00688 26.5571 2.4
    endloop
  endfacet
  facet normal 0.172408 -0.985026 0
    outer loop
      vertex -4.31728 26.6778 0
      vertex -4.31728 26.6778 2.4
      vertex -5.00688 26.5571 0
    endloop
  endfacet
  facet normal 0.172408 -0.985026 0
    outer loop
      vertex -5.00688 26.5571 2.4
      vertex -5.00688 26.5571 0
      vertex -4.31728 26.6778 2.4
    endloop
  endfacet
  facet normal 0.146992 -0.989138 0
    outer loop
      vertex -3.62148 26.7812 0
      vertex -3.62148 26.7812 2.4
      vertex -4.31728 26.6778 0
    endloop
  endfacet
  facet normal 0.146992 -0.989138 0
    outer loop
      vertex -4.31728 26.6778 2.4
      vertex -4.31728 26.6778 0
      vertex -3.62148 26.7812 2.4
    endloop
  endfacet
  facet normal 0.121772 -0.992558 0
    outer loop
      vertex -2.91968 26.8673 0
      vertex -2.91968 26.8673 2.4
      vertex -3.62148 26.7812 0
    endloop
  endfacet
  facet normal 0.121772 -0.992558 0
    outer loop
      vertex -3.62148 26.7812 2.4
      vertex -3.62148 26.7812 0
      vertex -2.91968 26.8673 2.4
    endloop
  endfacet
  facet normal 0.096219 -0.99536 0
    outer loop
      vertex -2.2121 26.9357 0
      vertex -2.2121 26.9357 2.4
      vertex -2.91968 26.8673 0
    endloop
  endfacet
  facet normal 0.096219 -0.99536 0
    outer loop
      vertex -2.91968 26.8673 2.4
      vertex -2.91968 26.8673 0
      vertex -2.2121 26.9357 2.4
    endloop
  endfacet
  facet normal 0.0706357 -0.997502 0
    outer loop
      vertex -1.49895 26.9862 0
      vertex -1.49895 26.9862 2.4
      vertex -2.2121 26.9357 0
    endloop
  endfacet
  facet normal 0.0706357 -0.997502 0
    outer loop
      vertex -2.2121 26.9357 2.4
      vertex -2.2121 26.9357 0
      vertex -1.49895 26.9862 2.4
    endloop
  endfacet
  facet normal 0.045186 -0.998979 0
    outer loop
      vertex -0.780435 27.0187 0
      vertex -0.780435 27.0187 2.4
      vertex -1.49895 26.9862 0
    endloop
  endfacet
  facet normal 0.045186 -0.998979 0
    outer loop
      vertex -1.49895 26.9862 2.4
      vertex -1.49895 26.9862 0
      vertex -0.780435 27.0187 2.4
    endloop
  endfacet
  facet normal -0.990545 0.137191 0
    outer loop
      vertex -4.18314 2.45057 0
      vertex -4.18314 2.45057 2.4
      vertex -0.780435 27.0187 0
    endloop
  endfacet
  facet normal -0.990545 0.137191 0
    outer loop
      vertex -0.780435 27.0187 2.4
      vertex -0.780435 27.0187 0
      vertex -4.18314 2.45057 2.4
    endloop
  endfacet
  facet normal -0.615692 0.787987 0
    outer loop
      vertex -13.8918 -5.13527 0
      vertex -13.8918 -5.13527 2.4
      vertex -4.18314 2.45057 0
    endloop
  endfacet
  facet normal -0.615692 0.787987 0
    outer loop
      vertex -4.18314 2.45057 2.4
      vertex -4.18314 2.45057 0
      vertex -13.8918 -5.13527 2.4
    endloop
  endfacet
  facet normal -0.615839 0.787872 0
    outer loop
      vertex -23.7565 -12.846 0
      vertex -23.7565 -12.846 2.4
      vertex -13.8918 -5.13527 0
    endloop
  endfacet
  facet normal -0.615839 0.787872 0
    outer loop
      vertex -13.8918 -5.13527 2.4
      vertex -13.8918 -5.13527 0
      vertex -23.7565 -12.846 2.4
    endloop
  endfacet
  facet normal 0.885235 0.465144 -0
    outer loop
      vertex -24.059 -12.2703 0
      vertex -24.059 -12.2703 2.4
      vertex -23.7565 -12.846 0
    endloop
  endfacet
  facet normal 0.885235 0.465144 0
    outer loop
      vertex -23.7565 -12.846 2.4
      vertex -23.7565 -12.846 0
      vertex -24.059 -12.2703 2.4
    endloop
  endfacet
  facet normal 0.0413731 0.999144 -0
    outer loop
      vertex -1.48554 -26.9769 0
      vertex -1.48554 -26.9769 2.4
      vertex -0.729657 -27.0082 0
    endloop
  endfacet
  facet normal 0.0413731 0.999144 0
    outer loop
      vertex -0.729657 -27.0082 2.4
      vertex -0.729657 -27.0082 0
      vertex -1.48554 -26.9769 2.4
    endloop
  endfacet
  facet normal 0.0688477 0.997627 -0
    outer loop
      vertex -2.23614 -26.9251 0
      vertex -2.23614 -26.9251 2.4
      vertex -1.48554 -26.9769 0
    endloop
  endfacet
  facet normal 0.0688477 0.997627 0
    outer loop
      vertex -1.48554 -26.9769 2.4
      vertex -1.48554 -26.9769 0
      vertex -2.23614 -26.9251 2.4
    endloop
  endfacet
  facet normal 0.0964608 0.995337 -0
    outer loop
      vertex -2.98114 -26.8529 0
      vertex -2.98114 -26.8529 2.4
      vertex -2.23614 -26.9251 0
    endloop
  endfacet
  facet normal 0.0964608 0.995337 0
    outer loop
      vertex -2.23614 -26.9251 2.4
      vertex -2.23614 -26.9251 0
      vertex -2.98114 -26.8529 2.4
    endloop
  endfacet
  facet normal 0.123787 0.992309 -0
    outer loop
      vertex -3.72024 -26.7607 0
      vertex -3.72024 -26.7607 2.4
      vertex -2.98114 -26.8529 0
    endloop
  endfacet
  facet normal 0.123787 0.992309 0
    outer loop
      vertex -2.98114 -26.8529 2.4
      vertex -2.98114 -26.8529 0
      vertex -3.72024 -26.7607 2.4
    endloop
  endfacet
  facet normal 0.151064 0.988524 -0
    outer loop
      vertex -4.45314 -26.6487 0
      vertex -4.45314 -26.6487 2.4
      vertex -3.72024 -26.7607 0
    endloop
  endfacet
  facet normal 0.151064 0.988524 0
    outer loop
      vertex -3.72024 -26.7607 2.4
      vertex -3.72024 -26.7607 0
      vertex -4.45314 -26.6487 2.4
    endloop
  endfacet
  facet normal 0.178137 0.984006 -0
    outer loop
      vertex -5.17953 -26.5172 0
      vertex -5.17953 -26.5172 2.4
      vertex -4.45314 -26.6487 0
    endloop
  endfacet
  facet normal 0.178137 0.984006 0
    outer loop
      vertex -4.45314 -26.6487 2.4
      vertex -4.45314 -26.6487 0
      vertex -5.17953 -26.5172 2.4
    endloop
  endfacet
  facet normal 0.205114 0.978738 -0
    outer loop
      vertex -5.8991 -26.3664 0
      vertex -5.8991 -26.3664 2.4
      vertex -5.17953 -26.5172 0
    endloop
  endfacet
  facet normal 0.205114 0.978738 0
    outer loop
      vertex -5.17953 -26.5172 2.4
      vertex -5.17953 -26.5172 0
      vertex -5.8991 -26.3664 2.4
    endloop
  endfacet
  facet normal 0.231836 0.972755 -0
    outer loop
      vertex -6.61156 -26.1966 0
      vertex -6.61156 -26.1966 2.4
      vertex -5.8991 -26.3664 0
    endloop
  endfacet
  facet normal 0.231836 0.972755 0
    outer loop
      vertex -5.8991 -26.3664 2.4
      vertex -5.8991 -26.3664 0
      vertex -6.61156 -26.1966 2.4
    endloop
  endfacet
  facet normal 0.258289 0.966068 -0
    outer loop
      vertex -7.3166 -26.0081 0
      vertex -7.3166 -26.0081 2.4
      vertex -6.61156 -26.1966 0
    endloop
  endfacet
  facet normal 0.258289 0.966068 0
    outer loop
      vertex -6.61156 -26.1966 2.4
      vertex -6.61156 -26.1966 0
      vertex -7.3166 -26.0081 2.4
    endloop
  endfacet
  facet normal 0.284711 0.958613 -0
    outer loop
      vertex -8.0139 -25.801 0
      vertex -8.0139 -25.801 2.4
      vertex -7.3166 -26.0081 0
    endloop
  endfacet
  facet normal 0.284711 0.958613 0
    outer loop
      vertex -7.3166 -26.0081 2.4
      vertex -7.3166 -26.0081 0
      vertex -8.0139 -25.801 2.4
    endloop
  endfacet
  facet normal 0.310687 0.950512 -0
    outer loop
      vertex -8.70318 -25.5757 0
      vertex -8.70318 -25.5757 2.4
      vertex -8.0139 -25.801 0
    endloop
  endfacet
  facet normal 0.310687 0.950512 0
    outer loop
      vertex -8.0139 -25.801 2.4
      vertex -8.0139 -25.801 0
      vertex -8.70318 -25.5757 2.4
    endloop
  endfacet
  facet normal 0.336341 0.94174 -0
    outer loop
      vertex -9.38413 -25.3325 0
      vertex -9.38413 -25.3325 2.4
      vertex -8.70318 -25.5757 0
    endloop
  endfacet
  facet normal 0.336341 0.94174 0
    outer loop
      vertex -8.70318 -25.5757 2.4
      vertex -8.70318 -25.5757 0
      vertex -9.38413 -25.3325 2.4
    endloop
  endfacet
  facet normal 0.361918 0.93221 -0
    outer loop
      vertex -10.0564 -25.0715 0
      vertex -10.0564 -25.0715 2.4
      vertex -9.38413 -25.3325 0
    endloop
  endfacet
  facet normal 0.361918 0.93221 0
    outer loop
      vertex -9.38413 -25.3325 2.4
      vertex -9.38413 -25.3325 0
      vertex -10.0564 -25.0715 2.4
    endloop
  endfacet
  facet normal 0.387081 0.922046 -0
    outer loop
      vertex -10.7198 -24.793 0
      vertex -10.7198 -24.793 2.4
      vertex -10.0564 -25.0715 0
    endloop
  endfacet
  facet normal 0.387081 0.922046 0
    outer loop
      vertex -10.0564 -25.0715 2.4
      vertex -10.0564 -25.0715 0
      vertex -10.7198 -24.793 2.4
    endloop
  endfacet
  facet normal 0.411818 0.911266 -0
    outer loop
      vertex -11.3739 -24.4974 0
      vertex -11.3739 -24.4974 2.4
      vertex -10.7198 -24.793 0
    endloop
  endfacet
  facet normal 0.411818 0.911266 0
    outer loop
      vertex -10.7198 -24.793 2.4
      vertex -10.7198 -24.793 0
      vertex -11.3739 -24.4974 2.4
    endloop
  endfacet
  facet normal 0.436462 0.899723 -0
    outer loop
      vertex -12.0185 -24.1847 0
      vertex -12.0185 -24.1847 2.4
      vertex -11.3739 -24.4974 0
    endloop
  endfacet
  facet normal 0.436462 0.899723 0
    outer loop
      vertex -11.3739 -24.4974 2.4
      vertex -11.3739 -24.4974 0
      vertex -12.0185 -24.1847 2.4
    endloop
  endfacet
  facet normal 0.460534 0.887642 -0
    outer loop
      vertex -12.6532 -23.8554 0
      vertex -12.6532 -23.8554 2.4
      vertex -12.0185 -24.1847 0
    endloop
  endfacet
  facet normal 0.460534 0.887642 0
    outer loop
      vertex -12.0185 -24.1847 2.4
      vertex -12.0185 -24.1847 0
      vertex -12.6532 -23.8554 2.4
    endloop
  endfacet
  facet normal 0.48431 0.874896 -0
    outer loop
      vertex -13.2777 -23.5097 0
      vertex -13.2777 -23.5097 2.4
      vertex -12.6532 -23.8554 0
    endloop
  endfacet
  facet normal 0.48431 0.874896 0
    outer loop
      vertex -12.6532 -23.8554 2.4
      vertex -12.6532 -23.8554 0
      vertex -13.2777 -23.5097 2.4
    endloop
  endfacet
  facet normal 0.507713 0.861526 -0
    outer loop
      vertex -13.8918 -23.1478 0
      vertex -13.8918 -23.1478 2.4
      vertex -13.2777 -23.5097 0
    endloop
  endfacet
  facet normal 0.507713 0.861526 0
    outer loop
      vertex -13.2777 -23.5097 2.4
      vertex -13.2777 -23.5097 0
      vertex -13.8918 -23.1478 2.4
    endloop
  endfacet
  facet normal 0.523756 0.851868 -0
    outer loop
      vertex -14.4352 -22.8137 0
      vertex -14.4352 -22.8137 2.4
      vertex -13.8918 -23.1478 0
    endloop
  endfacet
  facet normal 0.523756 0.851868 0
    outer loop
      vertex -13.8918 -23.1478 2.4
      vertex -13.8918 -23.1478 0
      vertex -14.4352 -22.8137 2.4
    endloop
  endfacet
  facet normal 0.54411 0.839014 -0
    outer loop
      vertex -14.9695 -22.4672 0
      vertex -14.9695 -22.4672 2.4
      vertex -14.4352 -22.8137 0
    endloop
  endfacet
  facet normal 0.54411 0.839014 0
    outer loop
      vertex -14.4352 -22.8137 2.4
      vertex -14.4352 -22.8137 0
      vertex -14.9695 -22.4672 2.4
    endloop
  endfacet
  facet normal 0.564064 0.825731 -0
    outer loop
      vertex -15.4946 -22.1085 0
      vertex -15.4946 -22.1085 2.4
      vertex -14.9695 -22.4672 0
    endloop
  endfacet
  facet normal 0.564064 0.825731 0
    outer loop
      vertex -14.9695 -22.4672 2.4
      vertex -14.9695 -22.4672 0
      vertex -15.4946 -22.1085 2.4
    endloop
  endfacet
  facet normal 0.583782 0.81191 -0
    outer loop
      vertex -16.0103 -21.7377 0
      vertex -16.0103 -21.7377 2.4
      vertex -15.4946 -22.1085 0
    endloop
  endfacet
  facet normal 0.583782 0.81191 0
    outer loop
      vertex -15.4946 -22.1085 2.4
      vertex -15.4946 -22.1085 0
      vertex -16.0103 -21.7377 2.4
    endloop
  endfacet
  facet normal 0.602871 0.797839 -0
    outer loop
      vertex -16.5165 -21.3552 0
      vertex -16.5165 -21.3552 2.4
      vertex -16.0103 -21.7377 0
    endloop
  endfacet
  facet normal 0.602871 0.797839 0
    outer loop
      vertex -16.0103 -21.7377 2.4
      vertex -16.0103 -21.7377 0
      vertex -16.5165 -21.3552 2.4
    endloop
  endfacet
  facet normal 0.621785 0.783188 -0
    outer loop
      vertex -17.0129 -20.9611 0
      vertex -17.0129 -20.9611 2.4
      vertex -16.5165 -21.3552 0
    endloop
  endfacet
  facet normal 0.621785 0.783188 0
    outer loop
      vertex -16.5165 -21.3552 2.4
      vertex -16.5165 -21.3552 0
      vertex -17.0129 -20.9611 2.4
    endloop
  endfacet
  facet normal 0.640184 0.768221 -0
    outer loop
      vertex -17.4995 -20.5556 0
      vertex -17.4995 -20.5556 2.4
      vertex -17.0129 -20.9611 0
    endloop
  endfacet
  facet normal 0.640184 0.768221 0
    outer loop
      vertex -17.0129 -20.9611 2.4
      vertex -17.0129 -20.9611 0
      vertex -17.4995 -20.5556 2.4
    endloop
  endfacet
  facet normal 0.658292 0.752763 -0
    outer loop
      vertex -17.976 -20.1389 0
      vertex -17.976 -20.1389 2.4
      vertex -17.4995 -20.5556 0
    endloop
  endfacet
  facet normal 0.658292 0.752763 0
    outer loop
      vertex -17.4995 -20.5556 2.4
      vertex -17.4995 -20.5556 0
      vertex -17.976 -20.1389 2.4
    endloop
  endfacet
  facet normal 0.675861 0.737029 -0
    outer loop
      vertex -18.4423 -19.7113 0
      vertex -18.4423 -19.7113 2.4
      vertex -17.976 -20.1389 0
    endloop
  endfacet
  facet normal 0.675861 0.737029 0
    outer loop
      vertex -17.976 -20.1389 2.4
      vertex -17.976 -20.1389 0
      vertex -18.4423 -19.7113 2.4
    endloop
  endfacet
  facet normal 0.693058 0.720882 -0
    outer loop
      vertex -18.8983 -19.2729 0
      vertex -18.8983 -19.2729 2.4
      vertex -18.4423 -19.7113 0
    endloop
  endfacet
  facet normal 0.693058 0.720882 0
    outer loop
      vertex -18.4423 -19.7113 2.4
      vertex -18.4423 -19.7113 0
      vertex -18.8983 -19.2729 2.4
    endloop
  endfacet
  facet normal 0.709869 0.704334 -0
    outer loop
      vertex -19.3437 -18.824 0
      vertex -19.3437 -18.824 2.4
      vertex -18.8983 -19.2729 0
    endloop
  endfacet
  facet normal 0.709869 0.704334 0
    outer loop
      vertex -18.8983 -19.2729 2.4
      vertex -18.8983 -19.2729 0
      vertex -19.3437 -18.824 2.4
    endloop
  endfacet
  facet normal 0.726289 0.687389 -0
    outer loop
      vertex -19.7784 -18.3647 0
      vertex -19.7784 -18.3647 2.4
      vertex -19.3437 -18.824 0
    endloop
  endfacet
  facet normal 0.726289 0.687389 0
    outer loop
      vertex -19.3437 -18.824 2.4
      vertex -19.3437 -18.824 0
      vertex -19.7784 -18.3647 2.4
    endloop
  endfacet
  facet normal 0.742169 0.670213 -0
    outer loop
      vertex -20.2022 -17.8954 0
      vertex -20.2022 -17.8954 2.4
      vertex -19.7784 -18.3647 0
    endloop
  endfacet
  facet normal 0.742169 0.670213 0
    outer loop
      vertex -19.7784 -18.3647 2.4
      vertex -19.7784 -18.3647 0
      vertex -20.2022 -17.8954 2.4
    endloop
  endfacet
  facet normal 0.757636 0.652677 -0
    outer loop
      vertex -20.6151 -17.4161 0
      vertex -20.6151 -17.4161 2.4
      vertex -20.2022 -17.8954 0
    endloop
  endfacet
  facet normal 0.757636 0.652677 0
    outer loop
      vertex -20.2022 -17.8954 2.4
      vertex -20.2022 -17.8954 0
      vertex -20.6151 -17.4161 2.4
    endloop
  endfacet
  facet normal 0.772723 0.634743 -0
    outer loop
      vertex -21.0167 -16.9272 0
      vertex -21.0167 -16.9272 2.4
      vertex -20.6151 -17.4161 0
    endloop
  endfacet
  facet normal 0.772723 0.634743 0
    outer loop
      vertex -20.6151 -17.4161 2.4
      vertex -20.6151 -17.4161 0
      vertex -21.0167 -16.9272 2.4
    endloop
  endfacet
  facet normal 0.787315 0.616551 -0
    outer loop
      vertex -21.407 -16.4288 0
      vertex -21.407 -16.4288 2.4
      vertex -21.0167 -16.9272 0
    endloop
  endfacet
  facet normal 0.787315 0.616551 0
    outer loop
      vertex -21.0167 -16.9272 2.4
      vertex -21.0167 -16.9272 0
      vertex -21.407 -16.4288 2.4
    endloop
  endfacet
  facet normal 0.80157 0.597901 -0
    outer loop
      vertex -21.7857 -15.9211 0
      vertex -21.7857 -15.9211 2.4
      vertex -21.407 -16.4288 0
    endloop
  endfacet
  facet normal 0.80157 0.597901 0
    outer loop
      vertex -21.407 -16.4288 2.4
      vertex -21.407 -16.4288 0
      vertex -21.7857 -15.9211 2.4
    endloop
  endfacet
  facet normal 0.815255 0.579102 -0
    outer loop
      vertex -22.1528 -15.4043 0
      vertex -22.1528 -15.4043 2.4
      vertex -21.7857 -15.9211 0
    endloop
  endfacet
  facet normal 0.815255 0.579102 0
    outer loop
      vertex -21.7857 -15.9211 2.4
      vertex -21.7857 -15.9211 0
      vertex -22.1528 -15.4043 2.4
    endloop
  endfacet
  facet normal 0.828542 0.559928 -0
    outer loop
      vertex -22.508 -14.8787 0
      vertex -22.508 -14.8787 2.4
      vertex -22.1528 -15.4043 0
    endloop
  endfacet
  facet normal 0.828542 0.559928 0
    outer loop
      vertex -22.1528 -15.4043 2.4
      vertex -22.1528 -15.4043 0
      vertex -22.508 -14.8787 2.4
    endloop
  endfacet
  facet normal 0.841378 0.540447 -0
    outer loop
      vertex -22.8512 -14.3444 0
      vertex -22.8512 -14.3444 2.4
      vertex -22.508 -14.8787 0
    endloop
  endfacet
  facet normal 0.841378 0.540447 0
    outer loop
      vertex -22.508 -14.8787 2.4
      vertex -22.508 -14.8787 0
      vertex -22.8512 -14.3444 2.4
    endloop
  endfacet
  facet normal 0.380259 -0.92488 0
    outer loop
      vertex -13.8918 -10.6608 0
      vertex -13.8918 -10.6608 2.4
      vertex -22.8512 -14.3444 0
    endloop
  endfacet
  facet normal 0.380259 -0.92488 0
    outer loop
      vertex -22.8512 -14.3444 2.4
      vertex -22.8512 -14.3444 0
      vertex -13.8918 -10.6608 2.4
    endloop
  endfacet
  facet normal 0.379283 -0.925281 0
    outer loop
      vertex -0.031215 -4.97919 0
      vertex -0.031215 -4.97919 2.4
      vertex -13.8918 -10.6608 0
    endloop
  endfacet
  facet normal 0.379283 -0.925281 0
    outer loop
      vertex -13.8918 -10.6608 2.4
      vertex -13.8918 -10.6608 0
      vertex -0.031215 -4.97919 2.4
    endloop
  endfacet
  facet normal -0.375317 -0.926897 0
    outer loop
      vertex 13.923 -10.6295 0
      vertex 13.923 -10.6295 2.4
      vertex -0.031215 -4.97919 0
    endloop
  endfacet
  facet normal -0.375317 -0.926897 -0
    outer loop
      vertex -0.031215 -4.97919 2.4
      vertex -0.031215 -4.97919 0
      vertex 13.923 -10.6295 2.4
    endloop
  endfacet
  facet normal -0.376383 -0.926464 0
    outer loop
      vertex 22.9136 -14.282 0
      vertex 22.9136 -14.282 2.4
      vertex 13.923 -10.6295 0
    endloop
  endfacet
  facet normal -0.376383 -0.926464 -0
    outer loop
      vertex 13.923 -10.6295 2.4
      vertex 13.923 -10.6295 0
      vertex 22.9136 -14.282 2.4
    endloop
  endfacet
  facet normal -0.843333 0.537392 0
    outer loop
      vertex 22.5702 -14.8209 0
      vertex 22.5702 -14.8209 2.4
      vertex 22.9136 -14.282 0
    endloop
  endfacet
  facet normal -0.843333 0.537392 0
    outer loop
      vertex 22.9136 -14.282 2.4
      vertex 22.9136 -14.282 0
      vertex 22.5702 -14.8209 2.4
    endloop
  endfacet
  facet normal -0.830336 0.557263 0
    outer loop
      vertex 22.2143 -15.3512 0
      vertex 22.2143 -15.3512 2.4
      vertex 22.5702 -14.8209 0
    endloop
  endfacet
  facet normal -0.830336 0.557263 0
    outer loop
      vertex 22.5702 -14.8209 2.4
      vertex 22.5702 -14.8209 0
      vertex 22.2143 -15.3512 2.4
    endloop
  endfacet
  facet normal -0.816929 0.576739 0
    outer loop
      vertex 21.8462 -15.8726 0
      vertex 21.8462 -15.8726 2.4
      vertex 22.2143 -15.3512 0
    endloop
  endfacet
  facet normal -0.816929 0.576739 0
    outer loop
      vertex 22.2143 -15.3512 2.4
      vertex 22.2143 -15.3512 0
      vertex 21.8462 -15.8726 2.4
    endloop
  endfacet
  facet normal -0.803038 0.595928 0
    outer loop
      vertex 21.4661 -16.3848 0
      vertex 21.4661 -16.3848 2.4
      vertex 21.8462 -15.8726 0
    endloop
  endfacet
  facet normal -0.803038 0.595928 0
    outer loop
      vertex 21.8462 -15.8726 2.4
      vertex 21.8462 -15.8726 0
      vertex 21.4661 -16.3848 2.4
    endloop
  endfacet
  facet normal -0.788778 0.614679 0
    outer loop
      vertex 21.0742 -16.8877 0
      vertex 21.0742 -16.8877 2.4
      vertex 21.4661 -16.3848 0
    endloop
  endfacet
  facet normal -0.788778 0.614679 0
    outer loop
      vertex 21.4661 -16.3848 2.4
      vertex 21.4661 -16.3848 0
      vertex 21.0742 -16.8877 2.4
    endloop
  endfacet
  facet normal -0.774041 0.633135 0
    outer loop
      vertex 20.6707 -17.381 0
      vertex 20.6707 -17.381 2.4
      vertex 21.0742 -16.8877 0
    endloop
  endfacet
  facet normal -0.774041 0.633135 0
    outer loop
      vertex 21.0742 -16.8877 2.4
      vertex 21.0742 -16.8877 0
      vertex 20.6707 -17.381 2.4
    endloop
  endfacet
  facet normal -0.758902 0.651205 0
    outer loop
      vertex 20.2559 -17.8644 0
      vertex 20.2559 -17.8644 2.4
      vertex 20.6707 -17.381 0
    endloop
  endfacet
  facet normal -0.758902 0.651205 0
    outer loop
      vertex 20.6707 -17.381 2.4
      vertex 20.6707 -17.381 0
      vertex 20.2559 -17.8644 2.4
    endloop
  endfacet
  facet normal -0.743263 0.668999 0
    outer loop
      vertex 19.8298 -18.3378 0
      vertex 19.8298 -18.3378 2.4
      vertex 20.2559 -17.8644 0
    endloop
  endfacet
  facet normal -0.743263 0.668999 0
    outer loop
      vertex 20.2559 -17.8644 2.4
      vertex 20.2559 -17.8644 0
      vertex 19.8298 -18.3378 2.4
    endloop
  endfacet
  facet normal -0.727231 0.686393 0
    outer loop
      vertex 19.3928 -18.8008 0
      vertex 19.3928 -18.8008 2.4
      vertex 19.8298 -18.3378 0
    endloop
  endfacet
  facet normal -0.727231 0.686393 0
    outer loop
      vertex 19.8298 -18.3378 2.4
      vertex 19.8298 -18.3378 0
      vertex 19.3928 -18.8008 2.4
    endloop
  endfacet
  facet normal -0.710945 0.703248 0
    outer loop
      vertex 18.9451 -19.2534 0
      vertex 18.9451 -19.2534 2.4
      vertex 19.3928 -18.8008 0
    endloop
  endfacet
  facet normal -0.710945 0.703248 0
    outer loop
      vertex 19.3928 -18.8008 2.4
      vertex 19.3928 -18.8008 0
      vertex 18.9451 -19.2534 2.4
    endloop
  endfacet
  facet normal -0.693947 0.720027 0
    outer loop
      vertex 18.4868 -19.6951 0
      vertex 18.4868 -19.6951 2.4
      vertex 18.9451 -19.2534 0
    endloop
  endfacet
  facet normal -0.693947 0.720027 0
    outer loop
      vertex 18.9451 -19.2534 2.4
      vertex 18.9451 -19.2534 0
      vertex 18.4868 -19.6951 2.4
    endloop
  endfacet
  facet normal -0.676791 0.736175 0
    outer loop
      vertex 18.0182 -20.1259 0
      vertex 18.0182 -20.1259 2.4
      vertex 18.4868 -19.6951 0
    endloop
  endfacet
  facet normal -0.676791 0.736175 0
    outer loop
      vertex 18.4868 -19.6951 2.4
      vertex 18.4868 -19.6951 0
      vertex 18.0182 -20.1259 2.4
    endloop
  endfacet
  facet normal -0.659072 0.75208 0
    outer loop
      vertex 17.5395 -20.5454 0
      vertex 17.5395 -20.5454 2.4
      vertex 18.0182 -20.1259 0
    endloop
  endfacet
  facet normal -0.659072 0.75208 0
    outer loop
      vertex 18.0182 -20.1259 2.4
      vertex 18.0182 -20.1259 0
      vertex 17.5395 -20.5454 2.4
    endloop
  endfacet
  facet normal -0.641049 0.7675 0
    outer loop
      vertex 17.0509 -20.9535 0
      vertex 17.0509 -20.9535 2.4
      vertex 17.5395 -20.5454 0
    endloop
  endfacet
  facet normal -0.641049 0.7675 0
    outer loop
      vertex 17.5395 -20.5454 2.4
      vertex 17.5395 -20.5454 0
      vertex 17.0509 -20.9535 2.4
    endloop
  endfacet
  facet normal -0.622451 0.782658 0
    outer loop
      vertex 16.5526 -21.3498 0
      vertex 16.5526 -21.3498 2.4
      vertex 17.0509 -20.9535 0
    endloop
  endfacet
  facet normal -0.622451 0.782658 0
    outer loop
      vertex 17.0509 -20.9535 2.4
      vertex 17.0509 -20.9535 0
      vertex 16.5526 -21.3498 2.4
    endloop
  endfacet
  facet normal -0.603561 0.797317 0
    outer loop
      vertex 16.0448 -21.7342 0
      vertex 16.0448 -21.7342 2.4
      vertex 16.5526 -21.3498 0
    endloop
  endfacet
  facet normal -0.603561 0.797317 0
    outer loop
      vertex 16.5526 -21.3498 2.4
      vertex 16.5526 -21.3498 0
      vertex 16.0448 -21.7342 2.4
    endloop
  endfacet
  facet normal -0.584292 0.811543 0
    outer loop
      vertex 15.5277 -22.1065 0
      vertex 15.5277 -22.1065 2.4
      vertex 16.0448 -21.7342 0
    endloop
  endfacet
  facet normal -0.584292 0.811543 0
    outer loop
      vertex 16.0448 -21.7342 2.4
      vertex 16.0448 -21.7342 0
      vertex 15.5277 -22.1065 2.4
    endloop
  endfacet
  facet normal -0.56451 0.825427 0
    outer loop
      vertex 15.0016 -22.4663 0
      vertex 15.0016 -22.4663 2.4
      vertex 15.5277 -22.1065 0
    endloop
  endfacet
  facet normal -0.56451 0.825427 0
    outer loop
      vertex 15.5277 -22.1065 2.4
      vertex 15.5277 -22.1065 0
      vertex 15.0016 -22.4663 2.4
    endloop
  endfacet
  facet normal -0.544382 0.838837 0
    outer loop
      vertex 14.4666 -22.8135 0
      vertex 14.4666 -22.8135 2.4
      vertex 15.0016 -22.4663 0
    endloop
  endfacet
  facet normal -0.544382 0.838837 0
    outer loop
      vertex 15.0016 -22.4663 2.4
      vertex 15.0016 -22.4663 0
      vertex 14.4666 -22.8135 2.4
    endloop
  endfacet
  facet normal -0.523844 0.851814 0
    outer loop
      vertex 13.923 -23.1478 0
      vertex 13.923 -23.1478 2.4
      vertex 14.4666 -22.8135 0
    endloop
  endfacet
  facet normal -0.523844 0.851814 0
    outer loop
      vertex 14.4666 -22.8135 2.4
      vertex 14.4666 -22.8135 0
      vertex 13.923 -23.1478 2.4
    endloop
  endfacet
  facet normal -0.505146 0.863034 0
    outer loop
      vertex 13.3047 -23.5097 0
      vertex 13.3047 -23.5097 2.4
      vertex 13.923 -23.1478 0
    endloop
  endfacet
  facet normal -0.505146 0.863034 0
    outer loop
      vertex 13.923 -23.1478 2.4
      vertex 13.923 -23.1478 0
      vertex 13.3047 -23.5097 2.4
    endloop
  endfacet
  facet normal -0.482299 0.876007 0
    outer loop
      vertex 12.6768 -23.8554 0
      vertex 12.6768 -23.8554 2.4
      vertex 13.3047 -23.5097 0
    endloop
  endfacet
  facet normal -0.482299 0.876007 0
    outer loop
      vertex 13.3047 -23.5097 2.4
      vertex 13.3047 -23.5097 0
      vertex 12.6768 -23.8554 2.4
    endloop
  endfacet
  facet normal -0.459108 0.88838 0
    outer loop
      vertex 12.0396 -24.1847 0
      vertex 12.0396 -24.1847 2.4
      vertex 12.6768 -23.8554 0
    endloop
  endfacet
  facet normal -0.459108 0.88838 0
    outer loop
      vertex 12.6768 -23.8554 2.4
      vertex 12.6768 -23.8554 0
      vertex 12.0396 -24.1847 2.4
    endloop
  endfacet
  facet normal -0.435586 0.900147 0
    outer loop
      vertex 11.3934 -24.4974 0
      vertex 11.3934 -24.4974 2.4
      vertex 12.0396 -24.1847 0
    endloop
  endfacet
  facet normal -0.435586 0.900147 0
    outer loop
      vertex 12.0396 -24.1847 2.4
      vertex 12.0396 -24.1847 0
      vertex 11.3934 -24.4974 2.4
    endloop
  endfacet
  facet normal -0.411296 0.911502 0
    outer loop
      vertex 10.7383 -24.793 0
      vertex 10.7383 -24.793 2.4
      vertex 11.3934 -24.4974 0
    endloop
  endfacet
  facet normal -0.411296 0.911502 0
    outer loop
      vertex 11.3934 -24.4974 2.4
      vertex 11.3934 -24.4974 0
      vertex 10.7383 -24.793 2.4
    endloop
  endfacet
  facet normal -0.386982 0.922087 0
    outer loop
      vertex 10.0747 -25.0715 0
      vertex 10.0747 -25.0715 2.4
      vertex 10.7383 -24.793 0
    endloop
  endfacet
  facet normal -0.386982 0.922087 0
    outer loop
      vertex 10.7383 -24.793 2.4
      vertex 10.7383 -24.793 0
      vertex 10.0747 -25.0715 2.4
    endloop
  endfacet
  facet normal -0.362105 0.932137 0
    outer loop
      vertex 9.40283 -25.3325 0
      vertex 9.40283 -25.3325 2.4
      vertex 10.0747 -25.0715 0
    endloop
  endfacet
  facet normal -0.362105 0.932137 0
    outer loop
      vertex 10.0747 -25.0715 2.4
      vertex 10.0747 -25.0715 0
      vertex 9.40283 -25.3325 2.4
    endloop
  endfacet
  facet normal -0.336793 0.941579 0
    outer loop
      vertex 8.72291 -25.5757 0
      vertex 8.72291 -25.5757 2.4
      vertex 9.40283 -25.3325 0
    endloop
  endfacet
  facet normal -0.336793 0.941579 0
    outer loop
      vertex 9.40283 -25.3325 2.4
      vertex 9.40283 -25.3325 0
      vertex 8.72291 -25.5757 2.4
    endloop
  endfacet
  facet normal -0.311336 0.9503 0
    outer loop
      vertex 8.03522 -25.801 0
      vertex 8.03522 -25.801 2.4
      vertex 8.72291 -25.5757 0
    endloop
  endfacet
  facet normal -0.311336 0.9503 0
    outer loop
      vertex 8.72291 -25.5757 2.4
      vertex 8.72291 -25.5757 0
      vertex 8.03522 -25.801 2.4
    endloop
  endfacet
  facet normal -0.285497 0.95838 0
    outer loop
      vertex 7.34001 -26.0081 0
      vertex 7.34001 -26.0081 2.4
      vertex 8.03522 -25.801 0
    endloop
  endfacet
  facet normal -0.285497 0.95838 0
    outer loop
      vertex 8.03522 -25.801 2.4
      vertex 8.03522 -25.801 0
      vertex 7.34001 -26.0081 2.4
    endloop
  endfacet
  facet normal -0.25917 0.965832 0
    outer loop
      vertex 6.63754 -26.1966 0
      vertex 6.63754 -26.1966 2.4
      vertex 7.34001 -26.0081 0
    endloop
  endfacet
  facet normal -0.25917 0.965832 0
    outer loop
      vertex 7.34001 -26.0081 2.4
      vertex 7.34001 -26.0081 0
      vertex 6.63754 -26.1966 2.4
    endloop
  endfacet
  facet normal -0.23276 0.972534 0
    outer loop
      vertex 5.92807 -26.3664 0
      vertex 5.92807 -26.3664 2.4
      vertex 6.63754 -26.1966 0
    endloop
  endfacet
  facet normal -0.23276 0.972534 0
    outer loop
      vertex 6.63754 -26.1966 2.4
      vertex 6.63754 -26.1966 0
      vertex 5.92807 -26.3664 2.4
    endloop
  endfacet
  facet normal -0.206035 0.978545 0
    outer loop
      vertex 5.21186 -26.5172 0
      vertex 5.21186 -26.5172 2.4
      vertex 5.92807 -26.3664 0
    endloop
  endfacet
  facet normal -0.206035 0.978545 0
    outer loop
      vertex 5.92807 -26.3664 2.4
      vertex 5.92807 -26.3664 0
      vertex 5.21186 -26.5172 2.4
    endloop
  endfacet
  facet normal -0.17902 0.983846 0
    outer loop
      vertex 4.48917 -26.6487 0
      vertex 4.48917 -26.6487 2.4
      vertex 5.21186 -26.5172 0
    endloop
  endfacet
  facet normal -0.17902 0.983846 0
    outer loop
      vertex 5.21186 -26.5172 2.4
      vertex 5.21186 -26.5172 0
      vertex 4.48917 -26.6487 2.4
    endloop
  endfacet
  facet normal -0.151868 0.988401 0
    outer loop
      vertex 3.76024 -26.7607 0
      vertex 3.76024 -26.7607 2.4
      vertex 4.48917 -26.6487 0
    endloop
  endfacet
  facet normal -0.151868 0.988401 0
    outer loop
      vertex 4.48917 -26.6487 2.4
      vertex 4.48917 -26.6487 0
      vertex 3.76024 -26.7607 2.4
    endloop
  endfacet
  facet normal -0.124485 0.992221 0
    outer loop
      vertex 3.02535 -26.8529 0
      vertex 3.02535 -26.8529 2.4
      vertex 3.76024 -26.7607 0
    endloop
  endfacet
  facet normal -0.124485 0.992221 0
    outer loop
      vertex 3.76024 -26.7607 2.4
      vertex 3.76024 -26.7607 0
      vertex 3.02535 -26.8529 2.4
    endloop
  endfacet
  facet normal -0.0970272 0.995282 0
    outer loop
      vertex 2.28474 -26.9251 0
      vertex 2.28474 -26.9251 2.4
      vertex 3.02535 -26.8529 0
    endloop
  endfacet
  facet normal -0.0970272 0.995282 0
    outer loop
      vertex 3.02535 -26.8529 2.4
      vertex 3.02535 -26.8529 0
      vertex 2.28474 -26.9251 2.4
    endloop
  endfacet
  facet normal -0.0692647 0.997598 0
    outer loop
      vertex 1.53868 -26.9769 0
      vertex 1.53868 -26.9769 2.4
      vertex 2.28474 -26.9251 0
    endloop
  endfacet
  facet normal -0.0692647 0.997598 0
    outer loop
      vertex 2.28474 -26.9251 2.4
      vertex 2.28474 -26.9251 0
      vertex 1.53868 -26.9769 2.4
    endloop
  endfacet
  facet normal -0.041627 0.999133 0
    outer loop
      vertex 0.787416 -27.0082 0
      vertex 0.787416 -27.0082 2.4
      vertex 1.53868 -26.9769 0
    endloop
  endfacet
  facet normal -0.041627 0.999133 0
    outer loop
      vertex 1.53868 -26.9769 2.4
      vertex 1.53868 -26.9769 0
      vertex 0.787416 -27.0082 2.4
    endloop
  endfacet
  facet normal -0.0138839 0.999904 0
    outer loop
      vertex 0.031215 -27.0187 0
      vertex 0.031215 -27.0187 2.4
      vertex 0.787416 -27.0082 0
    endloop
  endfacet
  facet normal -0.0138839 0.999904 0
    outer loop
      vertex 0.787416 -27.0082 2.4
      vertex 0.787416 -27.0082 0
      vertex 0.031215 -27.0187 2.4
    endloop
  endfacet
  facet normal 0.0137986 0.999905 -0
    outer loop
      vertex -0.729657 -27.0082 0
      vertex -0.729657 -27.0082 2.4
      vertex 0.031215 -27.0187 0
    endloop
  endfacet
  facet normal 0.0137986 0.999905 0
    outer loop
      vertex 0.031215 -27.0187 2.4
      vertex 0.031215 -27.0187 0
      vertex -0.729657 -27.0082 2.4
    endloop
  endfacet
endsolid OpenSCAD_Model
