solid OpenSCAD_Model
  facet normal 0 0 -1
    outer loop
      vertex 17.2969 -0.392403 0
      vertex 17.2978 -0.348725 0
      vertex 18.635 -0.407212 0
    endloop
  endfacet
  facet normal 0 0 -1
    outer loop
      vertex 17.2978 -0.348725 0
      vertex 18.636 -0.356271 0
      vertex 18.635 -0.407212 0
    endloop
  endfacet
  facet normal 0 -0 -1
    outer loop
      vertex 17.2986 -0.305024 0
      vertex 18.636 -0.356271 0
      vertex 17.2978 -0.348725 0
    endloop
  endfacet
  facet normal 0 -0 -1
    outer loop
      vertex -12.1997 -4.73373 0
      vertex -12.1997 -4.75903 0
      vertex -12.2024 -4.735 0
    endloop
  endfacet
  facet normal 0 0 -1
    outer loop
      vertex -12.1997 -4.75903 0
      vertex -12.2024 -4.75777 0
      vertex -12.2024 -4.735 0
    endloop
  endfacet
  facet normal 0 0 -1
    outer loop
      vertex 18.636 -0.356271 0
      vertex 17.2986 -0.305024 0
      vertex 18.6369 -0.305278 0
    endloop
  endfacet
  facet normal 0 0 -1
    outer loop
      vertex 18.6369 -0.305278 0
      vertex 17.2986 -0.305024 0
      vertex 17.2993 -0.261295 0
    endloop
  endfacet
  facet normal 0 0 -1
    outer loop
      vertex -12.2067 -4.75356 0
      vertex -12.2024 -4.75777 0
      vertex -12.2048 -4.75591 0
    endloop
  endfacet
  facet normal -0 0 -1
    outer loop
      vertex 18.6383 -0.203154 0
      vertex 17.2998 -0.217536 0
      vertex 17.3003 -0.173755 0
    endloop
  endfacet
  facet normal 0 0 -1
    outer loop
      vertex 18.6383 -0.203154 0
      vertex 18.6377 -0.254245 0
      vertex 17.2998 -0.217536 0
    endloop
  endfacet
  facet normal 0 0 -1
    outer loop
      vertex 18.6388 -0.152017 0
      vertex 18.6383 -0.203154 0
      vertex 17.3003 -0.173755 0
    endloop
  endfacet
  facet normal -0 0 -1
    outer loop
      vertex 18.6377 -0.254245 0
      vertex 17.2993 -0.261295 0
      vertex 17.2998 -0.217536 0
    endloop
  endfacet
  facet normal 0 0 -1
    outer loop
      vertex 18.6377 -0.254245 0
      vertex 18.6369 -0.305278 0
      vertex 17.2993 -0.261295 0
    endloop
  endfacet
  facet normal 0 0 -1
    outer loop
      vertex 18.6388 -0.152017 0
      vertex 17.3006 -0.129933 0
      vertex 18.6391 -0.100822 0
    endloop
  endfacet
  facet normal -0 0 -1
    outer loop
      vertex 18.6391 -0.100822 0
      vertex 17.3006 -0.129933 0
      vertex 17.3009 -0.0860826 0
    endloop
  endfacet
  facet normal 0 0 -1
    outer loop
      vertex 18.6394 -0.049576 0
      vertex 18.6391 -0.100822 0
      vertex 17.3009 -0.0860826 0
    endloop
  endfacet
  facet normal -0 0 -1
    outer loop
      vertex 18.6388 -0.152017 0
      vertex 17.3003 -0.173755 0
      vertex 17.3006 -0.129933 0
    endloop
  endfacet
  facet normal 0 0 -1
    outer loop
      vertex -12.208 -4.75084 0
      vertex -12.2087 -4.74789 0
      vertex -12.208 -4.74192 0
    endloop
  endfacet
  facet normal 0 0 -1
    outer loop
      vertex 17.3009 -0.0860826 0
      vertex 17.301 -0.0421975 0
      vertex 18.6394 -0.049576 0
    endloop
  endfacet
  facet normal 0 0 -1
    outer loop
      vertex 18.6394 -0.049576 0
      vertex 17.301 -0.0421975 0
      vertex 18.6394 0.00172223 0
    endloop
  endfacet
  facet normal 0 0 -1
    outer loop
      vertex -12.2024 -4.735 0
      vertex -12.208 -4.74192 0
      vertex -12.2067 -4.7392 0
    endloop
  endfacet
  facet normal 0 0 -1
    outer loop
      vertex 18.6394 0.00172223 0
      vertex 17.3011 0.00172223 0
      vertex 16.9685 3.37686 0
    endloop
  endfacet
  facet normal -0 0 -1
    outer loop
      vertex 18.6394 0.00172223 0
      vertex 17.301 -0.0421975 0
      vertex 17.3011 0.00172223 0
    endloop
  endfacet
  facet normal 0 0 -1
    outer loop
      vertex -12.2024 -4.735 0
      vertex -12.2067 -4.7392 0
      vertex -12.2048 -4.73685 0
    endloop
  endfacet
  facet normal 0 -0 -1
    outer loop
      vertex 16.6266 8.40457 0
      vertex 18.1265 4.32136 0
      vertex 15.9839 6.6223 0
    endloop
  endfacet
  facet normal 0 0 -1
    outer loop
      vertex 16.9685 3.37686 0
      vertex 18.1265 4.32136 0
      vertex 18.6394 0.00172223 0
    endloop
  endfacet
  facet normal 0 0 -1
    outer loop
      vertex 29.984 -3.58848 0
      vertex 29.9869 -3.58874 0
      vertex 29.9898 -3.58954 0
    endloop
  endfacet
  facet normal -0 -0 -1
    outer loop
      vertex 12.1985 4.75607 0
      vertex 12.1996 4.75489 0
      vertex 12.1971 4.75708 0
    endloop
  endfacet
  facet normal 0 0 -1
    outer loop
      vertex 29.9898 -3.58954 0
      vertex 29.9924 -3.59083 0
      vertex 29.9983 -3.59724 0
    endloop
  endfacet
  facet normal 0 0 -1
    outer loop
      vertex 29.9983 -3.59724 0
      vertex 29.9924 -3.59083 0
      vertex 29.9948 -3.59259 0
    endloop
  endfacet
  facet normal 0 -0 -1
    outer loop
      vertex -29.9993 3.61305 0
      vertex -29.998 3.61577 0
      vertex -30 3.6101 0
    endloop
  endfacet
  facet normal 0 0 -1
    outer loop
      vertex -30 3.6101 0
      vertex -29.998 3.61577 0
      vertex -29.9909 3.62123 0
    endloop
  endfacet
  facet normal 0 0 -1
    outer loop
      vertex -30 3.60707 0
      vertex -30 3.6101 0
      vertex -29.9961 3.59906 0
    endloop
  endfacet
  facet normal 0 0 -1
    outer loop
      vertex -29.9993 3.60412 0
      vertex -30 3.60707 0
      vertex -29.998 3.6014 0
    endloop
  endfacet
  facet normal 0 0 -1
    outer loop
      vertex -29.998 3.6014 0
      vertex -30 3.60707 0
      vertex -29.9961 3.59906 0
    endloop
  endfacet
  facet normal -0 0 -1
    outer loop
      vertex -14.9049 8.78835 0
      vertex -17.6169 6.09151 0
      vertex -15.7209 10.0065 0
    endloop
  endfacet
  facet normal 0 0 -1
    outer loop
      vertex 17.2969 -0.392403 0
      vertex 18.635 -0.407212 0
      vertex 18.6338 -0.458113 0
    endloop
  endfacet
  facet normal 0 0 -1
    outer loop
      vertex 17.2798 -0.87185 0
      vertex 17.2819 -0.828305 0
      vertex 18.6168 -0.914555 0
    endloop
  endfacet
  facet normal 0 0 -1
    outer loop
      vertex -14.9049 8.78835 0
      vertex -16.196 6.09151 0
      vertex -17.6169 6.09151 0
    endloop
  endfacet
  facet normal 0 0 -1
    outer loop
      vertex 17.2858 -0.741203 0
      vertex 17.2876 -0.697646 0
      vertex 18.6237 -0.762699 0
    endloop
  endfacet
  facet normal 0 0 -1
    outer loop
      vertex -14.9049 8.78835 0
      vertex -15.7209 10.0065 0
      vertex -13.1691 11.2228 0
    endloop
  endfacet
  facet normal -0 0 -1
    outer loop
      vertex -11.0402 13.3223 0
      vertex -13.1691 11.2228 0
      vertex -12.9693 13.3756 0
    endloop
  endfacet
  facet normal -0 0 -1
    outer loop
      vertex -13.1691 11.2228 0
      vertex -15.7209 10.0065 0
      vertex -12.9693 13.3756 0
    endloop
  endfacet
  facet normal -0 0 -1
    outer loop
      vertex -8.5818 15.0241 0
      vertex -11.0402 13.3223 0
      vertex -9.51186 16.0154 0
    endloop
  endfacet
  facet normal 0 0 -1
    outer loop
      vertex -11.0402 13.3223 0
      vertex -12.9693 13.3756 0
      vertex -9.51186 16.0154 0
    endloop
  endfacet
  facet normal -0 0 -1
    outer loop
      vertex -5.86725 16.2776 0
      vertex -9.51186 16.0154 0
      vertex -5.53681 17.7821 0
    endloop
  endfacet
  facet normal 0 0 -1
    outer loop
      vertex -8.5818 15.0241 0
      vertex -9.51186 16.0154 0
      vertex -5.86725 16.2776 0
    endloop
  endfacet
  facet normal 0 0 -1
    outer loop
      vertex -5.86725 16.2776 0
      vertex -5.53681 17.7821 0
      vertex -2.97752 17.0453 0
    endloop
  endfacet
  facet normal -0 0 -1
    outer loop
      vertex 0.00120383 17.3043 0
      vertex -2.97752 17.0453 0
      vertex -1.26056 18.5796 0
    endloop
  endfacet
  facet normal 0 0 -1
    outer loop
      vertex -2.97752 17.0453 0
      vertex -5.53681 17.7821 0
      vertex -1.26056 18.5796 0
    endloop
  endfacet
  facet normal 0 0 -1
    outer loop
      vertex 3.37629 16.9711 0
      vertex 0.00120383 17.3043 0
      vertex 3.08408 18.3644 0
    endloop
  endfacet
  facet normal 0 0 -1
    outer loop
      vertex 0.00120383 17.3043 0
      vertex -1.26056 18.5796 0
      vertex 3.08408 18.3644 0
    endloop
  endfacet
  facet normal 0 0 -1
    outer loop
      vertex 6.62157 15.9861 0
      vertex 3.37629 16.9711 0
      vertex 7.26062 17.1483 0
    endloop
  endfacet
  facet normal 0 0 -1
    outer loop
      vertex 3.37629 16.9711 0
      vertex 3.08408 18.3644 0
      vertex 7.26062 17.1483 0
    endloop
  endfacet
  facet normal 0 0 -1
    outer loop
      vertex 9.61239 14.3869 0
      vertex 7.26062 17.1483 0
      vertex 11.0417 14.9975 0
    endloop
  endfacet
  facet normal 0 0 -1
    outer loop
      vertex 6.62157 15.9861 0
      vertex 7.26062 17.1483 0
      vertex 9.61239 14.3869 0
    endloop
  endfacet
  facet normal 0 0 -1
    outer loop
      vertex -29.9909 3.62123 0
      vertex -29.9961 3.61812 0
      vertex -29.9937 3.61997 0
    endloop
  endfacet
  facet normal 0 0 -1
    outer loop
      vertex 9.61239 14.3869 0
      vertex 11.0417 14.9975 0
      vertex 12.2338 12.2351 0
    endloop
  endfacet
  facet normal 0 0 -1
    outer loop
      vertex 14.3852 9.61336 0
      vertex 12.2338 12.2351 0
      vertex 14.2214 12.0291 0
    endloop
  endfacet
  facet normal 0 0 -1
    outer loop
      vertex 12.2338 12.2351 0
      vertex 11.0417 14.9975 0
      vertex 14.2214 12.0291 0
    endloop
  endfacet
  facet normal 0 0 -1
    outer loop
      vertex 15.9839 6.6223 0
      vertex 14.3852 9.61336 0
      vertex 16.6266 8.40457 0
    endloop
  endfacet
  facet normal 0 0 -1
    outer loop
      vertex 14.3852 9.61336 0
      vertex 14.2214 12.0291 0
      vertex 16.6266 8.40457 0
    endloop
  endfacet
  facet normal 0 0 -1
    outer loop
      vertex 12.2021 4.7505 0
      vertex 12.2027 4.74823 0
      vertex 12.2029 4.74589 0
    endloop
  endfacet
  facet normal 0 0 -1
    outer loop
      vertex 15.9839 6.6223 0
      vertex 18.1265 4.32136 0
      vertex 16.9685 3.37686 0
    endloop
  endfacet
  facet normal 0 -0 -1
    outer loop
      vertex 17.2969 -0.392403 0
      vertex 18.6338 -0.458113 0
      vertex 17.2959 -0.436058 0
    endloop
  endfacet
  facet normal 0 0 -1
    outer loop
      vertex 12.1998 4.73718 0
      vertex 12.2022 4.74125 0
      vertex 12.2012 4.73912 0
    endloop
  endfacet
  facet normal 0 0 -1
    outer loop
      vertex 17.2959 -0.436058 0
      vertex 18.6338 -0.458113 0
      vertex 18.6324 -0.508967 0
    endloop
  endfacet
  facet normal 0 0 -1
    outer loop
      vertex 17.2948 -0.479695 0
      vertex 17.2959 -0.436058 0
      vertex 18.6324 -0.508967 0
    endloop
  endfacet
  facet normal 0 0 -1
    outer loop
      vertex 18.631 -0.559787 0
      vertex 17.2948 -0.479695 0
      vertex 18.6324 -0.508967 0
    endloop
  endfacet
  facet normal 0 0 -1
    outer loop
      vertex 18.631 -0.559787 0
      vertex 17.2936 -0.523315 0
      vertex 17.2948 -0.479695 0
    endloop
  endfacet
  facet normal -0 0 -1
    outer loop
      vertex 18.631 -0.559787 0
      vertex 18.6294 -0.610567 0
      vertex 17.2936 -0.523315 0
    endloop
  endfacet
  facet normal 0 -0 -1
    outer loop
      vertex 17.2936 -0.523315 0
      vertex 18.6294 -0.610567 0
      vertex 17.2923 -0.566918 0
    endloop
  endfacet
  facet normal 0 -0 -1
    outer loop
      vertex 17.2923 -0.566918 0
      vertex 18.6294 -0.610567 0
      vertex 17.2908 -0.610504 0
    endloop
  endfacet
  facet normal 0 0 -1
    outer loop
      vertex 17.2908 -0.610504 0
      vertex 18.6294 -0.610567 0
      vertex 18.6276 -0.661307 0
    endloop
  endfacet
  facet normal 0 0 -1
    outer loop
      vertex 17.2893 -0.654084 0
      vertex 17.2908 -0.610504 0
      vertex 18.6276 -0.661307 0
    endloop
  endfacet
  facet normal 0 0 -1
    outer loop
      vertex 18.6257 -0.712017 0
      vertex 17.2893 -0.654084 0
      vertex 18.6276 -0.661307 0
    endloop
  endfacet
  facet normal 0 0 -1
    outer loop
      vertex 18.6257 -0.712017 0
      vertex 17.2876 -0.697646 0
      vertex 17.2893 -0.654084 0
    endloop
  endfacet
  facet normal -0 0 -1
    outer loop
      vertex 18.6257 -0.712017 0
      vertex 18.6237 -0.762699 0
      vertex 17.2876 -0.697646 0
    endloop
  endfacet
  facet normal 0 0 -1
    outer loop
      vertex 18.6215 -0.813346 0
      vertex 17.2858 -0.741203 0
      vertex 18.6237 -0.762699 0
    endloop
  endfacet
  facet normal 0 0 -1
    outer loop
      vertex 18.6215 -0.813346 0
      vertex 17.2839 -0.78476 0
      vertex 17.2858 -0.741203 0
    endloop
  endfacet
  facet normal -0 0 -1
    outer loop
      vertex 18.6215 -0.813346 0
      vertex 18.6192 -0.863965 0
      vertex 17.2839 -0.78476 0
    endloop
  endfacet
  facet normal 0 -0 -1
    outer loop
      vertex 17.2839 -0.78476 0
      vertex 18.6192 -0.863965 0
      vertex 17.2819 -0.828305 0
    endloop
  endfacet
  facet normal 0 0 -1
    outer loop
      vertex 17.2819 -0.828305 0
      vertex 18.6192 -0.863965 0
      vertex 18.6168 -0.914555 0
    endloop
  endfacet
  facet normal 0 0 -1
    outer loop
      vertex 18.6142 -0.965127 0
      vertex 17.2798 -0.87185 0
      vertex 18.6168 -0.914555 0
    endloop
  endfacet
  facet normal -0 0 -1
    outer loop
      vertex 18.6142 -0.965127 0
      vertex 18.6115 -1.01568 0
      vertex 17.2798 -0.87185 0
    endloop
  endfacet
  facet normal 0 -0 -1
    outer loop
      vertex 5.86923 -16.2735 0
      vertex 9.50807 -16.013 0
      vertex 5.53257 -17.7811 0
    endloop
  endfacet
  facet normal 0 0 -1
    outer loop
      vertex 12.1998 4.73718 0
      vertex 12.1982 4.73552 0
      vertex 12.1962 4.73417 0
    endloop
  endfacet
  facet normal 0 0 -1
    outer loop
      vertex 12.2029 4.74589 0
      vertex 12.2022 4.74125 0
      vertex 12.1998 4.73718 0
    endloop
  endfacet
  facet normal 0 0 -1
    outer loop
      vertex 12.2029 4.74589 0
      vertex 12.2028 4.74354 0
      vertex 12.2022 4.74125 0
    endloop
  endfacet
  facet normal 0 0 -1
    outer loop
      vertex 12.1962 4.73417 0
      vertex 12.2029 4.74589 0
      vertex 12.1998 4.73718 0
    endloop
  endfacet
  facet normal 0 0 -1
    outer loop
      vertex 12.1962 4.73417 0
      vertex 12.2021 4.7505 0
      vertex 12.2029 4.74589 0
    endloop
  endfacet
  facet normal 0 0 -1
    outer loop
      vertex 12.1941 4.73319 0
      vertex 12.2021 4.7505 0
      vertex 12.1962 4.73417 0
    endloop
  endfacet
  facet normal -0 -0 -1
    outer loop
      vertex 12.2007 4.75354 0
      vertex 12.2015 4.75207 0
      vertex 12.1996 4.75489 0
    endloop
  endfacet
  facet normal 0 0 -1
    outer loop
      vertex 12.2015 4.75207 0
      vertex 12.1971 4.75708 0
      vertex 12.1996 4.75489 0
    endloop
  endfacet
  facet normal 0 0 -1
    outer loop
      vertex 12.2015 4.75207 0
      vertex 12.1957 4.75789 0
      vertex 12.1971 4.75708 0
    endloop
  endfacet
  facet normal -0 -0 -1
    outer loop
      vertex 12.2015 4.75207 0
      vertex 12.2021 4.7505 0
      vertex 12.1957 4.75789 0
    endloop
  endfacet
  facet normal -0 -0 -1
    outer loop
      vertex 12.1957 4.75789 0
      vertex 12.2021 4.7505 0
      vertex 12.1941 4.75849 0
    endloop
  endfacet
  facet normal 0 0 -1
    outer loop
      vertex 12.1941 4.75849 0
      vertex 12.2021 4.7505 0
      vertex 12.1941 4.73319 0
    endloop
  endfacet
  facet normal 0 0 -1
    outer loop
      vertex 3.12932 0.00571964 0
      vertex 12.1941 4.75849 0
      vertex 12.1941 4.73319 0
    endloop
  endfacet
  facet normal 0 0 -1
    outer loop
      vertex -29.998 3.61577 0
      vertex -29.9961 3.61812 0
      vertex -29.9909 3.62123 0
    endloop
  endfacet
  facet normal 0 0 -1
    outer loop
      vertex 3.12267 0.00571964 0
      vertex -27.815 4.75849 0
      vertex 12.1941 4.75849 0
    endloop
  endfacet
  facet normal 0 0 -1
    outer loop
      vertex -29.9961 3.59906 0
      vertex -30 3.6101 0
      vertex -29.9909 3.62123 0
    endloop
  endfacet
  facet normal 0 0 -1
    outer loop
      vertex -29.9937 3.5972 0
      vertex -29.9961 3.59906 0
      vertex -29.9909 3.59594 0
    endloop
  endfacet
  facet normal 0 0 -1
    outer loop
      vertex -29.9909 3.59594 0
      vertex -29.9961 3.59906 0
      vertex -29.9909 3.62123 0
    endloop
  endfacet
  facet normal 0 0 -1
    outer loop
      vertex -27.815 4.75849 0
      vertex -29.9909 3.59594 0
      vertex -29.9909 3.62123 0
    endloop
  endfacet
  facet normal 0 -0 -1
    outer loop
      vertex -27.815 4.75849 0
      vertex 3.12267 0.00571964 0
      vertex -29.9909 3.59594 0
    endloop
  endfacet
  facet normal -0 0 -1
    outer loop
      vertex 0.00120383 -17.3021 0
      vertex -3.09013 -18.365 0
      vertex -3.00457 -17.0405 0
    endloop
  endfacet
  facet normal 0 0 -1
    outer loop
      vertex 12.1941 4.75849 0
      vertex 3.12932 0.00571964 0
      vertex 3.12267 0.00571964 0
    endloop
  endfacet
  facet normal 0 0 -1
    outer loop
      vertex 9.50807 -16.013 0
      vertex 8.58331 -15.0191 0
      vertex 11.0411 -13.3164 0
    endloop
  endfacet
  facet normal 0 0 -1
    outer loop
      vertex 12.9655 -13.3716 0
      vertex 11.0411 -13.3164 0
      vertex 13.1692 -11.2163 0
    endloop
  endfacet
  facet normal 0 0 -1
    outer loop
      vertex 15.7165 -10.0007 0
      vertex 14.9043 -8.78129 0
      vertex 17.6114 -6.08405 0
    endloop
  endfacet
  facet normal -0 0 -1
    outer loop
      vertex 17.6114 -6.08405 0
      vertex 14.9043 -8.78129 0
      vertex 16.1945 -6.08405 0
    endloop
  endfacet
  facet normal 0 0 -1
    outer loop
      vertex -12.1997 -4.73373 0
      vertex -3.13623 0.00705019 0
      vertex -12.1997 -4.75903 0
    endloop
  endfacet
  facet normal -0 0 -1
    outer loop
      vertex 15.7165 -10.0007 0
      vertex 13.1692 -11.2163 0
      vertex 14.9043 -8.78129 0
    endloop
  endfacet
  facet normal 0 -0 -1
    outer loop
      vertex -3.13623 0.00705019 0
      vertex -3.12824 0.00705019 0
      vertex -12.1997 -4.75903 0
    endloop
  endfacet
  facet normal 0 0 -1
    outer loop
      vertex 15.7165 -10.0007 0
      vertex 12.9655 -13.3716 0
      vertex 13.1692 -11.2163 0
    endloop
  endfacet
  facet normal 0 -0 -1
    outer loop
      vertex -3.12824 0.00705019 0
      vertex 27.8041 -4.75903 0
      vertex -12.1997 -4.75903 0
    endloop
  endfacet
  facet normal -0 0 -1
    outer loop
      vertex 12.9655 -13.3716 0
      vertex 9.50807 -16.013 0
      vertex 11.0411 -13.3164 0
    endloop
  endfacet
  facet normal -0 0 -1
    outer loop
      vertex 29.984 -3.58848 0
      vertex 27.8041 -4.75903 0
      vertex -3.12824 0.00705019 0
    endloop
  endfacet
  facet normal 0 0 -1
    outer loop
      vertex 5.86923 -16.2735 0
      vertex 8.58331 -15.0191 0
      vertex 9.50807 -16.013 0
    endloop
  endfacet
  facet normal 0 0 -1
    outer loop
      vertex 2.9798 -17.0421 0
      vertex 5.86923 -16.2735 0
      vertex 5.53257 -17.7811 0
    endloop
  endfacet
  facet normal 0 0 -1
    outer loop
      vertex 1.25552 -18.5796 0
      vertex 2.9798 -17.0421 0
      vertex 5.53257 -17.7811 0
    endloop
  endfacet
  facet normal 0 0 -1
    outer loop
      vertex 0.00120383 -17.3021 0
      vertex 2.9798 -17.0421 0
      vertex 1.25552 -18.5796 0
    endloop
  endfacet
  facet normal 0 0 -1
    outer loop
      vertex -3.09013 -18.365 0
      vertex -7.26771 -17.149 0
      vertex -5.91922 -16.2607 0
    endloop
  endfacet
  facet normal 0 0 -1
    outer loop
      vertex -14.2301 -12.0287 0
      vertex -16.6357 -8.40326 0
      vertex -14.991 -8.65251 0
    endloop
  endfacet
  facet normal -0 0 -1
    outer loop
      vertex -5.91922 -16.2607 0
      vertex -7.26771 -17.149 0
      vertex -8.65411 -14.9865 0
    endloop
  endfacet
  facet normal 0 -0 -1
    outer loop
      vertex -8.65411 -14.9865 0
      vertex -7.26771 -17.149 0
      vertex -11.0497 -14.9979 0
    endloop
  endfacet
  facet normal -0 0 -1
    outer loop
      vertex -13.26 -11.1237 0
      vertex -14.2301 -12.0287 0
      vertex -14.991 -8.65251 0
    endloop
  endfacet
  facet normal -0 -0 -1
    outer loop
      vertex -11.1261 -13.2567 0
      vertex -11.0497 -14.9979 0
      vertex -14.2301 -12.0287 0
    endloop
  endfacet
  facet normal 0 0 -1
    outer loop
      vertex -14.991 -8.65251 0
      vertex -16.6357 -8.40326 0
      vertex -16.2665 -5.91821 0
    endloop
  endfacet
  facet normal 0 -0 -1
    outer loop
      vertex -12.2024 -4.735 0
      vertex -12.2024 -4.75777 0
      vertex -12.208 -4.74192 0
    endloop
  endfacet
  facet normal 0 0 -1
    outer loop
      vertex -18.1354 -4.31896 0
      vertex -16.2665 -5.91821 0
      vertex -16.6357 -8.40326 0
    endloop
  endfacet
  facet normal 0 0 -1
    outer loop
      vertex -12.2024 -4.75777 0
      vertex -12.2067 -4.75356 0
      vertex -12.208 -4.75084 0
    endloop
  endfacet
  facet normal 0 0 -1
    outer loop
      vertex -18.6477 0.00172223 0
      vertex -17.0476 -3.00393 0
      vertex -18.1354 -4.31896 0
    endloop
  endfacet
  facet normal 0 0 -1
    outer loop
      vertex -12.208 -4.74192 0
      vertex -12.2087 -4.74789 0
      vertex -12.2087 -4.74487 0
    endloop
  endfacet
  facet normal 0 0 -1
    outer loop
      vertex -17.3048 0.441512 0
      vertex -18.642 0.463003 0
      vertex -18.6407 0.514088 0
    endloop
  endfacet
  facet normal -0 0 -1
    outer loop
      vertex -17.3036 0.485351 0
      vertex -17.3048 0.441512 0
      vertex -18.6407 0.514088 0
    endloop
  endfacet
  facet normal 0 -0 -1
    outer loop
      vertex -18.6392 0.565144 0
      vertex -17.3036 0.485351 0
      vertex -18.6407 0.514088 0
    endloop
  endfacet
  facet normal 0 0 -1
    outer loop
      vertex -18.6392 0.565144 0
      vertex -17.3023 0.529167 0
      vertex -17.3036 0.485351 0
    endloop
  endfacet
  facet normal 0 0 -1
    outer loop
      vertex -18.6392 0.565144 0
      vertex -18.6376 0.616166 0
      vertex -17.3023 0.529167 0
    endloop
  endfacet
  facet normal 0 0 -1
    outer loop
      vertex -17.3023 0.529167 0
      vertex -18.6376 0.616166 0
      vertex -17.3009 0.572966 0
    endloop
  endfacet
  facet normal 0 0 -1
    outer loop
      vertex -17.3009 0.572966 0
      vertex -18.6376 0.616166 0
      vertex -17.2994 0.616759 0
    endloop
  endfacet
  facet normal -0 0 -1
    outer loop
      vertex -17.2994 0.616759 0
      vertex -18.6376 0.616166 0
      vertex -18.6358 0.667147 0
    endloop
  endfacet
  facet normal -0 0 -1
    outer loop
      vertex -17.2977 0.660535 0
      vertex -17.2994 0.616759 0
      vertex -18.6358 0.667147 0
    endloop
  endfacet
  facet normal 0 -0 -1
    outer loop
      vertex -18.634 0.718106 0
      vertex -17.2977 0.660535 0
      vertex -18.6358 0.667147 0
    endloop
  endfacet
  facet normal 0 0 -1
    outer loop
      vertex -18.634 0.718106 0
      vertex -17.296 0.704299 0
      vertex -17.2977 0.660535 0
    endloop
  endfacet
  facet normal 0 0 -1
    outer loop
      vertex -18.634 0.718106 0
      vertex -18.6319 0.769024 0
      vertex -17.296 0.704299 0
    endloop
  endfacet
  facet normal 0 0 -1
    outer loop
      vertex -17.296 0.704299 0
      vertex -18.6319 0.769024 0
      vertex -17.2942 0.748057 0
    endloop
  endfacet
  facet normal 0 0 -1
    outer loop
      vertex -17.2942 0.748057 0
      vertex -18.6319 0.769024 0
      vertex -18.6298 0.819913 0
    endloop
  endfacet
  facet normal -0 0 -1
    outer loop
      vertex -17.2922 0.79181 0
      vertex -17.2942 0.748057 0
      vertex -18.6298 0.819913 0
    endloop
  endfacet
  facet normal 0 -0 -1
    outer loop
      vertex -18.6275 0.870762 0
      vertex -17.2922 0.79181 0
      vertex -18.6298 0.819913 0
    endloop
  endfacet
  facet normal 0 0 -1
    outer loop
      vertex -18.6275 0.870762 0
      vertex -17.2902 0.835557 0
      vertex -17.2922 0.79181 0
    endloop
  endfacet
  facet normal 0 0 -1
    outer loop
      vertex -18.625 0.921582 0
      vertex -17.288 0.879304 0
      vertex -17.2902 0.835557 0
    endloop
  endfacet
  facet normal 0 0 -1
    outer loop
      vertex -18.625 0.921582 0
      vertex -18.6224 0.972373 0
      vertex -17.288 0.879304 0
    endloop
  endfacet
  facet normal 0 0 -1
    outer loop
      vertex -17.288 0.879304 0
      vertex -18.6224 0.972373 0
      vertex -18.6197 1.02312 0
    endloop
  endfacet
  facet normal 0 0 -1
    outer loop
      vertex -18.6275 0.870762 0
      vertex -18.625 0.921582 0
      vertex -17.2902 0.835557 0
    endloop
  endfacet
  facet normal -0 0 -1
    outer loop
      vertex -17.3048 0.441512 0
      vertex -17.3059 0.397656 0
      vertex -18.642 0.463003 0
    endloop
  endfacet
  facet normal 0 -0 -1
    outer loop
      vertex -18.642 0.463003 0
      vertex -17.3059 0.397656 0
      vertex -18.6432 0.411883 0
    endloop
  endfacet
  facet normal 0 0 -1
    outer loop
      vertex -18.6432 0.411883 0
      vertex -17.3059 0.397656 0
      vertex -17.3069 0.353777 0
    endloop
  endfacet
  facet normal 0 0 -1
    outer loop
      vertex -18.6442 0.360729 0
      vertex -18.6432 0.411883 0
      vertex -17.3069 0.353777 0
    endloop
  endfacet
  facet normal 0 0 -1
    outer loop
      vertex -17.3078 0.309874 0
      vertex -18.6442 0.360729 0
      vertex -17.3069 0.353777 0
    endloop
  endfacet
  facet normal -0 0 -1
    outer loop
      vertex -17.3078 0.309874 0
      vertex -18.6451 0.309546 0
      vertex -18.6442 0.360729 0
    endloop
  endfacet
  facet normal 0 0 -1
    outer loop
      vertex -17.3078 0.309874 0
      vertex -17.3085 0.265949 0
      vertex -18.6451 0.309546 0
    endloop
  endfacet
  facet normal 0 -0 -1
    outer loop
      vertex -18.6451 0.309546 0
      vertex -17.3085 0.265949 0
      vertex -18.6459 0.258323 0
    endloop
  endfacet
  facet normal 0 0 -1
    outer loop
      vertex -18.6459 0.258323 0
      vertex -17.3085 0.265949 0
      vertex -17.3092 0.221995 0
    endloop
  endfacet
  facet normal 0 0 -1
    outer loop
      vertex -18.6465 0.20707 0
      vertex -18.6459 0.258323 0
      vertex -17.3092 0.221995 0
    endloop
  endfacet
  facet normal 0 0 -1
    outer loop
      vertex -17.3097 0.178006 0
      vertex -18.6465 0.20707 0
      vertex -17.3092 0.221995 0
    endloop
  endfacet
  facet normal -0 0 -1
    outer loop
      vertex -17.3097 0.178006 0
      vertex -18.647 0.155784 0
      vertex -18.6465 0.20707 0
    endloop
  endfacet
  facet normal 0 0 -1
    outer loop
      vertex -17.3097 0.178006 0
      vertex -17.3101 0.133988 0
      vertex -18.647 0.155784 0
    endloop
  endfacet
  facet normal 0 -0 -1
    outer loop
      vertex -18.647 0.155784 0
      vertex -17.3101 0.133988 0
      vertex -18.6474 0.104463 0
    endloop
  endfacet
  facet normal 0 0 -1
    outer loop
      vertex -18.6474 0.104463 0
      vertex -17.3101 0.133988 0
      vertex -17.3104 0.089936 0
    endloop
  endfacet
  facet normal 0 0 -1
    outer loop
      vertex -18.6476 0.0531126 0
      vertex -18.6474 0.104463 0
      vertex -17.3104 0.089936 0
    endloop
  endfacet
  facet normal 0 0 -1
    outer loop
      vertex -17.3106 0.0458493 0
      vertex -18.6476 0.0531126 0
      vertex -17.3104 0.089936 0
    endloop
  endfacet
  facet normal -0 0 -1
    outer loop
      vertex -17.3106 0.0458493 0
      vertex -18.6477 0.00172223 0
      vertex -18.6476 0.0531126 0
    endloop
  endfacet
  facet normal 0 0 -1
    outer loop
      vertex -17.3106 0.0458493 0
      vertex -17.3107 0.00172223 0
      vertex -18.6477 0.00172223 0
    endloop
  endfacet
  facet normal 0 0 -1
    outer loop
      vertex -18.6477 0.00172223 0
      vertex -17.3107 0.00172223 0
      vertex -17.0476 -3.00393 0
    endloop
  endfacet
  facet normal 0 0 -1
    outer loop
      vertex -18.1354 -4.31896 0
      vertex -17.0476 -3.00393 0
      vertex -16.2665 -5.91821 0
    endloop
  endfacet
  facet normal 0 -0 -1
    outer loop
      vertex -13.26 -11.1237 0
      vertex -11.1261 -13.2567 0
      vertex -14.2301 -12.0287 0
    endloop
  endfacet
  facet normal 0 0 -1
    outer loop
      vertex -11.1261 -13.2567 0
      vertex -8.65411 -14.9865 0
      vertex -11.0497 -14.9979 0
    endloop
  endfacet
  facet normal -0 0 -1
    outer loop
      vertex -3.00457 -17.0405 0
      vertex -3.09013 -18.365 0
      vertex -5.91922 -16.2607 0
    endloop
  endfacet
  facet normal 0 -0 -1
    outer loop
      vertex 0.00120383 -17.3021 0
      vertex 1.25552 -18.5796 0
      vertex -3.09013 -18.365 0
    endloop
  endfacet
  facet normal 0 0 -1
    outer loop
      vertex -12.208 -4.75084 0
      vertex -12.208 -4.74192 0
      vertex -12.2024 -4.75777 0
    endloop
  endfacet
  facet normal 0 0 -1
    outer loop
      vertex 30 -3.6058 0
      vertex 29.984 -3.58848 0
      vertex 29.9898 -3.58954 0
    endloop
  endfacet
  facet normal 0 0 -1
    outer loop
      vertex 30 -3.6058 0
      vertex 29.9898 -3.58954 0
      vertex 29.9994 -3.59997 0
    endloop
  endfacet
  facet normal -0 -0 -1
    outer loop
      vertex 29.9983 -3.59724 0
      vertex 29.9994 -3.59997 0
      vertex 29.9898 -3.58954 0
    endloop
  endfacet
  facet normal 0 0 -1
    outer loop
      vertex 29.9948 -3.59259 0
      vertex 29.9968 -3.59475 0
      vertex 29.9983 -3.59724 0
    endloop
  endfacet
  facet normal -0 -0 -1
    outer loop
      vertex 30 -3.60285 0
      vertex 30 -3.6058 0
      vertex 29.9994 -3.59997 0
    endloop
  endfacet
  facet normal -0 0 -1
    outer loop
      vertex 30 -3.6058 0
      vertex 29.9995 -3.60898 0
      vertex 29.984 -3.58848 0
    endloop
  endfacet
  facet normal 0 0 -1
    outer loop
      vertex 29.984 -3.58848 0
      vertex 29.9995 -3.60898 0
      vertex 29.9983 -3.61201 0
    endloop
  endfacet
  facet normal 0 0 -1
    outer loop
      vertex 29.9966 -3.61478 0
      vertex 29.984 -3.58848 0
      vertex 29.9983 -3.61201 0
    endloop
  endfacet
  facet normal -0 0 -1
    outer loop
      vertex 29.9966 -3.61478 0
      vertex 29.9945 -3.61718 0
      vertex 29.984 -3.58848 0
    endloop
  endfacet
  facet normal 0 0 -1
    outer loop
      vertex 29.984 -3.58848 0
      vertex 29.9945 -3.61718 0
      vertex 29.9919 -3.61915 0
    endloop
  endfacet
  facet normal 0 0 -1
    outer loop
      vertex 29.989 -3.62059 0
      vertex 29.984 -3.58848 0
      vertex 29.9919 -3.61915 0
    endloop
  endfacet
  facet normal -0 0 -1
    outer loop
      vertex 29.989 -3.62059 0
      vertex 29.9859 -3.62148 0
      vertex 29.984 -3.58848 0
    endloop
  endfacet
  facet normal 0 -0 -1
    outer loop
      vertex 29.984 -3.58848 0
      vertex 29.9859 -3.62148 0
      vertex 29.9827 -3.62178 0
    endloop
  endfacet
  facet normal 0 0 -1
    outer loop
      vertex 27.8041 -4.75903 0
      vertex 29.984 -3.58848 0
      vertex 29.9827 -3.62178 0
    endloop
  endfacet
  facet normal 0 0 1
    outer loop
      vertex 18.635 -0.407212 2.4
      vertex 17.2978 -0.348725 2.4
      vertex 17.2969 -0.392403 2.4
    endloop
  endfacet
  facet normal 0 -0 1
    outer loop
      vertex 18.635 -0.407212 2.4
      vertex 18.636 -0.356271 2.4
      vertex 17.2978 -0.348725 2.4
    endloop
  endfacet
  facet normal -0 0 1
    outer loop
      vertex 17.2978 -0.348725 2.4
      vertex 18.636 -0.356271 2.4
      vertex 17.2986 -0.305024 2.4
    endloop
  endfacet
  facet normal -0 0 1
    outer loop
      vertex -12.2024 -4.735 2.4
      vertex -12.1997 -4.75903 2.4
      vertex -12.1997 -4.73373 2.4
    endloop
  endfacet
  facet normal 0 0 1
    outer loop
      vertex -12.2024 -4.735 2.4
      vertex -12.2024 -4.75777 2.4
      vertex -12.1997 -4.75903 2.4
    endloop
  endfacet
  facet normal 0 0 1
    outer loop
      vertex 18.6369 -0.305278 2.4
      vertex 17.2986 -0.305024 2.4
      vertex 18.636 -0.356271 2.4
    endloop
  endfacet
  facet normal 0 0 1
    outer loop
      vertex 17.2993 -0.261295 2.4
      vertex 17.2986 -0.305024 2.4
      vertex 18.6369 -0.305278 2.4
    endloop
  endfacet
  facet normal -0 -0 1
    outer loop
      vertex -12.2048 -4.75591 2.4
      vertex -12.2024 -4.75777 2.4
      vertex -12.2067 -4.75356 2.4
    endloop
  endfacet
  facet normal 0 0 1
    outer loop
      vertex 17.3003 -0.173755 2.4
      vertex 17.2998 -0.217536 2.4
      vertex 18.6383 -0.203154 2.4
    endloop
  endfacet
  facet normal -0 0 1
    outer loop
      vertex 17.2998 -0.217536 2.4
      vertex 18.6377 -0.254245 2.4
      vertex 18.6383 -0.203154 2.4
    endloop
  endfacet
  facet normal -0 0 1
    outer loop
      vertex 17.3003 -0.173755 2.4
      vertex 18.6383 -0.203154 2.4
      vertex 18.6388 -0.152017 2.4
    endloop
  endfacet
  facet normal 0 0 1
    outer loop
      vertex 17.2998 -0.217536 2.4
      vertex 17.2993 -0.261295 2.4
      vertex 18.6377 -0.254245 2.4
    endloop
  endfacet
  facet normal -0 0 1
    outer loop
      vertex 17.2993 -0.261295 2.4
      vertex 18.6369 -0.305278 2.4
      vertex 18.6377 -0.254245 2.4
    endloop
  endfacet
  facet normal 0 0 1
    outer loop
      vertex 18.6391 -0.100822 2.4
      vertex 17.3006 -0.129933 2.4
      vertex 18.6388 -0.152017 2.4
    endloop
  endfacet
  facet normal 0 0 1
    outer loop
      vertex 17.3009 -0.0860826 2.4
      vertex 17.3006 -0.129933 2.4
      vertex 18.6391 -0.100822 2.4
    endloop
  endfacet
  facet normal -0 0 1
    outer loop
      vertex 17.3009 -0.0860826 2.4
      vertex 18.6391 -0.100822 2.4
      vertex 18.6394 -0.049576 2.4
    endloop
  endfacet
  facet normal 0 0 1
    outer loop
      vertex 17.3006 -0.129933 2.4
      vertex 17.3003 -0.173755 2.4
      vertex 18.6388 -0.152017 2.4
    endloop
  endfacet
  facet normal 0 0 1
    outer loop
      vertex -12.208 -4.74192 2.4
      vertex -12.2087 -4.74789 2.4
      vertex -12.208 -4.75084 2.4
    endloop
  endfacet
  facet normal 0 0 1
    outer loop
      vertex 18.6394 -0.049576 2.4
      vertex 17.301 -0.0421975 2.4
      vertex 17.3009 -0.0860826 2.4
    endloop
  endfacet
  facet normal 0 0 1
    outer loop
      vertex 18.6394 0.00172223 2.4
      vertex 17.301 -0.0421975 2.4
      vertex 18.6394 -0.049576 2.4
    endloop
  endfacet
  facet normal -0 0 1
    outer loop
      vertex -12.2067 -4.7392 2.4
      vertex -12.208 -4.74192 2.4
      vertex -12.2024 -4.735 2.4
    endloop
  endfacet
  facet normal 0 0 1
    outer loop
      vertex 16.9685 3.37686 2.4
      vertex 17.3011 0.00172223 2.4
      vertex 18.6394 0.00172223 2.4
    endloop
  endfacet
  facet normal -0 0 1
    outer loop
      vertex 17.3011 0.00172223 2.4
      vertex 17.301 -0.0421975 2.4
      vertex 18.6394 0.00172223 2.4
    endloop
  endfacet
  facet normal -0 0 1
    outer loop
      vertex -12.2048 -4.73685 2.4
      vertex -12.2067 -4.7392 2.4
      vertex -12.2024 -4.735 2.4
    endloop
  endfacet
  facet normal -0 0 1
    outer loop
      vertex 15.9839 6.6223 2.4
      vertex 18.1265 4.32136 2.4
      vertex 16.6266 8.40457 2.4
    endloop
  endfacet
  facet normal 0 0 1
    outer loop
      vertex 18.6394 0.00172223 2.4
      vertex 18.1265 4.32136 2.4
      vertex 16.9685 3.37686 2.4
    endloop
  endfacet
  facet normal 0 0 1
    outer loop
      vertex 29.9898 -3.58954 2.4
      vertex 29.9869 -3.58874 2.4
      vertex 29.984 -3.58848 2.4
    endloop
  endfacet
  facet normal 0 0 1
    outer loop
      vertex 12.1971 4.75708 2.4
      vertex 12.1996 4.75489 2.4
      vertex 12.1985 4.75607 2.4
    endloop
  endfacet
  facet normal 0 0 1
    outer loop
      vertex 29.9983 -3.59724 2.4
      vertex 29.9924 -3.59083 2.4
      vertex 29.9898 -3.58954 2.4
    endloop
  endfacet
  facet normal 0 0 1
    outer loop
      vertex 29.9948 -3.59259 2.4
      vertex 29.9924 -3.59083 2.4
      vertex 29.9983 -3.59724 2.4
    endloop
  endfacet
  facet normal 0 0 1
    outer loop
      vertex -30 3.6101 2.4
      vertex -29.998 3.61577 2.4
      vertex -29.9993 3.61305 2.4
    endloop
  endfacet
  facet normal 0 0 1
    outer loop
      vertex -29.9909 3.62123 2.4
      vertex -29.998 3.61577 2.4
      vertex -30 3.6101 2.4
    endloop
  endfacet
  facet normal 0 0 1
    outer loop
      vertex -29.9961 3.59906 2.4
      vertex -30 3.6101 2.4
      vertex -30 3.60707 2.4
    endloop
  endfacet
  facet normal 0 0 1
    outer loop
      vertex -29.998 3.6014 2.4
      vertex -30 3.60707 2.4
      vertex -29.9993 3.60412 2.4
    endloop
  endfacet
  facet normal 0 0 1
    outer loop
      vertex -29.9961 3.59906 2.4
      vertex -30 3.60707 2.4
      vertex -29.998 3.6014 2.4
    endloop
  endfacet
  facet normal 0 0 1
    outer loop
      vertex -15.7209 10.0065 2.4
      vertex -17.6169 6.09151 2.4
      vertex -14.9049 8.78835 2.4
    endloop
  endfacet
  facet normal 0 -0 1
    outer loop
      vertex 18.6338 -0.458113 2.4
      vertex 18.635 -0.407212 2.4
      vertex 17.2969 -0.392403 2.4
    endloop
  endfacet
  facet normal 0 0 1
    outer loop
      vertex 18.6168 -0.914555 2.4
      vertex 17.2819 -0.828305 2.4
      vertex 17.2798 -0.87185 2.4
    endloop
  endfacet
  facet normal 0 0 1
    outer loop
      vertex -17.6169 6.09151 2.4
      vertex -16.196 6.09151 2.4
      vertex -14.9049 8.78835 2.4
    endloop
  endfacet
  facet normal 0 0 1
    outer loop
      vertex 18.6237 -0.762699 2.4
      vertex 17.2876 -0.697646 2.4
      vertex 17.2858 -0.741203 2.4
    endloop
  endfacet
  facet normal 0 0 1
    outer loop
      vertex -13.1691 11.2228 2.4
      vertex -15.7209 10.0065 2.4
      vertex -14.9049 8.78835 2.4
    endloop
  endfacet
  facet normal 0 0 1
    outer loop
      vertex -12.9693 13.3756 2.4
      vertex -13.1691 11.2228 2.4
      vertex -11.0402 13.3223 2.4
    endloop
  endfacet
  facet normal 0 0 1
    outer loop
      vertex -12.9693 13.3756 2.4
      vertex -15.7209 10.0065 2.4
      vertex -13.1691 11.2228 2.4
    endloop
  endfacet
  facet normal 0 0 1
    outer loop
      vertex -9.51186 16.0154 2.4
      vertex -11.0402 13.3223 2.4
      vertex -8.5818 15.0241 2.4
    endloop
  endfacet
  facet normal 0 0 1
    outer loop
      vertex -9.51186 16.0154 2.4
      vertex -12.9693 13.3756 2.4
      vertex -11.0402 13.3223 2.4
    endloop
  endfacet
  facet normal 0 0 1
    outer loop
      vertex -5.53681 17.7821 2.4
      vertex -9.51186 16.0154 2.4
      vertex -5.86725 16.2776 2.4
    endloop
  endfacet
  facet normal 0 0 1
    outer loop
      vertex -5.86725 16.2776 2.4
      vertex -9.51186 16.0154 2.4
      vertex -8.5818 15.0241 2.4
    endloop
  endfacet
  facet normal 0 0 1
    outer loop
      vertex -2.97752 17.0453 2.4
      vertex -5.53681 17.7821 2.4
      vertex -5.86725 16.2776 2.4
    endloop
  endfacet
  facet normal 0 0 1
    outer loop
      vertex -1.26056 18.5796 2.4
      vertex -2.97752 17.0453 2.4
      vertex 0.00120383 17.3043 2.4
    endloop
  endfacet
  facet normal 0 0 1
    outer loop
      vertex -1.26056 18.5796 2.4
      vertex -5.53681 17.7821 2.4
      vertex -2.97752 17.0453 2.4
    endloop
  endfacet
  facet normal 0 0 1
    outer loop
      vertex 3.08408 18.3644 2.4
      vertex 0.00120383 17.3043 2.4
      vertex 3.37629 16.9711 2.4
    endloop
  endfacet
  facet normal 0 0 1
    outer loop
      vertex 3.08408 18.3644 2.4
      vertex -1.26056 18.5796 2.4
      vertex 0.00120383 17.3043 2.4
    endloop
  endfacet
  facet normal 0 0 1
    outer loop
      vertex 7.26062 17.1483 2.4
      vertex 3.37629 16.9711 2.4
      vertex 6.62157 15.9861 2.4
    endloop
  endfacet
  facet normal 0 0 1
    outer loop
      vertex 7.26062 17.1483 2.4
      vertex 3.08408 18.3644 2.4
      vertex 3.37629 16.9711 2.4
    endloop
  endfacet
  facet normal 0 0 1
    outer loop
      vertex 11.0417 14.9975 2.4
      vertex 7.26062 17.1483 2.4
      vertex 9.61239 14.3869 2.4
    endloop
  endfacet
  facet normal 0 0 1
    outer loop
      vertex 9.61239 14.3869 2.4
      vertex 7.26062 17.1483 2.4
      vertex 6.62157 15.9861 2.4
    endloop
  endfacet
  facet normal -0 0 1
    outer loop
      vertex -29.9937 3.61997 2.4
      vertex -29.9961 3.61812 2.4
      vertex -29.9909 3.62123 2.4
    endloop
  endfacet
  facet normal 0 0 1
    outer loop
      vertex 12.2338 12.2351 2.4
      vertex 11.0417 14.9975 2.4
      vertex 9.61239 14.3869 2.4
    endloop
  endfacet
  facet normal 0 0 1
    outer loop
      vertex 14.2214 12.0291 2.4
      vertex 12.2338 12.2351 2.4
      vertex 14.3852 9.61336 2.4
    endloop
  endfacet
  facet normal 0 0 1
    outer loop
      vertex 14.2214 12.0291 2.4
      vertex 11.0417 14.9975 2.4
      vertex 12.2338 12.2351 2.4
    endloop
  endfacet
  facet normal 0 0 1
    outer loop
      vertex 16.6266 8.40457 2.4
      vertex 14.3852 9.61336 2.4
      vertex 15.9839 6.6223 2.4
    endloop
  endfacet
  facet normal 0 0 1
    outer loop
      vertex 16.6266 8.40457 2.4
      vertex 14.2214 12.0291 2.4
      vertex 14.3852 9.61336 2.4
    endloop
  endfacet
  facet normal 0 0 1
    outer loop
      vertex 12.2029 4.74589 2.4
      vertex 12.2027 4.74823 2.4
      vertex 12.2021 4.7505 2.4
    endloop
  endfacet
  facet normal 0 -0 1
    outer loop
      vertex 16.9685 3.37686 2.4
      vertex 18.1265 4.32136 2.4
      vertex 15.9839 6.6223 2.4
    endloop
  endfacet
  facet normal -0 0 1
    outer loop
      vertex 17.2959 -0.436058 2.4
      vertex 18.6338 -0.458113 2.4
      vertex 17.2969 -0.392403 2.4
    endloop
  endfacet
  facet normal 0 -0 1
    outer loop
      vertex 12.2012 4.73912 2.4
      vertex 12.2022 4.74125 2.4
      vertex 12.1998 4.73718 2.4
    endloop
  endfacet
  facet normal 0 -0 1
    outer loop
      vertex 18.6324 -0.508967 2.4
      vertex 18.6338 -0.458113 2.4
      vertex 17.2959 -0.436058 2.4
    endloop
  endfacet
  facet normal 0 0 1
    outer loop
      vertex 18.6324 -0.508967 2.4
      vertex 17.2959 -0.436058 2.4
      vertex 17.2948 -0.479695 2.4
    endloop
  endfacet
  facet normal 0 0 1
    outer loop
      vertex 18.6324 -0.508967 2.4
      vertex 17.2948 -0.479695 2.4
      vertex 18.631 -0.559787 2.4
    endloop
  endfacet
  facet normal 0 0 1
    outer loop
      vertex 17.2948 -0.479695 2.4
      vertex 17.2936 -0.523315 2.4
      vertex 18.631 -0.559787 2.4
    endloop
  endfacet
  facet normal 0 0 1
    outer loop
      vertex 17.2936 -0.523315 2.4
      vertex 18.6294 -0.610567 2.4
      vertex 18.631 -0.559787 2.4
    endloop
  endfacet
  facet normal -0 0 1
    outer loop
      vertex 17.2923 -0.566918 2.4
      vertex 18.6294 -0.610567 2.4
      vertex 17.2936 -0.523315 2.4
    endloop
  endfacet
  facet normal -0 0 1
    outer loop
      vertex 17.2908 -0.610504 2.4
      vertex 18.6294 -0.610567 2.4
      vertex 17.2923 -0.566918 2.4
    endloop
  endfacet
  facet normal 0 -0 1
    outer loop
      vertex 18.6276 -0.661307 2.4
      vertex 18.6294 -0.610567 2.4
      vertex 17.2908 -0.610504 2.4
    endloop
  endfacet
  facet normal 0 0 1
    outer loop
      vertex 18.6276 -0.661307 2.4
      vertex 17.2908 -0.610504 2.4
      vertex 17.2893 -0.654084 2.4
    endloop
  endfacet
  facet normal 0 0 1
    outer loop
      vertex 18.6276 -0.661307 2.4
      vertex 17.2893 -0.654084 2.4
      vertex 18.6257 -0.712017 2.4
    endloop
  endfacet
  facet normal 0 0 1
    outer loop
      vertex 17.2893 -0.654084 2.4
      vertex 17.2876 -0.697646 2.4
      vertex 18.6257 -0.712017 2.4
    endloop
  endfacet
  facet normal 0 0 1
    outer loop
      vertex 17.2876 -0.697646 2.4
      vertex 18.6237 -0.762699 2.4
      vertex 18.6257 -0.712017 2.4
    endloop
  endfacet
  facet normal 0 0 1
    outer loop
      vertex 18.6237 -0.762699 2.4
      vertex 17.2858 -0.741203 2.4
      vertex 18.6215 -0.813346 2.4
    endloop
  endfacet
  facet normal 0 0 1
    outer loop
      vertex 17.2858 -0.741203 2.4
      vertex 17.2839 -0.78476 2.4
      vertex 18.6215 -0.813346 2.4
    endloop
  endfacet
  facet normal 0 0 1
    outer loop
      vertex 17.2839 -0.78476 2.4
      vertex 18.6192 -0.863965 2.4
      vertex 18.6215 -0.813346 2.4
    endloop
  endfacet
  facet normal -0 0 1
    outer loop
      vertex 17.2819 -0.828305 2.4
      vertex 18.6192 -0.863965 2.4
      vertex 17.2839 -0.78476 2.4
    endloop
  endfacet
  facet normal 0 -0 1
    outer loop
      vertex 18.6168 -0.914555 2.4
      vertex 18.6192 -0.863965 2.4
      vertex 17.2819 -0.828305 2.4
    endloop
  endfacet
  facet normal 0 0 1
    outer loop
      vertex 18.6168 -0.914555 2.4
      vertex 17.2798 -0.87185 2.4
      vertex 18.6142 -0.965127 2.4
    endloop
  endfacet
  facet normal 0 0 1
    outer loop
      vertex 17.2798 -0.87185 2.4
      vertex 18.6115 -1.01568 2.4
      vertex 18.6142 -0.965127 2.4
    endloop
  endfacet
  facet normal 0 0 1
    outer loop
      vertex 5.53257 -17.7811 2.4
      vertex 9.50807 -16.013 2.4
      vertex 5.86923 -16.2735 2.4
    endloop
  endfacet
  facet normal 0 0 1
    outer loop
      vertex 12.1962 4.73417 2.4
      vertex 12.1982 4.73552 2.4
      vertex 12.1998 4.73718 2.4
    endloop
  endfacet
  facet normal 0 0 1
    outer loop
      vertex 12.1998 4.73718 2.4
      vertex 12.2022 4.74125 2.4
      vertex 12.2029 4.74589 2.4
    endloop
  endfacet
  facet normal 0 0 1
    outer loop
      vertex 12.2022 4.74125 2.4
      vertex 12.2028 4.74354 2.4
      vertex 12.2029 4.74589 2.4
    endloop
  endfacet
  facet normal 0 -0 1
    outer loop
      vertex 12.1998 4.73718 2.4
      vertex 12.2029 4.74589 2.4
      vertex 12.1962 4.73417 2.4
    endloop
  endfacet
  facet normal 0 0 1
    outer loop
      vertex 12.2029 4.74589 2.4
      vertex 12.2021 4.7505 2.4
      vertex 12.1962 4.73417 2.4
    endloop
  endfacet
  facet normal 0 -0 1
    outer loop
      vertex 12.1962 4.73417 2.4
      vertex 12.2021 4.7505 2.4
      vertex 12.1941 4.73319 2.4
    endloop
  endfacet
  facet normal 0 0 1
    outer loop
      vertex 12.1996 4.75489 2.4
      vertex 12.2015 4.75207 2.4
      vertex 12.2007 4.75354 2.4
    endloop
  endfacet
  facet normal 0 0 1
    outer loop
      vertex 12.1996 4.75489 2.4
      vertex 12.1971 4.75708 2.4
      vertex 12.2015 4.75207 2.4
    endloop
  endfacet
  facet normal 0 0 1
    outer loop
      vertex 12.1971 4.75708 2.4
      vertex 12.1957 4.75789 2.4
      vertex 12.2015 4.75207 2.4
    endloop
  endfacet
  facet normal 0 0 1
    outer loop
      vertex 12.1957 4.75789 2.4
      vertex 12.2021 4.7505 2.4
      vertex 12.2015 4.75207 2.4
    endloop
  endfacet
  facet normal 0 0 1
    outer loop
      vertex 12.1941 4.75849 2.4
      vertex 12.2021 4.7505 2.4
      vertex 12.1957 4.75789 2.4
    endloop
  endfacet
  facet normal 0 0 1
    outer loop
      vertex 12.1941 4.73319 2.4
      vertex 12.2021 4.7505 2.4
      vertex 12.1941 4.75849 2.4
    endloop
  endfacet
  facet normal 0 -0 1
    outer loop
      vertex 12.1941 4.73319 2.4
      vertex 12.1941 4.75849 2.4
      vertex 3.12932 0.00571964 2.4
    endloop
  endfacet
  facet normal 0 0 1
    outer loop
      vertex -29.9909 3.62123 2.4
      vertex -29.9961 3.61812 2.4
      vertex -29.998 3.61577 2.4
    endloop
  endfacet
  facet normal 0 0 1
    outer loop
      vertex 12.1941 4.75849 2.4
      vertex -27.815 4.75849 2.4
      vertex 3.12267 0.00571964 2.4
    endloop
  endfacet
  facet normal 0 0 1
    outer loop
      vertex -29.9909 3.62123 2.4
      vertex -30 3.6101 2.4
      vertex -29.9961 3.59906 2.4
    endloop
  endfacet
  facet normal 0 0 1
    outer loop
      vertex -29.9909 3.59594 2.4
      vertex -29.9961 3.59906 2.4
      vertex -29.9937 3.5972 2.4
    endloop
  endfacet
  facet normal 0 0 1
    outer loop
      vertex -29.9909 3.62123 2.4
      vertex -29.9961 3.59906 2.4
      vertex -29.9909 3.59594 2.4
    endloop
  endfacet
  facet normal -0 0 1
    outer loop
      vertex -29.9909 3.62123 2.4
      vertex -29.9909 3.59594 2.4
      vertex -27.815 4.75849 2.4
    endloop
  endfacet
  facet normal -0 0 1
    outer loop
      vertex -29.9909 3.59594 2.4
      vertex 3.12267 0.00571964 2.4
      vertex -27.815 4.75849 2.4
    endloop
  endfacet
  facet normal 0 0 1
    outer loop
      vertex -3.00457 -17.0405 2.4
      vertex -3.09013 -18.365 2.4
      vertex 0.00120383 -17.3021 2.4
    endloop
  endfacet
  facet normal 0 0 1
    outer loop
      vertex 3.12267 0.00571964 2.4
      vertex 3.12932 0.00571964 2.4
      vertex 12.1941 4.75849 2.4
    endloop
  endfacet
  facet normal 0 0 1
    outer loop
      vertex 11.0411 -13.3164 2.4
      vertex 8.58331 -15.0191 2.4
      vertex 9.50807 -16.013 2.4
    endloop
  endfacet
  facet normal 0 0 1
    outer loop
      vertex 13.1692 -11.2163 2.4
      vertex 11.0411 -13.3164 2.4
      vertex 12.9655 -13.3716 2.4
    endloop
  endfacet
  facet normal 0 0 1
    outer loop
      vertex 17.6114 -6.08405 2.4
      vertex 14.9043 -8.78129 2.4
      vertex 15.7165 -10.0007 2.4
    endloop
  endfacet
  facet normal -0 0 1
    outer loop
      vertex 16.1945 -6.08405 2.4
      vertex 14.9043 -8.78129 2.4
      vertex 17.6114 -6.08405 2.4
    endloop
  endfacet
  facet normal 0 0 1
    outer loop
      vertex -12.1997 -4.75903 2.4
      vertex -3.13623 0.00705019 2.4
      vertex -12.1997 -4.73373 2.4
    endloop
  endfacet
  facet normal 0 0 1
    outer loop
      vertex 14.9043 -8.78129 2.4
      vertex 13.1692 -11.2163 2.4
      vertex 15.7165 -10.0007 2.4
    endloop
  endfacet
  facet normal 0 0 1
    outer loop
      vertex -12.1997 -4.75903 2.4
      vertex -3.12824 0.00705019 2.4
      vertex -3.13623 0.00705019 2.4
    endloop
  endfacet
  facet normal -0 0 1
    outer loop
      vertex 13.1692 -11.2163 2.4
      vertex 12.9655 -13.3716 2.4
      vertex 15.7165 -10.0007 2.4
    endloop
  endfacet
  facet normal 0 0 1
    outer loop
      vertex -12.1997 -4.75903 2.4
      vertex 27.8041 -4.75903 2.4
      vertex -3.12824 0.00705019 2.4
    endloop
  endfacet
  facet normal 0 0 1
    outer loop
      vertex 11.0411 -13.3164 2.4
      vertex 9.50807 -16.013 2.4
      vertex 12.9655 -13.3716 2.4
    endloop
  endfacet
  facet normal 0 0 1
    outer loop
      vertex -3.12824 0.00705019 2.4
      vertex 27.8041 -4.75903 2.4
      vertex 29.984 -3.58848 2.4
    endloop
  endfacet
  facet normal 0 0 1
    outer loop
      vertex 9.50807 -16.013 2.4
      vertex 8.58331 -15.0191 2.4
      vertex 5.86923 -16.2735 2.4
    endloop
  endfacet
  facet normal 0 -0 1
    outer loop
      vertex 5.53257 -17.7811 2.4
      vertex 5.86923 -16.2735 2.4
      vertex 2.9798 -17.0421 2.4
    endloop
  endfacet
  facet normal 0 0 1
    outer loop
      vertex 5.53257 -17.7811 2.4
      vertex 2.9798 -17.0421 2.4
      vertex 1.25552 -18.5796 2.4
    endloop
  endfacet
  facet normal 0 -0 1
    outer loop
      vertex 1.25552 -18.5796 2.4
      vertex 2.9798 -17.0421 2.4
      vertex 0.00120383 -17.3021 2.4
    endloop
  endfacet
  facet normal 0 0 1
    outer loop
      vertex -5.91922 -16.2607 2.4
      vertex -7.26771 -17.149 2.4
      vertex -3.09013 -18.365 2.4
    endloop
  endfacet
  facet normal 0 0 1
    outer loop
      vertex -14.991 -8.65251 2.4
      vertex -16.6357 -8.40326 2.4
      vertex -14.2301 -12.0287 2.4
    endloop
  endfacet
  facet normal 0 0 1
    outer loop
      vertex -8.65411 -14.9865 2.4
      vertex -7.26771 -17.149 2.4
      vertex -5.91922 -16.2607 2.4
    endloop
  endfacet
  facet normal -0 0 1
    outer loop
      vertex -11.0497 -14.9979 2.4
      vertex -7.26771 -17.149 2.4
      vertex -8.65411 -14.9865 2.4
    endloop
  endfacet
  facet normal 0 0 1
    outer loop
      vertex -14.991 -8.65251 2.4
      vertex -14.2301 -12.0287 2.4
      vertex -13.26 -11.1237 2.4
    endloop
  endfacet
  facet normal 0 0 1
    outer loop
      vertex -14.2301 -12.0287 2.4
      vertex -11.0497 -14.9979 2.4
      vertex -11.1261 -13.2567 2.4
    endloop
  endfacet
  facet normal 0 0 1
    outer loop
      vertex -16.2665 -5.91821 2.4
      vertex -16.6357 -8.40326 2.4
      vertex -14.991 -8.65251 2.4
    endloop
  endfacet
  facet normal -0 0 1
    outer loop
      vertex -12.208 -4.74192 2.4
      vertex -12.2024 -4.75777 2.4
      vertex -12.2024 -4.735 2.4
    endloop
  endfacet
  facet normal 0 -0 1
    outer loop
      vertex -16.6357 -8.40326 2.4
      vertex -16.2665 -5.91821 2.4
      vertex -18.1354 -4.31896 2.4
    endloop
  endfacet
  facet normal 0 0 1
    outer loop
      vertex -12.208 -4.75084 2.4
      vertex -12.2067 -4.75356 2.4
      vertex -12.2024 -4.75777 2.4
    endloop
  endfacet
  facet normal 0 -0 1
    outer loop
      vertex -18.1354 -4.31896 2.4
      vertex -17.0476 -3.00393 2.4
      vertex -18.6477 0.00172223 2.4
    endloop
  endfacet
  facet normal -0 0 1
    outer loop
      vertex -12.2087 -4.74487 2.4
      vertex -12.2087 -4.74789 2.4
      vertex -12.208 -4.74192 2.4
    endloop
  endfacet
  facet normal 0 0 1
    outer loop
      vertex -18.6407 0.514088 2.4
      vertex -18.642 0.463003 2.4
      vertex -17.3048 0.441512 2.4
    endloop
  endfacet
  facet normal 0 0 1
    outer loop
      vertex -18.6407 0.514088 2.4
      vertex -17.3048 0.441512 2.4
      vertex -17.3036 0.485351 2.4
    endloop
  endfacet
  facet normal -0 0 1
    outer loop
      vertex -18.6407 0.514088 2.4
      vertex -17.3036 0.485351 2.4
      vertex -18.6392 0.565144 2.4
    endloop
  endfacet
  facet normal 0 -0 1
    outer loop
      vertex -17.3036 0.485351 2.4
      vertex -17.3023 0.529167 2.4
      vertex -18.6392 0.565144 2.4
    endloop
  endfacet
  facet normal 0 0 1
    outer loop
      vertex -17.3023 0.529167 2.4
      vertex -18.6376 0.616166 2.4
      vertex -18.6392 0.565144 2.4
    endloop
  endfacet
  facet normal 0 0 1
    outer loop
      vertex -17.3009 0.572966 2.4
      vertex -18.6376 0.616166 2.4
      vertex -17.3023 0.529167 2.4
    endloop
  endfacet
  facet normal 0 0 1
    outer loop
      vertex -17.2994 0.616759 2.4
      vertex -18.6376 0.616166 2.4
      vertex -17.3009 0.572966 2.4
    endloop
  endfacet
  facet normal 0 0 1
    outer loop
      vertex -18.6358 0.667147 2.4
      vertex -18.6376 0.616166 2.4
      vertex -17.2994 0.616759 2.4
    endloop
  endfacet
  facet normal 0 0 1
    outer loop
      vertex -18.6358 0.667147 2.4
      vertex -17.2994 0.616759 2.4
      vertex -17.2977 0.660535 2.4
    endloop
  endfacet
  facet normal -0 0 1
    outer loop
      vertex -18.6358 0.667147 2.4
      vertex -17.2977 0.660535 2.4
      vertex -18.634 0.718106 2.4
    endloop
  endfacet
  facet normal 0 -0 1
    outer loop
      vertex -17.2977 0.660535 2.4
      vertex -17.296 0.704299 2.4
      vertex -18.634 0.718106 2.4
    endloop
  endfacet
  facet normal 0 0 1
    outer loop
      vertex -17.296 0.704299 2.4
      vertex -18.6319 0.769024 2.4
      vertex -18.634 0.718106 2.4
    endloop
  endfacet
  facet normal 0 0 1
    outer loop
      vertex -17.2942 0.748057 2.4
      vertex -18.6319 0.769024 2.4
      vertex -17.296 0.704299 2.4
    endloop
  endfacet
  facet normal 0 0 1
    outer loop
      vertex -18.6298 0.819913 2.4
      vertex -18.6319 0.769024 2.4
      vertex -17.2942 0.748057 2.4
    endloop
  endfacet
  facet normal 0 0 1
    outer loop
      vertex -18.6298 0.819913 2.4
      vertex -17.2942 0.748057 2.4
      vertex -17.2922 0.79181 2.4
    endloop
  endfacet
  facet normal -0 0 1
    outer loop
      vertex -18.6298 0.819913 2.4
      vertex -17.2922 0.79181 2.4
      vertex -18.6275 0.870762 2.4
    endloop
  endfacet
  facet normal 0 -0 1
    outer loop
      vertex -17.2922 0.79181 2.4
      vertex -17.2902 0.835557 2.4
      vertex -18.6275 0.870762 2.4
    endloop
  endfacet
  facet normal 0 -0 1
    outer loop
      vertex -17.2902 0.835557 2.4
      vertex -17.288 0.879304 2.4
      vertex -18.625 0.921582 2.4
    endloop
  endfacet
  facet normal 0 0 1
    outer loop
      vertex -17.288 0.879304 2.4
      vertex -18.6224 0.972373 2.4
      vertex -18.625 0.921582 2.4
    endloop
  endfacet
  facet normal 0 0 1
    outer loop
      vertex -18.6197 1.02312 2.4
      vertex -18.6224 0.972373 2.4
      vertex -17.288 0.879304 2.4
    endloop
  endfacet
  facet normal 0 0 1
    outer loop
      vertex -17.2902 0.835557 2.4
      vertex -18.625 0.921582 2.4
      vertex -18.6275 0.870762 2.4
    endloop
  endfacet
  facet normal 0 0 1
    outer loop
      vertex -18.642 0.463003 2.4
      vertex -17.3059 0.397656 2.4
      vertex -17.3048 0.441512 2.4
    endloop
  endfacet
  facet normal -0 0 1
    outer loop
      vertex -18.6432 0.411883 2.4
      vertex -17.3059 0.397656 2.4
      vertex -18.642 0.463003 2.4
    endloop
  endfacet
  facet normal 0 -0 1
    outer loop
      vertex -17.3069 0.353777 2.4
      vertex -17.3059 0.397656 2.4
      vertex -18.6432 0.411883 2.4
    endloop
  endfacet
  facet normal 0 0 1
    outer loop
      vertex -17.3069 0.353777 2.4
      vertex -18.6432 0.411883 2.4
      vertex -18.6442 0.360729 2.4
    endloop
  endfacet
  facet normal 0 0 1
    outer loop
      vertex -17.3069 0.353777 2.4
      vertex -18.6442 0.360729 2.4
      vertex -17.3078 0.309874 2.4
    endloop
  endfacet
  facet normal 0 0 1
    outer loop
      vertex -18.6442 0.360729 2.4
      vertex -18.6451 0.309546 2.4
      vertex -17.3078 0.309874 2.4
    endloop
  endfacet
  facet normal -0 0 1
    outer loop
      vertex -18.6451 0.309546 2.4
      vertex -17.3085 0.265949 2.4
      vertex -17.3078 0.309874 2.4
    endloop
  endfacet
  facet normal 0 0 1
    outer loop
      vertex -18.6459 0.258323 2.4
      vertex -17.3085 0.265949 2.4
      vertex -18.6451 0.309546 2.4
    endloop
  endfacet
  facet normal 0 -0 1
    outer loop
      vertex -17.3092 0.221995 2.4
      vertex -17.3085 0.265949 2.4
      vertex -18.6459 0.258323 2.4
    endloop
  endfacet
  facet normal 0 0 1
    outer loop
      vertex -17.3092 0.221995 2.4
      vertex -18.6459 0.258323 2.4
      vertex -18.6465 0.20707 2.4
    endloop
  endfacet
  facet normal 0 0 1
    outer loop
      vertex -17.3092 0.221995 2.4
      vertex -18.6465 0.20707 2.4
      vertex -17.3097 0.178006 2.4
    endloop
  endfacet
  facet normal 0 0 1
    outer loop
      vertex -18.6465 0.20707 2.4
      vertex -18.647 0.155784 2.4
      vertex -17.3097 0.178006 2.4
    endloop
  endfacet
  facet normal -0 0 1
    outer loop
      vertex -18.647 0.155784 2.4
      vertex -17.3101 0.133988 2.4
      vertex -17.3097 0.178006 2.4
    endloop
  endfacet
  facet normal 0 0 1
    outer loop
      vertex -18.6474 0.104463 2.4
      vertex -17.3101 0.133988 2.4
      vertex -18.647 0.155784 2.4
    endloop
  endfacet
  facet normal 0 -0 1
    outer loop
      vertex -17.3104 0.089936 2.4
      vertex -17.3101 0.133988 2.4
      vertex -18.6474 0.104463 2.4
    endloop
  endfacet
  facet normal 0 0 1
    outer loop
      vertex -17.3104 0.089936 2.4
      vertex -18.6474 0.104463 2.4
      vertex -18.6476 0.0531126 2.4
    endloop
  endfacet
  facet normal 0 0 1
    outer loop
      vertex -17.3104 0.089936 2.4
      vertex -18.6476 0.0531126 2.4
      vertex -17.3106 0.0458493 2.4
    endloop
  endfacet
  facet normal 0 0 1
    outer loop
      vertex -18.6476 0.0531126 2.4
      vertex -18.6477 0.00172223 2.4
      vertex -17.3106 0.0458493 2.4
    endloop
  endfacet
  facet normal 0 0 1
    outer loop
      vertex -18.6477 0.00172223 2.4
      vertex -17.3107 0.00172223 2.4
      vertex -17.3106 0.0458493 2.4
    endloop
  endfacet
  facet normal 0 0 1
    outer loop
      vertex -17.0476 -3.00393 2.4
      vertex -17.3107 0.00172223 2.4
      vertex -18.6477 0.00172223 2.4
    endloop
  endfacet
  facet normal 0 0 1
    outer loop
      vertex -16.2665 -5.91821 2.4
      vertex -17.0476 -3.00393 2.4
      vertex -18.1354 -4.31896 2.4
    endloop
  endfacet
  facet normal -0 0 1
    outer loop
      vertex -14.2301 -12.0287 2.4
      vertex -11.1261 -13.2567 2.4
      vertex -13.26 -11.1237 2.4
    endloop
  endfacet
  facet normal 0 -0 1
    outer loop
      vertex -11.0497 -14.9979 2.4
      vertex -8.65411 -14.9865 2.4
      vertex -11.1261 -13.2567 2.4
    endloop
  endfacet
  facet normal 0 0 1
    outer loop
      vertex -5.91922 -16.2607 2.4
      vertex -3.09013 -18.365 2.4
      vertex -3.00457 -17.0405 2.4
    endloop
  endfacet
  facet normal -0 0 1
    outer loop
      vertex -3.09013 -18.365 2.4
      vertex 1.25552 -18.5796 2.4
      vertex 0.00120383 -17.3021 2.4
    endloop
  endfacet
  facet normal 0 0 1
    outer loop
      vertex -12.2024 -4.75777 2.4
      vertex -12.208 -4.74192 2.4
      vertex -12.208 -4.75084 2.4
    endloop
  endfacet
  facet normal 0 0 1
    outer loop
      vertex 29.9898 -3.58954 2.4
      vertex 29.984 -3.58848 2.4
      vertex 30 -3.6058 2.4
    endloop
  endfacet
  facet normal 0 0 1
    outer loop
      vertex 29.9994 -3.59997 2.4
      vertex 29.9898 -3.58954 2.4
      vertex 30 -3.6058 2.4
    endloop
  endfacet
  facet normal 0 0 1
    outer loop
      vertex 29.9898 -3.58954 2.4
      vertex 29.9994 -3.59997 2.4
      vertex 29.9983 -3.59724 2.4
    endloop
  endfacet
  facet normal 0 0 1
    outer loop
      vertex 29.9983 -3.59724 2.4
      vertex 29.9968 -3.59475 2.4
      vertex 29.9948 -3.59259 2.4
    endloop
  endfacet
  facet normal 0 0 1
    outer loop
      vertex 29.9994 -3.59997 2.4
      vertex 30 -3.6058 2.4
      vertex 30 -3.60285 2.4
    endloop
  endfacet
  facet normal 0 0 1
    outer loop
      vertex 29.984 -3.58848 2.4
      vertex 29.9995 -3.60898 2.4
      vertex 30 -3.6058 2.4
    endloop
  endfacet
  facet normal 0 -0 1
    outer loop
      vertex 29.9983 -3.61201 2.4
      vertex 29.9995 -3.60898 2.4
      vertex 29.984 -3.58848 2.4
    endloop
  endfacet
  facet normal 0 0 1
    outer loop
      vertex 29.9983 -3.61201 2.4
      vertex 29.984 -3.58848 2.4
      vertex 29.9966 -3.61478 2.4
    endloop
  endfacet
  facet normal 0 0 1
    outer loop
      vertex 29.984 -3.58848 2.4
      vertex 29.9945 -3.61718 2.4
      vertex 29.9966 -3.61478 2.4
    endloop
  endfacet
  facet normal 0 -0 1
    outer loop
      vertex 29.9919 -3.61915 2.4
      vertex 29.9945 -3.61718 2.4
      vertex 29.984 -3.58848 2.4
    endloop
  endfacet
  facet normal 0 0 1
    outer loop
      vertex 29.9919 -3.61915 2.4
      vertex 29.984 -3.58848 2.4
      vertex 29.989 -3.62059 2.4
    endloop
  endfacet
  facet normal 0 0 1
    outer loop
      vertex 29.984 -3.58848 2.4
      vertex 29.9859 -3.62148 2.4
      vertex 29.989 -3.62059 2.4
    endloop
  endfacet
  facet normal 0 0 1
    outer loop
      vertex 29.9827 -3.62178 2.4
      vertex 29.9859 -3.62148 2.4
      vertex 29.984 -3.58848 2.4
    endloop
  endfacet
  facet normal 0 -0 1
    outer loop
      vertex 29.9827 -3.62178 2.4
      vertex 29.984 -3.58848 2.4
      vertex 27.8041 -4.75903 2.4
    endloop
  endfacet
  facet normal 0.998681 -0.051344 0
    outer loop
      vertex 18.6168 -0.914555 0
      vertex 18.6142 -0.965127 2.4
      vertex 18.6142 -0.965127 0
    endloop
  endfacet
  facet normal 0.998681 -0.051344 0
    outer loop
      vertex 18.6168 -0.914555 0
      vertex 18.6168 -0.914555 2.4
      vertex 18.6142 -0.965127 2.4
    endloop
  endfacet
  facet normal 0.998877 -0.0473869 0
    outer loop
      vertex 18.6192 -0.863965 0
      vertex 18.6168 -0.914555 2.4
      vertex 18.6168 -0.914555 0
    endloop
  endfacet
  facet normal 0.998877 -0.0473869 0
    outer loop
      vertex 18.6192 -0.863965 0
      vertex 18.6192 -0.863965 2.4
      vertex 18.6168 -0.914555 2.4
    endloop
  endfacet
  facet normal 0.998969 -0.0453907 0
    outer loop
      vertex 18.6215 -0.813346 0
      vertex 18.6192 -0.863965 2.4
      vertex 18.6192 -0.863965 0
    endloop
  endfacet
  facet normal 0.998969 -0.0453907 0
    outer loop
      vertex 18.6215 -0.813346 0
      vertex 18.6215 -0.813346 2.4
      vertex 18.6192 -0.863965 2.4
    endloop
  endfacet
  facet normal 0.999058 -0.043397 0
    outer loop
      vertex 18.6237 -0.762699 0
      vertex 18.6215 -0.813346 2.4
      vertex 18.6215 -0.813346 0
    endloop
  endfacet
  facet normal 0.999058 -0.043397 0
    outer loop
      vertex 18.6237 -0.762699 0
      vertex 18.6237 -0.762699 2.4
      vertex 18.6215 -0.813346 2.4
    endloop
  endfacet
  facet normal 0.999222 -0.0394311 0
    outer loop
      vertex 18.6257 -0.712017 0
      vertex 18.6237 -0.762699 2.4
      vertex 18.6237 -0.762699 0
    endloop
  endfacet
  facet normal 0.999222 -0.0394311 0
    outer loop
      vertex 18.6257 -0.712017 0
      vertex 18.6257 -0.712017 2.4
      vertex 18.6237 -0.762699 2.4
    endloop
  endfacet
  facet normal 0.999299 -0.0374417 0
    outer loop
      vertex 18.6276 -0.661307 0
      vertex 18.6257 -0.712017 2.4
      vertex 18.6257 -0.712017 0
    endloop
  endfacet
  facet normal 0.999299 -0.0374417 0
    outer loop
      vertex 18.6276 -0.661307 0
      vertex 18.6276 -0.661307 2.4
      vertex 18.6257 -0.712017 2.4
    endloop
  endfacet
  facet normal 0.999371 -0.0354527 0
    outer loop
      vertex 18.6294 -0.610567 0
      vertex 18.6276 -0.661307 2.4
      vertex 18.6276 -0.661307 0
    endloop
  endfacet
  facet normal 0.999371 -0.0354527 0
    outer loop
      vertex 18.6294 -0.610567 0
      vertex 18.6294 -0.610567 2.4
      vertex 18.6276 -0.661307 2.4
    endloop
  endfacet
  facet normal 0.999504 -0.0314928 0
    outer loop
      vertex 18.631 -0.559787 0
      vertex 18.6294 -0.610567 2.4
      vertex 18.6294 -0.610567 0
    endloop
  endfacet
  facet normal 0.999504 -0.0314928 0
    outer loop
      vertex 18.631 -0.559787 0
      vertex 18.631 -0.559787 2.4
      vertex 18.6294 -0.610567 2.4
    endloop
  endfacet
  facet normal 0.999621 -0.0275378 0
    outer loop
      vertex 18.6324 -0.508967 0
      vertex 18.631 -0.559787 2.4
      vertex 18.631 -0.559787 0
    endloop
  endfacet
  facet normal 0.999621 -0.0275378 0
    outer loop
      vertex 18.6324 -0.508967 0
      vertex 18.6324 -0.508967 2.4
      vertex 18.631 -0.559787 2.4
    endloop
  endfacet
  facet normal 0.999621 -0.0275194 0
    outer loop
      vertex 18.6338 -0.458113 0
      vertex 18.6324 -0.508967 2.4
      vertex 18.6324 -0.508967 0
    endloop
  endfacet
  facet normal 0.999621 -0.0275194 0
    outer loop
      vertex 18.6338 -0.458113 0
      vertex 18.6338 -0.458113 2.4
      vertex 18.6324 -0.508967 2.4
    endloop
  endfacet
  facet normal 0.999722 -0.0235686 0
    outer loop
      vertex 18.635 -0.407212 0
      vertex 18.6338 -0.458113 2.4
      vertex 18.6338 -0.458113 0
    endloop
  endfacet
  facet normal 0.999722 -0.0235686 0
    outer loop
      vertex 18.635 -0.407212 0
      vertex 18.635 -0.407212 2.4
      vertex 18.6338 -0.458113 2.4
    endloop
  endfacet
  facet normal 0.999807 -0.0196268 0
    outer loop
      vertex 18.636 -0.356271 0
      vertex 18.635 -0.407212 2.4
      vertex 18.635 -0.407212 0
    endloop
  endfacet
  facet normal 0.999807 -0.0196268 0
    outer loop
      vertex 18.636 -0.356271 0
      vertex 18.636 -0.356271 2.4
      vertex 18.635 -0.407212 2.4
    endloop
  endfacet
  facet normal 0.999844 -0.0176467 0
    outer loop
      vertex 18.6369 -0.305278 0
      vertex 18.636 -0.356271 2.4
      vertex 18.636 -0.356271 0
    endloop
  endfacet
  facet normal 0.999844 -0.0176467 0
    outer loop
      vertex 18.6369 -0.305278 0
      vertex 18.6369 -0.305278 2.4
      vertex 18.636 -0.356271 2.4
    endloop
  endfacet
  facet normal 0.999877 -0.0156742 0
    outer loop
      vertex 18.6377 -0.254245 0
      vertex 18.6369 -0.305278 2.4
      vertex 18.6369 -0.305278 0
    endloop
  endfacet
  facet normal 0.999877 -0.0156742 0
    outer loop
      vertex 18.6377 -0.254245 0
      vertex 18.6377 -0.254245 2.4
      vertex 18.6369 -0.305278 2.4
    endloop
  endfacet
  facet normal 0.999931 -0.0117429 0
    outer loop
      vertex 18.6383 -0.203154 0
      vertex 18.6377 -0.254245 2.4
      vertex 18.6377 -0.254245 0
    endloop
  endfacet
  facet normal 0.999931 -0.0117429 0
    outer loop
      vertex 18.6383 -0.203154 0
      vertex 18.6383 -0.203154 2.4
      vertex 18.6377 -0.254245 2.4
    endloop
  endfacet
  facet normal 0.999952 -0.00977719 0
    outer loop
      vertex 18.6388 -0.152017 0
      vertex 18.6383 -0.203154 2.4
      vertex 18.6383 -0.203154 0
    endloop
  endfacet
  facet normal 0.999952 -0.00977719 0
    outer loop
      vertex 18.6388 -0.152017 0
      vertex 18.6388 -0.152017 2.4
      vertex 18.6383 -0.203154 2.4
    endloop
  endfacet
  facet normal 0.999983 -0.00585985 0
    outer loop
      vertex 18.6391 -0.100822 0
      vertex 18.6388 -0.152017 2.4
      vertex 18.6388 -0.152017 0
    endloop
  endfacet
  facet normal 0.999983 -0.00585985 0
    outer loop
      vertex 18.6391 -0.100822 0
      vertex 18.6391 -0.100822 2.4
      vertex 18.6388 -0.152017 2.4
    endloop
  endfacet
  facet normal 0.999983 -0.00585402 0
    outer loop
      vertex 18.6394 -0.049576 0
      vertex 18.6391 -0.100822 2.4
      vertex 18.6391 -0.100822 0
    endloop
  endfacet
  facet normal 0.999983 -0.00585402 0
    outer loop
      vertex 18.6394 -0.049576 0
      vertex 18.6394 -0.049576 2.4
      vertex 18.6391 -0.100822 2.4
    endloop
  endfacet
  facet normal 1 0 0
    outer loop
      vertex 18.6394 0.00172223 0
      vertex 18.6394 -0.049576 2.4
      vertex 18.6394 -0.049576 0
    endloop
  endfacet
  facet normal 1 0 -0
    outer loop
      vertex 18.6394 0.00172223 0
      vertex 18.6394 0.00172223 2.4
      vertex 18.6394 -0.049576 2.4
    endloop
  endfacet
  facet normal 0.993024 0.117909 0
    outer loop
      vertex 18.1265 4.32136 0
      vertex 18.6394 0.00172223 2.4
      vertex 18.6394 0.00172223 0
    endloop
  endfacet
  facet normal 0.993024 0.117909 -0
    outer loop
      vertex 18.1265 4.32136 0
      vertex 18.1265 4.32136 2.4
      vertex 18.6394 0.00172223 2.4
    endloop
  endfacet
  facet normal 0.938674 0.344806 0
    outer loop
      vertex 16.6266 8.40457 0
      vertex 18.1265 4.32136 2.4
      vertex 18.1265 4.32136 0
    endloop
  endfacet
  facet normal 0.938674 0.344806 -0
    outer loop
      vertex 16.6266 8.40457 0
      vertex 16.6266 8.40457 2.4
      vertex 18.1265 4.32136 2.4
    endloop
  endfacet
  facet normal 0.833232 0.552924 0
    outer loop
      vertex 14.2214 12.0291 0
      vertex 16.6266 8.40457 2.4
      vertex 16.6266 8.40457 0
    endloop
  endfacet
  facet normal 0.833232 0.552924 -0
    outer loop
      vertex 14.2214 12.0291 0
      vertex 14.2214 12.0291 2.4
      vertex 16.6266 8.40457 2.4
    endloop
  endfacet
  facet normal 0.682402 0.730977 0
    outer loop
      vertex 11.0417 14.9975 0
      vertex 14.2214 12.0291 2.4
      vertex 14.2214 12.0291 0
    endloop
  endfacet
  facet normal 0.682402 0.730977 -0
    outer loop
      vertex 11.0417 14.9975 0
      vertex 11.0417 14.9975 2.4
      vertex 14.2214 12.0291 2.4
    endloop
  endfacet
  facet normal 0.494437 0.869214 0
    outer loop
      vertex 7.26062 17.1483 0
      vertex 11.0417 14.9975 2.4
      vertex 11.0417 14.9975 0
    endloop
  endfacet
  facet normal 0.494437 0.869214 -0
    outer loop
      vertex 7.26062 17.1483 0
      vertex 7.26062 17.1483 2.4
      vertex 11.0417 14.9975 2.4
    endloop
  endfacet
  facet normal 0.279564 0.960127 0
    outer loop
      vertex 3.08408 18.3644 0
      vertex 7.26062 17.1483 2.4
      vertex 7.26062 17.1483 0
    endloop
  endfacet
  facet normal 0.279564 0.960127 -0
    outer loop
      vertex 3.08408 18.3644 0
      vertex 3.08408 18.3644 2.4
      vertex 7.26062 17.1483 2.4
    endloop
  endfacet
  facet normal 0.0494716 0.998776 0
    outer loop
      vertex -1.26056 18.5796 0
      vertex 3.08408 18.3644 2.4
      vertex 3.08408 18.3644 0
    endloop
  endfacet
  facet normal 0.0494716 0.998776 -0
    outer loop
      vertex -1.26056 18.5796 0
      vertex -1.26056 18.5796 2.4
      vertex 3.08408 18.3644 2.4
    endloop
  endfacet
  facet normal -0.183334 0.983051 0
    outer loop
      vertex -5.53681 17.7821 0
      vertex -1.26056 18.5796 2.4
      vertex -1.26056 18.5796 0
    endloop
  endfacet
  facet normal -0.183334 0.983051 0
    outer loop
      vertex -5.53681 17.7821 0
      vertex -5.53681 17.7821 2.4
      vertex -1.26056 18.5796 2.4
    endloop
  endfacet
  facet normal -0.406141 0.913811 0
    outer loop
      vertex -9.51186 16.0154 0
      vertex -5.53681 17.7821 2.4
      vertex -5.53681 17.7821 0
    endloop
  endfacet
  facet normal -0.406141 0.913811 0
    outer loop
      vertex -9.51186 16.0154 0
      vertex -9.51186 16.0154 2.4
      vertex -5.53681 17.7821 2.4
    endloop
  endfacet
  facet normal -0.606852 0.794815 0
    outer loop
      vertex -12.9693 13.3756 0
      vertex -9.51186 16.0154 2.4
      vertex -9.51186 16.0154 0
    endloop
  endfacet
  facet normal -0.606852 0.794815 0
    outer loop
      vertex -12.9693 13.3756 0
      vertex -12.9693 13.3756 2.4
      vertex -9.51186 16.0154 2.4
    endloop
  endfacet
  facet normal -0.774513 0.632558 0
    outer loop
      vertex -15.7209 10.0065 0
      vertex -12.9693 13.3756 2.4
      vertex -12.9693 13.3756 0
    endloop
  endfacet
  facet normal -0.774513 0.632558 0
    outer loop
      vertex -15.7209 10.0065 0
      vertex -15.7209 10.0065 2.4
      vertex -12.9693 13.3756 2.4
    endloop
  endfacet
  facet normal -0.90001 0.435868 0
    outer loop
      vertex -17.6169 6.09151 0
      vertex -15.7209 10.0065 2.4
      vertex -15.7209 10.0065 0
    endloop
  endfacet
  facet normal -0.90001 0.435868 0
    outer loop
      vertex -17.6169 6.09151 0
      vertex -17.6169 6.09151 2.4
      vertex -15.7209 10.0065 2.4
    endloop
  endfacet
  facet normal 0 -1 0
    outer loop
      vertex -16.196 6.09151 0
      vertex -17.6169 6.09151 2.4
      vertex -17.6169 6.09151 0
    endloop
  endfacet
  facet normal 0 -1 0
    outer loop
      vertex -16.196 6.09151 0
      vertex -16.196 6.09151 2.4
      vertex -17.6169 6.09151 2.4
    endloop
  endfacet
  facet normal 0.901964 -0.431811 0
    outer loop
      vertex -14.9049 8.78835 0
      vertex -16.196 6.09151 2.4
      vertex -16.196 6.09151 0
    endloop
  endfacet
  facet normal 0.901964 -0.431811 0
    outer loop
      vertex -14.9049 8.78835 0
      vertex -14.9049 8.78835 2.4
      vertex -16.196 6.09151 2.4
    endloop
  endfacet
  facet normal 0.814222 -0.580553 0
    outer loop
      vertex -13.1691 11.2228 0
      vertex -14.9049 8.78835 2.4
      vertex -14.9049 8.78835 0
    endloop
  endfacet
  facet normal 0.814222 -0.580553 0
    outer loop
      vertex -13.1691 11.2228 0
      vertex -13.1691 11.2228 2.4
      vertex -14.9049 8.78835 2.4
    endloop
  endfacet
  facet normal 0.702173 -0.712006 0
    outer loop
      vertex -11.0402 13.3223 0
      vertex -13.1691 11.2228 2.4
      vertex -13.1691 11.2228 0
    endloop
  endfacet
  facet normal 0.702173 -0.712006 0
    outer loop
      vertex -11.0402 13.3223 0
      vertex -11.0402 13.3223 2.4
      vertex -13.1691 11.2228 2.4
    endloop
  endfacet
  facet normal 0.569172 -0.822219 0
    outer loop
      vertex -8.5818 15.0241 0
      vertex -11.0402 13.3223 2.4
      vertex -11.0402 13.3223 0
    endloop
  endfacet
  facet normal 0.569172 -0.822219 0
    outer loop
      vertex -8.5818 15.0241 0
      vertex -8.5818 15.0241 2.4
      vertex -11.0402 13.3223 2.4
    endloop
  endfacet
  facet normal 0.419232 -0.907879 0
    outer loop
      vertex -5.86725 16.2776 0
      vertex -8.5818 15.0241 2.4
      vertex -8.5818 15.0241 0
    endloop
  endfacet
  facet normal 0.419232 -0.907879 0
    outer loop
      vertex -5.86725 16.2776 0
      vertex -5.86725 16.2776 2.4
      vertex -8.5818 15.0241 2.4
    endloop
  endfacet
  facet normal 0.256759 -0.966476 0
    outer loop
      vertex -2.97752 17.0453 0
      vertex -5.86725 16.2776 2.4
      vertex -5.86725 16.2776 0
    endloop
  endfacet
  facet normal 0.256759 -0.966476 0
    outer loop
      vertex -2.97752 17.0453 0
      vertex -2.97752 17.0453 2.4
      vertex -5.86725 16.2776 2.4
    endloop
  endfacet
  facet normal 0.0866232 -0.996241 0
    outer loop
      vertex 0.00120383 17.3043 0
      vertex -2.97752 17.0453 2.4
      vertex -2.97752 17.0453 0
    endloop
  endfacet
  facet normal 0.0866232 -0.996241 0
    outer loop
      vertex 0.00120383 17.3043 0
      vertex 0.00120383 17.3043 2.4
      vertex -2.97752 17.0453 2.4
    endloop
  endfacet
  facet normal -0.0982458 -0.995162 0
    outer loop
      vertex 3.37629 16.9711 0
      vertex 0.00120383 17.3043 2.4
      vertex 0.00120383 17.3043 0
    endloop
  endfacet
  facet normal -0.0982458 -0.995162 0
    outer loop
      vertex 3.37629 16.9711 0
      vertex 3.37629 16.9711 2.4
      vertex 0.00120383 17.3043 2.4
    endloop
  endfacet
  facet normal -0.290435 -0.956895 0
    outer loop
      vertex 6.62157 15.9861 0
      vertex 3.37629 16.9711 2.4
      vertex 3.37629 16.9711 0
    endloop
  endfacet
  facet normal -0.290435 -0.956895 0
    outer loop
      vertex 6.62157 15.9861 0
      vertex 6.62157 15.9861 2.4
      vertex 3.37629 16.9711 2.4
    endloop
  endfacet
  facet normal -0.471528 -0.881851 0
    outer loop
      vertex 9.61239 14.3869 0
      vertex 6.62157 15.9861 2.4
      vertex 6.62157 15.9861 0
    endloop
  endfacet
  facet normal -0.471528 -0.881851 0
    outer loop
      vertex 9.61239 14.3869 0
      vertex 9.61239 14.3869 2.4
      vertex 6.62157 15.9861 2.4
    endloop
  endfacet
  facet normal -0.634475 -0.772943 0
    outer loop
      vertex 12.2338 12.2351 0
      vertex 9.61239 14.3869 2.4
      vertex 9.61239 14.3869 0
    endloop
  endfacet
  facet normal -0.634475 -0.772943 0
    outer loop
      vertex 12.2338 12.2351 0
      vertex 12.2338 12.2351 2.4
      vertex 9.61239 14.3869 2.4
    endloop
  endfacet
  facet normal -0.77304 -0.634357 0
    outer loop
      vertex 14.3852 9.61336 0
      vertex 12.2338 12.2351 2.4
      vertex 12.2338 12.2351 0
    endloop
  endfacet
  facet normal -0.77304 -0.634357 0
    outer loop
      vertex 14.3852 9.61336 0
      vertex 14.3852 9.61336 2.4
      vertex 12.2338 12.2351 2.4
    endloop
  endfacet
  facet normal -0.881928 -0.471384 0
    outer loop
      vertex 15.9839 6.6223 0
      vertex 14.3852 9.61336 2.4
      vertex 14.3852 9.61336 0
    endloop
  endfacet
  facet normal -0.881928 -0.471384 0
    outer loop
      vertex 15.9839 6.6223 0
      vertex 15.9839 6.6223 2.4
      vertex 14.3852 9.61336 2.4
    endloop
  endfacet
  facet normal -0.956932 -0.290313 0
    outer loop
      vertex 16.9685 3.37686 0
      vertex 15.9839 6.6223 2.4
      vertex 15.9839 6.6223 0
    endloop
  endfacet
  facet normal -0.956932 -0.290313 0
    outer loop
      vertex 16.9685 3.37686 0
      vertex 16.9685 3.37686 2.4
      vertex 15.9839 6.6223 2.4
    endloop
  endfacet
  facet normal -0.99518 -0.0980691 0
    outer loop
      vertex 17.3011 0.00172223 0
      vertex 16.9685 3.37686 2.4
      vertex 16.9685 3.37686 0
    endloop
  endfacet
  facet normal -0.99518 -0.0980691 0
    outer loop
      vertex 17.3011 0.00172223 0
      vertex 17.3011 0.00172223 2.4
      vertex 16.9685 3.37686 2.4
    endloop
  endfacet
  facet normal -0.999997 0.00227688 0
    outer loop
      vertex 17.301 -0.0421975 0
      vertex 17.3011 0.00172223 2.4
      vertex 17.3011 0.00172223 0
    endloop
  endfacet
  facet normal -0.999997 0.00227688 0
    outer loop
      vertex 17.301 -0.0421975 0
      vertex 17.301 -0.0421975 2.4
      vertex 17.3011 0.00172223 2.4
    endloop
  endfacet
  facet normal -0.999997 0.00227867 0
    outer loop
      vertex 17.3009 -0.0860826 0
      vertex 17.301 -0.0421975 2.4
      vertex 17.301 -0.0421975 0
    endloop
  endfacet
  facet normal -0.999997 0.00227867 0
    outer loop
      vertex 17.3009 -0.0860826 0
      vertex 17.3009 -0.0860826 2.4
      vertex 17.301 -0.0421975 2.4
    endloop
  endfacet
  facet normal -0.999977 0.00684128 0
    outer loop
      vertex 17.3006 -0.129933 0
      vertex 17.3009 -0.0860826 2.4
      vertex 17.3009 -0.0860826 0
    endloop
  endfacet
  facet normal -0.999977 0.00684128 0
    outer loop
      vertex 17.3006 -0.129933 0
      vertex 17.3006 -0.129933 2.4
      vertex 17.3009 -0.0860826 2.4
    endloop
  endfacet
  facet normal -0.999977 0.00684572 0
    outer loop
      vertex 17.3003 -0.173755 0
      vertex 17.3006 -0.129933 2.4
      vertex 17.3006 -0.129933 0
    endloop
  endfacet
  facet normal -0.999977 0.00684572 0
    outer loop
      vertex 17.3003 -0.173755 0
      vertex 17.3003 -0.173755 2.4
      vertex 17.3006 -0.129933 2.4
    endloop
  endfacet
  facet normal -0.999935 0.0114197 0
    outer loop
      vertex 17.2998 -0.217536 0
      vertex 17.3003 -0.173755 2.4
      vertex 17.3003 -0.173755 0
    endloop
  endfacet
  facet normal -0.999935 0.0114197 0
    outer loop
      vertex 17.2998 -0.217536 0
      vertex 17.2998 -0.217536 2.4
      vertex 17.3003 -0.173755 2.4
    endloop
  endfacet
  facet normal -0.999935 0.0114255 0
    outer loop
      vertex 17.2993 -0.261295 0
      vertex 17.2998 -0.217536 2.4
      vertex 17.2998 -0.217536 0
    endloop
  endfacet
  facet normal -0.999935 0.0114255 0
    outer loop
      vertex 17.2993 -0.261295 0
      vertex 17.2993 -0.261295 2.4
      vertex 17.2998 -0.217536 2.4
    endloop
  endfacet
  facet normal -0.999872 0.0160056 0
    outer loop
      vertex 17.2986 -0.305024 0
      vertex 17.2993 -0.261295 2.4
      vertex 17.2993 -0.261295 0
    endloop
  endfacet
  facet normal -0.999872 0.0160056 0
    outer loop
      vertex 17.2986 -0.305024 0
      vertex 17.2986 -0.305024 2.4
      vertex 17.2993 -0.261295 2.4
    endloop
  endfacet
  facet normal -0.999832 0.0183032 0
    outer loop
      vertex 17.2978 -0.348725 0
      vertex 17.2986 -0.305024 2.4
      vertex 17.2986 -0.305024 0
    endloop
  endfacet
  facet normal -0.999832 0.0183032 0
    outer loop
      vertex 17.2978 -0.348725 0
      vertex 17.2978 -0.348725 2.4
      vertex 17.2986 -0.305024 2.4
    endloop
  endfacet
  facet normal -0.999788 0.020601 0
    outer loop
      vertex 17.2969 -0.392403 0
      vertex 17.2978 -0.348725 2.4
      vertex 17.2978 -0.348725 0
    endloop
  endfacet
  facet normal -0.999788 0.020601 0
    outer loop
      vertex 17.2969 -0.392403 0
      vertex 17.2969 -0.392403 2.4
      vertex 17.2978 -0.348725 2.4
    endloop
  endfacet
  facet normal -0.999738 0.0229009 0
    outer loop
      vertex 17.2959 -0.436058 0
      vertex 17.2969 -0.392403 2.4
      vertex 17.2969 -0.392403 0
    endloop
  endfacet
  facet normal -0.999738 0.0229009 0
    outer loop
      vertex 17.2959 -0.436058 0
      vertex 17.2959 -0.436058 2.4
      vertex 17.2969 -0.392403 2.4
    endloop
  endfacet
  facet normal -0.999682 0.0252 0
    outer loop
      vertex 17.2948 -0.479695 0
      vertex 17.2959 -0.436058 2.4
      vertex 17.2959 -0.436058 0
    endloop
  endfacet
  facet normal -0.999682 0.0252 0
    outer loop
      vertex 17.2948 -0.479695 0
      vertex 17.2948 -0.479695 2.4
      vertex 17.2959 -0.436058 2.4
    endloop
  endfacet
  facet normal -0.999622 0.0274999 0
    outer loop
      vertex 17.2936 -0.523315 0
      vertex 17.2948 -0.479695 2.4
      vertex 17.2948 -0.479695 0
    endloop
  endfacet
  facet normal -0.999622 0.0274999 0
    outer loop
      vertex 17.2936 -0.523315 0
      vertex 17.2936 -0.523315 2.4
      vertex 17.2948 -0.479695 2.4
    endloop
  endfacet
  facet normal -0.999556 0.0298012 0
    outer loop
      vertex 17.2923 -0.566918 0
      vertex 17.2936 -0.523315 2.4
      vertex 17.2936 -0.523315 0
    endloop
  endfacet
  facet normal -0.999556 0.0298012 0
    outer loop
      vertex 17.2923 -0.566918 0
      vertex 17.2923 -0.566918 2.4
      vertex 17.2936 -0.523315 2.4
    endloop
  endfacet
  facet normal -0.999408 0.0343944 0
    outer loop
      vertex 17.2908 -0.610504 0
      vertex 17.2923 -0.566918 2.4
      vertex 17.2923 -0.566918 0
    endloop
  endfacet
  facet normal -0.999408 0.0343944 0
    outer loop
      vertex 17.2908 -0.610504 0
      vertex 17.2908 -0.610504 2.4
      vertex 17.2923 -0.566918 2.4
    endloop
  endfacet
  facet normal -0.999408 0.0343991 0
    outer loop
      vertex 17.2893 -0.654084 0
      vertex 17.2908 -0.610504 2.4
      vertex 17.2908 -0.610504 0
    endloop
  endfacet
  facet normal -0.999408 0.0343991 0
    outer loop
      vertex 17.2893 -0.654084 0
      vertex 17.2893 -0.654084 2.4
      vertex 17.2908 -0.610504 2.4
    endloop
  endfacet
  facet normal -0.999239 0.0389952 0
    outer loop
      vertex 17.2876 -0.697646 0
      vertex 17.2893 -0.654084 2.4
      vertex 17.2893 -0.654084 0
    endloop
  endfacet
  facet normal -0.999239 0.0389952 0
    outer loop
      vertex 17.2876 -0.697646 0
      vertex 17.2876 -0.697646 2.4
      vertex 17.2893 -0.654084 2.4
    endloop
  endfacet
  facet normal -0.999147 0.0412899 0
    outer loop
      vertex 17.2858 -0.741203 0
      vertex 17.2876 -0.697646 2.4
      vertex 17.2876 -0.697646 0
    endloop
  endfacet
  facet normal -0.999147 0.0412899 0
    outer loop
      vertex 17.2858 -0.741203 0
      vertex 17.2858 -0.741203 2.4
      vertex 17.2876 -0.697646 2.4
    endloop
  endfacet
  facet normal -0.99905 0.0435796 0
    outer loop
      vertex 17.2839 -0.78476 0
      vertex 17.2858 -0.741203 2.4
      vertex 17.2858 -0.741203 0
    endloop
  endfacet
  facet normal -0.99905 0.0435796 0
    outer loop
      vertex 17.2839 -0.78476 0
      vertex 17.2839 -0.78476 2.4
      vertex 17.2858 -0.741203 2.4
    endloop
  endfacet
  facet normal -0.998947 0.0458811 0
    outer loop
      vertex 17.2819 -0.828305 0
      vertex 17.2839 -0.78476 2.4
      vertex 17.2839 -0.78476 0
    endloop
  endfacet
  facet normal -0.998947 0.0458811 0
    outer loop
      vertex 17.2819 -0.828305 0
      vertex 17.2819 -0.828305 2.4
      vertex 17.2839 -0.78476 2.4
    endloop
  endfacet
  facet normal -0.998839 0.04817 0
    outer loop
      vertex 17.2798 -0.87185 0
      vertex 17.2819 -0.828305 2.4
      vertex 17.2819 -0.828305 0
    endloop
  endfacet
  facet normal -0.998839 0.04817 0
    outer loop
      vertex 17.2798 -0.87185 0
      vertex 17.2798 -0.87185 2.4
      vertex 17.2819 -0.828305 2.4
    endloop
  endfacet
  facet normal -0.10738 -0.994218 0
    outer loop
      vertex 18.6115 -1.01568 0
      vertex 17.2798 -0.87185 2.4
      vertex 17.2798 -0.87185 0
    endloop
  endfacet
  facet normal -0.10738 -0.994218 0
    outer loop
      vertex 18.6115 -1.01568 0
      vertex 18.6115 -1.01568 2.4
      vertex 17.2798 -0.87185 2.4
    endloop
  endfacet
  facet normal 0.998577 -0.0533333 0
    outer loop
      vertex 18.6142 -0.965127 0
      vertex 18.6115 -1.01568 2.4
      vertex 18.6115 -1.01568 0
    endloop
  endfacet
  facet normal 0.998577 -0.0533333 0
    outer loop
      vertex 18.6142 -0.965127 0
      vertex 18.6142 -0.965127 2.4
      vertex 18.6115 -1.01568 2.4
    endloop
  endfacet
  facet normal 0.422885 -0.906183 0
    outer loop
      vertex 12.1962 4.73417 0
      vertex 12.1941 4.73319 2.4
      vertex 12.1941 4.73319 0
    endloop
  endfacet
  facet normal 0.422885 -0.906183 0
    outer loop
      vertex 12.1962 4.73417 0
      vertex 12.1962 4.73417 2.4
      vertex 12.1941 4.73319 2.4
    endloop
  endfacet
  facet normal 0.559473 -0.828849 0
    outer loop
      vertex 12.1982 4.73552 0
      vertex 12.1962 4.73417 2.4
      vertex 12.1962 4.73417 0
    endloop
  endfacet
  facet normal 0.559473 -0.828849 0
    outer loop
      vertex 12.1982 4.73552 0
      vertex 12.1982 4.73552 2.4
      vertex 12.1962 4.73417 2.4
    endloop
  endfacet
  facet normal 0.719999 -0.693975 0
    outer loop
      vertex 12.1998 4.73718 0
      vertex 12.1982 4.73552 2.4
      vertex 12.1982 4.73552 0
    endloop
  endfacet
  facet normal 0.719999 -0.693975 0
    outer loop
      vertex 12.1998 4.73718 0
      vertex 12.1998 4.73718 2.4
      vertex 12.1982 4.73552 2.4
    endloop
  endfacet
  facet normal 0.8109 -0.585185 0
    outer loop
      vertex 12.2012 4.73912 0
      vertex 12.1998 4.73718 2.4
      vertex 12.1998 4.73718 0
    endloop
  endfacet
  facet normal 0.8109 -0.585185 0
    outer loop
      vertex 12.2012 4.73912 0
      vertex 12.2012 4.73912 2.4
      vertex 12.1998 4.73718 2.4
    endloop
  endfacet
  facet normal 0.905204 -0.424978 0
    outer loop
      vertex 12.2022 4.74125 0
      vertex 12.2012 4.73912 2.4
      vertex 12.2012 4.73912 0
    endloop
  endfacet
  facet normal 0.905204 -0.424978 0
    outer loop
      vertex 12.2022 4.74125 0
      vertex 12.2022 4.74125 2.4
      vertex 12.2012 4.73912 2.4
    endloop
  endfacet
  facet normal 0.967348 -0.253454 0
    outer loop
      vertex 12.2028 4.74354 0
      vertex 12.2022 4.74125 2.4
      vertex 12.2022 4.74125 0
    endloop
  endfacet
  facet normal 0.967348 -0.253454 0
    outer loop
      vertex 12.2028 4.74354 0
      vertex 12.2028 4.74354 2.4
      vertex 12.2022 4.74125 2.4
    endloop
  endfacet
  facet normal 0.999096 -0.0425147 0
    outer loop
      vertex 12.2029 4.74589 0
      vertex 12.2028 4.74354 2.4
      vertex 12.2028 4.74354 0
    endloop
  endfacet
  facet normal 0.999096 -0.0425147 0
    outer loop
      vertex 12.2029 4.74589 0
      vertex 12.2029 4.74589 2.4
      vertex 12.2028 4.74354 2.4
    endloop
  endfacet
  facet normal 0.996367 0.0851596 0
    outer loop
      vertex 12.2027 4.74823 0
      vertex 12.2029 4.74589 2.4
      vertex 12.2029 4.74589 0
    endloop
  endfacet
  facet normal 0.996367 0.0851596 -0
    outer loop
      vertex 12.2027 4.74823 0
      vertex 12.2027 4.74823 2.4
      vertex 12.2029 4.74589 2.4
    endloop
  endfacet
  facet normal 0.966798 0.255541 0
    outer loop
      vertex 12.2021 4.7505 0
      vertex 12.2027 4.74823 2.4
      vertex 12.2027 4.74823 0
    endloop
  endfacet
  facet normal 0.966798 0.255541 -0
    outer loop
      vertex 12.2021 4.7505 0
      vertex 12.2021 4.7505 2.4
      vertex 12.2027 4.74823 2.4
    endloop
  endfacet
  facet normal 0.93411 0.356985 0
    outer loop
      vertex 12.2015 4.75207 0
      vertex 12.2021 4.7505 2.4
      vertex 12.2021 4.7505 0
    endloop
  endfacet
  facet normal 0.93411 0.356985 -0
    outer loop
      vertex 12.2015 4.75207 0
      vertex 12.2015 4.75207 2.4
      vertex 12.2021 4.7505 2.4
    endloop
  endfacet
  facet normal 0.878352 0.478015 0
    outer loop
      vertex 12.2007 4.75354 0
      vertex 12.2015 4.75207 2.4
      vertex 12.2015 4.75207 0
    endloop
  endfacet
  facet normal 0.878352 0.478015 -0
    outer loop
      vertex 12.2007 4.75354 0
      vertex 12.2007 4.75354 2.4
      vertex 12.2015 4.75207 2.4
    endloop
  endfacet
  facet normal 0.775235 0.631673 0
    outer loop
      vertex 12.1996 4.75489 0
      vertex 12.2007 4.75354 2.4
      vertex 12.2007 4.75354 0
    endloop
  endfacet
  facet normal 0.775235 0.631673 -0
    outer loop
      vertex 12.1996 4.75489 0
      vertex 12.1996 4.75489 2.4
      vertex 12.2007 4.75354 2.4
    endloop
  endfacet
  facet normal 0.731467 0.681876 0
    outer loop
      vertex 12.1985 4.75607 0
      vertex 12.1996 4.75489 2.4
      vertex 12.1996 4.75489 0
    endloop
  endfacet
  facet normal 0.731467 0.681876 -0
    outer loop
      vertex 12.1985 4.75607 0
      vertex 12.1985 4.75607 2.4
      vertex 12.1996 4.75489 2.4
    endloop
  endfacet
  facet normal 0.585067 0.810985 0
    outer loop
      vertex 12.1971 4.75708 0
      vertex 12.1985 4.75607 2.4
      vertex 12.1985 4.75607 0
    endloop
  endfacet
  facet normal 0.585067 0.810985 -0
    outer loop
      vertex 12.1971 4.75708 0
      vertex 12.1971 4.75708 2.4
      vertex 12.1985 4.75607 2.4
    endloop
  endfacet
  facet normal 0.500793 0.865567 0
    outer loop
      vertex 12.1957 4.75789 0
      vertex 12.1971 4.75708 2.4
      vertex 12.1971 4.75708 0
    endloop
  endfacet
  facet normal 0.500793 0.865567 -0
    outer loop
      vertex 12.1957 4.75789 0
      vertex 12.1957 4.75789 2.4
      vertex 12.1971 4.75708 2.4
    endloop
  endfacet
  facet normal 0.351123 0.936329 0
    outer loop
      vertex 12.1941 4.75849 0
      vertex 12.1957 4.75789 2.4
      vertex 12.1957 4.75789 0
    endloop
  endfacet
  facet normal 0.351123 0.936329 -0
    outer loop
      vertex 12.1941 4.75849 0
      vertex 12.1941 4.75849 2.4
      vertex 12.1957 4.75789 2.4
    endloop
  endfacet
  facet normal 0 1 0
    outer loop
      vertex -27.815 4.75849 0
      vertex 12.1941 4.75849 2.4
      vertex 12.1941 4.75849 0
    endloop
  endfacet
  facet normal 0 1 0
    outer loop
      vertex -27.815 4.75849 0
      vertex -27.815 4.75849 2.4
      vertex 12.1941 4.75849 2.4
    endloop
  endfacet
  facet normal -0.463209 0.886249 0
    outer loop
      vertex -29.9909 3.62123 0
      vertex -27.815 4.75849 2.4
      vertex -27.815 4.75849 0
    endloop
  endfacet
  facet normal -0.463209 0.886249 0
    outer loop
      vertex -29.9909 3.62123 0
      vertex -29.9909 3.62123 2.4
      vertex -27.815 4.75849 2.4
    endloop
  endfacet
  facet normal -0.410365 0.911922 0
    outer loop
      vertex -29.9937 3.61997 0
      vertex -29.9909 3.62123 2.4
      vertex -29.9909 3.62123 0
    endloop
  endfacet
  facet normal -0.410365 0.911922 0
    outer loop
      vertex -29.9937 3.61997 0
      vertex -29.9937 3.61997 2.4
      vertex -29.9909 3.62123 2.4
    endloop
  endfacet
  facet normal -0.610508 0.79201 0
    outer loop
      vertex -29.9961 3.61812 0
      vertex -29.9937 3.61997 2.4
      vertex -29.9937 3.61997 0
    endloop
  endfacet
  facet normal -0.610508 0.79201 0
    outer loop
      vertex -29.9961 3.61812 0
      vertex -29.9961 3.61812 2.4
      vertex -29.9937 3.61997 2.4
    endloop
  endfacet
  facet normal -0.77763 0.628722 0
    outer loop
      vertex -29.998 3.61577 0
      vertex -29.9961 3.61812 2.4
      vertex -29.9961 3.61812 0
    endloop
  endfacet
  facet normal -0.77763 0.628722 0
    outer loop
      vertex -29.998 3.61577 0
      vertex -29.998 3.61577 2.4
      vertex -29.9961 3.61812 2.4
    endloop
  endfacet
  facet normal -0.902246 0.431221 0
    outer loop
      vertex -29.9993 3.61305 0
      vertex -29.998 3.61577 2.4
      vertex -29.998 3.61577 0
    endloop
  endfacet
  facet normal -0.902246 0.431221 0
    outer loop
      vertex -29.9993 3.61305 0
      vertex -29.9993 3.61305 2.4
      vertex -29.998 3.61577 2.4
    endloop
  endfacet
  facet normal -0.972983 0.230877 0
    outer loop
      vertex -30 3.6101 0
      vertex -29.9993 3.61305 2.4
      vertex -29.9993 3.61305 0
    endloop
  endfacet
  facet normal -0.972983 0.230877 0
    outer loop
      vertex -30 3.6101 0
      vertex -30 3.6101 2.4
      vertex -29.9993 3.61305 2.4
    endloop
  endfacet
  facet normal -1 0 0
    outer loop
      vertex -30 3.60707 0
      vertex -30 3.6101 2.4
      vertex -30 3.6101 0
    endloop
  endfacet
  facet normal -1 0 0
    outer loop
      vertex -30 3.60707 0
      vertex -30 3.60707 2.4
      vertex -30 3.6101 2.4
    endloop
  endfacet
  facet normal -0.972983 -0.230877 0
    outer loop
      vertex -29.9993 3.60412 0
      vertex -30 3.60707 2.4
      vertex -30 3.60707 0
    endloop
  endfacet
  facet normal -0.972983 -0.230877 0
    outer loop
      vertex -29.9993 3.60412 0
      vertex -29.9993 3.60412 2.4
      vertex -30 3.60707 2.4
    endloop
  endfacet
  facet normal -0.902246 -0.431221 0
    outer loop
      vertex -29.998 3.6014 0
      vertex -29.9993 3.60412 2.4
      vertex -29.9993 3.60412 0
    endloop
  endfacet
  facet normal -0.902246 -0.431221 0
    outer loop
      vertex -29.998 3.6014 0
      vertex -29.998 3.6014 2.4
      vertex -29.9993 3.60412 2.4
    endloop
  endfacet
  facet normal -0.776317 -0.630343 0
    outer loop
      vertex -29.9961 3.59906 0
      vertex -29.998 3.6014 2.4
      vertex -29.998 3.6014 0
    endloop
  endfacet
  facet normal -0.776317 -0.630343 0
    outer loop
      vertex -29.9961 3.59906 0
      vertex -29.9961 3.59906 2.4
      vertex -29.998 3.6014 2.4
    endloop
  endfacet
  facet normal -0.612572 -0.790415 0
    outer loop
      vertex -29.9937 3.5972 0
      vertex -29.9961 3.59906 2.4
      vertex -29.9961 3.59906 0
    endloop
  endfacet
  facet normal -0.612572 -0.790415 0
    outer loop
      vertex -29.9937 3.5972 0
      vertex -29.9937 3.5972 2.4
      vertex -29.9961 3.59906 2.4
    endloop
  endfacet
  facet normal -0.410365 -0.911922 0
    outer loop
      vertex -29.9909 3.59594 0
      vertex -29.9937 3.5972 2.4
      vertex -29.9937 3.5972 0
    endloop
  endfacet
  facet normal -0.410365 -0.911922 0
    outer loop
      vertex -29.9909 3.59594 0
      vertex -29.9909 3.59594 2.4
      vertex -29.9937 3.5972 2.4
    endloop
  endfacet
  facet normal -0.10779 -0.994174 0
    outer loop
      vertex 3.12267 0.00571964 0
      vertex -29.9909 3.59594 2.4
      vertex -29.9909 3.59594 0
    endloop
  endfacet
  facet normal -0.10779 -0.994174 0
    outer loop
      vertex 3.12267 0.00571964 0
      vertex 3.12267 0.00571964 2.4
      vertex -29.9909 3.59594 2.4
    endloop
  endfacet
  facet normal 0 -1 0
    outer loop
      vertex 3.12932 0.00571964 0
      vertex 3.12267 0.00571964 2.4
      vertex 3.12267 0.00571964 0
    endloop
  endfacet
  facet normal 0 -1 0
    outer loop
      vertex 3.12932 0.00571964 0
      vertex 3.12932 0.00571964 2.4
      vertex 3.12267 0.00571964 2.4
    endloop
  endfacet
  facet normal 0.462414 -0.886664 0
    outer loop
      vertex 12.1941 4.73319 0
      vertex 3.12932 0.00571964 2.4
      vertex 3.12932 0.00571964 0
    endloop
  endfacet
  facet normal 0.462414 -0.886664 0
    outer loop
      vertex 12.1941 4.73319 0
      vertex 12.1941 4.73319 2.4
      vertex 3.12932 0.00571964 2.4
    endloop
  endfacet
  facet normal 0.406371 -0.913708 0
    outer loop
      vertex 9.50807 -16.013 0
      vertex 5.53257 -17.7811 2.4
      vertex 5.53257 -17.7811 0
    endloop
  endfacet
  facet normal 0.406371 -0.913708 0
    outer loop
      vertex 9.50807 -16.013 0
      vertex 9.50807 -16.013 2.4
      vertex 5.53257 -17.7811 2.4
    endloop
  endfacet
  facet normal 0.607085 -0.794637 0
    outer loop
      vertex 12.9655 -13.3716 0
      vertex 9.50807 -16.013 2.4
      vertex 9.50807 -16.013 0
    endloop
  endfacet
  facet normal 0.607085 -0.794637 0
    outer loop
      vertex 12.9655 -13.3716 0
      vertex 12.9655 -13.3716 2.4
      vertex 9.50807 -16.013 2.4
    endloop
  endfacet
  facet normal 0.774746 -0.632272 0
    outer loop
      vertex 15.7165 -10.0007 0
      vertex 12.9655 -13.3716 2.4
      vertex 12.9655 -13.3716 0
    endloop
  endfacet
  facet normal 0.774746 -0.632272 0
    outer loop
      vertex 15.7165 -10.0007 0
      vertex 15.7165 -10.0007 2.4
      vertex 12.9655 -13.3716 2.4
    endloop
  endfacet
  facet normal 0.900182 -0.435514 0
    outer loop
      vertex 17.6114 -6.08405 0
      vertex 15.7165 -10.0007 2.4
      vertex 15.7165 -10.0007 0
    endloop
  endfacet
  facet normal 0.900182 -0.435514 0
    outer loop
      vertex 17.6114 -6.08405 0
      vertex 17.6114 -6.08405 2.4
      vertex 15.7165 -10.0007 2.4
    endloop
  endfacet
  facet normal 0 1 0
    outer loop
      vertex 16.1945 -6.08405 0
      vertex 17.6114 -6.08405 2.4
      vertex 17.6114 -6.08405 0
    endloop
  endfacet
  facet normal 0 1 0
    outer loop
      vertex 16.1945 -6.08405 0
      vertex 16.1945 -6.08405 2.4
      vertex 17.6114 -6.08405 2.4
    endloop
  endfacet
  facet normal -0.902106 0.431514 0
    outer loop
      vertex 14.9043 -8.78129 0
      vertex 16.1945 -6.08405 2.4
      vertex 16.1945 -6.08405 0
    endloop
  endfacet
  facet normal -0.902106 0.431514 0
    outer loop
      vertex 14.9043 -8.78129 0
      vertex 14.9043 -8.78129 2.4
      vertex 16.1945 -6.08405 2.4
    endloop
  endfacet
  facet normal -0.814396 0.580309 0
    outer loop
      vertex 13.1692 -11.2163 0
      vertex 14.9043 -8.78129 2.4
      vertex 14.9043 -8.78129 0
    endloop
  endfacet
  facet normal -0.814396 0.580309 0
    outer loop
      vertex 13.1692 -11.2163 0
      vertex 13.1692 -11.2163 2.4
      vertex 14.9043 -8.78129 2.4
    endloop
  endfacet
  facet normal -0.702409 0.711774 0
    outer loop
      vertex 11.0411 -13.3164 0
      vertex 13.1692 -11.2163 2.4
      vertex 13.1692 -11.2163 0
    endloop
  endfacet
  facet normal -0.702409 0.711774 0
    outer loop
      vertex 11.0411 -13.3164 0
      vertex 11.0411 -13.3164 2.4
      vertex 13.1692 -11.2163 2.4
    endloop
  endfacet
  facet normal -0.569471 0.822012 0
    outer loop
      vertex 8.58331 -15.0191 0
      vertex 11.0411 -13.3164 2.4
      vertex 11.0411 -13.3164 0
    endloop
  endfacet
  facet normal -0.569471 0.822012 0
    outer loop
      vertex 8.58331 -15.0191 0
      vertex 8.58331 -15.0191 2.4
      vertex 11.0411 -13.3164 2.4
    endloop
  endfacet
  facet normal -0.41954 0.907737 0
    outer loop
      vertex 5.86923 -16.2735 0
      vertex 8.58331 -15.0191 2.4
      vertex 8.58331 -15.0191 0
    endloop
  endfacet
  facet normal -0.41954 0.907737 0
    outer loop
      vertex 5.86923 -16.2735 0
      vertex 5.86923 -16.2735 2.4
      vertex 8.58331 -15.0191 2.4
    endloop
  endfacet
  facet normal -0.257065 0.966394 0
    outer loop
      vertex 2.9798 -17.0421 0
      vertex 5.86923 -16.2735 2.4
      vertex 5.86923 -16.2735 0
    endloop
  endfacet
  facet normal -0.257065 0.966394 0
    outer loop
      vertex 2.9798 -17.0421 0
      vertex 2.9798 -17.0421 2.4
      vertex 5.86923 -16.2735 2.4
    endloop
  endfacet
  facet normal -0.0869588 0.996212 0
    outer loop
      vertex 0.00120383 -17.3021 0
      vertex 2.9798 -17.0421 2.4
      vertex 2.9798 -17.0421 0
    endloop
  endfacet
  facet normal -0.0869588 0.996212 0
    outer loop
      vertex 0.00120383 -17.3021 0
      vertex 0.00120383 -17.3021 2.4
      vertex 2.9798 -17.0421 2.4
    endloop
  endfacet
  facet normal 0.0867047 0.996234 0
    outer loop
      vertex -3.00457 -17.0405 0
      vertex 0.00120383 -17.3021 2.4
      vertex 0.00120383 -17.3021 0
    endloop
  endfacet
  facet normal 0.0867047 0.996234 -0
    outer loop
      vertex -3.00457 -17.0405 0
      vertex -3.00457 -17.0405 2.4
      vertex 0.00120383 -17.3021 2.4
    endloop
  endfacet
  facet normal 0.258455 0.966023 0
    outer loop
      vertex -5.91922 -16.2607 0
      vertex -3.00457 -17.0405 2.4
      vertex -3.00457 -17.0405 0
    endloop
  endfacet
  facet normal 0.258455 0.966023 -0
    outer loop
      vertex -5.91922 -16.2607 0
      vertex -5.91922 -16.2607 2.4
      vertex -3.00457 -17.0405 2.4
    endloop
  endfacet
  facet normal 0.422319 0.906447 0
    outer loop
      vertex -8.65411 -14.9865 0
      vertex -5.91922 -16.2607 2.4
      vertex -5.91922 -16.2607 0
    endloop
  endfacet
  facet normal 0.422319 0.906447 -0
    outer loop
      vertex -8.65411 -14.9865 0
      vertex -8.65411 -14.9865 2.4
      vertex -5.91922 -16.2607 2.4
    endloop
  endfacet
  facet normal 0.57333 0.819324 0
    outer loop
      vertex -11.1261 -13.2567 0
      vertex -8.65411 -14.9865 2.4
      vertex -8.65411 -14.9865 0
    endloop
  endfacet
  facet normal 0.57333 0.819324 -0
    outer loop
      vertex -11.1261 -13.2567 0
      vertex -11.1261 -13.2567 2.4
      vertex -8.65411 -14.9865 2.4
    endloop
  endfacet
  facet normal 0.706958 0.707256 0
    outer loop
      vertex -13.26 -11.1237 0
      vertex -11.1261 -13.2567 2.4
      vertex -11.1261 -13.2567 0
    endloop
  endfacet
  facet normal 0.706958 0.707256 -0
    outer loop
      vertex -13.26 -11.1237 0
      vertex -13.26 -11.1237 2.4
      vertex -11.1261 -13.2567 2.4
    endloop
  endfacet
  facet normal 0.81905 0.573722 0
    outer loop
      vertex -14.991 -8.65251 0
      vertex -13.26 -11.1237 2.4
      vertex -13.26 -11.1237 0
    endloop
  endfacet
  facet normal 0.81905 0.573722 -0
    outer loop
      vertex -14.991 -8.65251 0
      vertex -14.991 -8.65251 2.4
      vertex -13.26 -11.1237 2.4
    endloop
  endfacet
  facet normal 0.906247 0.422748 0
    outer loop
      vertex -16.2665 -5.91821 0
      vertex -14.991 -8.65251 2.4
      vertex -14.991 -8.65251 0
    endloop
  endfacet
  facet normal 0.906247 0.422748 -0
    outer loop
      vertex -16.2665 -5.91821 0
      vertex -16.2665 -5.91821 2.4
      vertex -14.991 -8.65251 2.4
    endloop
  endfacet
  facet normal 0.965908 0.258887 0
    outer loop
      vertex -17.0476 -3.00393 0
      vertex -16.2665 -5.91821 2.4
      vertex -16.2665 -5.91821 0
    endloop
  endfacet
  facet normal 0.965908 0.258887 -0
    outer loop
      vertex -17.0476 -3.00393 0
      vertex -17.0476 -3.00393 2.4
      vertex -16.2665 -5.91821 2.4
    endloop
  endfacet
  facet normal 0.996191 0.0872016 0
    outer loop
      vertex -17.3107 0.00172223 0
      vertex -17.0476 -3.00393 2.4
      vertex -17.0476 -3.00393 0
    endloop
  endfacet
  facet normal 0.996191 0.0872016 -0
    outer loop
      vertex -17.3107 0.00172223 0
      vertex -17.3107 0.00172223 2.4
      vertex -17.0476 -3.00393 2.4
    endloop
  endfacet
  facet normal 0.999997 -0.00226618 0
    outer loop
      vertex -17.3106 0.0458493 0
      vertex -17.3107 0.00172223 2.4
      vertex -17.3107 0.00172223 0
    endloop
  endfacet
  facet normal 0.999997 -0.00226618 0
    outer loop
      vertex -17.3106 0.0458493 0
      vertex -17.3106 0.0458493 2.4
      vertex -17.3107 0.00172223 2.4
    endloop
  endfacet
  facet normal 0.99999 -0.00453647 0
    outer loop
      vertex -17.3104 0.089936 0
      vertex -17.3106 0.0458493 2.4
      vertex -17.3106 0.0458493 0
    endloop
  endfacet
  facet normal 0.99999 -0.00453647 0
    outer loop
      vertex -17.3104 0.089936 0
      vertex -17.3104 0.089936 2.4
      vertex -17.3106 0.0458493 2.4
    endloop
  endfacet
  facet normal 0.999977 -0.00680998 0
    outer loop
      vertex -17.3101 0.133988 0
      vertex -17.3104 0.089936 2.4
      vertex -17.3104 0.089936 0
    endloop
  endfacet
  facet normal 0.999977 -0.00680998 0
    outer loop
      vertex -17.3101 0.133988 0
      vertex -17.3101 0.133988 2.4
      vertex -17.3104 0.089936 2.4
    endloop
  endfacet
  facet normal 0.999959 -0.00908682 0
    outer loop
      vertex -17.3097 0.178006 0
      vertex -17.3101 0.133988 2.4
      vertex -17.3101 0.133988 0
    endloop
  endfacet
  facet normal 0.999959 -0.00908682 0
    outer loop
      vertex -17.3097 0.178006 0
      vertex -17.3097 0.178006 2.4
      vertex -17.3101 0.133988 2.4
    endloop
  endfacet
  facet normal 0.999935 -0.0113657 0
    outer loop
      vertex -17.3092 0.221995 0
      vertex -17.3097 0.178006 2.4
      vertex -17.3097 0.178006 0
    endloop
  endfacet
  facet normal 0.999935 -0.0113657 0
    outer loop
      vertex -17.3092 0.221995 0
      vertex -17.3092 0.221995 2.4
      vertex -17.3097 0.178006 2.4
    endloop
  endfacet
  facet normal 0.999873 -0.0159237 0
    outer loop
      vertex -17.3085 0.265949 0
      vertex -17.3092 0.221995 2.4
      vertex -17.3092 0.221995 0
    endloop
  endfacet
  facet normal 0.999873 -0.0159237 0
    outer loop
      vertex -17.3085 0.265949 0
      vertex -17.3085 0.265949 2.4
      vertex -17.3092 0.221995 2.4
    endloop
  endfacet
  facet normal 0.999873 -0.0159342 0
    outer loop
      vertex -17.3078 0.309874 0
      vertex -17.3085 0.265949 2.4
      vertex -17.3085 0.265949 0
    endloop
  endfacet
  facet normal 0.999873 -0.0159342 0
    outer loop
      vertex -17.3078 0.309874 0
      vertex -17.3078 0.309874 2.4
      vertex -17.3085 0.265949 2.4
    endloop
  endfacet
  facet normal 0.99979 -0.0204954 0
    outer loop
      vertex -17.3069 0.353777 0
      vertex -17.3078 0.309874 2.4
      vertex -17.3078 0.309874 0
    endloop
  endfacet
  facet normal 0.99979 -0.0204954 0
    outer loop
      vertex -17.3069 0.353777 0
      vertex -17.3069 0.353777 2.4
      vertex -17.3078 0.309874 2.4
    endloop
  endfacet
  facet normal 0.99974 -0.022784 0
    outer loop
      vertex -17.3059 0.397656 0
      vertex -17.3069 0.353777 2.4
      vertex -17.3069 0.353777 0
    endloop
  endfacet
  facet normal 0.99974 -0.022784 0
    outer loop
      vertex -17.3059 0.397656 0
      vertex -17.3059 0.397656 2.4
      vertex -17.3069 0.353777 2.4
    endloop
  endfacet
  facet normal 0.999686 -0.0250742 0
    outer loop
      vertex -17.3048 0.441512 0
      vertex -17.3059 0.397656 2.4
      vertex -17.3059 0.397656 0
    endloop
  endfacet
  facet normal 0.999686 -0.0250742 0
    outer loop
      vertex -17.3048 0.441512 0
      vertex -17.3048 0.441512 2.4
      vertex -17.3059 0.397656 2.4
    endloop
  endfacet
  facet normal 0.999626 -0.0273626 0
    outer loop
      vertex -17.3036 0.485351 0
      vertex -17.3048 0.441512 2.4
      vertex -17.3048 0.441512 0
    endloop
  endfacet
  facet normal 0.999626 -0.0273626 0
    outer loop
      vertex -17.3036 0.485351 0
      vertex -17.3036 0.485351 2.4
      vertex -17.3048 0.441512 2.4
    endloop
  endfacet
  facet normal 0.99956 -0.0296565 0
    outer loop
      vertex -17.3023 0.529167 0
      vertex -17.3036 0.485351 2.4
      vertex -17.3036 0.485351 0
    endloop
  endfacet
  facet normal 0.99956 -0.0296565 0
    outer loop
      vertex -17.3023 0.529167 0
      vertex -17.3023 0.529167 2.4
      vertex -17.3036 0.485351 2.4
    endloop
  endfacet
  facet normal 0.99949 -0.0319479 0
    outer loop
      vertex -17.3009 0.572966 0
      vertex -17.3023 0.529167 2.4
      vertex -17.3023 0.529167 0
    endloop
  endfacet
  facet normal 0.99949 -0.0319479 0
    outer loop
      vertex -17.3009 0.572966 0
      vertex -17.3009 0.572966 2.4
      vertex -17.3023 0.529167 2.4
    endloop
  endfacet
  facet normal 0.999414 -0.034232 0
    outer loop
      vertex -17.2994 0.616759 0
      vertex -17.3009 0.572966 2.4
      vertex -17.3009 0.572966 0
    endloop
  endfacet
  facet normal 0.999414 -0.034232 0
    outer loop
      vertex -17.2994 0.616759 0
      vertex -17.2994 0.616759 2.4
      vertex -17.3009 0.572966 2.4
    endloop
  endfacet
  facet normal 0.999247 -0.0388048 0
    outer loop
      vertex -17.2977 0.660535 0
      vertex -17.2994 0.616759 2.4
      vertex -17.2994 0.616759 0
    endloop
  endfacet
  facet normal 0.999247 -0.0388048 0
    outer loop
      vertex -17.2977 0.660535 0
      vertex -17.2977 0.660535 2.4
      vertex -17.2994 0.616759 2.4
    endloop
  endfacet
  facet normal 0.999246 -0.0388154 0
    outer loop
      vertex -17.296 0.704299 0
      vertex -17.2977 0.660535 2.4
      vertex -17.2977 0.660535 0
    endloop
  endfacet
  facet normal 0.999246 -0.0388154 0
    outer loop
      vertex -17.296 0.704299 0
      vertex -17.296 0.704299 2.4
      vertex -17.2977 0.660535 2.4
    endloop
  endfacet
  facet normal 0.999155 -0.0411006 0
    outer loop
      vertex -17.2942 0.748057 0
      vertex -17.296 0.704299 2.4
      vertex -17.296 0.704299 0
    endloop
  endfacet
  facet normal 0.999155 -0.0411006 0
    outer loop
      vertex -17.2942 0.748057 0
      vertex -17.2942 0.748057 2.4
      vertex -17.296 0.704299 2.4
    endloop
  endfacet
  facet normal 0.998957 -0.0456635 0
    outer loop
      vertex -17.2922 0.79181 0
      vertex -17.2942 0.748057 2.4
      vertex -17.2942 0.748057 0
    endloop
  endfacet
  facet normal 0.998957 -0.0456635 0
    outer loop
      vertex -17.2922 0.79181 0
      vertex -17.2922 0.79181 2.4
      vertex -17.2942 0.748057 2.4
    endloop
  endfacet
  facet normal 0.998957 -0.0456697 0
    outer loop
      vertex -17.2902 0.835557 0
      vertex -17.2922 0.79181 2.4
      vertex -17.2922 0.79181 0
    endloop
  endfacet
  facet normal 0.998957 -0.0456697 0
    outer loop
      vertex -17.2902 0.835557 0
      vertex -17.2902 0.835557 2.4
      vertex -17.2922 0.79181 2.4
    endloop
  endfacet
  facet normal 0.998738 -0.0502257 0
    outer loop
      vertex -17.288 0.879304 0
      vertex -17.2902 0.835557 2.4
      vertex -17.2902 0.835557 0
    endloop
  endfacet
  facet normal 0.998738 -0.0502257 0
    outer loop
      vertex -17.288 0.879304 0
      vertex -17.288 0.879304 2.4
      vertex -17.2902 0.835557 2.4
    endloop
  endfacet
  facet normal 0.10737 0.994219 0
    outer loop
      vertex -18.6197 1.02312 0
      vertex -17.288 0.879304 2.4
      vertex -17.288 0.879304 0
    endloop
  endfacet
  facet normal 0.10737 0.994219 -0
    outer loop
      vertex -18.6197 1.02312 0
      vertex -18.6197 1.02312 2.4
      vertex -17.288 0.879304 2.4
    endloop
  endfacet
  facet normal -0.998588 0.05313 0
    outer loop
      vertex -18.6224 0.972373 0
      vertex -18.6197 1.02312 2.4
      vertex -18.6197 1.02312 0
    endloop
  endfacet
  facet normal -0.998588 0.05313 0
    outer loop
      vertex -18.6224 0.972373 0
      vertex -18.6224 0.972373 2.4
      vertex -18.6197 1.02312 2.4
    endloop
  endfacet
  facet normal -0.998692 0.0511232 0
    outer loop
      vertex -18.625 0.921582 0
      vertex -18.6224 0.972373 2.4
      vertex -18.6224 0.972373 0
    endloop
  endfacet
  facet normal -0.998692 0.0511232 0
    outer loop
      vertex -18.625 0.921582 0
      vertex -18.625 0.921582 2.4
      vertex -18.6224 0.972373 2.4
    endloop
  endfacet
  facet normal -0.998792 0.0491338 0
    outer loop
      vertex -18.6275 0.870762 0
      vertex -18.625 0.921582 2.4
      vertex -18.625 0.921582 0
    endloop
  endfacet
  facet normal -0.998792 0.0491338 0
    outer loop
      vertex -18.6275 0.870762 0
      vertex -18.6275 0.870762 2.4
      vertex -18.625 0.921582 2.4
    endloop
  endfacet
  facet normal -0.998979 0.0451858 0
    outer loop
      vertex -18.6298 0.819913 0
      vertex -18.6275 0.870762 2.4
      vertex -18.6275 0.870762 0
    endloop
  endfacet
  facet normal -0.998979 0.0451858 0
    outer loop
      vertex -18.6298 0.819913 0
      vertex -18.6298 0.819913 2.4
      vertex -18.6275 0.870762 2.4
    endloop
  endfacet
  facet normal -0.99915 0.0412312 0
    outer loop
      vertex -18.6319 0.769024 0
      vertex -18.6298 0.819913 2.4
      vertex -18.6298 0.819913 0
    endloop
  endfacet
  facet normal -0.99915 0.0412312 0
    outer loop
      vertex -18.6319 0.769024 0
      vertex -18.6319 0.769024 2.4
      vertex -18.6298 0.819913 2.4
    endloop
  endfacet
  facet normal -0.999151 0.0412078 0
    outer loop
      vertex -18.634 0.718106 0
      vertex -18.6319 0.769024 2.4
      vertex -18.6319 0.769024 0
    endloop
  endfacet
  facet normal -0.999151 0.0412078 0
    outer loop
      vertex -18.634 0.718106 0
      vertex -18.634 0.718106 2.4
      vertex -18.6319 0.769024 2.4
    endloop
  endfacet
  facet normal -0.999377 0.0353005 0
    outer loop
      vertex -18.6358 0.667147 0
      vertex -18.634 0.718106 2.4
      vertex -18.634 0.718106 0
    endloop
  endfacet
  facet normal -0.999377 0.0353005 0
    outer loop
      vertex -18.6358 0.667147 0
      vertex -18.6358 0.667147 2.4
      vertex -18.634 0.718106 2.4
    endloop
  endfacet
  facet normal -0.999377 0.0352853 0
    outer loop
      vertex -18.6376 0.616166 0
      vertex -18.6358 0.667147 2.4
      vertex -18.6358 0.667147 0
    endloop
  endfacet
  facet normal -0.999377 0.0352853 0
    outer loop
      vertex -18.6376 0.616166 0
      vertex -18.6376 0.616166 2.4
      vertex -18.6358 0.667147 2.4
    endloop
  endfacet
  facet normal -0.999509 0.0313436 0
    outer loop
      vertex -18.6392 0.565144 0
      vertex -18.6376 0.616166 2.4
      vertex -18.6376 0.616166 0
    endloop
  endfacet
  facet normal -0.999509 0.0313436 0
    outer loop
      vertex -18.6392 0.565144 0
      vertex -18.6392 0.565144 2.4
      vertex -18.6376 0.616166 2.4
    endloop
  endfacet
  facet normal -0.999569 0.0293668 0
    outer loop
      vertex -18.6407 0.514088 0
      vertex -18.6392 0.565144 2.4
      vertex -18.6392 0.565144 0
    endloop
  endfacet
  facet normal -0.999569 0.0293668 0
    outer loop
      vertex -18.6407 0.514088 0
      vertex -18.6407 0.514088 2.4
      vertex -18.6392 0.565144 2.4
    endloop
  endfacet
  facet normal -0.999676 0.0254395 0
    outer loop
      vertex -18.642 0.463003 0
      vertex -18.6407 0.514088 2.4
      vertex -18.6407 0.514088 0
    endloop
  endfacet
  facet normal -0.999676 0.0254395 0
    outer loop
      vertex -18.642 0.463003 0
      vertex -18.642 0.463003 2.4
      vertex -18.6407 0.514088 2.4
    endloop
  endfacet
  facet normal -0.999725 0.0234677 0
    outer loop
      vertex -18.6432 0.411883 0
      vertex -18.642 0.463003 2.4
      vertex -18.642 0.463003 0
    endloop
  endfacet
  facet normal -0.999725 0.0234677 0
    outer loop
      vertex -18.6432 0.411883 0
      vertex -18.6432 0.411883 2.4
      vertex -18.642 0.463003 2.4
    endloop
  endfacet
  facet normal -0.999809 0.0195451 0
    outer loop
      vertex -18.6442 0.360729 0
      vertex -18.6432 0.411883 2.4
      vertex -18.6432 0.411883 0
    endloop
  endfacet
  facet normal -0.999809 0.0195451 0
    outer loop
      vertex -18.6442 0.360729 0
      vertex -18.6442 0.360729 2.4
      vertex -18.6432 0.411883 2.4
    endloop
  endfacet
  facet normal -0.999845 0.0175812 0
    outer loop
      vertex -18.6451 0.309546 0
      vertex -18.6442 0.360729 2.4
      vertex -18.6442 0.360729 0
    endloop
  endfacet
  facet normal -0.999845 0.0175812 0
    outer loop
      vertex -18.6451 0.309546 0
      vertex -18.6451 0.309546 2.4
      vertex -18.6442 0.360729 2.4
    endloop
  endfacet
  facet normal -0.999878 0.0156161 0
    outer loop
      vertex -18.6459 0.258323 0
      vertex -18.6451 0.309546 2.4
      vertex -18.6451 0.309546 0
    endloop
  endfacet
  facet normal -0.999878 0.0156161 0
    outer loop
      vertex -18.6459 0.258323 0
      vertex -18.6459 0.258323 2.4
      vertex -18.6451 0.309546 2.4
    endloop
  endfacet
  facet normal -0.999931 0.0117058 0
    outer loop
      vertex -18.6465 0.20707 0
      vertex -18.6459 0.258323 2.4
      vertex -18.6459 0.258323 0
    endloop
  endfacet
  facet normal -0.999931 0.0117058 0
    outer loop
      vertex -18.6465 0.20707 0
      vertex -18.6465 0.20707 2.4
      vertex -18.6459 0.258323 2.4
    endloop
  endfacet
  facet normal -0.999952 0.00974879 0
    outer loop
      vertex -18.647 0.155784 0
      vertex -18.6465 0.20707 2.4
      vertex -18.6465 0.20707 0
    endloop
  endfacet
  facet normal -0.999952 0.00974879 0
    outer loop
      vertex -18.647 0.155784 0
      vertex -18.647 0.155784 2.4
      vertex -18.6465 0.20707 2.4
    endloop
  endfacet
  facet normal -0.99997 0.00779384 0
    outer loop
      vertex -18.6474 0.104463 0
      vertex -18.647 0.155784 2.4
      vertex -18.647 0.155784 0
    endloop
  endfacet
  facet normal -0.99997 0.00779384 0
    outer loop
      vertex -18.6474 0.104463 0
      vertex -18.6474 0.104463 2.4
      vertex -18.647 0.155784 2.4
    endloop
  endfacet
  facet normal -0.999992 0.00389478 0
    outer loop
      vertex -18.6476 0.0531126 0
      vertex -18.6474 0.104463 2.4
      vertex -18.6474 0.104463 0
    endloop
  endfacet
  facet normal -0.999992 0.00389478 0
    outer loop
      vertex -18.6476 0.0531126 0
      vertex -18.6476 0.0531126 2.4
      vertex -18.6474 0.104463 2.4
    endloop
  endfacet
  facet normal -0.999998 0.00194589 0
    outer loop
      vertex -18.6477 0.00172223 0
      vertex -18.6476 0.0531126 2.4
      vertex -18.6476 0.0531126 0
    endloop
  endfacet
  facet normal -0.999998 0.00194589 0
    outer loop
      vertex -18.6477 0.00172223 0
      vertex -18.6477 0.00172223 2.4
      vertex -18.6476 0.0531126 2.4
    endloop
  endfacet
  facet normal -0.993044 -0.117744 0
    outer loop
      vertex -18.1354 -4.31896 0
      vertex -18.6477 0.00172223 2.4
      vertex -18.6477 0.00172223 0
    endloop
  endfacet
  facet normal -0.993044 -0.117744 0
    outer loop
      vertex -18.1354 -4.31896 0
      vertex -18.1354 -4.31896 2.4
      vertex -18.6477 0.00172223 2.4
    endloop
  endfacet
  facet normal -0.938718 -0.344685 0
    outer loop
      vertex -16.6357 -8.40326 0
      vertex -18.1354 -4.31896 2.4
      vertex -18.1354 -4.31896 0
    endloop
  endfacet
  facet normal -0.938718 -0.344685 0
    outer loop
      vertex -16.6357 -8.40326 0
      vertex -16.6357 -8.40326 2.4
      vertex -18.1354 -4.31896 2.4
    endloop
  endfacet
  facet normal -0.833253 -0.552891 0
    outer loop
      vertex -14.2301 -12.0287 0
      vertex -16.6357 -8.40326 2.4
      vertex -16.6357 -8.40326 0
    endloop
  endfacet
  facet normal -0.833253 -0.552891 0
    outer loop
      vertex -14.2301 -12.0287 0
      vertex -14.2301 -12.0287 2.4
      vertex -16.6357 -8.40326 2.4
    endloop
  endfacet
  facet normal -0.68242 -0.73096 0
    outer loop
      vertex -11.0497 -14.9979 0
      vertex -14.2301 -12.0287 2.4
      vertex -14.2301 -12.0287 0
    endloop
  endfacet
  facet normal -0.68242 -0.73096 0
    outer loop
      vertex -11.0497 -14.9979 0
      vertex -11.0497 -14.9979 2.4
      vertex -14.2301 -12.0287 2.4
    endloop
  endfacet
  facet normal -0.494399 -0.869235 0
    outer loop
      vertex -7.26771 -17.149 0
      vertex -11.0497 -14.9979 2.4
      vertex -11.0497 -14.9979 0
    endloop
  endfacet
  facet normal -0.494399 -0.869235 0
    outer loop
      vertex -7.26771 -17.149 0
      vertex -7.26771 -17.149 2.4
      vertex -11.0497 -14.9979 2.4
    endloop
  endfacet
  facet normal -0.279479 -0.960152 0
    outer loop
      vertex -3.09013 -18.365 0
      vertex -7.26771 -17.149 2.4
      vertex -7.26771 -17.149 0
    endloop
  endfacet
  facet normal -0.279479 -0.960152 0
    outer loop
      vertex -3.09013 -18.365 0
      vertex -3.09013 -18.365 2.4
      vertex -7.26771 -17.149 2.4
    endloop
  endfacet
  facet normal -0.0493226 -0.998783 0
    outer loop
      vertex 1.25552 -18.5796 0
      vertex -3.09013 -18.365 2.4
      vertex -3.09013 -18.365 0
    endloop
  endfacet
  facet normal -0.0493226 -0.998783 0
    outer loop
      vertex 1.25552 -18.5796 0
      vertex 1.25552 -18.5796 2.4
      vertex -3.09013 -18.365 2.4
    endloop
  endfacet
  facet normal 0.183523 -0.983015 0
    outer loop
      vertex 5.53257 -17.7811 0
      vertex 1.25552 -18.5796 2.4
      vertex 1.25552 -18.5796 0
    endloop
  endfacet
  facet normal 0.183523 -0.983015 0
    outer loop
      vertex 5.53257 -17.7811 0
      vertex 5.53257 -17.7811 2.4
      vertex 1.25552 -18.5796 2.4
    endloop
  endfacet
  facet normal 0.0933407 -0.995634 0
    outer loop
      vertex 29.9859 -3.62148 0
      vertex 29.9827 -3.62178 2.4
      vertex 29.9827 -3.62178 0
    endloop
  endfacet
  facet normal 0.0933407 -0.995634 0
    outer loop
      vertex 29.9859 -3.62148 0
      vertex 29.9859 -3.62148 2.4
      vertex 29.9827 -3.62178 2.4
    endloop
  endfacet
  facet normal 0.275949 -0.961172 0
    outer loop
      vertex 29.989 -3.62059 0
      vertex 29.9859 -3.62148 2.4
      vertex 29.9859 -3.62148 0
    endloop
  endfacet
  facet normal 0.275949 -0.961172 0
    outer loop
      vertex 29.989 -3.62059 0
      vertex 29.989 -3.62059 2.4
      vertex 29.9859 -3.62148 2.4
    endloop
  endfacet
  facet normal 0.444741 -0.895659 0
    outer loop
      vertex 29.9919 -3.61915 0
      vertex 29.989 -3.62059 2.4
      vertex 29.989 -3.62059 0
    endloop
  endfacet
  facet normal 0.444741 -0.895659 0
    outer loop
      vertex 29.9919 -3.61915 0
      vertex 29.9919 -3.61915 2.4
      vertex 29.989 -3.62059 2.4
    endloop
  endfacet
  facet normal 0.603917 -0.797047 0
    outer loop
      vertex 29.9945 -3.61718 0
      vertex 29.9919 -3.61915 2.4
      vertex 29.9919 -3.61915 0
    endloop
  endfacet
  facet normal 0.603917 -0.797047 0
    outer loop
      vertex 29.9945 -3.61718 0
      vertex 29.9945 -3.61718 2.4
      vertex 29.9919 -3.61915 2.4
    endloop
  endfacet
  facet normal 0.752577 -0.658505 0
    outer loop
      vertex 29.9966 -3.61478 0
      vertex 29.9945 -3.61718 2.4
      vertex 29.9945 -3.61718 0
    endloop
  endfacet
  facet normal 0.752577 -0.658505 0
    outer loop
      vertex 29.9966 -3.61478 0
      vertex 29.9966 -3.61478 2.4
      vertex 29.9945 -3.61718 2.4
    endloop
  endfacet
  facet normal 0.852292 -0.523067 0
    outer loop
      vertex 29.9983 -3.61201 0
      vertex 29.9966 -3.61478 2.4
      vertex 29.9966 -3.61478 0
    endloop
  endfacet
  facet normal 0.852292 -0.523067 0
    outer loop
      vertex 29.9983 -3.61201 0
      vertex 29.9983 -3.61201 2.4
      vertex 29.9966 -3.61478 2.4
    endloop
  endfacet
  facet normal 0.929741 -0.368214 0
    outer loop
      vertex 29.9995 -3.60898 0
      vertex 29.9983 -3.61201 2.4
      vertex 29.9983 -3.61201 0
    endloop
  endfacet
  facet normal 0.929741 -0.368214 0
    outer loop
      vertex 29.9995 -3.60898 0
      vertex 29.9995 -3.60898 2.4
      vertex 29.9983 -3.61201 2.4
    endloop
  endfacet
  facet normal 0.987864 -0.155324 0
    outer loop
      vertex 30 -3.6058 0
      vertex 29.9995 -3.60898 2.4
      vertex 29.9995 -3.60898 0
    endloop
  endfacet
  facet normal 0.987864 -0.155324 0
    outer loop
      vertex 30 -3.6058 0
      vertex 30 -3.6058 2.4
      vertex 29.9995 -3.60898 2.4
    endloop
  endfacet
  facet normal 1 0 0
    outer loop
      vertex 30 -3.60285 0
      vertex 30 -3.6058 2.4
      vertex 30 -3.6058 0
    endloop
  endfacet
  facet normal 1 0 -0
    outer loop
      vertex 30 -3.60285 0
      vertex 30 -3.60285 2.4
      vertex 30 -3.6058 2.4
    endloop
  endfacet
  facet normal 0.97898 0.203954 0
    outer loop
      vertex 29.9994 -3.59997 0
      vertex 30 -3.60285 2.4
      vertex 30 -3.60285 0
    endloop
  endfacet
  facet normal 0.97898 0.203954 -0
    outer loop
      vertex 29.9994 -3.59997 0
      vertex 29.9994 -3.59997 2.4
      vertex 30 -3.60285 2.4
    endloop
  endfacet
  facet normal 0.927536 0.373733 0
    outer loop
      vertex 29.9983 -3.59724 0
      vertex 29.9994 -3.59997 2.4
      vertex 29.9994 -3.59997 0
    endloop
  endfacet
  facet normal 0.927536 0.373733 -0
    outer loop
      vertex 29.9983 -3.59724 0
      vertex 29.9983 -3.59724 2.4
      vertex 29.9994 -3.59997 2.4
    endloop
  endfacet
  facet normal 0.856581 0.516013 0
    outer loop
      vertex 29.9968 -3.59475 0
      vertex 29.9983 -3.59724 2.4
      vertex 29.9983 -3.59724 0
    endloop
  endfacet
  facet normal 0.856581 0.516013 -0
    outer loop
      vertex 29.9968 -3.59475 0
      vertex 29.9968 -3.59475 2.4
      vertex 29.9983 -3.59724 2.4
    endloop
  endfacet
  facet normal 0.733761 0.679408 0
    outer loop
      vertex 29.9948 -3.59259 0
      vertex 29.9968 -3.59475 2.4
      vertex 29.9968 -3.59475 0
    endloop
  endfacet
  facet normal 0.733761 0.679408 -0
    outer loop
      vertex 29.9948 -3.59259 0
      vertex 29.9948 -3.59259 2.4
      vertex 29.9968 -3.59475 2.4
    endloop
  endfacet
  facet normal 0.591364 0.806405 0
    outer loop
      vertex 29.9924 -3.59083 0
      vertex 29.9948 -3.59259 2.4
      vertex 29.9948 -3.59259 0
    endloop
  endfacet
  facet normal 0.591364 0.806405 -0
    outer loop
      vertex 29.9924 -3.59083 0
      vertex 29.9924 -3.59083 2.4
      vertex 29.9948 -3.59259 2.4
    endloop
  endfacet
  facet normal 0.444455 0.895801 0
    outer loop
      vertex 29.9898 -3.58954 0
      vertex 29.9924 -3.59083 2.4
      vertex 29.9924 -3.59083 0
    endloop
  endfacet
  facet normal 0.444455 0.895801 -0
    outer loop
      vertex 29.9898 -3.58954 0
      vertex 29.9898 -3.58954 2.4
      vertex 29.9924 -3.59083 2.4
    endloop
  endfacet
  facet normal 0.265929 0.963993 0
    outer loop
      vertex 29.9869 -3.58874 0
      vertex 29.9898 -3.58954 2.4
      vertex 29.9898 -3.58954 0
    endloop
  endfacet
  facet normal 0.265929 0.963993 -0
    outer loop
      vertex 29.9869 -3.58874 0
      vertex 29.9869 -3.58874 2.4
      vertex 29.9898 -3.58954 2.4
    endloop
  endfacet
  facet normal 0.089297 0.996005 0
    outer loop
      vertex 29.984 -3.58848 0
      vertex 29.9869 -3.58874 2.4
      vertex 29.9869 -3.58874 0
    endloop
  endfacet
  facet normal 0.089297 0.996005 -0
    outer loop
      vertex 29.984 -3.58848 0
      vertex 29.984 -3.58848 2.4
      vertex 29.9869 -3.58874 2.4
    endloop
  endfacet
  facet normal 0.107952 0.994156 0
    outer loop
      vertex -3.12824 0.00705019 0
      vertex 29.984 -3.58848 2.4
      vertex 29.984 -3.58848 0
    endloop
  endfacet
  facet normal 0.107952 0.994156 -0
    outer loop
      vertex -3.12824 0.00705019 0
      vertex -3.12824 0.00705019 2.4
      vertex 29.984 -3.58848 2.4
    endloop
  endfacet
  facet normal 0 1 0
    outer loop
      vertex -3.13623 0.00705019 0
      vertex -3.12824 0.00705019 2.4
      vertex -3.12824 0.00705019 0
    endloop
  endfacet
  facet normal 0 1 0
    outer loop
      vertex -3.13623 0.00705019 0
      vertex -3.13623 0.00705019 2.4
      vertex -3.12824 0.00705019 2.4
    endloop
  endfacet
  facet normal -0.463489 0.886103 0
    outer loop
      vertex -12.1997 -4.73373 0
      vertex -3.13623 0.00705019 2.4
      vertex -3.13623 0.00705019 0
    endloop
  endfacet
  facet normal -0.463489 0.886103 0
    outer loop
      vertex -12.1997 -4.73373 0
      vertex -12.1997 -4.73373 2.4
      vertex -3.13623 0.00705019 2.4
    endloop
  endfacet
  facet normal -0.425636 0.904895 0
    outer loop
      vertex -12.2024 -4.735 0
      vertex -12.1997 -4.73373 2.4
      vertex -12.1997 -4.73373 0
    endloop
  endfacet
  facet normal -0.425636 0.904895 0
    outer loop
      vertex -12.2024 -4.735 0
      vertex -12.2024 -4.735 2.4
      vertex -12.1997 -4.73373 2.4
    endloop
  endfacet
  facet normal -0.610508 0.79201 0
    outer loop
      vertex -12.2048 -4.73685 0
      vertex -12.2024 -4.735 2.4
      vertex -12.2024 -4.735 0
    endloop
  endfacet
  facet normal -0.610508 0.79201 0
    outer loop
      vertex -12.2048 -4.73685 0
      vertex -12.2048 -4.73685 2.4
      vertex -12.2024 -4.735 2.4
    endloop
  endfacet
  facet normal -0.77763 0.628722 0
    outer loop
      vertex -12.2067 -4.7392 0
      vertex -12.2048 -4.73685 2.4
      vertex -12.2048 -4.73685 0
    endloop
  endfacet
  facet normal -0.77763 0.628722 0
    outer loop
      vertex -12.2067 -4.7392 0
      vertex -12.2067 -4.7392 2.4
      vertex -12.2048 -4.73685 2.4
    endloop
  endfacet
  facet normal -0.902246 0.431221 0
    outer loop
      vertex -12.208 -4.74192 0
      vertex -12.2067 -4.7392 2.4
      vertex -12.2067 -4.7392 0
    endloop
  endfacet
  facet normal -0.902246 0.431221 0
    outer loop
      vertex -12.208 -4.74192 0
      vertex -12.208 -4.74192 2.4
      vertex -12.2067 -4.7392 2.4
    endloop
  endfacet
  facet normal -0.972983 0.230877 0
    outer loop
      vertex -12.2087 -4.74487 0
      vertex -12.208 -4.74192 2.4
      vertex -12.208 -4.74192 0
    endloop
  endfacet
  facet normal -0.972983 0.230877 0
    outer loop
      vertex -12.2087 -4.74487 0
      vertex -12.2087 -4.74487 2.4
      vertex -12.208 -4.74192 2.4
    endloop
  endfacet
  facet normal -1 0 0
    outer loop
      vertex -12.2087 -4.74789 0
      vertex -12.2087 -4.74487 2.4
      vertex -12.2087 -4.74487 0
    endloop
  endfacet
  facet normal -1 0 0
    outer loop
      vertex -12.2087 -4.74789 0
      vertex -12.2087 -4.74789 2.4
      vertex -12.2087 -4.74487 2.4
    endloop
  endfacet
  facet normal -0.972983 -0.230877 0
    outer loop
      vertex -12.208 -4.75084 0
      vertex -12.2087 -4.74789 2.4
      vertex -12.2087 -4.74789 0
    endloop
  endfacet
  facet normal -0.972983 -0.230877 0
    outer loop
      vertex -12.208 -4.75084 0
      vertex -12.208 -4.75084 2.4
      vertex -12.2087 -4.74789 2.4
    endloop
  endfacet
  facet normal -0.902246 -0.431221 0
    outer loop
      vertex -12.2067 -4.75356 0
      vertex -12.208 -4.75084 2.4
      vertex -12.208 -4.75084 0
    endloop
  endfacet
  facet normal -0.902246 -0.431221 0
    outer loop
      vertex -12.2067 -4.75356 0
      vertex -12.2067 -4.75356 2.4
      vertex -12.208 -4.75084 2.4
    endloop
  endfacet
  facet normal -0.77763 -0.628722 0
    outer loop
      vertex -12.2048 -4.75591 0
      vertex -12.2067 -4.75356 2.4
      vertex -12.2067 -4.75356 0
    endloop
  endfacet
  facet normal -0.77763 -0.628722 0
    outer loop
      vertex -12.2048 -4.75591 0
      vertex -12.2048 -4.75591 2.4
      vertex -12.2067 -4.75356 2.4
    endloop
  endfacet
  facet normal -0.612572 -0.790415 0
    outer loop
      vertex -12.2024 -4.75777 0
      vertex -12.2048 -4.75591 2.4
      vertex -12.2048 -4.75591 0
    endloop
  endfacet
  facet normal -0.612572 -0.790415 0
    outer loop
      vertex -12.2024 -4.75777 0
      vertex -12.2024 -4.75777 2.4
      vertex -12.2048 -4.75591 2.4
    endloop
  endfacet
  facet normal -0.422885 -0.906183 0
    outer loop
      vertex -12.1997 -4.75903 0
      vertex -12.2024 -4.75777 2.4
      vertex -12.2024 -4.75777 0
    endloop
  endfacet
  facet normal -0.422885 -0.906183 0
    outer loop
      vertex -12.1997 -4.75903 0
      vertex -12.1997 -4.75903 2.4
      vertex -12.2024 -4.75777 2.4
    endloop
  endfacet
  facet normal 0 -1 0
    outer loop
      vertex 27.8041 -4.75903 0
      vertex -12.1997 -4.75903 2.4
      vertex -12.1997 -4.75903 0
    endloop
  endfacet
  facet normal 0 -1 0
    outer loop
      vertex 27.8041 -4.75903 0
      vertex 27.8041 -4.75903 2.4
      vertex -12.1997 -4.75903 2.4
    endloop
  endfacet
  facet normal 0.462754 -0.886487 0
    outer loop
      vertex 29.9827 -3.62178 0
      vertex 27.8041 -4.75903 2.4
      vertex 27.8041 -4.75903 0
    endloop
  endfacet
  facet normal 0.462754 -0.886487 0
    outer loop
      vertex 29.9827 -3.62178 0
      vertex 29.9827 -3.62178 2.4
      vertex 27.8041 -4.75903 2.4
    endloop
  endfacet
endsolid OpenSCAD_Model
